MemberID,Name,Email,Club,Plan,MonthlyFee,Joined,Cancelled,Status
FH10001,Raj Adams,raj.adams10@mail.example,Northgate,Student,29.00,2024-01-25,,Active
FH10002,Gia Ito,gia.ito81@mail.example,Northgate,Monthly,45.00,2024-01-01,2026-03-20,Cancelled
FH10003,Uma Lowe,uma.lowe7@mail.example,Northgate,Monthly,45.00,2024-01-20,2025-05-20,Cancelled
FH10004,Pia Jensen,pia.jensen30@mail.example,Northgate,Student,29.00,2024-01-27,,Active
FH10005,Zara Reid,zara.reid9@mail.example,Northgate,Corporate,35.00,2024-01-31,,Active
FH10006,Amir Fox,amir.fox67@mail.example,Northgate,Corporate,35.00,2024-01-18,,Active
FH10007,Ava Ekwueme,ava.ekwueme87@mail.example,Northgate,Monthly,45.00,2024-01-13,2025-02-06,Cancelled
FH10008,Vik Kaur,vik.kaur26@mail.example,Northgate,Monthly,45.00,2024-01-05,2025-12-20,Cancelled
FH10009,Amir Park,amir.park82@mail.example,Northgate,Monthly,45.00,2024-01-14,,Active
FH10010,Sana Mills,sana.mills84@mail.example,Northgate,Corporate,35.00,2024-01-24,2026-02-12,Cancelled
FH10011,Theo Adams,theo.adams78@mail.example,Northgate,Monthly,45.00,2024-01-09,,Active
FH10012,Ben Quinn,ben.quinn62@mail.example,Northgate,Annual,38.00,2024-01-29,,Active
FH10013,Zara Adams,zara.adams71@mail.example,Northgate,Annual,38.00,2024-01-09,,Active
FH10014,Bea Young,bea.young49@mail.example,Northgate,Monthly,45.00,19/01/2024,,Active
FH10015,Ben Shah,ben.shah42@mail.example,Northgate,Annual,38.00,2024-01-07,,Active
FH10016,Caleb Costa,caleb.costa75@mail.example,Northgate,Monthly,45.00,2024-01-11,2026-05-25,Cancelled
FH10017,Ava Hale,ava.hale47@mail.example,Northgate,Annual,38.00,2024-01-21,,Active
FH10018,Vik Grant,vik.grant49@mail.example,Northgate,Student,29.00,2024-01-10,2025-04-04,Cancelled
FH10019,Cara Bello,cara.bello60@mail.example,Northgate,Monthly,45.00,2024-01-03,2024-04-22,Cancelled
FH10020,Pia Tan,pia.tan8@mail.example,Northgate,Student,29.00,2024-01-22,,Active
FH10021,Jon Nowak,jon.nowak38@mail.example,Northgate,Monthly,45.00,2024-01-21,,Active
FH10022,Ava Park,ava.park34@mail.example,Northgate,Annual,38.00,2024-01-14,,Active
FH10023,Cara Hale,cara.hale72@mail.example,Northgate,Corporate,35.00,2024-01-12,,Active
FH10024,Leo Wood,leo.wood86@mail.example,Northgate,Monthly,45.00,2024-01-28,2025-09-09,Cancelled
FH10025,Raj Grant,raj.grant76@mail.example,Northgate,Monthly,45.00,2024-01-28,2026-06-05,Cancelled
FH10026,Jon Fox,jon.fox69@mail.example,Northgate,Monthly,45.00,2024-01-16,2024-09-20,Cancelled
FH10027,Zara Ito,zara.ito14@mail.example,Northgate,Corporate,35.00,2024-01-28,,Active
FH10028,Caleb Reid,caleb.reid54@mail.example,Northgate,Monthly,45.00,2024-01-07,,Active
FH10029,Caleb Tan,caleb.tan47@mail.example,Northgate,Monthly,45.00,2024-01-02,,Active
FH10030,Farid Ortiz,farid.ortiz44@mail.example,Northgate,Monthly,45.00,2024-01-03,2024-04-30,Cancelled
FH10031,Jon Zhou,jon.zhou30@mail.example,Northgate,Monthly,45.00,2024-01-02,2026-08-05,Cancelled
FH10032,Kemi Nowak,kemi.nowak67@mail.example,Riverside,Monthly,45.00,2024-01-26,2025-12-25,Cancelled
FH10033,Bea Ortiz,bea.ortiz81@mail.example,Riverside,Monthly,52.00,2024-01-08,,Active
FH10034,Wren Varga,wren.varga47@mail.example,Riverside,Student,29.00,2024-01-23,,Active
FH10035,Uma Tan,uma.tan74@mail.example,Riverside,Student,29.00,2024-01-25,2025-12-22,Cancelled
FH10036,Ola Reid,ola.reid13@mail.example,Riverside,Monthly,52.00,2024-01-01,,Active
FH10037,Uma Ortiz,uma.ortiz68@mail.example,Riverside,Monthly,52.00,2024-01-11,,Active
FH10038,Raj Shah,raj.shah62@mail.example,Riverside,Corporate,35.00,2024-01-06,,Active
FH10039,Theo Young,theo.young80@mail.example,Riverside,Monthly,52.00,2024-01-22,,Active
FH10040,Cara Quinn,cara.quinn18@mail.example,Riverside,Annual,38.00,2024-01-23,,Active
FH10041,Vik Bello,vik.bello12@mail.example,Riverside,Monthly,45.00,2024-01-25,2025-07-17,Cancelled
FH10042,Maya Ito,maya.ito29@mail.example,Riverside,Monthly,45.00,2024-01-12,2025-04-26,Cancelled
FH10043,Amir Mills,amir.mills69@mail.example,Riverside ,Monthly,52.00,2024-01-11,2026-06-23,Cancelled
FH10044,Zara Costa,zara.costa40@mail.example,Riverside,Monthly,45.00,2024-01-16,2024-05-22,Cancelled
FH10045,Dan Ito,dan.ito21@mail.example,Riverside,Monthly,52.00,2024-01-20,,Active
FH10046,Ben Quinn,ben.quinn90@mail.example,Riverside,Monthly,45.00,2024-01-13,2024-12-31,Cancelled
FH10047,Ben Fox,ben.fox83@mail.example,Riverside,Annual,38.00,2024-01-30,,Active
FH10048,Cara Zhou,cara.zhou99@mail.example,Riverside,Corporate,35.00,2024-01-28,,Active
FH10049,Amir Hale,amir.hale26@mail.example,Riverside,Corporate,35.00,2024-01-15,2025-02-06,Cancelled
FH10050,Ben Park,ben.park78@mail.example,Riverside,Annual,38.00,2024-01-11,2024-12-18,Cancelled
FH10051,Zara Reid,zara.reid60@mail.example,Riverside,Annual,38.00,2024-01-27,,Active
FH10052,Bea Zhou,bea.zhou7@mail.example,Riverside,Student,29.00,2024-01-17,,Active
FH10053,Kemi Grant,kemi.grant86@mail.example,Riverside,Monthly,52.00,2024-01-29,,Active
FH10054,Caleb Young,caleb.young99@mail.example,Riverside,Monthly,52.00,2024-01-24,,Active
FH10055,Ava Nowak,ava.nowak22@mail.example,Riverside,Student,29.00,2024-01-08,2025-03-12,Cancelled
FH10056,Cara Fox,cara.fox56@mail.example,Riverside,Monthly,52.00,2024-01-11,,Active
FH10057,Sana Zhou,sana.zhou85@mail.example,Riverside,Student,29.00,2024-01-01,,Active
FH10058,Hugo Ito,hugo.ito1@mail.example,Riverside,Corporate,35.00,2024-01-03,2025-06-20,Cancelled
FH10059,Jon Bello,jon.bello8@mail.example,Riverside,Monthly,52.00,2024-01-21,,Active
FH10060,Ava Grant,ava.grant74@mail.example,Riverside,Monthly,52.00,2024-01-30,,Active
FH10061,Iris Tan,iris.tan2@mail.example,Riverside,Monthly,52.00,2024-01-09,2026-06-20,Cancelled
FH10062,Nils Nowak,nils.nowak23@mail.example,Riverside,Student,29.00,2024-01-28,2025-03-09,Cancelled
FH10063,Yusuf Kaur,yusuf.kaur31@mail.example,Riverside,Corporate,35.00,2024-01-17,,Active
FH10064,Farid Zhou,farid.zhou82@mail.example,Riverside,Corporate,35.00,2024-01-26,2024-02-28,Cancelled
FH10065,Pia Varga,pia.varga28@mail.example,Riverside,Student,29.00,2024-01-29,2026-07-17,Cancelled
FH10066,Maya Park,maya.park46@mail.example,Old Town,Monthly,45.00,2024-01-22,2024-10-03,Cancelled
FH10067,Pia Mills,pia.mills56@mail.example,Old Town,Monthly,45.00,2024-01-06,,Active
FH10068,Maya Varga,maya.varga18@mail.example,Old Town,Annual,38.00,2024-01-29,,Active
FH10069,Wren Reid,wren.reid5@mail.example,Old Town,Monthly,45.00,2024-01-30,2025-05-24,Cancelled
FH10070,Dina Young,dina.young37@mail.example,Old Town,Annual,38.00,2024-01-06,,Active
FH10071,Amir Reid,amir.reid39@mail.example,Old Town,Annual,38.00,2024-01-10,,Active
FH10072,Amir Young,amir.young56@mail.example,Oldtown,Monthly,45.00,2024-01-24,2024-08-25,Cancelled
FH10073,Amir Kaur,amir.kaur24@mail.example,Old Town,Monthly,45.00,2024-01-26,2024-03-02,Cancelled
FH10074,Eve Kaur,eve.kaur33@mail.example,Old Town,Annual,38.00,2024-01-30,2026-07-12,Cancelled
FH10075,Hugo Jensen,hugo.jensen84@mail.example,Old Town,Monthly,45.00,2024-01-24,,Active
FH10076,Wren Kaur,wren.kaur1@mail.example,Old Town,Student,29.00,2024-01-28,2025-10-22,Cancelled
FH10077,Ben Park,ben.park54@mail.example,Old Town,Monthly,45.00,2024-01-29,2025-12-05,Cancelled
FH10078,Iris Adams,iris.adams22@mail.example,Old Town,Student,29.00,2024-01-26,2025-04-29,Cancelled
FH10079,Leo Young,leo.young14@mail.example,Old Town,Corporate,35.00,2024-01-11,2025-01-13,Cancelled
FH10080,Uma Costa,uma.costa32@mail.example,Old Town,Monthly,45.00,2024-01-02,2026-07-10,Cancelled
FH10081,Caleb Lowe,caleb.lowe28@mail.example,Old Town,Monthly,45.00,2024-01-11,2026-05-27,Cancelled
FH10082,Kemi Ito,kemi.ito6@mail.example,Old Town,Monthly,45.00,2024-01-09,2025-03-31,Cancelled
FH10083,Yusuf Mills,yusuf.mills70@mail.example,Old Town,Monthly,45.00,2024-01-11,2024-08-23,Cancelled
FH10084,Gia Bello,gia.bello72@mail.example,Old Town,Monthly,45.00,2024-01-14,,Active
FH10085,Leo Grant,leo.grant34@mail.example,Old Town,Annual,38.00,2024-01-24,,Active
FH10086,Nils Mills,nils.mills8@mail.example,Old Town,Monthly,45.00,2024-01-18,2025-07-21,Cancelled
FH10087,Iris Reid,iris.reid26@mail.example,Old Town,Monthly,45.00,2024-01-20,2025-02-04,Cancelled
FH10088,Dan Shah,dan.shah13@mail.example,Old Town,Monthly,45.00,2024-01-20,2025-12-14,Cancelled
FH10089,Raj Zhou,raj.zhou5@mail.example,Old Town,Monthly,45.00,2024-01-19,,Active
FH10090,Amir Nowak,amir.nowak1@mail.example,Old Town,Student,29.00,2024-01-03,,Active
FH10091,Cara Ito,cara.ito32@mail.example,Old Town,Monthly,45.00,2024-01-09,2024-04-07,Cancelled
FH10092,Kemi Costa,kemi.costa83@mail.example,Old Town,Monthly,45.00,2024-01-23,,Active
FH10093,Zara Dunn,zara.dunn54@mail.example,Old Town,Corporate,35.00,2024-01-06,,Active
FH10094,Ola Bello,ola.bello77@mail.example,Northgate,Monthly,45.00,2024-02-09,2025-04-27,Cancelled
FH10095,Yusuf Adams,yusuf.adams6@mail.example,Northgate,Annual,38.00,2024-02-15,,Active
FH10096,Theo Nowak,theo.nowak78@mail.example,Northgate,Monthly,45.00,2024-02-21,,Active
FH10097,Ava Varga,ava.varga25@mail.example,Northgate,Corporate,35.00,2024-02-21,2025-09-09,Cancelled
FH10098,Maya Jensen,maya.jensen17@mail.example,Northgate,Monthly,45.00,2024-02-10,2025-06-02,Cancelled
FH10099,Sana Grant,sana.grant72@mail.example,Northgate,Annual,38.00,2024-02-25,,Active
FH10100,Dan Shah,dan.shah19@mail.example,Northgate,Annual,38.00,2024-02-25,,Active
FH10101,Maya Shah,maya.shah58@mail.example,Northgate,Monthly,45.00,2024-02-23,,Active
FH10102,Jon Bello,jon.bello29@mail.example,Northgate,Annual,38.00,2024-02-15,,Active
FH10103,Leo Zhou,leo.zhou63@mail.example,Northgate,Monthly,45.00,2024-02-09,2025-01-26,Cancelled
FH10104,Dan Fox,dan.fox91@mail.example,Northgate,Annual,38.00,2024-02-06,,Active
FH10105,Yusuf Lowe,yusuf.lowe92@mail.example,Northgate,Annual,38.00,2024-02-02,2025-10-22,Cancelled
FH10106,Jon Mills,jon.mills15@mail.example,Northgate,Student,29.00,2024-02-03,2025-06-08,Cancelled
FH10107,Yusuf Young,yusuf.young97@mail.example,Northgate,Monthly,45.00,2024-02-26,2026-01-31,Cancelled
FH10108,Kemi Quinn,kemi.quinn99@mail.example,Northgate,Monthly,45.00,2024-02-08,,Active
FH10109,Kemi Reid,kemi.reid2@mail.example,Northgate,Corporate,35.00,2024-02-29,,Active
FH10110,Sana Adams,sana.adams25@mail.example,Northgate,Student,29.00,2024-02-17,2025-08-19,Cancelled
FH10111,Nils Ekwueme,nils.ekwueme68@mail.example,Northgate,Monthly,45.00,07/02/2024,2024-10-14,Cancelled
FH10112,Kemi Reid,kemi.reid42@mail.example,Northgate,Corporate,35.00,2024-02-05,2025-03-26,Cancelled
FH10113,Ava Nowak,ava.nowak44@mail.example,Northgate,Corporate,35.00,2024-02-13,,Active
FH10114,Eve Park,eve.park23@mail.example,Northgate,Monthly,45.00,2024-02-05,2024-07-02,Cancelled
FH10115,Maya Jensen,maya.jensen73@mail.example,Northgate,Corporate,35.00,2024-02-18,2025-07-03,Cancelled
FH10116,Cara Reid,cara.reid95@mail.example,Northgate,Monthly,45.00,2024-02-18,,Active
FH10117,Ben Mills,ben.mills97@mail.example,Northgate,Corporate,35.00,2024-02-18,,Active
FH10118,Uma Tan,uma.tan95@mail.example,Northgate,Monthly,45.00,2024-02-02,2025-08-05,Cancelled
FH10119,Gia Quinn,gia.quinn96@mail.example,Riverside,Monthly,52.00,2024-02-26,,Active
FH10120,Dina Park,dina.park10@mail.example,Riverside,Corporate,35.00,2024-02-09,2025-03-10,Cancelled
FH10121,Theo Costa,theo.costa74@mail.example,Riverside,Annual,38.00,2024-02-27,,Active
FH10122,Wren Reid,wren.reid84@mail.example,Riverside,Annual,38.00,2024-02-21,,Active
FH10123,Zara Wood,zara.wood63@mail.example,Riverside,Monthly,45.00,2024-02-20,2024-09-18,Cancelled
FH10124,Ola Grant,ola.grant88@mail.example,Riverside ,Corporate,35.00,2024-02-09,2025-02-06,Cancelled
FH10125,Dan Reid,dan.reid54@mail.example,Riverside,Annual,38.00,2024-02-25,,Active
FH10126,Pia Lowe,pia.lowe72@mail.example,Riverside,Monthly,52.00,2024-02-15,,Active
FH10127,Hugo Shah,hugo.shah62@mail.example,Riverside,Student,29.00,2024-02-28,2024-03-13,Cancelled
FH10128,Caleb Costa,caleb.costa14@mail.example,Riverside,Monthly,52.00,2024-02-18,,Active
FH10129,Hugo Bello,hugo.bello97@mail.example,Riverside,Monthly,45.00,2024-02-09,2024-05-21,Cancelled
FH10130,Yusuf Wood,yusuf.wood65@mail.example,Riverside,Annual,38.00,2024-02-16,,Active
FH10131,Dina Ekwueme,dina.ekwueme66@mail.example,Riverside,Annual,$38.00,2024-02-09,,Active
FH10132,Bea Ortiz,bea.ortiz37@mail.example,Riverside ,Annual,38.00,2024-02-06,2025-02-08,Cancelled
FH10133,Nils Wood,nils.wood55@mail.example,Riverside,Annual,38.00,2024-02-18,,Active
FH10134,Maya Young,maya.young56@mail.example,Riverside,Annual,38.00,2024-02-07,,Active
FH10135,Zara Shah,zara.shah87@mail.example,Riverside,Annual,38.00,2024-02-21,,Active
FH10136,Maya Shah,maya.shah50@mail.example,Riverside,Annual,38.00,2024-02-26,,Active
FH10137,Dina Nowak,dina.nowak32@mail.example,Riverside,Monthly,45.00,2024-02-14,2025-07-20,Cancelled
FH10138,Gia Ito,gia.ito39@mail.example,Old Town,Student,29.00,2024-02-28,n/a,Active
FH10139,Sana Hale,sana.hale95@mail.example,Old Town,Student,29.00,2024-02-20,2024-04-19,Cancelled
FH10140,Iris Adams,iris.adams55@mail.example,Old Town,Monthly,45.00,2024-02-14,,Active
FH10141,Vik Kaur,vik.kaur14@mail.example,Old Town,Monthly,45.00,2024-02-22,2025-05-05,Cancelled
FH10142,Dan Hale,dan.hale36@mail.example,Old Town,Corporate,35.00,2024-02-19,,Active
FH10143,Bea Hale,bea.hale42@mail.example,Old Town,Corporate,35.00,2024-02-09,2025-12-24,Cancelled
FH10144,Raj Costa,raj.costa52@mail.example,Old Town,Monthly,45.00,2024-02-10,2025-07-01,Cancelled
FH10145,Iris Quinn,iris.quinn12@mail.example,Old Town,Student,29.00,2024-02-02,2024-03-28,Cancelled
FH10146,Gia Fox,gia.fox11@mail.example,Old Town,Monthly,45.00,2024-02-13,2024-08-21,Cancelled
FH10147,Vik Dunn,vik.dunn9@mail.example,Old Town,Monthly,45.00,2024-02-18,2024-12-27,Cancelled
FH10148,Leo Park,leo.park18@mail.example,Old Town,Monthly,45.00,2024-02-28,,Active
FH10149,Kemi Adams,kemi.adams45@mail.example,Old Town,Annual,38.00,2024-02-14,,Active
FH10150,Hugo Mills,hugo.mills63@mail.example,Old Town,Annual,38.00,2024-02-25,n/a,Active
FH10151,Maya Quinn,maya.quinn73@mail.example,OLD TOWN,Monthly,45.00,2024-02-20,,Active
FH10152,Caleb Wood,caleb.wood54@mail.example,Old Town,Student,29.00,2024-02-03,2024-05-31,Cancelled
FH10153,Amir Wood,amir.wood91@mail.example,OLD TOWN,Annual,38.00,2024-02-04,2024-03-04,Cancelled
FH10154,Ben Nowak,ben.nowak86@mail.example,Old Town,Annual,38.00,2024-02-18,,Active
FH10155,Uma Dunn,uma.dunn27@mail.example,Old Town,Corporate,35.00,2024-02-27,,Active
FH10156,Cara Ortiz,cara.ortiz51@mail.example,Northgate,Monthly,45.00,2024-03-03,2024-07-11,Cancelled
FH10157,Theo Zhou,theo.zhou58@mail.example,Northgate,Annual,38.00,2024-03-19,,Active
FH10158,Zara Young,zara.young6@mail.example,Northgate,Annual,38.00,2024-03-07,,Active
FH10159,Raj Lowe,raj.lowe56@mail.example,Northgate,Monthly,45.00,2024-03-09,2024-08-09,Cancelled
FH10160,Cara Fox,cara.fox39@mail.example,Northgate,Monthly,45.00,2024-03-24,2026-08-15,Cancelled
FH10161,Ben Ekwueme,ben.ekwueme49@mail.example,Northgate,Corporate,35.00,2024-03-25,,Active
FH10162,Leo Lowe,leo.lowe61@mail.example,Northgate,Monthly,45.00,2024-03-08,2025-06-11,Cancelled
FH10163,Ava Reid,ava.reid32@mail.example,Northgate,Monthly,45.00,2024-03-20,2026-05-27,Cancelled
FH10164,Dan Fox,dan.fox15@mail.example,Northgate,Monthly,45.00,2024-03-08,2025-04-29,Cancelled
FH10165,Vik Mills,vik.mills44@mail.example,Northgate,Monthly,45.00,2024-03-28,2025-08-19,Cancelled
FH10166,Dan Park,dan.park94@mail.example,Northgate,Annual,38.00,2024-03-29,2025-10-01,Cancelled
FH10167,Cara Mills,cara.mills58@mail.example,Northgate,Monthly,45.00,2024-03-09,2026-03-29,Cancelled
FH10168,Ava Ekwueme,ava.ekwueme16@mail.example,Northgate,Monthly,$45.00,2024-03-24,2024-12-29,Cancelled
FH10169,Cara Park,cara.park28@mail.example,Northgate,Monthly,45.00,2024-03-05,,Active
FH10170,Iris Hale,iris.hale25@mail.example,Northgate,Annual,38.00,2024-03-01,,Active
FH10171,Caleb Mills,caleb.mills3@mail.example,Northgate,Monthly,45.00,2024-03-17,2025-12-02,Cancelled
FH10172,Maya Jensen,maya.jensen56@mail.example,Northgate,Annual,38.00,2024-03-12,,Active
FH10173,Iris Hale,iris.hale68@mail.example,Northgate,Monthly,45.00,2024-03-30,,Active
FH10174,Vik Bello,vik.bello78@mail.example,Northgate,Annual,38.00,2024-03-31,,Active
FH10175,Kemi Park,kemi.park79@mail.example,Northgate,Annual,38.00,2024-03-10,,Active
FH10176,Amir Ekwueme,amir.ekwueme69@mail.example,Northgate,Monthly,45.00,2024-03-07,,Active
FH10177,Vik Nowak,vik.nowak9@mail.example,Northgate,Annual,38.00,2024-03-29,,Active
FH10178,Sana Kaur,sana.kaur43@mail.example,Northgate,Annual,38.00,2024-03-12,,Active
FH10179,Wren Park,wren.park17@mail.example,Northgate,Annual,38.00,2024-03-14,2025-08-26,Cancelled
FH10180,Farid Ekwueme,farid.ekwueme90@mail.example,Northgate,Student,29.00,2024-03-06,,Active
FH10178,Sana Kaur,sana.kaur43@mail.example,Northgate,Annual,38.00,2024-03-12,,Active
FH10181,Vik Mills,vik.mills54@mail.example,Riverside,Monthly,52.00,2024-03-22,2026-06-17,Cancelled
FH10182,Ola Tan,ola.tan70@mail.example,Riverside,Monthly,45.00,2024-03-22,2024-06-11,Cancelled
FH10183,Jon Reid,jon.reid24@mail.example,Riverside,Student,29.00,2024-03-09,2025-05-15,Cancelled
FH10184,Dina Fox,dina.fox28@mail.example,Riverside,Monthly,52.00,2024-03-13,,Active
FH10185,Amir Tan,amir.tan43@mail.example,Riverside,Annual,38.00,2024-03-18,,Active
FH10186,Kemi Hale,kemi.hale92@mail.example,Riverside,Monthly,52.00,2024-03-22,,Active
FH10187,Nils Hale,nils.hale37@mail.example,Riverside,Student,29.00,2024-03-04,,Active
FH10188,Zara Tan,zara.tan70@mail.example,Riverside,Monthly,45.00,2024-03-11,2024-10-23,Cancelled
FH10189,Yusuf Fox,yusuf.fox92@mail.example,Riverside,Annual,38.00,2024-03-05,,Active
FH10190,Theo Reid,theo.reid79@mail.example,Riverside,Student,29.00,2024-03-29,2024-10-31,Cancelled
FH10191,Vik Zhou,vik.zhou25@mail.example,Riverside,Annual,38.00,2024-03-24,,Active
FH10192,Yusuf Ortiz,yusuf.ortiz4@mail.example,Riverside,Monthly,52.00,2024-03-03,,Active
FH10193,Gia Reid,gia.reid28@mail.example,Riverside,Student,29.00,2024-03-18,2025-04-11,Cancelled
FH10194,Bea Mills,bea.mills34@mail.example,Riverside,Monthly,52.00,2024-03-09,2026-08-26,Cancelled
FH10195,Pia Zhou,pia.zhou19@mail.example,Riverside,Monthly,45.00,2024-03-30,2024-10-08,Cancelled
FH10196,Amir Dunn,amir.dunn3@mail.example,Riverside,Annual,38.00,2024-03-21,,Active
FH10197,Pia Fox,pia.fox13@mail.example,Riverside,Monthly,52.00,2024-03-15,2026-05-11,Cancelled
FH10198,Pia Hale,pia.hale37@mail.example,Riverside,Monthly,45.00,22/03/2024,2024-05-21,Cancelled
FH10199,Ola Grant,ola.grant34@mail.example,Riverside,Monthly,45.00,2024-03-01,2024-04-17,Cancelled
FH10200,Dina Zhou,dina.zhou32@mail.example,Old Town,Monthly,45.00,2024-03-05,2025-06-24,Cancelled
FH10201,Yusuf Ortiz,yusuf.ortiz52@mail.example,Old Town,Monthly,45.00,2024-03-10,,Active
FH10202,Uma Grant,uma.grant59@mail.example,Old Town,Student,29.00,2024-03-08,,Active
FH10203,Kemi Adams,kemi.adams52@mail.example,Old Town,Annual,38.00,2024-03-17,,Active
FH10204,Theo Young,theo.young54@mail.example,Old Town,Monthly,45.00,2024-03-13,2024-04-24,Cancelled
FH10205,Iris Fox,iris.fox81@mail.example,Old Town,Student,29.00,2024-03-22,,Active
FH10206,Ava Reid,ava.reid24@mail.example,Old Town,Monthly,45.00,2024-03-23,2025-08-23,Cancelled
FH10207,Dina Reid,dina.reid83@mail.example,Old Town,Monthly,45.00,2024-03-12,,Active
FH10208,Dan Shah,dan.shah72@mail.example,Old Town,Annual,38.00,2024-03-15,,Active
FH10209,Amir Quinn,amir.quinn97@mail.example,Old Town,Corporate,35.00,2024-03-16,,Active
FH10210,Caleb Adams,caleb.adams80@mail.example,Old Town,Monthly,45.00,2024-03-21,21/05/2024,Cancelled
FH10211,Dina Tan,dina.tan86@mail.example,Old Town,Corporate,35.00,2024-03-15,2024-12-08,Cancelled
FH10212,Sana Lowe,sana.lowe60@mail.example,Old Town,Corporate,35.00,2024-03-19,2025-12-02,Cancelled
FH10213,Kemi Young,kemi.young41@mail.example,Old Town,Student,29.00,2024-03-31,19/11/2025,Cancelled
FH10214,Jon Jensen,jon.jensen61@mail.example,Old Town,Monthly,45.00,2024-03-06,,Active
FH10215,Amir Bello,amir.bello36@mail.example,Old Town,Monthly,45.00,2024-03-27,,Active
FH10216,Vik Wood,vik.wood47@mail.example,Old Town,Student,29.00,2024-03-06,2024-06-19,Cancelled
FH10217,Raj Adams,raj.adams33@mail.example,Northgate,Monthly,45.00,2024-04-03,2024-09-01,Cancelled
FH10218,Yusuf Ito,yusuf.ito21@mail.example,Northgate,Monthly,45.00,2024-04-05,11/10/2024,Cancelled
FH10219,Ben Bello,ben.bello37@mail.example,Northgate,Student,29.00,2024-04-11,2024-09-10,Cancelled
FH10220,Ben Bello,ben.bello27@mail.example,Northgate,Monthly,45.00,2024-04-05,2024-06-16,Cancelled
FH10221,Amir Reid,amir.reid1@mail.example,Northgate,Corporate,35.00,2024-04-04,,Active
FH10222,Dan Mills,dan.mills31@mail.example,Northgate,Monthly,45.00,2024-04-05,,Active
FH10223,Dan Varga,dan.varga64@mail.example,Northgate,Monthly,45.00,2024-04-08,2025-01-22,Cancelled
FH10224,Jon Ortiz,jon.ortiz78@mail.example,Northgate,Corporate,35.00,2024-04-16,2024-07-08,Cancelled
FH10225,Nils Zhou,nils.zhou87@mail.example,Northgate,Student,29.00,2024-04-30,,Active
FH10226,Bea Young,bea.young10@mail.example,Northgate,Monthly,45.00,2024-04-24,2026-05-25,Cancelled
FH10227,Iris Hale,iris.hale7@mail.example,Northgate,Corporate,35.00,2024-04-30,,Active
FH10228,Yusuf Mills,yusuf.mills87@mail.example,Northgate,Corporate,35.00,2024-04-24,2024-09-25,Cancelled
FH10229,Leo Young,leo.young85@mail.example,Northgate,Monthly,45.00,2024-04-08,,Active
FH10230,Jon Bello,jon.bello22@mail.example,Northgate,Monthly,45.00,2024-04-07,,Active
FH10231,Caleb Fox,caleb.fox48@mail.example,Northgate,Monthly,45.00,2024-04-04,,Active
FH10232,Theo Adams,theo.adams15@mail.example,Northgate,Monthly,45.00,2024-04-09,2026-06-03,Cancelled
FH10233,Ola Costa,ola.costa12@mail.example,Northgate,Student,29.00,2024-04-11,,Active
FH10234,Caleb Shah,caleb.shah30@mail.example,Northgate,Monthly,45.00,29/04/2024,2026-04-07,Cancelled
FH10235,Cara Tan,cara.tan4@mail.example,Northgate,Annual,38.00,2024-04-05,,Active
FH10236,Amir Zhou,amir.zhou67@mail.example,Northgate,Monthly,45.00,2024-04-13,,Active
FH10237,Sana Shah,sana.shah98@mail.example,Riverside,Annual,38.00,2024-04-24,,Active
FH10238,Cara Hale,cara.hale14@mail.example,Riverside,Annual,38.00,2024-04-10,,Active
FH10239,Ava Tan,ava.tan71@mail.example,Riverside,Corporate,35.00,2024-04-05,2026-01-23,Cancelled
FH10240,Maya Ortiz,maya.ortiz21@mail.example,Riverside,Annual,38.00,2024-04-28,,Active
FH10241,Hugo Adams,hugo.adams82@mail.example,Riverside,Annual,38.00,2024-04-30,2025-02-02,Cancelled
FH10242,Vik Jensen,vik.jensen50@mail.example,Riverside,Monthly,45.00,2024-04-09,2025-09-20,Cancelled
FH10243,Bea Lowe,bea.lowe41@mail.example,Riverside,Monthly,45.00,2024-04-21,2025-09-30,Cancelled
FH10244,Nils Ekwueme,nils.ekwueme89@mail.example,Riverside,Annual,38.00,2024-04-06,,Active
FH10245,Bea Ortiz,bea.ortiz52@mail.example,Riverside,Monthly,52.00,2024-04-10,2026-04-23,Cancelled
FH10246,Zara Ito,zara.ito9@mail.example,Riverside,Student,29.00,2024-04-07,2025-06-08,Cancelled
FH10247,Gia Nowak,gia.nowak57@mail.example,Riverside,Student,29.00,2024-04-09,,Active
FH10248,Uma Reid,uma.reid96@mail.example,Riverside,Student,29.00,2024-04-28,,Active
FH10249,Kemi Zhou,kemi.zhou63@mail.example,Riverside,Annual,38.00,2024-04-17,,Active
FH10250,Iris Tan,iris.tan86@mail.example,Riverside,Annual,38.00,2024-04-16,,Active
FH10251,Ola Reid,ola.reid33@mail.example,Riverside,Corporate,35.00,2024-04-08,2025-10-05,Cancelled
FH10252,Leo Mills,leo.mills21@mail.example,Riverside,Annual,38.00,2024-04-12,,Active
FH10253,Uma Kaur,uma.kaur3@mail.example,Riverside,Annual,38.00,2024-04-01,,Active
FH10254,Pia Tan,pia.tan38@mail.example,Old Town,Annual,38.00,2024-04-01,,Active
FH10255,Dan Young,dan.young84@mail.example,Old Town,Student,29.00,2024-04-26,2025-11-09,Cancelled
FH10256,Cara Grant,cara.grant42@mail.example,Old Town,Annual,38.00,2024-04-05,,Active
FH10257,Hugo Fox,hugo.fox58@mail.example,Old Town,Corporate,35.00,2024-04-07,,Active
FH10258,Ava Zhou,ava.zhou1@mail.example,Old Town,Corporate,35.00,2024-04-09,2024-08-05,Cancelled
FH10259,Sana Nowak,sana.nowak47@mail.example,Old Town,Annual,38.00,2024-04-03,,Active
FH10260,Dina Lowe,dina.lowe8@mail.example,Old Town,Corporate,35.00,2024-04-20,2026-05-15,Cancelled
FH10261,Bea Shah,bea.shah97@mail.example,Old Town,Annual,38.00,2024-04-25,,Active
FH10262,Cara Shah,cara.shah26@mail.example,OLD TOWN,Monthly,45.00,2024-04-28,,Active
FH10263,Dan Young,dan.young74@mail.example,Old Town,Monthly,45.00,2024-04-22,,Active
FH10264,Zara Ortiz,zara.ortiz51@mail.example,Old Town,Monthly,45.00,2024-04-14,18/08/2025,Cancelled
FH10265,Ava Wood,ava.wood62@mail.example,Old Town,Monthly,45.00,2024-04-12,2025-05-05,Cancelled
FH10266,Eve Dunn,eve.dunn24@mail.example,Old Town,Monthly,45.00,2024-04-24,2025-04-02,Cancelled
FH10267,Wren Bello,wren.bello12@mail.example,Old Town,Annual,38.00,2024-04-17,,Active
FH10268,Iris Lowe,iris.lowe3@mail.example,Old Town,Corporate,35.00,2024-04-24,2024-07-31,Cancelled
FH10269,Wren Zhou,wren.zhou16@mail.example,Old Town,Monthly,45.00,2024-04-06,2024-07-10,Cancelled
FH10270,Leo Bello,leo.bello86@mail.example,Northgate,Monthly,45.00,2024-05-04,2025-05-15,Cancelled
FH10271,Zara Ito,zara.ito18@mail.example,Northgate,Corporate,35.00,2024-05-10,,Active
FH10272,Ava Reid,ava.reid78@mail.example,Northgate,Monthly,45.00,2024-05-06,2025-06-22,Cancelled
FH10273,Ola Tan,ola.tan68@mail.example,Northgate,Monthly,45.00,2024-05-21,,Active
FH10274,Wren Young,wren.young57@mail.example,Northgate,Monthly,45.00,2024-05-08,2024-10-12,Cancelled
FH10275,Hugo Ekwueme,hugo.ekwueme35@mail.example,Northgate,Student,29.00,2024-05-15,,Active
FH10276,Ben Wood,ben.wood54@mail.example,Northgate,Monthly,45.00,2024-05-23,2025-11-20,Cancelled
FH10277,Ava Adams,ava.adams46@mail.example,Northgate,Student,29.00,2024-05-02,2025-03-18,Cancelled
FH10278,Leo Ekwueme,leo.ekwueme50@mail.example,Northgate,Corporate,35.00,2024-05-28,,Active
FH10279,Nils Ortiz,nils.ortiz98@mail.example,Northgate,Annual,38.00,2024-05-08,,Active
FH10280,Vik Shah,vik.shah86@mail.example,Northgate,Monthly,45.00,2024-05-10,,Active
FH10281,Ben Mills,ben.mills67@mail.example,Northgate,Monthly,45.00,2024-05-15,2024-08-20,Cancelled
FH10282,Vik Quinn,vik.quinn21@mail.example,Northgate,Monthly,45.00,2024-05-25,2024-09-18,Cancelled
FH10283,Ben Jensen,ben.jensen70@mail.example,Northgate,Annual,38.00,2024-05-16,,Active
FH10284,Bea Fox,bea.fox58@mail.example,Northgate,Student,29.00,2024-05-25,,Active
FH10285,Zara Young,zara.young19@mail.example,Northgate,Monthly,45.00,2024-05-04,,Active
FH10286,Raj Costa,raj.costa66@mail.example,Northgate,Monthly,45.00,2024-05-21,2026-04-05,Cancelled
FH10287,Jon Costa,jon.costa11@mail.example,Northgate,Monthly,45.00,2024-05-30,2026-08-01,Cancelled
FH10288,Nils Reid,nils.reid91@mail.example,Northgate,Monthly,45.00,2024-05-02,,Active
FH10289,Maya Zhou,maya.zhou63@mail.example,Northgate,Student,29.00,2024-05-06,2024-11-09,Cancelled
FH10290,Ola Dunn,ola.dunn10@mail.example,Northgate,Annual,38.00,2024-05-10,,Active
FH10291,Gia Varga,gia.varga5@mail.example,Northgate,Corporate,35.00,2024-05-09,2024-07-18,Cancelled
FH10292,Kemi Shah,kemi.shah87@mail.example,Northgate,Monthly,45.00,2024-05-12,,Active
FH10293,Sana Tan,sana.tan17@mail.example,Northgate,Monthly,45.00,2024-05-05,2026-01-06,Cancelled
FH10294,Iris Ortiz,iris.ortiz89@mail.example,Riverside,Monthly,52.00,2024-05-24,28/04/2026,Cancelled
FH10295,Caleb Costa,caleb.costa72@mail.example,Riverside,Monthly,45.00,2024-05-23,2024-06-24,Cancelled
FH10296,Eve Mills,eve.mills69@mail.example,Riverside,Monthly,52.00,2024-05-17,,Active
FH10297,Cara Costa,cara.costa59@mail.example,Riverside,Annual,38.00,2024-05-29,,Active
FH10298,Nils Zhou,nils.zhou34@mail.example,Riverside,Monthly,45.00,2024-05-09,2025-01-23,Cancelled
FH10299,Ava Fox,ava.fox30@mail.example,Riverside,Monthly,45.00,2024-05-20,2024-08-09,Cancelled
FH10300,Amir Ekwueme,amir.ekwueme25@mail.example,Riverside,Corporate,35.00,2024-05-21,2025-03-11,Cancelled
FH10301,Caleb Reid,caleb.reid53@mail.example,Riverside,Monthly,45.00,2024-05-25,2025-05-11,Cancelled
FH10302,Maya Adams,maya.adams13@mail.example,Riverside,Monthly,52.00,2024-05-13,,Active
FH10303,Uma Lowe,uma.lowe51@mail.example,Riverside,Annual,38.00,2024-05-08,,Active
FH10304,Sana Fox,sana.fox90@mail.example,Riverside,Monthly,52.00,2024-05-27,,Active
FH10305,Ava Nowak,ava.nowak52@mail.example,Riverside,Monthly,45.00,2024-05-01,2024-06-02,Cancelled
FH10306,Kemi Kaur,kemi.kaur75@mail.example,Riverside,Corporate,35.00,2024-05-07,2025-01-08,Cancelled
FH10307,Jon Ortiz,jon.ortiz76@mail.example,Riverside,Monthly,45.00,2024-05-11,2025-01-25,Cancelled
FH10308,Eve Lowe,eve.lowe64@mail.example,Riverside,Student,29.00,2024-05-08,2025-07-09,Cancelled
FH10309,Amir Bello,amir.bello31@mail.example,Riverside,Annual,38.00,2024-05-09,,Active
FH10310,Pia Grant,pia.grant14@mail.example,Riverside,Corporate,35.00,2024-05-02,2024-11-06,Cancelled
FH10311,Ava Grant,ava.grant39@mail.example,Riverside,Corporate,35.00,06/05/2024,2024-07-02,Cancelled
FH10312,Ola Grant,ola.grant84@mail.example,Riverside,Monthly,45.00,2024-05-15,2025-07-03,Cancelled
,,,,,,,,
FH10313,Nils Ito,nils.ito12@mail.example,Riverside,Annual,38.00,2024-05-22,,Active
FH10314,Pia Zhou,pia.zhou14@mail.example,Riverside,Student,29.00,2024-05-21,,Active
FH10315,Ava Ekwueme,ava.ekwueme12@mail.example,Old Town,Student,29.00,2024-05-12,2025-12-03,Cancelled
FH10316,Bea Mills,bea.mills46@mail.example,Old Town,Monthly,45.00,2024-05-12,,Active
FH10317,Pia Adams,pia.adams37@mail.example,Old Town,Student,29.00,2024-05-12,,Active
FH10318,Amir Grant,amir.grant59@mail.example,Old Town,Annual,38.00,2024-05-09,,Active
FH10319,Farid Adams,farid.adams66@mail.example,Old Town,Monthly,$45.00,2024-05-25,,Active
FH10320,Kemi Ekwueme,kemi.ekwueme52@mail.example,Old Town ,Monthly,45.00,2024-05-05,2026-01-16,Cancelled
FH10321,Ola Zhou,ola.zhou42@mail.example,Old Town,Student,29.00,2024-05-20,2025-01-18,Cancelled
FH10322,Hugo Park,hugo.park99@mail.example,Old Town,Monthly,45.00,2024-05-28,2025-04-03,Cancelled
FH10323,Jon Costa,jon.costa97@mail.example,Old Town,Monthly,45.00,2024-05-14,,Active
FH10324,Sana Nowak,sana.nowak14@mail.example,Old Town,Monthly,45.00,2024-05-15,2024-07-11,Cancelled
FH10325,Nils Park,nils.park47@mail.example,Old Town,Monthly,45.00,2024-05-24,2024-09-16,Cancelled
FH10326,Wren Lowe,wren.lowe29@mail.example,Old Town,Monthly,45.00,2024-05-16,,Active
FH10327,Eve Ekwueme,eve.ekwueme35@mail.example,Old Town,Annual,38.00,2024-05-16,2026-08-28,Cancelled
FH10328,Eve Costa,eve.costa51@mail.example,Old Town,Monthly,45.00,2024-05-22,,Active
FH10329,Farid Lowe,farid.lowe85@mail.example,Old Town,Monthly,45.00,2024-05-19,,Active
FH10330,Raj Lowe,raj.lowe85@mail.example,Old Town,Student,29.00,2024-05-23,,Active
FH10331,Hugo Hale,hugo.hale3@mail.example,Old Town,Annual,38.00,2024-05-01,2024-11-08,Cancelled
FH10332,Dan Adams,dan.adams97@mail.example,Northgate,Student,29.00,2024-06-12,,Active
FH10333,Uma Hale,uma.hale66@mail.example,Northgate,Corporate,35.00,13/06/2024,2024-10-07,Cancelled
FH10334,Maya Reid,maya.reid85@mail.example,Northgate,Annual,38.00,2024-06-23,2025-09-11,Cancelled
FH10335,Nils Quinn,nils.quinn81@mail.example,Northgate,Monthly,45.00,2024-06-02,,Active
FH10336,Hugo Ekwueme,hugo.ekwueme80@mail.example,Northgate,Monthly,45.00,2024-06-28,,Active
FH10337,Pia Grant,pia.grant11@mail.example,Northgate,Student,29.00,2024-06-18,,Active
FH10338,Bea Tan,bea.tan71@mail.example,Northgate,Monthly,45.00,2024-06-20,,Active
FH10339,Wren Park,wren.park90@mail.example,Northgate,Monthly,45.00,2024-06-01,2025-01-31,Cancelled
FH10340,Cara Hale,cara.hale60@mail.example,Northgate,Monthly,45.00,2024-06-09,2026-03-01,Cancelled
FH10341,Pia Zhou,pia.zhou30@mail.example,Northgate,Annual,38.00,2024-06-27,,Active
FH10342,Zara Costa,zara.costa16@mail.example,Northgate,Monthly,45.00,2024-06-12,,Active
FH10343,Farid Shah,farid.shah38@mail.example,Northgate,Corporate,35.00,2024-06-14,,Active
FH10344,Sana Hale,sana.hale71@mail.example,Northgate,Annual,38.00,2024-06-22,,Active
FH10345,Ava Dunn,ava.dunn85@mail.example,Northgate,Monthly,45.00,2024-06-02,,Active
FH10346,Jon Ekwueme,jon.ekwueme74@mail.example,Northgate,Monthly,$45.00,2024-06-28,,Active
FH10347,Iris Park,iris.park20@mail.example,Northgate,Annual,38.00,2024-06-01,,Active
FH10348,Theo Wood,theo.wood75@mail.example,Northgate,Corporate,35.00,2024-06-06,2025-08-10,Cancelled
FH10349,Ben Park,ben.park85@mail.example,Northgate,Corporate,35.00,2024-06-27,2026-08-11,Cancelled
FH10350,Ola Grant,ola.grant79@mail.example,Northgate,Monthly,45.00,2024-06-10,,Active
FH10351,Pia Ortiz,pia.ortiz65@mail.example,Northgate,Student,29.00,2024-06-22,2025-10-08,Cancelled
FH10352,Uma Ito,uma.ito90@mail.example,Northgate,Monthly,45.00,2024-06-28,,Active
FH10353,Gia Quinn,gia.quinn2@mail.example,Riverside,Monthly,45.00,2024-06-22,2024-11-14,Cancelled
FH10354,Vik Hale,vik.hale48@mail.example,Riverside,Annual,38.00,2024-06-01,,Active
FH10355,Farid Bello,farid.bello70@mail.example,Riverside,Annual,38.00,2024-06-23,,Active
FH10356,Eve Lowe,eve.lowe52@mail.example,Riverside,Corporate,35.00,2024-06-10,,Active
FH10357,Leo Ortiz,leo.ortiz45@mail.example,Riverside,Student,29.00,2024-06-17,2025-10-31,Cancelled
FH10358,Uma Lowe,uma.lowe46@mail.example,Riverside,Monthly,52.00,2024-06-24,,Active
FH10359,Nils Hale,nils.hale32@mail.example,Riverside,Annual,38.00,2024-06-20,,Active
FH10360,Ola Young,ola.young84@mail.example,Riverside,Monthly,52.00,2024-06-04,2026-07-28,Cancelled
FH10361,Cara Lowe,cara.lowe23@mail.example,Riverside,Monthly,52.00,20/06/2024,,Active
FH10362,Ben Jensen,ben.jensen27@mail.example,Riverside,Student,29.00,2024-06-12,2026-03-07,Cancelled
FH10363,Vik Dunn,vik.dunn50@mail.example,Riverside,Monthly,45.00,2024-06-28,2025-09-12,Cancelled
FH10364,Cara Fox,cara.fox87@mail.example,Riverside,Monthly,52.00,2024-06-08,2026-06-25,Cancelled
FH10365,Amir Tan,amir.tan15@mail.example,Riverside,Annual,38.00,2024-06-11,,Active
FH10366,Eve Reid,eve.reid11@mail.example,Riverside,Monthly,52.00,2024-06-18,2026-05-27,Cancelled
FH10367,Bea Costa,bea.costa61@mail.example,Riverside,Student,29.00,2024-06-23,,Active
FH10368,Cara Kaur,cara.kaur95@mail.example,Riverside,Monthly,52.00,2024-06-12,,Active
FH10369,Farid Costa,farid.costa21@mail.example,Riverside,Annual,38.00,2024-06-29,,Active
FH10370,Jon Ito,jon.ito67@mail.example,Riverside,Monthly,45.00,2024-06-12,2025-04-16,Cancelled
FH10371,Sana Ekwueme,sana.ekwueme44@mail.example,Old Town,Corporate,35.00,2024-06-14,2024-07-27,Cancelled
FH10372,Pia Fox,pia.fox36@mail.example,Old Town,Annual,38.00,2024-06-21,,Active
FH10373,Caleb Wood,caleb.wood55@mail.example,Old Town,Annual,38.00,2024-06-23,,Active
FH10374,Zara Mills,zara.mills1@mail.example,Old Town,Student,29.00,2024-06-18,,Active
FH10375,Pia Wood,pia.wood79@mail.example,Old Town,Monthly,45.00,2024-06-26,2025-07-22,Cancelled
FH10376,Raj Nowak,raj.nowak5@mail.example,Old Town,Monthly,45.00,2024-06-02,,Active
FH10377,Farid Bello,farid.bello11@mail.example,Oldtown,Monthly,45.00,2024-06-16,,Active
FH10378,Maya Kaur,maya.kaur80@mail.example,Old Town,Student,29.00,2024-06-20,,Active
FH10379,Vik Lowe,vik.lowe89@mail.example,Old Town,Annual,38.00,2024-06-25,,Active
FH10380,Eve Mills,eve.mills95@mail.example,Old Town,Monthly,45.00,2024-06-19,,Active
FH10381,Farid Jensen,farid.jensen28@mail.example,Old Town,Student,29.00,2024-06-12,,Active
FH10382,Dina Ekwueme,dina.ekwueme20@mail.example,Old Town,Monthly,45.00,2024-06-13,,Active
FH10383,Eve Ortiz,eve.ortiz34@mail.example,Old Town,Monthly,45.00,2024-06-17,2024-09-28,Cancelled
FH10384,Hugo Hale,hugo.hale87@mail.example,Northgate,Annual,38.00,2024-07-26,,Active
FH10385,Yusuf Fox,yusuf.fox8@mail.example,Northgate,Monthly,45.00,2024-07-02,2024-10-08,Cancelled
FH10386,Gia Wood,gia.wood45@mail.example,Northgate,Student,29.00,2024-07-23,2025-02-27,Cancelled
FH10387,Pia Wood,pia.wood65@mail.example,Northgate,Monthly,45.00,2024-07-25,,Active
FH10388,Yusuf Mills,yusuf.mills95@mail.example,Northgate,Monthly,45.00,2024-07-03,,Active
FH10389,Theo Quinn,theo.quinn65@mail.example,Northgate,Annual,38.00,2024-07-21,,Active
FH10390,Uma Zhou,uma.zhou85@mail.example,Northgate,Annual,38.00,2024-07-02,,Active
FH10391,Ola Varga,ola.varga7@mail.example,Northgate,Corporate,35.00,2024-07-03,,Active
FH10392,Cara Adams,cara.adams12@mail.example,Northgate,Annual,38.00,2024-07-17,,Active
FH10393,Maya Ekwueme,maya.ekwueme75@mail.example,Northgate,Monthly,45.00,2024-07-02,2025-07-18,Cancelled
FH10394,Ava Grant,ava.grant29@mail.example,Northgate,Monthly,45.00,2024-07-05,n/a,Active
FH10395,Pia Grant,pia.grant87@mail.example,Northgate,Monthly,45.00,2024-07-29,,Active
FH10396,Maya Hale,maya.hale98@mail.example,Northgate,Monthly,45.00,2024-07-12,,Active
FH10397,Zara Adams,zara.adams20@mail.example,Northgate,Monthly,45.00,2024-07-03,2026-06-24,Cancelled
FH10398,Zara Ekwueme,zara.ekwueme5@mail.example,Northgate,Monthly,45.00,2024-07-26,2026-02-19,Cancelled
FH10399,Bea Zhou,bea.zhou63@mail.example,Northgate,Corporate,35.00,2024-07-10,,Active
FH10400,Raj Ito,raj.ito99@mail.example,Northgate,Student,29.00,2024-07-29,,Active
FH10401,Nils Fox,nils.fox51@mail.example,Northgate,Student,29.00,2024-07-09,2026-04-01,Cancelled
FH10402,Leo Jensen,leo.jensen32@mail.example,Northgate,Monthly,45.00,2024-07-13,,Active
FH10403,Iris Ekwueme,iris.ekwueme66@mail.example,Northgate,Monthly,45.00,2024-07-05,2026-01-28,Cancelled
FH10404,Amir Grant,amir.grant95@mail.example,Riverside,Monthly,52.00,2024-07-07,,Active
FH10405,Leo Ekwueme,leo.ekwueme28@mail.example,Riverside,Monthly,52.00,2024-07-09,,Active
FH10406,Leo Ekwueme,leo.ekwueme97@mail.example,Riverside,Corporate,35.00,2024-07-08,2026-06-30,Cancelled
FH10407,Jon Park,jon.park29@mail.example,Riverside,Monthly,52.00,2024-07-21,,Active
FH10408,Vik Ekwueme,vik.ekwueme60@mail.example,Riverside,Monthly,52.00,2024-07-17,2026-05-28,Cancelled
FH10409,Amir Bello,amir.bello9@mail.example,Riverside,Annual,38.00,2024-07-28,,Active
FH10410,Dan Shah,dan.shah42@mail.example,Riverside,Annual,38.00,2024-07-21,,Active
FH10411,Cara Ortiz,cara.ortiz43@mail.example,Riverside,Annual,38.00,2024-07-17,,Active
FH10412,Ben Shah,ben.shah10@mail.example,Riverside,Annual,38.00,2024-07-23,2025-07-20,Cancelled
FH10413,Nils Shah,nils.shah92@mail.example,Riverside,Monthly,45.00,2024-07-19,2026-01-06,Cancelled
FH10414,Zara Ortiz,zara.ortiz13@mail.example,Riverside,Monthly,52.00,2024-07-25,,Active
FH10415,Iris Kaur,iris.kaur17@mail.example,Riverside,Monthly,52.00,2024-07-19,2026-07-17,Cancelled
FH10416,Eve Grant,eve.grant63@mail.example,Riverside,Monthly,52.00,2024-07-22,,Active
FH10417,Leo Fox,leo.fox37@mail.example,Riverside,Monthly,45.00,2024-07-27,2024-12-16,Cancelled
FH10418,Jon Ekwueme,jon.ekwueme48@mail.example,Riverside,Student,29.00,2024-07-22,2026-08-16,Cancelled
FH10419,Dina Mills,dina.mills70@mail.example,Riverside,Student,29.00,2024-07-05,,Active
FH10420,Maya Nowak,maya.nowak90@mail.example,Riverside,Annual,38.00,2024-07-01,2025-04-26,Cancelled
FH10421,Uma Ito,uma.ito32@mail.example,Riverside,Student,29.00,2024-07-06,2025-06-02,Cancelled
FH10422,Raj Park,raj.park52@mail.example,Riverside,Annual,38.00,2024-07-24,2026-03-12,Cancelled
FH10423,Yusuf Nowak,yusuf.nowak35@mail.example,Riverside,Monthly,52.00,2024-07-17,2026-06-14,Cancelled
FH10424,Farid Bello,farid.bello32@mail.example,Riverside ,Student,29.00,2024-07-20,2024-09-01,Cancelled
FH10425,Jon Zhou,jon.zhou42@mail.example,Old Town,Monthly,45.00,2024-07-18,,Active
FH10426,Jon Young,jon.young27@mail.example,Old Town,Corporate,35.00,2024-07-24,2024-10-04,Cancelled
FH10427,Hugo Mills,hugo.mills34@mail.example,Old Town,Corporate,35.00,2024-07-20,,Active
FH10428,Ben Kaur,ben.kaur22@mail.example,Old Town,Annual,38.00,2024-07-27,,Active
FH10429,Nils Nowak,nils.nowak59@mail.example,Old Town,Student,29.00,2024-07-20,n/a,Active
FH10430,Caleb Jensen,caleb.jensen87@mail.example,Old Town,Monthly,45.00,2024-07-03,2025-12-24,Cancelled
FH10431,Cara Ekwueme,cara.ekwueme58@mail.example,Old Town,Annual,38.00,2024-07-03,,Active
FH10432,Farid Ortiz,farid.ortiz49@mail.example,Old Town,Student,29.00,2024-07-06,2026-05-30,Cancelled
FH10433,Eve Varga,eve.varga18@mail.example,Old Town,Monthly,45.00,2024-07-25,2025-07-09,Cancelled
FH10434,Farid Hale,farid.hale24@mail.example,Old Town,Monthly,45.00,2024-07-21,,Active
FH10435,Gia Adams,gia.adams43@mail.example,Old Town,Monthly,45.00,2024-07-08,2025-05-17,Cancelled
FH10436,Maya Zhou,maya.zhou45@mail.example,Old Town,Corporate,35.00,2024-07-17,,Active
FH10437,Pia Fox,pia.fox31@mail.example,Old Town,Monthly,45.00,2024-07-27,,Active
FH10438,Leo Varga,leo.varga94@mail.example,Northgate,Monthly,45.00,2024-08-10,2024-10-20,Cancelled
FH10439,Farid Kaur,farid.kaur52@mail.example,Northgate,Monthly,45.00,2024-08-03,2025-04-18,Cancelled
FH10440,Raj Ekwueme,raj.ekwueme13@mail.example,Northgate,Monthly,45.00,2024-08-20,,Active
FH10441,Yusuf Shah,yusuf.shah40@mail.example,Northgate,Monthly,45.00,2024-08-28,,Active
FH10442,Ola Park,ola.park86@mail.example,Northgate,Annual,38.00,2024-08-27,,Active
FH10443,Yusuf Young,yusuf.young89@mail.example,Northgate,Annual,38.00,2024-08-18,2026-04-13,Cancelled
FH10444,Eve Ortiz,eve.ortiz52@mail.example,Northgate,Monthly,45.00,2024-08-14,,Active
FH10445,Eve Bello,eve.bello34@mail.example,Northgate,Monthly,45.00,2024-08-15,,Active
FH10446,Raj Jensen,raj.jensen51@mail.example,Northgate,Annual,38.00,2024-08-12,,Active
FH10447,Leo Dunn,leo.dunn96@mail.example,Northgate,Annual,38.00,2024-08-10,,Active
FH10448,Iris Adams,iris.adams9@mail.example,Northgate,Annual,38.00,2024-08-06,2026-08-13,Cancelled
FH10449,Jon Shah,jon.shah15@mail.example,Northgate,Corporate,35.00,2024-08-26,2025-03-12,Cancelled
FH10450,Cara Ito,cara.ito53@mail.example,Northgate,Annual,38.00,2024-08-09,,Active
FH10451,Zara Ortiz,zara.ortiz4@mail.example,Riverside,Annual,38.00,2024-08-28,,Active
FH10452,Kemi Ito,kemi.ito43@mail.example,Riverside,Monthly,$52.00,2024-08-08,,Active
FH10453,Bea Park,bea.park80@mail.example,Riverside,Monthly,52.00,2024-08-07,2026-08-18,Cancelled
FH10454,Vik Shah,vik.shah10@mail.example,Riverside,Monthly,45.00,2024-08-17,2025-01-09,Cancelled
FH10455,Dan Dunn,dan.dunn54@mail.example,Riverside,Student,29.00,2024-08-29,2026-06-24,Cancelled
FH10456,Raj Grant,raj.grant61@mail.example,Riverside,Monthly,52.00,2024-08-04,2026-06-11,Cancelled
FH10457,Theo Wood,theo.wood79@mail.example,Riverside,Student,29.00,2024-08-07,,Active
FH10458,Farid Ito,farid.ito70@mail.example,Riverside,Monthly,52.00,2024-08-19,,Active
FH10459,Gia Tan,gia.tan46@mail.example,Riverside,Monthly,52.00,2024-08-21,,Active
FH10460,Theo Reid,theo.reid53@mail.example,Riverside,Annual,38.00,2024-08-14,,Active
FH10461,Cara Young,cara.young20@mail.example,Riverside,Monthly,45.00,11/08/2024,2025-03-18,Cancelled
FH10462,Sana Adams,sana.adams45@mail.example,Riverside,Student,29.00,2024-08-25,2024-11-20,Cancelled
FH10463,Maya Hale,maya.hale8@mail.example,Old Town,Annual,38.00,2024-08-10,,Active
FH10464,Sana Lowe,sana.lowe47@mail.example,Old Town,Annual,38.00,2024-08-18,2025-03-07,Cancelled
FH10465,Yusuf Wood,yusuf.wood98@mail.example,Old Town,Monthly,45.00,2024-08-11,2025-02-04,Cancelled
FH10466,Ava Reid,ava.reid64@mail.example,Old Town,Monthly,45.00,2024-08-03,,Active
FH10467,Ben Dunn,ben.dunn49@mail.example,Old Town,Monthly,45.00,2024-08-05,2024-10-20,Cancelled
FH10468,Bea Park,bea.park90@mail.example,Old Town,Monthly,$45.00,2024-08-10,,Active
FH10469,Hugo Ito,hugo.ito76@mail.example,Old Town,Student,29.00,2024-08-19,,Active
FH10470,Bea Costa,bea.costa83@mail.example,Old Town,Corporate,35.00,2024-08-12,,Active
FH10471,Ben Dunn,ben.dunn77@mail.example,Old Town,Monthly,45.00,2024-08-27,2026-07-11,Cancelled
FH10472,Ava Mills,ava.mills13@mail.example,Old Town,Monthly,45.00,2024-08-15,,Active
FH10473,Ava Dunn,ava.dunn44@mail.example,Old Town,Student,29.00,2024-08-18,2024-09-21,Cancelled
FH10474,Hugo Ito,hugo.ito48@mail.example,Old Town,Monthly,45.00,2024-08-19,,Active
FH10475,Bea Ekwueme,bea.ekwueme87@mail.example,Northgate,Monthly,45.00,2024-09-06,,Active
FH10476,Nils Dunn,nils.dunn46@mail.example,Northgate,Annual,38.00,2024-09-04,,Active
FH10477,Ben Reid,ben.reid4@mail.example,Northgate,Annual,38.00,07/09/2024,,Active
FH10478,Eve Ito,eve.ito22@mail.example,Northgate,Annual,38.00,2024-09-01,,Active
FH10479,Cara Reid,cara.reid40@mail.example,Northgate,Student,29.00,2024-09-29,,Active
FH10480,Iris Ekwueme,iris.ekwueme62@mail.example,Northgate,Monthly,45.00,2024-09-06,2025-01-26,Cancelled
TEST3,TEST ACCOUNT,frontdesk3@fieldhouse.test,Northgate,Monthly,0.00,2026-03-24,,Active
FH10481,Ben Reid,ben.reid84@mail.example,Northgate,Monthly,45.00,20/09/2024,,Active
FH10482,Dina Quinn,dina.quinn91@mail.example,Northgate,Monthly,45.00,2024-09-01,,Active
FH10483,Iris Varga,iris.varga29@mail.example,Northgate,Corporate,35.00,2024-09-23,,Active
FH10484,Amir Reid,amir.reid38@mail.example,Northgate,Annual,38.00,2024-09-07,,Active
FH10485,Raj Mills,raj.mills33@mail.example,Northgate,Annual,38.00,2024-09-06,,Active
FH10486,Gia Costa,gia.costa27@mail.example,Northgate,Annual,38.00,2024-09-16,n/a,Active
FH10487,Iris Ekwueme,iris.ekwueme10@mail.example,Northgate,Corporate,35.00,2024-09-30,2025-11-27,Cancelled
FH10488,Hugo Adams,hugo.adams10@mail.example,Northgate,Annual,$38.00,2024-09-15,,Active
FH10489,Raj Ortiz,raj.ortiz2@mail.example,Northgate,Annual,38.00,2024-09-02,,Active
FH10490,Amir Ortiz,amir.ortiz64@mail.example,Northgate,Annual,38.00,2024-09-28,,Active
FH10491,Nils Zhou,nils.zhou37@mail.example,Northgate,Monthly,45.00,2024-09-12,2025-11-28,Cancelled
FH10492,Ola Wood,ola.wood61@mail.example,Northgate,Monthly,45.00,2024-09-01,2025-09-10,Cancelled
FH10493,Bea Varga,bea.varga78@mail.example,Northgate,Monthly,45.00,2024-09-27,,Active
FH10494,Uma Nowak,uma.nowak28@mail.example,Northgate,Monthly,45.00,2024-09-24,,Active
FH10495,Sana Young,sana.young65@mail.example,Northgate,Student,29.00,2024-09-17,2024-11-23,Cancelled
FH10496,Amir Nowak,amir.nowak57@mail.example,Riverside,Monthly,52.00,2024-09-21,,Active
FH10497,Vik Fox,vik.fox61@mail.example,Riverside,Monthly,52.00,2024-09-15,2026-07-21,Cancelled
FH10498,Caleb Ito,caleb.ito90@mail.example,Riverside,Monthly,52.00,2024-09-11,,Active
FH10499,Leo Lowe,leo.lowe18@mail.example,Riverside,Annual,38.00,2024-09-27,,Active
FH10500,Pia Reid,pia.reid21@mail.example,Riverside,Monthly,52.00,2024-09-05,2026-05-25,Cancelled
FH10501,Kemi Kaur,kemi.kaur82@mail.example,Riverside,Monthly,45.00,2024-09-05,2025-03-25,Cancelled
FH10502,Raj Ito,raj.ito7@mail.example,Riverside,Monthly,45.00,2024-09-09,2025-08-01,Cancelled
FH10503,Vik Hale,vik.hale89@mail.example,Riverside,Monthly,45.00,2024-09-15,2025-04-15,Cancelled
FH10504,Caleb Shah,caleb.shah71@mail.example,Riverside,Monthly,45.00,2024-09-20,2024-12-27,Cancelled
FH10505,Gia Bello,gia.bello49@mail.example,Riverside,Student,29.00,2024-09-26,,Active
FH10506,Uma Mills,uma.mills34@mail.example,Riverside,Monthly,45.00,2024-09-14,2024-12-22,Cancelled
FH10507,Sana Tan,sana.tan40@mail.example,Riverside,Annual,38.00,2024-09-02,,Active
FH10508,Cara Varga,cara.varga18@mail.example,Riverside,Monthly,52.00,2024-09-21,2026-07-20,Cancelled
FH10509,Maya Bello,maya.bello63@mail.example,Riverside,Student,$29.00,2024-09-21,2024-10-09,Cancelled
FH10510,Nils Fox,nils.fox1@mail.example,Riverside,Monthly,52.00,2024-09-15,2026-04-17,Cancelled
FH10511,Uma Bello,uma.bello23@mail.example,Riverside,Monthly,45.00,2024-09-11,2024-10-31,Cancelled
FH10512,Amir Ortiz,amir.ortiz66@mail.example,Riverside,Annual,38.00,2024-09-08,,Active
FH10513,Leo Ito,leo.ito62@mail.example,Riverside,Student,29.00,2024-09-07,2025-03-26,Cancelled
FH10514,Hugo Hale,hugo.hale5@mail.example,Riverside,Annual,38.00,2024-09-07,,Active
FH10515,Ben Bello,ben.bello54@mail.example,Riverside,Monthly,52.00,2024-09-04,2026-06-13,Cancelled
FH10516,Theo Ortiz,theo.ortiz19@mail.example,Riverside,Student,29.00,2024-09-28,2025-09-06,Cancelled
FH10517,Raj Ekwueme,raj.ekwueme45@mail.example,Riverside,Monthly,52.00,2024-09-24,2026-04-30,Cancelled
FH10518,Caleb Dunn,caleb.dunn53@mail.example,Riverside,Corporate,35.00,2024-09-30,2025-09-23,Cancelled
FH10519,Gia Ortiz,gia.ortiz92@mail.example,Riverside,Monthly,45.00,2024-09-23,2024-12-15,Cancelled
FH10520,Wren Fox,wren.fox9@mail.example,Riverside,Student,29.00,2024-09-09,2026-07-13,Cancelled
FH10521,Amir Quinn,amir.quinn75@mail.example,Riverside,Monthly,45.00,2024-09-20,2024-10-06,Cancelled
FH10522,Nils Bello,nils.bello41@mail.example,Riverside,Monthly,45.00,2024-09-27,2025-07-07,Cancelled
FH10523,Yusuf Dunn,yusuf.dunn73@mail.example,Riverside,Corporate,35.00,2024-09-23,2025-01-04,Cancelled
FH10524,Leo Kaur,leo.kaur66@mail.example,Old Town,Monthly,$45.00,2024-09-14,2025-07-05,Cancelled
FH10525,Farid Mills,farid.mills26@mail.example,Old Town,Monthly,45.00,2024-09-29,,Active
FH10526,Sana Ortiz,sana.ortiz15@mail.example,Old Town,Monthly,45.00,2024-09-25,2025-11-14,Cancelled
FH10527,Yusuf Nowak,yusuf.nowak27@mail.example,Old Town,Monthly,45.00,2024-09-05,,Active
FH10528,Uma Tan,uma.tan93@mail.example,Old Town,Monthly,45.00,2024-09-15,2024-10-19,Cancelled
FH10529,Eve Nowak,eve.nowak66@mail.example,Old Town,Monthly,45.00,2024-09-20,2024-11-13,Cancelled
FH10530,Jon Zhou,jon.zhou31@mail.example,OLD TOWN,Monthly,45.00,2024-09-17,2026-08-28,Cancelled
FH10531,Jon Ortiz,jon.ortiz64@mail.example,Old Town,Annual,38.00,2024-09-23,,Active
FH10532,Sana Ekwueme,sana.ekwueme31@mail.example,Old Town,Annual,38.00,2024-09-18,,Active
FH10533,Wren Grant,wren.grant20@mail.example,Old Town,Annual,38.00,2024-09-06,,Active
FH10534,Hugo Varga,hugo.varga25@mail.example,Old Town,Student,29.00,2024-09-13,,Active
FH10535,Uma Dunn,uma.dunn80@mail.example,Oldtown,Monthly,45.00,2024-09-14,2024-11-20,Cancelled
FH10536,Wren Hale,wren.hale43@mail.example,Old Town,Annual,38.00,2024-09-16,,Active
FH10537,Theo Quinn,theo.quinn18@mail.example,Old Town,Monthly,45.00,2024-09-07,,Active
FH10538,Gia Nowak,gia.nowak74@mail.example,Old Town,Corporate,35.00,2024-09-29,,Active
FH10539,Caleb Varga,caleb.varga90@mail.example,Old Town,Student,29.00,2024-09-27,,Active
FH10540,Jon Varga,jon.varga86@mail.example,Old Town,Annual,38.00,2024-09-19,,Active
FH10541,Leo Wood,leo.wood69@mail.example,Northgate,Annual,38.00,22/10/2024,,Active
FH10542,Farid Ekwueme,farid.ekwueme2@mail.example,Northgate,Student,29.00,2024-10-24,2026-05-29,Cancelled
FH10543,Caleb Young,caleb.young64@mail.example,Northgate,Monthly,45.00,2024-10-29,,Active
FH10544,Zara Ortiz,zara.ortiz19@mail.example,Northgate,Annual,38.00,2024-10-05,,Active
FH10545,Yusuf Tan,yusuf.tan9@mail.example,Northgate,Monthly,45.00,2024-10-31,2025-08-03,Cancelled
FH10546,Yusuf Lowe,yusuf.lowe6@mail.example,Northgate,Monthly,45.00,2024-10-23,,Active
FH10547,Sana Quinn,sana.quinn91@mail.example,Northgate,Corporate,35.00,2024-10-25,2024-11-21,Cancelled
FH10548,Dan Jensen,dan.jensen18@mail.example,Northgate,Monthly,45.00,2024-10-10,2026-08-11,Cancelled
FH10549,Yusuf Bello,yusuf.bello65@mail.example,Northgate,Student,29.00,2024-10-17,,Active
FH10550,Pia Mills,pia.mills43@mail.example,Northgate,Annual,38.00,26/10/2024,,Active
FH10551,Dina Wood,dina.wood35@mail.example,Northgate,Student,29.00,2024-10-10,,Active
FH10552,Kemi Grant,kemi.grant59@mail.example,Northgate,Monthly,45.00,2024-10-04,,Active
FH10553,Vik Nowak,vik.nowak60@mail.example,Northgate,Monthly,45.00,2024-10-19,,Active
FH10554,Cara Jensen,cara.jensen15@mail.example,Northgate,Monthly,45.00,2024-10-11,,Active
FH10555,Jon Ito,jon.ito32@mail.example,Northgate,Annual,38.00,2024-10-15,,Active
FH10556,Jon Ito,jon.ito47@mail.example,Northgate,Student,29.00,2024-10-12,2026-07-04,Cancelled
FH10557,Eve Wood,eve.wood15@mail.example,Northgate,Monthly,45.00,2024-10-14,2026-04-11,Cancelled
FH10558,Gia Dunn,gia.dunn48@mail.example,Northgate,Monthly,45.00,2024-10-28,,Active
FH10559,Dina Hale,dina.hale15@mail.example,Northgate,Monthly,45.00,2024-10-05,,Active
FH10560,Leo Nowak,leo.nowak81@mail.example,Northgate,Monthly,45.00,04/10/2024,2026-07-03,Cancelled
FH10561,Ava Zhou,ava.zhou62@mail.example,Northgate,Monthly,45.00,2024-10-04,,Active
FH10562,Farid Young,farid.young44@mail.example,Northgate,Annual,38.00,2024-10-17,,Active
FH10563,Farid Ito,farid.ito31@mail.example,Northgate,Annual,38.00,2024-10-23,,Active
FH10564,Cara Mills,cara.mills75@mail.example,Riverside,Monthly,45.00,2024-10-07,2024-12-25,Cancelled
FH10565,Hugo Adams,hugo.adams4@mail.example,Riverside,Monthly,45.00,2024-10-14,2025-05-09,Cancelled
FH10566,Ola Ortiz,ola.ortiz88@mail.example,Riverside,Monthly,52.00,2024-10-03,,Active
FH10567,Pia Ekwueme,pia.ekwueme72@mail.example,Riverside,Monthly,52.00,2024-10-26,,Active
FH10568,Nils Reid,nils.reid23@mail.example,Riverside,Monthly,52.00,2024-10-08,,Active
FH10569,Iris Kaur,iris.kaur62@mail.example,Riverside,Corporate,35.00,2024-10-03,,Active
FH10570,Sana Varga,sana.varga46@mail.example,Riverside,Monthly,52.00,2024-10-12,,Active
FH10571,Ola Wood,ola.wood95@mail.example,Riverside,Corporate,35.00,2024-10-01,2025-07-16,Cancelled
FH10572,Bea Hale,bea.hale45@mail.example,Riverside,Monthly,45.00,2024-10-21,2025-03-06,Cancelled
FH10573,Vik Adams,vik.adams34@mail.example,Riverside,Monthly,45.00,2024-10-15,2025-08-07,Cancelled
FH10574,Kemi Bello,kemi.bello85@mail.example,Riverside,Monthly,52.00,2024-10-09,2026-07-10,Cancelled
FH10575,Kemi Costa,kemi.costa40@mail.example,Riverside,Annual,38.00,2024-10-24,,Active
FH10576,Bea Nowak,bea.nowak44@mail.example,Riverside,Monthly,52.00,2024-10-19,,Active
FH10577,Theo Quinn,theo.quinn85@mail.example,Riverside,Monthly,52.00,06/10/2024,2026-06-23,Cancelled
FH10578,Yusuf Park,yusuf.park35@mail.example,Riverside,Student,29.00,2024-10-16,,Active
FH10579,Maya Ekwueme,maya.ekwueme72@mail.example,Riverside,Annual,38.00,2024-10-26,,Active
FH10580,Sana Zhou,sana.zhou54@mail.example,Riverside,Monthly,52.00,2024-10-21,,Active
FH10581,Cara Park,cara.park84@mail.example,Riverside,Monthly,52.00,2024-10-17,,Active
FH10582,Yusuf Adams,yusuf.adams7@mail.example,Riverside,Monthly,52.00,2024-10-19,,Active
FH10583,Dina Ito,dina.ito76@mail.example,Riverside,Monthly,52.00,2024-10-16,2026-05-29,Cancelled
FH10584,Iris Zhou,iris.zhou90@mail.example,Riverside,Student,29.00,2024-10-16,,Active
FH10585,Gia Mills,gia.mills57@mail.example,Old Town,Monthly,45.00,2024-10-22,2025-02-25,Cancelled
FH10586,Dina Adams,dina.adams94@mail.example,Old Town,Monthly,45.00,2024-10-16,2025-07-19,Cancelled
FH10587,Iris Zhou,iris.zhou43@mail.example,Old Town,Monthly,45.00,2024-10-22,,Active
FH10588,Bea Bello,bea.bello19@mail.example,Old Town,Monthly,45.00,2024-10-19,,Active
FH10589,Dan Park,dan.park42@mail.example,Old Town,Corporate,35.00,2024-10-01,2025-12-15,Cancelled
FH10590,Maya Dunn,maya.dunn12@mail.example,Old Town,Monthly,45.00,2024-10-29,,Active
FH10591,Vik Nowak,vik.nowak29@mail.example,Old Town,Monthly,45.00,2024-10-27,,Active
FH10592,Yusuf Ito,yusuf.ito59@mail.example,Old Town,Monthly,45.00,2024-10-15,2025-08-22,Cancelled
FH10593,Theo Costa,theo.costa70@mail.example,Old Town,Annual,38.00,2024-10-25,,Active
FH10594,Raj Nowak,raj.nowak34@mail.example,Old Town,Annual,38.00,2024-10-19,,Active
FH10595,Dina Ito,dina.ito52@mail.example,Old Town,Student,29.00,2024-10-27,,Active
FH10596,Iris Lowe,iris.lowe48@mail.example,Old Town,Monthly,45.00,2024-10-27,2026-02-12,Cancelled
FH10597,Caleb Wood,caleb.wood32@mail.example,Old Town,Annual,38.00,2024-10-23,,Active
FH10598,Raj Kaur,raj.kaur94@mail.example,Old Town,Annual,38.00,2024-10-06,2025-12-17,Cancelled
FH10599,Leo Nowak,leo.nowak14@mail.example,Old Town,Student,29.00,2024-10-22,,Active
FH10600,Dan Bello,dan.bello87@mail.example,Old Town,Annual,38.00,2024-10-29,2026-07-30,Cancelled
FH10601,Theo Bello,theo.bello46@mail.example,Old Town,Monthly,45.00,2024-10-21,,Active
FH10602,Gia Mills,gia.mills55@mail.example,Northgate,Student,29.00,19/11/2024,,Active
FH10603,Raj Adams,raj.adams19@mail.example,Northgate,Monthly,45.00,2024-11-16,2025-11-20,Cancelled
FH10604,Hugo Ortiz,hugo.ortiz19@mail.example,Northgate,Student,29.00,2024-11-17,2025-06-09,Cancelled
FH10605,Dan Jensen,dan.jensen21@mail.example,Northgate,Monthly,45.00,2024-11-04,,Active
FH10606,Cara Ito,cara.ito85@mail.example,Northgate,Monthly,45.00,06/11/2024,,Active
FH10607,Uma Quinn,uma.quinn64@mail.example,Northgate,Student,29.00,2024-11-11,,Active
FH10608,Ava Park,ava.park67@mail.example,Northgate,Monthly,45.00,2024-11-23,2025-04-22,Cancelled
FH10609,Ola Kaur,ola.kaur50@mail.example,Northgate,Monthly,45.00,2024-11-17,,Active
FH10610,Hugo Varga,hugo.varga18@mail.example,Northgate,Monthly,$45.00,2024-11-26,,Active
FH10611,Leo Adams,leo.adams48@mail.example,Northgate,Student,29.00,2024-11-06,,Active
FH10612,Gia Hale,gia.hale63@mail.example,Northgate,Monthly,45.00,2024-11-12,2026-04-03,Cancelled
FH10613,Hugo Hale,hugo.hale10@mail.example,Northgate,Monthly,45.00,2024-11-07,2025-05-17,Cancelled
FH10614,Gia Varga,gia.varga51@mail.example,Northgate,Annual,38.00,2024-11-25,,Active
FH10615,Theo Nowak,theo.nowak97@mail.example,Northgate,Corporate,35.00,2024-11-06,,Active
FH10616,Pia Dunn,pia.dunn2@mail.example,Northgate,Monthly,45.00,2024-11-26,,Active
FH10617,Nils Fox,nils.fox95@mail.example,Northgate,Annual,38.00,2024-11-28,,Active
FH10618,Jon Lowe,jon.lowe22@mail.example,Northgate,Monthly,45.00,2024-11-02,,Active
FH10619,Uma Varga,uma.varga9@mail.example,Northgate,Student,29.00,2024-11-09,n/a,Active
FH10620,Zara Bello,zara.bello17@mail.example,Northgate,Annual,38.00,2024-11-09,,Active
FH10621,Raj Adams,raj.adams46@mail.example,Northgate,Annual,38.00,2024-11-29,2024-12-13,Cancelled
FH10622,Gia Shah,gia.shah50@mail.example,Northgate,Corporate,35.00,2024-11-06,2025-09-08,Cancelled
FH10623,Dan Jensen,dan.jensen21@mail.example,Northgate,Student,29.00,2024-11-23,,Active
FH10624,Cara Reid,cara.reid81@mail.example,Northgate,Corporate,35.00,2024-11-06,,Active
FH10625,Yusuf Tan,yusuf.tan71@mail.example,Riverside,Annual,38.00,2024-11-04,,Active
FH10626,Farid Tan,farid.tan73@mail.example,Riverside,Corporate,35.00,2024-11-26,2026-08-22,Cancelled
FH10627,Jon Costa,jon.costa32@mail.example,Riverside,Monthly,52.00,2024-11-05,2026-06-16,Cancelled
FH10628,Sana Shah,sana.shah6@mail.example,Riverside,Annual,38.00,2024-11-05,,Active
FH10629,Pia Quinn,pia.quinn94@mail.example,Riverside,Annual,38.00,2024-11-07,,Active
FH10630,Ola Dunn,ola.dunn4@mail.example,Riverside,Monthly,52.00,2024-11-02,2026-06-07,Cancelled
FH10631,Vik Wood,vik.wood4@mail.example,Riverside,Monthly,52.00,2024-11-09,,Active
FH10632,Caleb Tan,caleb.tan63@mail.example,Riverside,Monthly,52.00,2024-11-03,n/a,Active
FH10633,Bea Hale,bea.hale98@mail.example,Riverside,Monthly,45.00,2024-11-09,2025-09-19,Cancelled
FH10634,Kemi Dunn,kemi.dunn90@mail.example,Riverside,Annual,38.00,2024-11-19,,Active
FH10635,Nils Hale,nils.hale98@mail.example,Riverside,Corporate,35.00,2024-11-11,2025-03-18,Cancelled
FH10636,Eve Zhou,eve.zhou47@mail.example,Riverside,Monthly,52.00,2024-11-25,2026-06-06,Cancelled
FH10637,Hugo Tan,hugo.tan45@mail.example,Riverside,Student,29.00,2024-11-04,2026-04-26,Cancelled
FH10638,Jon Ortiz,jon.ortiz69@mail.example,Riverside,Monthly,45.00,2024-11-17,2025-11-01,Cancelled
FH10639,Cara Nowak,cara.nowak52@mail.example,Riverside,Monthly,52.00,2024-11-29,,Active
FH10640,Hugo Quinn,hugo.quinn66@mail.example,Riverside ,Student,29.00,2024-11-05,,Active
FH10641,Yusuf Varga,yusuf.varga21@mail.example,Riverside,Monthly,52.00,2024-11-12,,Active
FH10642,Uma Costa,uma.costa24@mail.example,Riverside,Student,29.00,2024-11-07,2025-05-18,Cancelled
FH10643,Yusuf Costa,yusuf.costa38@mail.example,Riverside,Corporate,35.00,2024-11-11,2024-12-13,Cancelled
FH10644,Nils Adams,nils.adams93@mail.example,Old Town,Annual,38.00,2024-11-01,,Active
FH10645,Farid Costa,farid.costa54@mail.example,Old Town,Student,29.00,2024-11-05,,Active
FH10646,Raj Costa,raj.costa38@mail.example,Old Town,Annual,38.00,2024-11-04,,Active
FH10647,Cara Costa,cara.costa20@mail.example,Old Town,Monthly,$45.00,2024-11-28,,Active
FH10648,Eve Tan,eve.tan37@mail.example,Old Town,Monthly,45.00,2024-11-06,,Active
FH10649,Cara Quinn,cara.quinn41@mail.example,Old Town ,Student,29.00,2024-11-16,,Active
FH10650,Dan Jensen,dan.jensen65@mail.example,Old Town,Annual,38.00,2024-11-12,,Active
FH10651,Maya Kaur,maya.kaur7@mail.example,Old Town,Corporate,35.00,2024-11-26,,Active
FH10652,Jon Park,jon.park14@mail.example,Old Town,Monthly,45.00,2024-11-19,,Active
FH10653,Hugo Wood,hugo.wood50@mail.example,Old Town,Corporate,35.00,2024-11-30,,Active
FH10654,Ben Reid,ben.reid91@mail.example,Old Town,Annual,38.00,2024-11-06,,Active
FH10655,Kemi Nowak,kemi.nowak43@mail.example,Old Town,Student,29.00,2024-11-06,2025-03-12,Cancelled
FH10656,Pia Jensen,pia.jensen52@mail.example,Old Town,Student,29.00,2024-11-01,,Active
FH10657,Yusuf Varga,yusuf.varga12@mail.example,Northgate,Corporate,35.00,29/12/2024,,Active
FH10658,Kemi Kaur,kemi.kaur58@mail.example,Northgate,Monthly,45.00,10/12/2024,,Active
FH10659,Leo Quinn,leo.quinn50@mail.example,Northgate,Annual,38.00,2024-12-29,,Active
FH10660,Vik Reid,vik.reid35@mail.example,Northgate,Monthly,45.00,2024-12-15,2026-04-05,Cancelled
FH10661,Wren Wood,wren.wood2@mail.example,Northgate,Monthly,45.00,2024-12-20,2026-01-28,Cancelled
FH10662,Raj Reid,raj.reid79@mail.example,Northgate,Annual,38.00,2024-12-11,,Active
FH10663,Theo Young,theo.young36@mail.example,Northgate,Annual,38.00,2024-12-02,,Active
FH10664,Vik Jensen,vik.jensen84@mail.example,Northgate,Student,29.00,2024-12-04,,Active
FH10665,Ben Ito,ben.ito99@mail.example,Northgate,Monthly,45.00,2024-12-12,2026-02-11,Cancelled
FH10666,Kemi Varga,kemi.varga74@mail.example,Northgate,Annual,38.00,2024-12-01,2025-06-02,Cancelled
FH10667,Dan Ito,dan.ito21@mail.example,Northgate,Monthly,45.00,2024-12-18,2025-11-14,Cancelled
FH10668,Vik Zhou,vik.zhou95@mail.example,Northgate,Monthly,45.00,06/12/2024,,Active
FH10669,Raj Park,raj.park20@mail.example,Northgate,Corporate,35.00,2024-12-30,2026-06-29,Cancelled
FH10670,Dan Mills,dan.mills23@mail.example,Northgate,Corporate,35.00,2024-12-31,,Active
FH10671,Kemi Reid,kemi.reid87@mail.example,Northgate,Corporate,35.00,2024-12-17,,Active
FH10672,Ben Grant,ben.grant52@mail.example,Riverside,Monthly,52.00,2024-12-16,,Active
FH10673,Dina Mills,dina.mills40@mail.example,Riverside,Annual,38.00,2024-12-26,,Active
FH10674,Vik Quinn,vik.quinn61@mail.example,Riverside,Annual,38.00,2024-12-26,,Active
FH10675,Ava Reid,ava.reid78@mail.example,Riverside,Monthly,45.00,2024-12-19,2025-06-03,Cancelled
FH10676,Hugo Zhou,hugo.zhou41@mail.example,Riverside,Annual,38.00,2024-12-24,2026-03-29,Cancelled
FH10677,Pia Mills,pia.mills55@mail.example,Riverside,Student,29.00,2024-12-02,,Active
FH10678,Cara Ekwueme,cara.ekwueme59@mail.example,Riverside,Corporate,35.00,2024-12-31,,Active
FH10679,Uma Bello,uma.bello31@mail.example,Riverside,Monthly,45.00,2024-12-12,2025-12-27,Cancelled
FH10680,Yusuf Hale,yusuf.hale66@mail.example,Riverside,Monthly,45.00,2024-12-16,2025-12-20,Cancelled
FH10681,Nils Fox,nils.fox38@mail.example,Riverside,Monthly,52.00,2024-12-12,,Active
FH10682,Uma Park,uma.park40@mail.example,Riverside,Student,29.00,2024-12-16,,Active
FH10683,Yusuf Jensen,yusuf.jensen20@mail.example,Riverside,Monthly,52.00,2024-12-31,,Active
FH10684,Dina Ito,dina.ito35@mail.example,Riverside,Student,29.00,2024-12-28,,Active
FH10685,Jon Hale,jon.hale46@mail.example,Old Town,Student,29.00,2024-12-26,,Active
FH10686,Dina Costa,dina.costa21@mail.example,Old Town,Monthly,45.00,2024-12-25,,Active
FH10687,Pia Wood,pia.wood25@mail.example,Old Town,Corporate,35.00,2024-12-21,,Active
FH10688,Maya Zhou,maya.zhou83@mail.example,Old Town,Annual,38.00,2024-12-26,2025-05-19,Cancelled
FH10689,Maya Mills,maya.mills90@mail.example,Old Town,Student,29.00,2024-12-23,,Active
FH10690,Pia Ito,pia.ito82@mail.example,Old Town,Monthly,45.00,2024-12-22,2025-02-14,Cancelled
FH10691,Hugo Jensen,hugo.jensen90@mail.example,Old Town,Student,29.00,2024-12-11,,Active
FH10692,Kemi Kaur,kemi.kaur37@mail.example,Old Town,Annual,38.00,2024-12-10,,Active
FH10693,Theo Adams,theo.adams64@mail.example,Old Town,Monthly,45.00,2024-12-21,,Active
FH10694,Raj Grant,raj.grant60@mail.example,Old Town,Monthly,45.00,2024-12-31,,Active
FH10695,Caleb Ito,caleb.ito17@mail.example,Northgate,Monthly,45.00,2025-01-04,07/12/2025,Cancelled
FH10696,Kemi Lowe,kemi.lowe43@mail.example,Northgate,Student,29.00,2025-01-27,,Active
FH10697,Cara Mills,cara.mills16@mail.example,Northgate,Monthly,45.00,2025-01-14,,Active
FH10698,Raj Lowe,raj.lowe91@mail.example,Northgate,Corporate,35.00,2025-01-08,29/04/2026,Cancelled
FH10699,Zara Reid,zara.reid76@mail.example,Northgate,Annual,38.00,2025-01-13,,Active
FH10700,Kemi Grant,kemi.grant53@mail.example,Northgate,Annual,38.00,2025-01-11,,Active
FH10701,Farid Grant,farid.grant76@mail.example,Northgate,Corporate,35.00,2025-01-30,2025-05-31,Cancelled
FH10702,Uma Reid,uma.reid44@mail.example,Northgate,Student,29.00,2025-01-29,2025-06-14,Cancelled
FH10703,Theo Tan,theo.tan3@mail.example,Northgate,Monthly,45.00,2025-01-07,,Active
FH10704,Uma Nowak,uma.nowak44@mail.example,Northgate,Monthly,45.00,2025-01-06,,Active
FH10705,Theo Park,theo.park11@mail.example,Northgate,Corporate,35.00,2025-01-06,2026-03-08,Cancelled
FH10706,Zara Ekwueme,zara.ekwueme98@mail.example,Northgate,Student,29.00,2025-01-01,,Active
FH10707,Gia Fox,gia.fox16@mail.example,Northgate,Corporate,35.00,2025-01-10,2025-08-28,Cancelled
FH10708,Cara Fox,cara.fox44@mail.example,Northgate,Monthly,45.00,2025-01-12,,Active
FH10706,Zara Ekwueme,zara.ekwueme98@mail.example,Northgate,Student,29.00,2025-01-01,,Active
FH10709,Eve Ekwueme,eve.ekwueme85@mail.example,Northgate,Monthly,45.00,2025-01-15,,Active
FH10710,Sana Varga,sana.varga26@mail.example,Northgate,Student,29.00,2025-01-22,2025-06-30,Cancelled
FH10711,Cara Quinn,cara.quinn67@mail.example,Northgate,Corporate,35.00,2025-01-23,,Active
FH10712,Uma Jensen,uma.jensen32@mail.example,Northgate,Annual,38.00,2025-01-21,,Active
FH10713,Bea Quinn,bea.quinn65@mail.example,Northgate,Monthly,45.00,2025-01-16,,Active
TEST2,zz test member,frontdesk2@fieldhouse.test,Old Town,Monthly,0.00,2026-03-07,,Active
FH10714,Gia Tan,gia.tan34@mail.example,Northgate,Monthly,45.00,2025-01-10,14/10/2025,Cancelled
FH10715,Theo Zhou,theo.zhou10@mail.example,Northgate,Monthly,45.00,2025-01-16,2025-02-14,Cancelled
FH10716,Yusuf Costa,yusuf.costa68@mail.example,Northgate,Monthly,45.00,2025-01-28,,Active
FH10717,Amir Lowe,amir.lowe44@mail.example,Northgate,Corporate,35.00,2025-01-14,2026-05-08,Cancelled
FH10718,Pia Kaur,pia.kaur50@mail.example,Northgate,Monthly,45.00,2025-01-02,2026-06-12,Cancelled
FH10719,Vik Wood,vik.wood73@mail.example,Northgate,Monthly,45.00,2025-01-21,,Active
FH10720,Ola Lowe,ola.lowe65@mail.example,Northgate,Monthly,45.00,2025-01-02,,Active
FH10721,Amir Shah,amir.shah29@mail.example,Northgate,Monthly,45.00,2025-01-11,,Active
FH10722,Ben Reid,ben.reid18@mail.example,Northgate,Monthly,45.00,2025-01-18,2025-05-01,Cancelled
FH10723,Iris Zhou,iris.zhou43@mail.example,Northgate,Monthly,45.00,2025-01-20,,Active
FH10724,Caleb Ekwueme,caleb.ekwueme24@mail.example,Northgate,Monthly,45.00,2025-01-28,,Active
FH10725,Kemi Dunn,kemi.dunn32@mail.example,Northgate,Annual,38.00,2025-01-07,2026-04-14,Cancelled
FH10726,Jon Park,jon.park65@mail.example,Northgate,Annual,38.00,2025-01-05,2026-03-10,Cancelled
FH10727,Raj Quinn,raj.quinn10@mail.example,Riverside,Student,29.00,2025-01-03,n/a,Active
FH10728,Bea Mills,bea.mills99@mail.example,Riverside,Student,29.00,2025-01-13,,Active
FH10729,Cara Ekwueme,cara.ekwueme42@mail.example,Riverside,Monthly,52.00,2025-01-30,,Active
FH10730,Farid Bello,farid.bello10@mail.example,Riverside,Annual,38.00,2025-01-28,,Active
FH10731,Yusuf Ekwueme,yusuf.ekwueme68@mail.example,Riverside,Monthly,45.00,2025-01-02,2025-09-13,Cancelled
FH10732,Maya Zhou,maya.zhou11@mail.example,Riverside,Monthly,52.00,2025-01-13,,Active
FH10733,Ava Jensen,ava.jensen55@mail.example,Riverside,Monthly,45.00,2025-01-16,2025-04-09,Cancelled
FH10734,Caleb Nowak,caleb.nowak68@mail.example,Riverside,Monthly,52.00,2025-01-30,,Active
FH10735,Amir Grant,amir.grant30@mail.example,Riverside,Monthly,52.00,2025-01-18,,Active
FH10736,Bea Bello,bea.bello83@mail.example,Riverside,Monthly,52.00,2025-01-06,,Active
FH10737,Gia Mills,gia.mills24@mail.example,Riverside,Monthly,52.00,05/01/2025,2026-06-18,Cancelled
FH10738,Yusuf Park,yusuf.park10@mail.example,Riverside,Monthly,52.00,2025-01-24,,Active
FH10739,Leo Reid,leo.reid83@mail.example,Riverside,Monthly,52.00,2025-01-03,,Active
FH10740,Sana Varga,sana.varga22@mail.example,Riverside ,Monthly,52.00,2025-01-07,,Active
FH10741,Zara Ito,zara.ito22@mail.example,Riverside,Student,29.00,2025-01-18,,Active
FH10742,Hugo Ekwueme,hugo.ekwueme80@mail.example,Riverside,Monthly,45.00,2025-01-10,2025-05-23,Cancelled
FH10743,Uma Grant,uma.grant19@mail.example,Riverside,Monthly,45.00,2025-01-20,2025-04-05,Cancelled
FH10744,Amir Fox,amir.fox84@mail.example,Riverside,Monthly,52.00,2025-01-30,,Active
FH10745,Pia Ekwueme,pia.ekwueme60@mail.example,Riverside,Student,29.00,2025-01-19,2025-07-11,Cancelled
FH10746,Maya Wood,maya.wood54@mail.example,Riverside,Corporate,35.00,2025-01-18,2025-11-16,Cancelled
TEST1,TEST ACCOUNT,frontdesk1@fieldhouse.test,Riverside,Monthly,0.00,2026-02-18,,Active
FH10747,Uma Varga,uma.varga57@mail.example,Riverside,Monthly,45.00,2025-01-22,2026-02-12,Cancelled
FH10748,Gia Grant,gia.grant87@mail.example,Riverside ,Corporate,35.00,2025-01-11,,Active
FH10749,Kemi Costa,kemi.costa64@mail.example,Riverside,Monthly,52.00,2025-01-21,,Active
FH10750,Wren Nowak,wren.nowak51@mail.example,Riverside,Monthly,$45.00,2025-01-19,2025-03-02,Cancelled
FH10751,Vik Bello,vik.bello75@mail.example,Riverside,Monthly,52.00,2025-01-30,2026-07-03,Cancelled
FH10749,Kemi Costa,kemi.costa64@mail.example,Riverside,Monthly,52.00,2025-01-21,,Active
FH10752,Gia Fox,gia.fox97@mail.example,Riverside,Corporate,35.00,2025-01-11,2025-04-10,Cancelled
FH10753,Vik Varga,vik.varga28@mail.example,Riverside,Monthly,52.00,2025-01-19,2026-04-01,Cancelled
FH10754,Wren Jensen,wren.jensen64@mail.example,OLD TOWN,Monthly,45.00,2025-01-01,,Active
FH10755,Eve Zhou,eve.zhou55@mail.example,Old Town,Monthly,45.00,2025-01-13,,Active
FH10756,Theo Lowe,theo.lowe52@mail.example,Old Town,Annual,38.00,2025-01-14,2025-06-12,Cancelled
FH10757,Jon Costa,jon.costa33@mail.example,Old Town,Student,29.00,2025-01-05,,Active
FH10758,Dina Zhou,dina.zhou51@mail.example,Old Town,Monthly,45.00,2025-01-29,,Active
FH10759,Cara Park,cara.park3@mail.example,Old Town,Annual,$38.00,2025-01-15,,Active
FH10760,Farid Quinn,farid.quinn32@mail.example,Old Town,Monthly,45.00,2025-01-30,,Active
FH10761,Ben Reid,ben.reid6@mail.example,Old Town,Monthly,45.00,2025-01-29,2026-06-21,Cancelled
FH10762,Yusuf Dunn,yusuf.dunn64@mail.example,Old Town,Monthly,45.00,2025-01-24,,Active
FH10763,Ben Mills,ben.mills3@mail.example,OLD TOWN,Monthly,45.00,2025-01-07,,Active
FH10764,Hugo Jensen,hugo.jensen71@mail.example,Old Town,Corporate,35.00,2025-01-24,,Active
FH10765,Iris Ortiz,iris.ortiz40@mail.example,Old Town,Monthly,45.00,2025-01-08,,Active
FH10766,Eve Zhou,eve.zhou5@mail.example,Old Town,Monthly,45.00,2025-01-24,2025-07-30,Cancelled
FH10767,Jon Wood,jon.wood53@mail.example,Old Town,Student,29.00,2025-01-26,,Active
FH10768,Eve Lowe,eve.lowe17@mail.example,Old Town,Annual,38.00,2025-01-30,,Active
FH10769,Maya Kaur,maya.kaur1@mail.example,Old Town,Monthly,45.00,2025-01-16,2025-04-25,Cancelled
FH10770,Jon Adams,jon.adams43@mail.example,Old Town,Monthly,45.00,2025-01-05,,Active
FH10771,Zara Shah,zara.shah17@mail.example,Old Town,Monthly,45.00,2025-01-05,2026-05-20,Cancelled
FH10772,Jon Costa,jon.costa64@mail.example,Old Town,Student,29.00,2025-01-14,2026-06-05,Cancelled
FH10773,Yusuf Quinn,yusuf.quinn8@mail.example,Old Town,Annual,38.00,2025-01-06,,Active
FH10774,Yusuf Shah,yusuf.shah96@mail.example,Old Town,Monthly,45.00,2025-01-19,,Active
FH10775,Bea Shah,bea.shah34@mail.example,Northgate,Annual,38.00,2025-02-03,,Active
FH10776,Gia Young,gia.young54@mail.example,Northgate,Student,29.00,2025-02-15,,Active
FH10777,Amir Hale,amir.hale74@mail.example,Northgate,Monthly,45.00,2025-02-11,,Active
FH10778,Cara Bello,cara.bello20@mail.example,Northgate,Student,29.00,2025-02-25,,Active
FH10779,Sana Fox,sana.fox90@mail.example,Northgate,Corporate,35.00,2025-02-15,,Active
FH10780,Uma Ekwueme,uma.ekwueme22@mail.example,Northgate,Corporate,35.00,2025-02-14,,Active
FH10781,Jon Mills,jon.mills30@mail.example,Northgate,Monthly,45.00,2025-02-18,2025-04-29,Cancelled
FH10782,Caleb Jensen,caleb.jensen61@mail.example,Northgate,Monthly,45.00,2025-02-05,,Active
FH10783,Caleb Bello,caleb.bello11@mail.example,Northgate,Monthly,45.00,2025-02-28,,Active
FH10784,Sana Quinn,sana.quinn98@mail.example,Northgate,Corporate,35.00,2025-02-01,,Active
FH10785,Hugo Ekwueme,hugo.ekwueme15@mail.example,Northgate,Monthly,45.00,2025-02-13,2025-10-17,Cancelled
FH10786,Bea Ekwueme,bea.ekwueme40@mail.example,Northgate,Student,29.00,2025-02-21,,Active
FH10787,Leo Mills,leo.mills64@mail.example,Northgate,Annual,38.00,2025-02-28,,Active
FH10788,Vik Kaur,vik.kaur22@mail.example,Northgate,Monthly,45.00,2025-02-28,,Active
FH10789,Dina Reid,dina.reid47@mail.example,Northgate,Monthly,45.00,2025-02-16,,Active
FH10790,Theo Wood,theo.wood98@mail.example,Northgate,Monthly,45.00,2025-02-14,,Active
FH10791,Dan Ito,dan.ito76@mail.example,Northgate,Monthly,45.00,2025-02-11,,Active
FH10792,Cara Jensen,cara.jensen62@mail.example,Northgate,Monthly,45.00,2025-02-19,2025-04-05,Cancelled
FH10793,Nils Reid,nils.reid26@mail.example,Northgate,Annual,38.00,2025-02-11,,Active
FH10794,Cara Jensen,cara.jensen61@mail.example,Northgate,Corporate,35.00,2025-02-18,,Active
FH10795,Theo Jensen,theo.jensen97@mail.example,Northgate,Student,29.00,2025-02-01,2025-08-01,Cancelled
FH10796,Farid Young,farid.young23@mail.example,Riverside,Annual,38.00,2025-02-25,,Active
FH10797,Kemi Kaur,kemi.kaur78@mail.example,Riverside,Monthly,45.00,04/02/2025,2026-03-12,Cancelled
FH10798,Dina Tan,dina.tan44@mail.example,Riverside,Monthly,52.00,2025-02-15,2026-07-01,Cancelled
FH10799,Eve Hale,eve.hale8@mail.example,Riverside,Corporate,35.00,2025-02-01,,Active
FH10800,Theo Ito,theo.ito24@mail.example,Riverside,Corporate,35.00,2025-02-03,,Active
FH10801,Dina Park,dina.park44@mail.example,Riverside,Monthly,45.00,2025-02-01,2025-09-03,Cancelled
FH10802,Dina Quinn,dina.quinn25@mail.example,Riverside,Annual,38.00,2025-02-04,,Active
FH10803,Maya Dunn,maya.dunn34@mail.example,Riverside,Corporate,35.00,2025-02-27,2025-11-16,Cancelled
FH10804,Maya Jensen,maya.jensen53@mail.example,Riverside,Monthly,52.00,2025-02-01,2026-04-29,Cancelled
FH10805,Ben Mills,ben.mills54@mail.example,Riverside,Monthly,52.00,2025-02-10,,Active
FH10806,Yusuf Bello,yusuf.bello53@mail.example,Riverside,Corporate,35.00,2025-02-13,2025-07-16,Cancelled
FH10807,Farid Reid,farid.reid40@mail.example,Riverside,Monthly,52.00,2025-02-15,,Active
FH10808,Pia Fox,pia.fox7@mail.example,Riverside,Monthly,52.00,2025-02-11,,Active
FH10809,Theo Ortiz,theo.ortiz96@mail.example,Riverside,Monthly,45.00,2025-02-26,2025-10-10,Cancelled
FH10810,Dan Jensen,dan.jensen21@mail.example,Riverside,Student,$29.00,2025-02-07,2025-03-01,Cancelled
FH10811,Ola Fox,ola.fox35@mail.example,Riverside,Corporate,35.00,2025-02-10,,Active
FH10812,Iris Tan,iris.tan79@mail.example,Riverside,Monthly,45.00,2025-02-16,2025-05-22,Cancelled
FH10813,Sana Park,sana.park34@mail.example,Riverside,Monthly,45.00,2025-02-26,2025-09-22,Cancelled
FH10814,Cara Ortiz,cara.ortiz38@mail.example,Old Town,Annual,38.00,2025-02-27,,Active
FH10815,Iris Dunn,iris.dunn1@mail.example,Old Town,Monthly,45.00,2025-02-16,,Active
FH10816,Nils Shah,nils.shah17@mail.example,Old Town,Monthly,45.00,2025-02-17,2025-12-10,Cancelled
FH10817,Wren Kaur,wren.kaur47@mail.example,Old Town,Monthly,45.00,2025-02-24,,Active
FH10818,Caleb Quinn,caleb.quinn9@mail.example,Old Town,Monthly,45.00,2025-02-17,,Active
FH10819,Eve Jensen,eve.jensen31@mail.example,Old Town,Annual,38.00,2025-02-03,,Active
FH10820,Kemi Ekwueme,kemi.ekwueme48@mail.example,Old Town,Monthly,45.00,2025-02-11,2025-05-16,Cancelled
FH10821,Zara Ito,zara.ito92@mail.example,Old Town,Monthly,45.00,2025-02-14,,Active
FH10822,Ava Zhou,ava.zhou62@mail.example,Old Town,Monthly,45.00,2025-02-03,,Active
FH10823,Nils Reid,nils.reid35@mail.example,Old Town,Student,29.00,2025-02-19,,Active
FH10824,Caleb Ekwueme,caleb.ekwueme79@mail.example,Old Town,Corporate,35.00,2025-02-28,2025-11-02,Cancelled
FH10825,Ava Shah,ava.shah52@mail.example,Old Town,Annual,38.00,2025-02-23,,Active
FH10826,Vik Quinn,vik.quinn47@mail.example,Northgate,Annual,38.00,2025-03-06,,Active
FH10827,Raj Quinn,raj.quinn26@mail.example,Northgate,Corporate,35.00,2025-03-29,2026-01-12,Cancelled
FH10828,Cara Young,cara.young5@mail.example,Northgate,Monthly,45.00,2025-03-12,,Active
FH10829,Wren Hale,wren.hale32@mail.example,Northgate,Monthly,45.00,2025-03-03,,Active
FH10830,Dina Kaur,dina.kaur74@mail.example,Northgate,Corporate,35.00,2025-03-23,2025-07-09,Cancelled
FH10831,Farid Mills,farid.mills11@mail.example,Northgate,Corporate,35.00,2025-03-06,2026-01-11,Cancelled
FH10832,Pia Adams,pia.adams96@mail.example,Northgate,Monthly,45.00,2025-03-11,2026-02-03,Cancelled
FH10833,Eve Mills,eve.mills1@mail.example,Northgate,Monthly,45.00,2025-03-21,n/a,Active
FH10834,Vik Tan,vik.tan9@mail.example,Northgate,Monthly,45.00,2025-03-01,,Active
FH10835,Nils Mills,nils.mills16@mail.example,Northgate,Annual,38.00,2025-03-18,,Active
FH10836,Eve Fox,eve.fox92@mail.example,Northgate,Annual,38.00,2025-03-13,,Active
FH10837,Sana Varga,sana.varga47@mail.example,Northgate,Annual,38.00,2025-03-16,,Active
FH10838,Eve Jensen,eve.jensen66@mail.example,Northgate,Corporate,35.00,2025-03-02,,Active
FH10839,Ben Kaur,ben.kaur18@mail.example,Northgate,Monthly,$45.00,2025-03-20,,Active
FH10840,Jon Ortiz,jon.ortiz12@mail.example,Northgate,Monthly,45.00,2025-03-28,2025-11-20,Cancelled
FH10840,Jon Ortiz,jon.ortiz12@mail.example,Northgate,Monthly,45.00,2025-03-28,2025-11-20,Cancelled
FH10841,Eve Bello,eve.bello30@mail.example,Northgate,Monthly,45.00,2025-03-29,,Active
FH10842,Eve Dunn,eve.dunn94@mail.example,Northgate,Monthly,45.00,2025-03-24,,Active
FH10843,Iris Fox,iris.fox79@mail.example,Northgate,Monthly,45.00,2025-03-27,,Active
FH10844,Amir Nowak,amir.nowak93@mail.example,Northgate,Student,29.00,2025-03-24,,Active
FH10845,Dina Quinn,dina.quinn35@mail.example,Riverside,Student,29.00,2025-03-03,2025-05-20,Cancelled
FH10846,Raj Hale,raj.hale80@mail.example,Riverside,Student,29.00,2025-03-09,,Active
FH10847,Ben Kaur,ben.kaur45@mail.example,Riverside,Monthly,45.00,2025-03-09,2026-02-07,Cancelled
FH10848,Farid Young,farid.young17@mail.example,Riverside,Monthly,52.00,2025-03-22,,Active
FH10849,Wren Tan,wren.tan55@mail.example,Riverside,Corporate,35.00,2025-03-24,,Active
FH10850,Yusuf Hale,yusuf.hale20@mail.example,Riverside,Annual,38.00,2025-03-02,,Active
FH10851,Raj Quinn,raj.quinn46@mail.example,Riverside,Corporate,35.00,2025-03-28,2025-08-31,Cancelled
FH10852,Gia Jensen,gia.jensen2@mail.example,Riverside,Monthly,52.00,2025-03-29,2026-05-19,Cancelled
FH10853,Hugo Young,hugo.young53@mail.example,Riverside,Annual,38.00,2025-03-25,,Active
FH10854,Theo Bello,theo.bello57@mail.example,Riverside,Corporate,35.00,2025-03-05,2026-08-25,Cancelled
FH10855,Zara Park,zara.park76@mail.example,Riverside,Monthly,45.00,2025-03-09,2025-04-15,Cancelled
FH10856,Ola Ito,ola.ito69@mail.example,Riverside,Monthly,52.00,2025-03-25,2026-08-15,Cancelled
,,,,,,,,
FH10857,Gia Quinn,gia.quinn20@mail.example,Riverside,Student,29.00,2025-03-26,,Active
FH10858,Hugo Tan,hugo.tan93@mail.example,Riverside,Monthly,52.00,2025-03-26,,Active
FH10859,Ola Ortiz,ola.ortiz98@mail.example,Riverside,Student,29.00,2025-03-16,2026-03-31,Cancelled
FH10860,Caleb Reid,caleb.reid73@mail.example,Riverside,Annual,38.00,2025-03-12,,Active
FH10861,Uma Nowak,uma.nowak38@mail.example,Riverside,Monthly,52.00,2025-03-21,,Active
FH10862,Uma Adams,uma.adams1@mail.example,Riverside,Student,29.00,2025-03-04,,Active
FH10863,Ben Varga,ben.varga77@mail.example,Riverside,Student,29.00,2025-03-01,,Active
FH10864,Pia Quinn,pia.quinn17@mail.example,Old Town,Monthly,45.00,2025-03-26,,Active
FH10865,Wren Ito,wren.ito61@mail.example,Old Town,Monthly,45.00,2025-03-01,,Active
FH10866,Jon Ortiz,jon.ortiz64@mail.example,Old Town,Monthly,45.00,2025-03-07,,Active
FH10867,Raj Hale,raj.hale61@mail.example,Old Town,Monthly,45.00,30/03/2025,,Active
FH10868,Wren Ortiz,wren.ortiz55@mail.example,Old Town,Corporate,35.00,2025-03-07,,Active
FH10869,Kemi Young,kemi.young28@mail.example,Old Town,Corporate,35.00,2025-03-16,2025-07-08,Cancelled
FH10870,Hugo Wood,hugo.wood99@mail.example,Old Town,Monthly,45.00,2025-03-26,,Active
FH10871,Hugo Kaur,hugo.kaur77@mail.example,Old Town,Corporate,$35.00,2025-03-20,,Active
FH10872,Gia Quinn,gia.quinn35@mail.example,Old Town,Corporate,35.00,2025-03-24,2025-09-08,Cancelled
FH10873,Uma Tan,uma.tan37@mail.example,Old Town,Monthly,45.00,2025-03-29,,Active
FH10874,Kemi Quinn,kemi.quinn79@mail.example,Oldtown,Annual,38.00,2025-03-06,,Active
FH10875,Raj Shah,raj.shah14@mail.example,Old Town,Corporate,35.00,2025-03-05,2025-05-30,Cancelled
FH10876,Dan Young,dan.young5@mail.example,Oldtown,Monthly,45.00,2025-03-11,,Active
FH10877,Dan Lowe,dan.lowe38@mail.example,Old Town,Student,29.00,2025-03-14,2025-07-11,Cancelled
FH10878,Bea Park,bea.park21@mail.example,Old Town,Corporate,35.00,2025-03-03,2025-07-12,Cancelled
FH10879,Gia Zhou,gia.zhou95@mail.example,Old Town,Monthly,45.00,2025-03-31,2026-05-31,Cancelled
FH10880,Cara Young,cara.young19@mail.example,Northgate,Monthly,45.00,2025-04-19,,Active
FH10881,Hugo Reid,hugo.reid15@mail.example,Northgate,Annual,38.00,2025-04-29,2025-06-16,Cancelled
FH10882,Raj Costa,raj.costa31@mail.example,Northgate,Corporate,35.00,2025-04-05,2025-08-11,Cancelled
FH10883,Amir Nowak,amir.nowak53@mail.example,Northgate,Corporate,35.00,2025-04-08,,Active
FH10884,Cara Young,cara.young68@mail.example,Northgate,Monthly,45.00,2025-04-19,2026-06-28,Cancelled
FH10885,Gia Fox,gia.fox8@mail.example,Northgate,Annual,38.00,2025-04-14,,Active
FH10886,Farid Hale,farid.hale65@mail.example,Northgate,Monthly,45.00,2025-04-03,,Active
FH10887,Maya Costa,maya.costa77@mail.example,Northgate,Corporate,35.00,2025-04-09,,Active
FH10888,Dan Quinn,dan.quinn78@mail.example,Northgate,Corporate,35.00,2025-04-05,2025-06-05,Cancelled
FH10889,Kemi Zhou,kemi.zhou92@mail.example,Northgate,Monthly,45.00,2025-04-21,n/a,Active
FH10890,Maya Nowak,maya.nowak36@mail.example,Northgate,Annual,38.00,2025-04-13,2026-04-16,Cancelled
FH10891,Zara Mills,zara.mills71@mail.example,Northgate,Corporate,35.00,2025-04-07,2025-05-29,Cancelled
FH10892,Amir Wood,amir.wood30@mail.example,Northgate,Corporate,35.00,2025-04-29,,Active
FH10893,Wren Young,wren.young83@mail.example,Northgate,Corporate,35.00,2025-04-09,,Active
FH10894,Leo Park,leo.park64@mail.example,Northgate,Student,29.00,06/04/2025,2025-09-07,Cancelled
FH10895,Vik Nowak,vik.nowak70@mail.example,Northgate,Corporate,35.00,2025-04-25,2025-07-19,Cancelled
FH10896,Vik Lowe,vik.lowe35@mail.example,Northgate,Annual,38.00,2025-04-11,,Active
FH10897,Eve Tan,eve.tan64@mail.example,Northgate,Annual,38.00,2025-04-30,,Active
FH10898,Gia Park,gia.park2@mail.example,Northgate,Student,29.00,2025-04-26,2025-08-09,Cancelled
FH10899,Pia Tan,pia.tan25@mail.example,Northgate,Student,29.00,2025-04-23,,Active
FH10900,Iris Varga,iris.varga4@mail.example,Northgate,Corporate,35.00,2025-04-14,,Active
FH10901,Dina Tan,dina.tan91@mail.example,Riverside,Student,29.00,2025-04-13,,Active
FH10902,Cara Ekwueme,cara.ekwueme70@mail.example,Riverside,Annual,38.00,2025-04-01,2025-12-23,Cancelled
FH10903,Ava Mills,ava.mills63@mail.example,Riverside,Monthly,52.00,2025-04-15,2026-06-30,Cancelled
FH10904,Eve Quinn,eve.quinn15@mail.example,Riverside,Annual,$38.00,2025-04-26,,Active
FH10905,Vik Bello,vik.bello80@mail.example,Riverside,Student,29.00,2025-04-17,2025-09-16,Cancelled
FH10906,Caleb Kaur,caleb.kaur95@mail.example,Riverside,Corporate,35.00,2025-04-06,,Active
FH10907,Farid Ortiz,farid.ortiz52@mail.example,Riverside,Student,29.00,2025-04-02,2026-04-01,Cancelled
FH10908,Gia Reid,gia.reid73@mail.example,Riverside,Monthly,52.00,04/04/2025,2026-04-10,Cancelled
FH10909,Caleb Dunn,caleb.dunn80@mail.example,Riverside,Monthly,52.00,2025-04-10,2026-05-19,Cancelled
FH10910,Eve Park,eve.park4@mail.example,Riverside,Corporate,35.00,2025-04-25,2025-08-19,Cancelled
FH10911,Hugo Ekwueme,hugo.ekwueme33@mail.example,Riverside,Annual,38.00,2025-04-02,,Active
FH10912,Yusuf Reid,yusuf.reid38@mail.example,Riverside,Monthly,52.00,2025-04-30,2026-05-18,Cancelled
FH10913,Maya Tan,maya.tan45@mail.example,Riverside,Monthly,52.00,2025-04-14,24/04/2026,Cancelled
FH10914,Dan Nowak,dan.nowak33@mail.example,Riverside,Student,29.00,2025-04-04,,Active
FH10915,Amir Ito,amir.ito17@mail.example,Riverside,Corporate,35.00,2025-04-09,,Active
FH10916,Dan Ito,dan.ito86@mail.example,Riverside,Monthly,52.00,2025-04-11,2026-06-21,Cancelled
FH10917,Caleb Jensen,caleb.jensen56@mail.example,Riverside,Monthly,52.00,2025-04-22,29/07/2026,Cancelled
FH10918,Vik Lowe,vik.lowe47@mail.example,Riverside,Annual,38.00,2025-04-30,2025-11-16,Cancelled
FH10919,Zara Mills,zara.mills59@mail.example,Old Town,Monthly,45.00,2025-04-07,,Active
FH10919,Zara Mills,zara.mills59@mail.example,Old Town,Monthly,45.00,2025-04-07,,Active
FH10920,Theo Fox,theo.fox71@mail.example,Old Town,Monthly,45.00,2025-04-06,,Active
FH10921,Pia Varga,pia.varga70@mail.example,Old Town,Annual,38.00,2025-04-27,,Active
FH10922,Caleb Varga,caleb.varga25@mail.example,Old Town,Monthly,45.00,2025-04-21,2026-07-15,Cancelled
FH10923,Yusuf Ito,yusuf.ito53@mail.example,Old Town,Corporate,35.00,2025-04-20,2026-08-30,Cancelled
FH10924,Yusuf Lowe,yusuf.lowe54@mail.example,Old Town,Student,29.00,2025-04-09,,Active
FH10925,Jon Ito,jon.ito24@mail.example,Oldtown,Monthly,45.00,2025-04-27,2025-07-14,Cancelled
FH10926,Uma Wood,uma.wood92@mail.example,Old Town,Monthly,45.00,2025-04-11,,Active
FH10927,Nils Park,nils.park4@mail.example,Old Town,Corporate,35.00,2025-04-11,,Active
FH10928,Leo Park,leo.park54@mail.example,Old Town,Student,29.00,2025-04-08,2025-10-18,Cancelled
FH10929,Ben Bello,ben.bello37@mail.example,Old Town,Student,29.00,2025-04-26,,Active
FH10930,Jon Ito,jon.ito60@mail.example,Old Town,Monthly,45.00,2025-04-05,,Active
FH10931,Sana Hale,sana.hale1@mail.example,Old Town,Student,29.00,2025-04-10,,Active
FH10932,Yusuf Dunn,yusuf.dunn13@mail.example,Old Town,Monthly,45.00,2025-04-09,,Active
FH10933,Jon Hale,jon.hale81@mail.example,Northgate,Student,29.00,2025-05-16,,Active
FH10934,Cara Grant,cara.grant64@mail.example,Northgate,Corporate,35.00,2025-05-14,,Active
FH10935,Dina Jensen,dina.jensen70@mail.example,Northgate,Monthly,45.00,2025-05-27,2026-08-26,Cancelled
FH10936,Dan Ito,dan.ito72@mail.example,Northgate,Monthly,45.00,2025-05-06,,Active
FH10937,Ola Tan,ola.tan18@mail.example,Northgate,Annual,38.00,2025-05-22,,Active
FH10938,Pia Bello,pia.bello93@mail.example,Northgate,Annual,38.00,2025-05-21,,Active
FH10939,Vik Reid,vik.reid88@mail.example,Northgate,Annual,38.00,2025-05-17,2025-07-09,Cancelled
FH10940,Nils Jensen,nils.jensen10@mail.example,Northgate,Monthly,45.00,2025-05-27,,Active
FH10941,Ola Wood,ola.wood50@mail.example,Northgate,Student,29.00,2025-05-22,,Active
FH10942,Theo Ito,theo.ito28@mail.example,Northgate,Student,29.00,2025-05-24,2026-05-06,Cancelled
FH10943,Nils Park,nils.park91@mail.example,Northgate,Monthly,45.00,2025-05-26,2026-07-13,Cancelled
FH10942,Theo Ito,theo.ito28@mail.example,Northgate,Student,29.00,2025-05-24,2026-05-06,Cancelled
FH10944,Uma Mills,uma.mills74@mail.example,Northgate,Annual,38.00,2025-05-02,2025-06-20,Cancelled
FH10945,Sana Zhou,sana.zhou50@mail.example,Northgate,Student,29.00,2025-05-02,,Active
FH10946,Kemi Dunn,kemi.dunn13@mail.example,Northgate,Corporate,35.00,2025-05-23,,Active
FH10947,Leo Dunn,leo.dunn95@mail.example,Northgate,Annual,38.00,2025-05-01,n/a,Active
FH10947,Leo Dunn,leo.dunn95@mail.example,Northgate,Annual,38.00,2025-05-01,n/a,Active
FH10948,Kemi Mills,kemi.mills45@mail.example,Northgate,Monthly,45.00,2025-05-15,,Active
FH10949,Cara Varga,cara.varga98@mail.example,Northgate,Student,29.00,2025-05-19,2025-12-09,Cancelled
FH10950,Pia Ortiz,pia.ortiz9@mail.example,Northgate,Student,29.00,2025-05-06,,Active
FH10951,Gia Nowak,gia.nowak91@mail.example,Northgate,Monthly,$45.00,2025-05-04,,Active
FH10952,Bea Reid,bea.reid77@mail.example,Northgate,Student,29.00,2025-05-08,2026-03-30,Cancelled
FH10953,Raj Hale,raj.hale33@mail.example,Northgate,Monthly,45.00,2025-05-17,,Active
FH10954,Kemi Tan,kemi.tan70@mail.example,Riverside,Student,29.00,2025-05-21,,Active
FH10955,Kemi Young,kemi.young18@mail.example,Riverside,Student,29.00,2025-05-25,,Active
FH10956,Dina Reid,dina.reid66@mail.example,Riverside,Annual,38.00,2025-05-27,,Active
FH10957,Ben Dunn,ben.dunn46@mail.example,Riverside,Monthly,45.00,2025-05-06,2025-12-18,Cancelled
FH10958,Leo Jensen,leo.jensen49@mail.example,Riverside,Annual,38.00,2025-05-18,2025-06-24,Cancelled
FH10959,Jon Bello,jon.bello48@mail.example,Riverside,Student,29.00,2025-05-08,,Active
FH10958,Leo Jensen,leo.jensen49@mail.example,Riverside,Annual,38.00,2025-05-18,2025-06-24,Cancelled
FH10960,Zara Adams,zara.adams32@mail.example,Riverside,Monthly,45.00,2025-05-15,2025-06-15,Cancelled
FH10961,Farid Lowe,farid.lowe78@mail.example,Riverside,Corporate,35.00,2025-05-22,,Active
FH10958,Leo Jensen,leo.jensen49@mail.example,Riverside,Annual,38.00,2025-05-18,2025-06-24,Cancelled
FH10962,Cara Mills,cara.mills53@mail.example,Riverside,Monthly,52.00,2025-05-16,,Active
FH10963,Kemi Mills,kemi.mills73@mail.example,Riverside,Corporate,35.00,2025-05-03,2026-02-18,Cancelled
FH10964,Nils Shah,nils.shah30@mail.example,Riverside,Monthly,52.00,2025-05-15,,Active
FH10965,Uma Shah,uma.shah41@mail.example,Riverside,Monthly,52.00,2025-05-10,,Active
FH10966,Amir Wood,amir.wood3@mail.example,Riverside,Annual,38.00,2025-05-14,,Active
FH10967,Ola Shah,ola.shah96@mail.example,Riverside,Annual,38.00,10/05/2025,,Active
FH10968,Zara Reid,zara.reid89@mail.example,Riverside,Student,29.00,2025-05-09,,Active
FH10969,Ola Zhou,ola.zhou71@mail.example,Old Town,Corporate,35.00,2025-05-06,,Active
FH10970,Hugo Tan,hugo.tan28@mail.example,Old Town,Monthly,45.00,2025-05-13,,Active
FH10971,Uma Grant,uma.grant52@mail.example,Old Town,Corporate,35.00,2025-05-23,,Active
FH10972,Farid Dunn,farid.dunn24@mail.example,Old Town,Monthly,45.00,2025-05-14,2025-11-24,Cancelled
FH10973,Hugo Bello,hugo.bello57@mail.example,Old Town,Student,29.00,2025-05-12,,Active
FH10974,Sana Zhou,sana.zhou6@mail.example,Old Town,Corporate,35.00,2025-05-05,,Active
FH10975,Ben Ito,ben.ito80@mail.example,Oldtown,Annual,38.00,2025-05-08,,Active
FH10976,Ben Grant,ben.grant29@mail.example,Old Town,Monthly,45.00,2025-05-04,,Active
FH10977,Maya Fox,maya.fox14@mail.example,Old Town,Monthly,45.00,2025-05-11,,Active
FH10978,Maya Ortiz,maya.ortiz31@mail.example,Old Town,Monthly,45.00,2025-05-08,,Active
FH10979,Uma Kaur,uma.kaur72@mail.example,Old Town,Monthly,45.00,2025-05-08,,Active
FH10980,Amir Nowak,amir.nowak67@mail.example,Old Town,Monthly,45.00,01/05/2025,,Active
FH10981,Cara Reid,cara.reid84@mail.example,Old Town,Monthly,45.00,2025-05-11,,Active
FH10982,Leo Adams,leo.adams71@mail.example,Northgate,Annual,38.00,2025-06-08,,Active
FH10983,Zara Jensen,zara.jensen14@mail.example,Northgate,Monthly,45.00,2025-06-29,2026-08-14,Cancelled
FH10984,Kemi Ito,kemi.ito99@mail.example,Northgate,Annual,38.00,2025-06-08,,Active
FH10985,Iris Hale,iris.hale55@mail.example,Northgate,Monthly,45.00,2025-06-12,,Active
FH10986,Eve Young,eve.young14@mail.example,Northgate,Student,29.00,2025-06-13,,Active
FH10987,Raj Quinn,raj.quinn78@mail.example,Northgate,Annual,38.00,2025-06-28,,Active
FH10988,Leo Young,leo.young48@mail.example,Northgate,Monthly,45.00,15/06/2025,2026-07-16,Cancelled
FH10989,Gia Shah,gia.shah54@mail.example,Northgate,Corporate,35.00,2025-06-15,,Active
FH10990,Caleb Nowak,caleb.nowak35@mail.example,Northgate,Corporate,35.00,2025-06-20,,Active
FH10991,Kemi Young,kemi.young70@mail.example,Northgate,Student,29.00,2025-06-26,,Active
FH10992,Dan Bello,dan.bello65@mail.example,Northgate,Monthly,45.00,2025-06-02,,Active
FH10993,Cara Park,cara.park25@mail.example,Northgate,Monthly,45.00,2025-06-30,2025-11-15,Cancelled
FH10994,Kemi Lowe,kemi.lowe72@mail.example,Northgate,Annual,38.00,2025-06-19,,Active
FH10995,Hugo Jensen,hugo.jensen9@mail.example,Northgate,Monthly,45.00,04/06/2025,,Active
FH10996,Gia Dunn,gia.dunn40@mail.example,Northgate,Corporate,35.00,2025-06-28,,Active
FH10997,Jon Tan,jon.tan65@mail.example,Northgate,Annual,38.00,2025-06-14,,Active
FH10998,Raj Mills,raj.mills63@mail.example,Northgate,Monthly,$45.00,2025-06-27,,Active
FH10999,Bea Park,bea.park65@mail.example,Riverside,Corporate,35.00,2025-06-27,,Active
FH11000,Hugo Hale,hugo.hale89@mail.example,Riverside,Student,29.00,2025-06-16,2025-09-12,Cancelled
FH11001,Farid Wood,farid.wood27@mail.example,Riverside,Corporate,35.00,2025-06-09,2026-03-21,Cancelled
FH11002,Eve Adams,eve.adams21@mail.example,Riverside,Corporate,35.00,2025-06-18,2025-08-22,Cancelled
FH11003,Jon Bello,jon.bello20@mail.example,Riverside,Annual,$38.00,2025-06-04,,Active
FH11004,Amir Tan,amir.tan80@mail.example,Riverside,Annual,38.00,2025-06-22,,Active
FH11005,Sana Wood,sana.wood87@mail.example,Riverside,Monthly,52.00,2025-06-17,2026-07-15,Cancelled
FH11006,Bea Ito,bea.ito1@mail.example,Riverside,Annual,38.00,2025-06-09,2026-04-11,Cancelled
FH11007,Ben Mills,ben.mills84@mail.example,Riverside,Annual,38.00,2025-06-11,,Active
FH11008,Sana Wood,sana.wood85@mail.example,Riverside,Student,29.00,14/06/2025,2026-03-25,Cancelled
FH11009,Jon Fox,jon.fox83@mail.example,Riverside,Corporate,35.00,2025-06-05,2026-04-27,Cancelled
FH11010,Amir Tan,amir.tan73@mail.example,Riverside,Student,29.00,2025-06-12,,Active
FH11011,Ola Reid,ola.reid42@mail.example,Riverside,Student,29.00,2025-06-14,2026-04-03,Cancelled
FH11012,Caleb Wood,caleb.wood39@mail.example,Riverside,Monthly,52.00,2025-06-17,,Active
FH11013,Theo Bello,theo.bello90@mail.example,Riverside,Annual,38.00,2025-06-29,,Active
FH11014,Theo Jensen,theo.jensen14@mail.example,Riverside,Monthly,52.00,2025-06-21,,Active
FH11012,Caleb Wood,caleb.wood39@mail.example,Riverside,Monthly,52.00,2025-06-17,,Active
FH11015,Ava Ortiz,ava.ortiz65@mail.example,Old Town ,Annual,38.00,2025-06-28,,Active
FH11016,Cara Young,cara.young85@mail.example,Old Town,Student,29.00,2025-06-03,,Active
FH11017,Ben Dunn,ben.dunn56@mail.example,Old Town,Monthly,45.00,2025-06-29,,Active
FH11018,Amir Jensen,amir.jensen81@mail.example,Old Town,Monthly,45.00,2025-06-06,,Active
FH11019,Hugo Lowe,hugo.lowe13@mail.example,Old Town,Monthly,45.00,2025-06-05,,Active
FH11020,Eve Hale,eve.hale10@mail.example,Old Town,Monthly,45.00,2025-06-07,,Active
FH11021,Cara Ito,cara.ito95@mail.example,Old Town,Monthly,45.00,2025-06-01,,Active
FH11022,Nils Tan,nils.tan86@mail.example,Old Town,Annual,38.00,2025-06-07,,Active
FH11023,Hugo Dunn,hugo.dunn35@mail.example,Old Town,Monthly,45.00,2025-06-23,,Active
FH11024,Iris Kaur,iris.kaur7@mail.example,Old Town,Monthly,45.00,2025-06-08,2025-09-22,Cancelled
FH11025,Ben Lowe,ben.lowe62@mail.example,Old Town,Monthly,45.00,2025-06-19,,Active
FH11026,Cara Ito,cara.ito99@mail.example,Old Town,Corporate,35.00,2025-06-03,,Active
FH11027,Ava Ito,ava.ito7@mail.example,Old Town,Annual,38.00,2025-06-09,,Active
FH11028,Cara Shah,cara.shah63@mail.example,Northgate,Annual,38.00,2025-07-21,,Active
FH11029,Dina Costa,dina.costa51@mail.example,Northgate,Monthly,45.00,2025-07-07,,Active
FH11030,Ben Lowe,ben.lowe43@mail.example,Northgate,Monthly,45.00,2025-07-22,,Active
FH11031,Sana Dunn,sana.dunn90@mail.example,Northgate,Student,29.00,2025-07-21,,Active
FH11032,Jon Costa,jon.costa36@mail.example,Northgate,Annual,38.00,2025-07-23,,Active
FH11033,Eve Dunn,eve.dunn26@mail.example,Northgate,Corporate,35.00,04/07/2025,2026-06-19,Cancelled
FH11034,Cara Tan,cara.tan45@mail.example,Northgate,Monthly,45.00,2025-07-01,2026-03-11,Cancelled
FH11035,Leo Reid,leo.reid47@mail.example,Northgate,Monthly,45.00,2025-07-31,2025-09-18,Cancelled
FH11036,Dan Ito,dan.ito35@mail.example,Northgate,Monthly,45.00,2025-07-23,,Active
FH11037,Kemi Lowe,kemi.lowe38@mail.example,Northgate,Monthly,45.00,2025-07-24,,Active
FH11038,Cara Costa,cara.costa54@mail.example,Northgate,Annual,38.00,2025-07-23,,Active
FH11039,Gia Bello,gia.bello94@mail.example,Northgate,Monthly,45.00,2025-07-09,,Active
FH11040,Dina Park,dina.park64@mail.example,Northgate,Student,29.00,2025-07-25,,Active
FH11041,Kemi Dunn,kemi.dunn95@mail.example,Northgate,Student,29.00,2025-07-31,,Active
FH11042,Iris Tan,iris.tan35@mail.example,Northgate,Annual,38.00,2025-07-22,2026-08-31,Cancelled
FH11043,Caleb Hale,caleb.hale68@mail.example,Northgate,Monthly,45.00,2025-07-10,,Active
FH11044,Amir Hale,amir.hale42@mail.example,Northgate,Corporate,35.00,2025-07-07,2026-03-17,Cancelled
FH11045,Eve Dunn,eve.dunn70@mail.example,Northgate,Corporate,35.00,2025-07-13,,Active
FH11046,Eve Ito,eve.ito15@mail.example,Riverside,Annual,38.00,2025-07-10,2025-10-24,Cancelled
FH11047,Maya Zhou,maya.zhou66@mail.example,Riverside,Monthly,52.00,2025-07-09,,Active
FH11048,Uma Fox,uma.fox85@mail.example,Riverside,Monthly,52.00,2025-07-09,2026-05-04,Cancelled
FH11049,Wren Grant,wren.grant67@mail.example,Riverside,Annual,38.00,2025-07-24,,Active
FH11050,Ava Ito,ava.ito85@mail.example,Riverside,Student,29.00,2025-07-20,,Active
FH11051,Hugo Bello,hugo.bello24@mail.example,Riverside,Monthly,45.00,2025-07-18,2026-03-24,Cancelled
FH11050,Ava Ito,ava.ito85@mail.example,Riverside,Student,29.00,2025-07-20,,Active
FH11052,Kemi Jensen,kemi.jensen57@mail.example,Riverside,Monthly,$52.00,2025-07-08,,Active
FH11053,Ava Ortiz,ava.ortiz67@mail.example,Riverside,Monthly,52.00,2025-07-15,,Active
FH11054,Yusuf Zhou,yusuf.zhou34@mail.example,Riverside ,Annual,38.00,2025-07-31,,Active
FH11055,Farid Hale,farid.hale36@mail.example,Riverside,Student,29.00,2025-07-26,,Active
FH11056,Amir Jensen,amir.jensen63@mail.example,Riverside,Monthly,52.00,2025-07-06,,Active
FH11057,Wren Young,wren.young11@mail.example,Riverside,Student,29.00,2025-07-21,2025-12-09,Cancelled
FH11058,Jon Ito,jon.ito93@mail.example,Riverside,Corporate,35.00,2025-07-10,,Active
FH11059,Ola Reid,ola.reid2@mail.example,Riverside,Corporate,35.00,2025-07-09,2025-08-20,Cancelled
FH11060,Iris Kaur,iris.kaur7@mail.example,Riverside,Monthly,52.00,2025-07-05,,Active
FH11061,Leo Grant,leo.grant19@mail.example,Riverside,Monthly,52.00,2025-07-18,,Active
FH11062,Zara Tan,zara.tan85@mail.example,Riverside,Corporate,35.00,2025-07-28,,Active
FH11063,Theo Grant,theo.grant42@mail.example,Riverside,Monthly,52.00,2025-07-21,2026-05-29,Cancelled
FH11064,Amir Lowe,amir.lowe75@mail.example,Riverside,Corporate,35.00,2025-07-14,2025-12-19,Cancelled
FH11065,Dina Lowe,dina.lowe26@mail.example,Riverside,Monthly,52.00,2025-07-27,2026-06-14,Cancelled
FH11066,Theo Nowak,theo.nowak17@mail.example,Riverside,Student,29.00,2025-07-03,,Active
FH11067,Nils Kaur,nils.kaur26@mail.example,Riverside,Monthly,52.00,2025-07-15,,Active
FH11068,Jon Varga,jon.varga12@mail.example,Old Town,Corporate,35.00,2025-07-09,,Active
FH11069,Uma Mills,uma.mills84@mail.example,Old Town,Annual,38.00,2025-07-30,,Active
FH11070,Ola Zhou,ola.zhou8@mail.example,Old Town,Monthly,45.00,2025-07-13,2026-06-16,Cancelled
FH11071,Vik Young,vik.young72@mail.example,Oldtown,Monthly,45.00,2025-07-17,,Active
FH11072,Eve Hale,eve.hale25@mail.example,Old Town,Corporate,35.00,2025-07-11,2025-11-15,Cancelled
FH11073,Maya Ito,maya.ito26@mail.example,Old Town,Annual,38.00,2025-07-08,,Active
FH11074,Hugo Mills,hugo.mills44@mail.example,Oldtown,Monthly,45.00,2025-07-11,,Active
FH11075,Vik Quinn,vik.quinn73@mail.example,Old Town,Monthly,45.00,2025-07-13,,Active
FH11076,Ben Varga,ben.varga29@mail.example,Old Town,Corporate,35.00,2025-07-05,2025-12-25,Cancelled
FH11077,Vik Mills,vik.mills14@mail.example,Old Town,Monthly,45.00,2025-07-21,,Active
FH11078,Jon Grant,jon.grant37@mail.example,Old Town,Annual,38.00,2025-07-25,,Active
FH11079,Sana Ito,sana.ito33@mail.example,Old Town,Student,29.00,2025-07-30,,Active
FH11080,Cara Varga,cara.varga31@mail.example,Oldtown,Monthly,45.00,2025-07-15,,Active
FH11081,Caleb Ito,caleb.ito92@mail.example,Old Town,Monthly,45.00,2025-07-30,,Active
FH11082,Nils Hale,nils.hale55@mail.example,Old Town ,Monthly,45.00,2025-07-29,,Active
FH11083,Wren Costa,wren.costa76@mail.example,Old Town,Monthly,45.00,2025-07-21,2026-03-01,Cancelled
FH11084,Caleb Ito,caleb.ito52@mail.example,Old Town,Monthly,45.00,2025-07-19,,Active
FH11085,Kemi Costa,kemi.costa88@mail.example,Old Town,Monthly,45.00,2025-07-29,,Active
FH11086,Nils Lowe,nils.lowe73@mail.example,Northgate,Annual,38.00,2025-08-18,,Active
FH11087,Hugo Kaur,hugo.kaur79@mail.example,Northgate,Annual,38.00,2025-08-18,,Active
FH11088,Kemi Fox,kemi.fox18@mail.example,Northgate,Annual,38.00,2025-08-10,,Active
FH11089,Amir Fox,amir.fox18@mail.example,Northgate,Monthly,45.00,2025-08-29,,Active
FH11090,Dan Shah,dan.shah4@mail.example,Northgate,Student,29.00,2025-08-18,,Active
FH11091,Gia Dunn,gia.dunn8@mail.example,Northgate,Monthly,45.00,2025-08-18,2026-02-05,Cancelled
FH11092,Leo Young,leo.young27@mail.example,Northgate,Student,29.00,2025-08-17,2026-07-25,Cancelled
FH11093,Yusuf Park,yusuf.park28@mail.example,Northgate,Monthly,45.00,2025-08-30,,Active
FH11094,Pia Zhou,pia.zhou66@mail.example,Northgate,Monthly,45.00,2025-08-03,2025-11-28,Cancelled
FH11095,Jon Fox,jon.fox65@mail.example,Northgate,Monthly,45.00,2025-08-14,,Active
FH11096,Kemi Quinn,kemi.quinn44@mail.example,Northgate,Monthly,45.00,2025-08-23,2026-08-23,Cancelled
FH11097,Sana Fox,sana.fox91@mail.example,Northgate,Corporate,35.00,2025-08-13,,Active
FH11098,Ola Ito,ola.ito42@mail.example,Northgate,Annual,38.00,2025-08-29,,Active
FH11099,Ben Hale,ben.hale64@mail.example,Northgate,Student,29.00,2025-08-31,2025-12-03,Cancelled
FH11100,Hugo Park,hugo.park82@mail.example,Riverside,Student,29.00,2025-08-06,,Active
FH11101,Cara Quinn,cara.quinn93@mail.example,Riverside,Monthly,52.00,2025-08-13,2026-04-10,Cancelled
FH11102,Sana Adams,sana.adams19@mail.example,Riverside,Corporate,35.00,2025-08-08,,Active
FH11103,Zara Ortiz,zara.ortiz43@mail.example,Riverside,Corporate,35.00,2025-08-23,2025-09-26,Cancelled
FH11104,Iris Kaur,iris.kaur24@mail.example,Riverside,Monthly,45.00,2025-08-24,2026-02-28,Cancelled
FH11105,Hugo Wood,hugo.wood55@mail.example,Riverside,Annual,38.00,2025-08-29,,Active
FH11106,Caleb Hale,caleb.hale50@mail.example,Riverside,Annual,38.00,27/08/2025,,Active
FH11107,Amir Grant,amir.grant70@mail.example,Riverside,Annual,38.00,2025-08-03,2025-10-09,Cancelled
FH11108,Iris Hale,iris.hale6@mail.example,Riverside,Student,29.00,2025-08-20,,Active
FH11109,Jon Ito,jon.ito40@mail.example,Riverside,Monthly,52.00,2025-08-09,,Active
FH11110,Caleb Dunn,caleb.dunn15@mail.example,Riverside,Monthly,52.00,2025-08-26,,Active
FH11111,Gia Wood,gia.wood43@mail.example,Riverside,Corporate,35.00,2025-08-02,2025-10-17,Cancelled
FH11112,Dan Nowak,dan.nowak50@mail.example,Riverside,Monthly,52.00,2025-08-30,,Active
FH11113,Dina Reid,dina.reid60@mail.example,Riverside,Monthly,52.00,2025-08-26,,Active
FH11114,Uma Shah,uma.shah14@mail.example,Riverside,Monthly,52.00,2025-08-29,,Active
FH11115,Zara Dunn,zara.dunn37@mail.example,Riverside,Corporate,35.00,2025-08-26,,Active
FH11116,Maya Zhou,maya.zhou89@mail.example,Riverside,Monthly,52.00,2025-08-26,,Active
FH11117,Vik Grant,vik.grant95@mail.example,Old Town,Corporate,35.00,20/08/2025,,Active
FH11118,Farid Park,farid.park71@mail.example,Old Town,Corporate,35.00,2025-08-29,,Active
FH11119,Caleb Park,caleb.park99@mail.example,Old Town,Monthly,$45.00,2025-08-19,,Active
FH11120,Ben Varga,ben.varga76@mail.example,Old Town,Student,29.00,2025-08-06,,Active
FH11121,Ava Zhou,ava.zhou94@mail.example,Old Town,Monthly,45.00,2025-08-15,,Active
FH11122,Bea Fox,bea.fox19@mail.example,Old Town,Monthly,45.00,2025-08-21,,Active
FH11123,Ava Ortiz,ava.ortiz54@mail.example,Old Town,Annual,38.00,2025-08-22,16/05/2026,Cancelled
FH11124,Wren Dunn,wren.dunn2@mail.example,Old Town,Annual,38.00,2025-08-18,2026-04-28,Cancelled
FH11125,Sana Park,sana.park84@mail.example,Old Town,Monthly,45.00,2025-08-13,,Active
FH11126,Vik Jensen,vik.jensen81@mail.example,Old Town,Monthly,45.00,2025-08-03,,Active
FH11127,Wren Fox,wren.fox74@mail.example,Old Town,Monthly,45.00,2025-08-29,2025-12-08,Cancelled
FH11128,Vik Ekwueme,vik.ekwueme75@mail.example,Northgate,Monthly,45.00,2025-09-04,,Active
FH11129,Ben Mills,ben.mills34@mail.example,Northgate,Monthly,45.00,2025-09-09,,Active
FH11130,Raj Ito,raj.ito50@mail.example,Northgate,Monthly,45.00,2025-09-16,,Active
FH11131,Dan Bello,dan.bello79@mail.example,Northgate,Monthly,45.00,2025-09-13,,Active
FH11132,Ola Reid,ola.reid68@mail.example,Northgate,Student,29.00,2025-09-29,,Active
FH11133,Ben Mills,ben.mills33@mail.example,Northgate,Monthly,45.00,2025-09-07,2026-04-18,Cancelled
FH11134,Caleb Hale,caleb.hale76@mail.example,Northgate,Student,29.00,2025-09-05,,Active
FH11135,Yusuf Mills,yusuf.mills97@mail.example,Northgate,Monthly,45.00,2025-09-13,2025-12-24,Cancelled
FH11136,Theo Park,theo.park24@mail.example,Northgate,Student,29.00,2025-09-17,,Active
FH11137,Ben Kaur,ben.kaur24@mail.example,Northgate,Annual,38.00,2025-09-03,,Active
FH11138,Ola Quinn,ola.quinn64@mail.example,Northgate,Annual,38.00,2025-09-27,,Active
FH11139,Raj Young,raj.young14@mail.example,Northgate,Monthly,45.00,2025-09-09,,Active
FH11140,Dina Hale,dina.hale95@mail.example,Northgate,Monthly,45.00,2025-09-30,2025-10-25,Cancelled
FH11141,Dan Reid,dan.reid15@mail.example,Northgate,Student,29.00,2025-09-26,,Active
FH11142,Farid Costa,farid.costa51@mail.example,Northgate,Annual,38.00,2025-09-28,,Active
FH11143,Iris Mills,iris.mills1@mail.example,Northgate,Monthly,45.00,2025-09-03,,Active
FH11144,Zara Young,zara.young36@mail.example,Northgate,Student,29.00,2025-09-27,,Active
FH11145,Bea Grant,bea.grant18@mail.example,Northgate,Monthly,45.00,2025-09-01,2026-08-21,Cancelled
FH11146,Vik Hale,vik.hale72@mail.example,Northgate,Monthly,45.00,2025-09-23,,Active
FH11147,Amir Wood,amir.wood57@mail.example,Northgate,Monthly,45.00,2025-09-16,2026-03-07,Cancelled
FH11148,Hugo Wood,hugo.wood26@mail.example,Northgate,Monthly,45.00,2025-09-11,,Active
FH11149,Cara Tan,cara.tan54@mail.example,Northgate,Monthly,45.00,2025-09-02,2025-10-23,Cancelled
FH11150,Sana Jensen,sana.jensen17@mail.example,Northgate,Corporate,35.00,2025-09-21,,Active
FH11151,Caleb Hale,caleb.hale44@mail.example,Northgate,Monthly,45.00,2025-09-21,,Active
FH11152,Ola Adams,ola.adams11@mail.example,Riverside,Monthly,52.00,2025-09-26,2026-05-02,Cancelled
FH11153,Maya Jensen,maya.jensen31@mail.example,Riverside,Annual,38.00,2025-09-23,,Active
FH11154,Zara Zhou,zara.zhou58@mail.example,Riverside,Monthly,45.00,2025-09-21,2026-01-04,Cancelled
FH11155,Pia Ortiz,pia.ortiz33@mail.example,Riverside,Student,$29.00,2025-09-19,2026-07-21,Cancelled
FH11156,Jon Ito,jon.ito24@mail.example,Riverside,Monthly,52.00,2025-09-01,2026-04-20,Cancelled
FH11157,Vik Kaur,vik.kaur36@mail.example,Riverside,Monthly,52.00,2025-09-27,2026-04-12,Cancelled
FH11158,Dina Wood,dina.wood72@mail.example,Riverside,Monthly,52.00,2025-09-05,2026-04-24,Cancelled
FH11159,Jon Jensen,jon.jensen78@mail.example,Riverside,Corporate,35.00,2025-09-21,,Active
FH11160,Eve Zhou,eve.zhou74@mail.example,Riverside,Monthly,52.00,2025-09-25,2026-05-10,Cancelled
FH11161,Bea Reid,bea.reid96@mail.example,Riverside,Monthly,52.00,28/09/2025,,Active
FH11162,Wren Adams,wren.adams10@mail.example,Riverside,Monthly,$52.00,2025-09-04,2026-07-26,Cancelled
FH11163,Maya Young,maya.young16@mail.example,Riverside,Student,29.00,2025-09-26,,Active
FH11164,Farid Quinn,farid.quinn84@mail.example,Riverside,Monthly,52.00,2025-09-05,2026-05-20,Cancelled
FH11165,Ava Mills,ava.mills64@mail.example,Riverside,Monthly,52.00,2025-09-29,2026-08-24,Cancelled
FH11166,Iris Grant,iris.grant84@mail.example,Riverside,Student,29.00,2025-09-25,,Active
FH11167,Caleb Ito,caleb.ito12@mail.example,Riverside,Annual,38.00,2025-09-12,,Active
FH11168,Sana Dunn,sana.dunn19@mail.example,Riverside,Student,29.00,2025-09-22,,Active
FH11169,Farid Mills,farid.mills13@mail.example,Riverside,Annual,38.00,2025-09-20,,Active
FH11170,Dina Jensen,dina.jensen99@mail.example,Riverside,Annual,38.00,2025-09-08,,Active
FH11171,Ava Grant,ava.grant73@mail.example,Riverside,Student,29.00,2025-09-22,2026-04-24,Cancelled
FH11172,Ola Kaur,ola.kaur35@mail.example,Old Town,Monthly,45.00,2025-09-02,,Active
FH11173,Ben Dunn,ben.dunn14@mail.example,Old Town,Monthly,45.00,2025-09-28,,Active
FH11174,Dina Grant,dina.grant85@mail.example,Old Town,Monthly,45.00,2025-09-26,,Active
FH11175,Kemi Jensen,kemi.jensen12@mail.example,Old Town,Annual,38.00,2025-09-26,,Active
FH11176,Cara Quinn,cara.quinn71@mail.example,Old Town,Annual,38.00,2025-09-04,,Active
FH11177,Pia Quinn,pia.quinn59@mail.example,Old Town,Monthly,45.00,2025-09-29,,Active
FH11178,Kemi Young,kemi.young96@mail.example,Old Town,Student,29.00,2025-09-06,,Active
FH11179,Kemi Shah,kemi.shah71@mail.example,Old Town,Monthly,45.00,2025-09-04,,Active
FH11180,Cara Shah,cara.shah32@mail.example,Old Town,Monthly,45.00,2025-09-02,2025-10-03,Cancelled
FH11181,Nils Zhou,nils.zhou77@mail.example,Old Town,Annual,38.00,2025-09-27,,Active
FH11182,Kemi Shah,kemi.shah72@mail.example,Old Town,Corporate,35.00,2025-09-09,2026-06-19,Cancelled
FH11183,Vik Reid,vik.reid29@mail.example,Old Town,Monthly,45.00,2025-09-12,,Active
FH11184,Raj Wood,raj.wood83@mail.example,Old Town,Annual,38.00,2025-09-06,,Active
FH11185,Cara Nowak,cara.nowak74@mail.example,Old Town,Student,29.00,2025-09-23,,Active
FH11186,Dan Jensen,dan.jensen55@mail.example,Old Town,Monthly,45.00,2025-09-03,2026-01-03,Cancelled
FH11187,Hugo Ito,hugo.ito91@mail.example,Old Town,Student,29.00,2025-09-09,,Active
FH11186,Dan Jensen,dan.jensen55@mail.example,Old Town,Monthly,45.00,2025-09-03,2026-01-03,Cancelled
FH11188,Ava Ortiz,ava.ortiz22@mail.example,Old Town ,Monthly,45.00,2025-09-21,,Active
FH11189,Maya Park,maya.park90@mail.example,Old Town,Corporate,35.00,2025-09-25,,Active
TEST6,zz test member,frontdesk6@fieldhouse.test,Northgate,Monthly,0.00,2026-05-14,,Active
FH11190,Pia Nowak,pia.nowak60@mail.example,Old Town,Monthly,45.00,2025-09-02,,Active
FH11191,Dina Hale,dina.hale96@mail.example,Northgate,Monthly,45.00,2025-10-07,,Active
FH11192,Ben Dunn,ben.dunn71@mail.example,Northgate,Annual,38.00,2025-10-01,,Active
FH11193,Wren Reid,wren.reid49@mail.example,Northgate,Monthly,45.00,2025-10-18,,Active
FH11194,Theo Ortiz,theo.ortiz60@mail.example,Northgate,Corporate,35.00,2025-10-13,,Active
FH11195,Kemi Zhou,kemi.zhou57@mail.example,Northgate,Annual,38.00,2025-10-02,,Active
FH11196,Raj Park,raj.park35@mail.example,Northgate,Annual,38.00,2025-10-11,,Active
FH11197,Yusuf Young,yusuf.young74@mail.example,Northgate,Monthly,45.00,2025-10-25,,Active
FH11198,Ola Grant,ola.grant20@mail.example,Northgate,Monthly,45.00,2025-10-10,2026-05-12,Cancelled
FH11199,Sana Tan,sana.tan85@mail.example,Northgate,Monthly,45.00,2025-10-05,,Active
FH11200,Gia Quinn,gia.quinn91@mail.example,Northgate,Annual,38.00,2025-10-06,,Active
FH11201,Sana Nowak,sana.nowak50@mail.example,Northgate,Monthly,45.00,2025-10-11,,Active
FH11202,Bea Dunn,bea.dunn4@mail.example,Northgate,Monthly,45.00,03/10/2025,,Active
FH11203,Gia Ortiz,gia.ortiz18@mail.example,Northgate,Corporate,35.00,2025-10-14,,Active
FH11204,Iris Park,iris.park58@mail.example,Northgate,Monthly,45.00,2025-10-08,,Active
FH11205,Kemi Young,kemi.young39@mail.example,Northgate,Annual,38.00,2025-10-06,,Active
FH11206,Wren Adams,wren.adams15@mail.example,Northgate,Corporate,35.00,2025-10-31,2026-02-03,Cancelled
FH11207,Leo Shah,leo.shah22@mail.example,Northgate,Student,29.00,2025-10-14,,Active
FH11208,Pia Wood,pia.wood42@mail.example,Northgate,Monthly,45.00,2025-10-28,,Active
FH11209,Theo Bello,theo.bello46@mail.example,Northgate,Monthly,45.00,2025-10-21,2026-02-07,Cancelled
FH11210,Farid Ito,farid.ito50@mail.example,Northgate,Annual,38.00,2025-10-12,,Active
FH11211,Theo Dunn,theo.dunn87@mail.example,Northgate,Monthly,45.00,2025-10-12,2026-02-15,Cancelled
FH11212,Cara Park,cara.park88@mail.example,Northgate,Monthly,45.00,2025-10-20,,Active
FH11213,Maya Dunn,maya.dunn94@mail.example,Riverside,Annual,38.00,2025-10-28,,Active
FH11214,Theo Park,theo.park29@mail.example,Riverside,Annual,38.00,2025-10-01,,Active
FH11215,Maya Jensen,maya.jensen32@mail.example,Riverside,Student,29.00,2025-10-24,,Active
FH11216,Dan Lowe,dan.lowe50@mail.example,Riverside,Student,29.00,2025-10-15,,Active
FH11217,Maya Dunn,maya.dunn11@mail.example,Riverside,Corporate,35.00,2025-10-06,,Active
FH11218,Ola Bello,ola.bello84@mail.example,Riverside,Corporate,35.00,2025-10-21,,Active
FH11219,Farid Ito,farid.ito58@mail.example,Riverside,Student,29.00,2025-10-31,,Active
FH11220,Jon Ito,jon.ito66@mail.example,Riverside,Monthly,52.00,2025-10-25,2026-04-25,Cancelled
FH11221,Wren Wood,wren.wood49@mail.example,Riverside,Monthly,52.00,2025-10-16,2026-07-17,Cancelled
FH11222,Eve Kaur,eve.kaur77@mail.example,Riverside,Monthly,45.00,2025-10-28,2026-01-01,Cancelled
FH11223,Yusuf Grant,yusuf.grant93@mail.example,Riverside,Monthly,52.00,2025-10-19,,Active
FH11224,Uma Park,uma.park4@mail.example,Riverside,Annual,38.00,2025-10-12,,Active
FH11225,Nils Quinn,nils.quinn16@mail.example,Riverside,Monthly,45.00,2025-10-14,2025-11-21,Cancelled
FH11226,Gia Adams,gia.adams12@mail.example,Riverside ,Annual,38.00,2025-10-13,,Active
FH11227,Vik Jensen,vik.jensen48@mail.example,Riverside,Student,29.00,2025-10-27,2026-06-23,Cancelled
FH11228,Kemi Costa,kemi.costa75@mail.example,Riverside,Corporate,35.00,2025-10-02,02/05/2026,Cancelled
FH11229,Cara Grant,cara.grant91@mail.example,Riverside,Monthly,52.00,2025-10-31,,Active
FH11230,Farid Lowe,farid.lowe6@mail.example,Riverside,Monthly,52.00,2025-10-11,,Active
FH11231,Sana Park,sana.park97@mail.example,Old Town,Monthly,45.00,2025-10-19,,Active
FH11232,Ola Ekwueme,ola.ekwueme20@mail.example,Old Town,Monthly,45.00,2025-10-19,,Active
FH11233,Amir Quinn,amir.quinn28@mail.example,Old Town,Monthly,45.00,2025-10-22,,Active
FH11234,Pia Adams,pia.adams57@mail.example,Old Town,Corporate,35.00,2025-10-27,,Active
FH11235,Wren Varga,wren.varga67@mail.example,Old Town,Corporate,35.00,2025-10-27,,Active
FH11236,Eve Adams,eve.adams53@mail.example,Old Town,Monthly,45.00,2025-10-27,,Active
FH11237,Ola Zhou,ola.zhou13@mail.example,Old Town,Monthly,45.00,2025-10-13,,Active
FH11238,Kemi Dunn,kemi.dunn40@mail.example,Oldtown,Monthly,45.00,2025-10-10,,Active
FH11239,Eve Lowe,eve.lowe9@mail.example,Old Town,Monthly,45.00,2025-10-15,,Active
FH11240,Raj Zhou,raj.zhou43@mail.example,Old Town,Student,29.00,2025-10-03,,Active
FH11241,Caleb Tan,caleb.tan92@mail.example,Old Town,Annual,38.00,2025-10-10,,Active
FH11242,Bea Jensen,bea.jensen46@mail.example,Old Town,Annual,38.00,2025-10-29,,Active
FH11243,Yusuf Adams,yusuf.adams25@mail.example,Old Town,Monthly,45.00,2025-10-11,,Active
FH11244,Farid Kaur,farid.kaur63@mail.example,Old Town,Monthly,45.00,2025-10-18,,Active
FH11245,Zara Wood,zara.wood80@mail.example,Old Town,Corporate,35.00,2025-10-06,,Active
FH11246,Uma Young,uma.young30@mail.example,Northgate,Student,29.00,2025-11-13,2026-04-28,Cancelled
FH11247,Iris Jensen,iris.jensen50@mail.example,Northgate,Corporate,35.00,2025-11-06,,Active
FH11248,Sana Mills,sana.mills52@mail.example,Northgate,Corporate,35.00,2025-11-14,,Active
FH11249,Hugo Mills,hugo.mills25@mail.example,Northgate,Corporate,35.00,2025-11-06,,Active
FH11250,Zara Fox,zara.fox25@mail.example,Northgate,Annual,38.00,2025-11-18,2026-01-06,Cancelled
FH11251,Zara Ortiz,zara.ortiz10@mail.example,Northgate,Student,29.00,2025-11-18,,Active
FH11252,Eve Jensen,eve.jensen15@mail.example,Northgate,Student,29.00,2025-11-11,,Active
FH11253,Dina Fox,dina.fox84@mail.example,Northgate,Annual,38.00,2025-11-01,,Active
FH11254,Iris Fox,iris.fox79@mail.example,Northgate,Corporate,35.00,2025-11-03,,Active
FH11255,Wren Park,wren.park88@mail.example,Northgate,Corporate,35.00,2025-11-19,,Active
FH11256,Cara Quinn,cara.quinn71@mail.example,Northgate,Monthly,45.00,2025-11-13,,Active
FH11257,Zara Costa,zara.costa69@mail.example,Northgate,Monthly,45.00,2025-11-16,,Active
FH11258,Theo Ekwueme,theo.ekwueme90@mail.example,Northgate,Annual,38.00,2025-11-13,,Active
FH11259,Sana Mills,sana.mills51@mail.example,Northgate,Annual,38.00,2025-11-09,,Active
FH11260,Pia Ortiz,pia.ortiz28@mail.example,Northgate,Student,29.00,2025-11-13,,Active
FH11261,Farid Wood,farid.wood16@mail.example,Northgate,Monthly,45.00,2025-11-04,2026-06-20,Cancelled
FH11262,Farid Young,farid.young6@mail.example,Northgate,Corporate,35.00,2025-11-13,,Active
FH11263,Kemi Shah,kemi.shah90@mail.example,Northgate,Monthly,45.00,2025-11-08,2026-07-11,Cancelled
FH11264,Iris Reid,iris.reid99@mail.example,Northgate,Monthly,45.00,2025-11-02,2026-05-27,Cancelled
FH11265,Bea Bello,bea.bello25@mail.example,Northgate,Corporate,35.00,2025-11-11,2026-05-06,Cancelled
FH11266,Ava Shah,ava.shah31@mail.example,Northgate,Student,29.00,2025-11-04,2026-05-09,Cancelled
FH11267,Dan Wood,dan.wood62@mail.example,Northgate,Monthly,45.00,2025-11-20,,Active
FH11268,Sana Young,sana.young63@mail.example,Northgate,Student,29.00,2025-11-08,,Active
FH11269,Farid Quinn,farid.quinn43@mail.example,Northgate,Monthly,45.00,2025-11-20,,Active
FH11270,Maya Mills,maya.mills34@mail.example,Riverside,Monthly,52.00,2025-11-16,2026-08-15,Cancelled
FH11271,Ben Ortiz,ben.ortiz52@mail.example,Riverside,Corporate,35.00,2025-11-01,,Active
FH11272,Jon Ortiz,jon.ortiz77@mail.example,Riverside,Student,29.00,14/11/2025,,Active
FH11273,Iris Costa,iris.costa94@mail.example,Riverside,Monthly,52.00,2025-11-07,,Active
FH11274,Yusuf Wood,yusuf.wood66@mail.example,Riverside,Student,29.00,2025-11-17,,Active
FH11275,Pia Hale,pia.hale2@mail.example,Riverside,Annual,38.00,2025-11-03,,Active
FH11276,Uma Young,uma.young59@mail.example,Riverside,Monthly,52.00,2025-11-15,2026-05-17,Cancelled
FH11277,Sana Nowak,sana.nowak71@mail.example,Riverside,Student,29.00,2025-11-10,2025-12-12,Cancelled
FH11278,Nils Hale,nils.hale26@mail.example,Riverside,Monthly,52.00,2025-11-12,,Active
FH11279,Jon Zhou,jon.zhou22@mail.example,Riverside,Annual,38.00,2025-11-07,2026-06-08,Cancelled
FH11280,Nils Jensen,nils.jensen61@mail.example,Riverside,Monthly,52.00,2025-11-16,2026-08-27,Cancelled
FH11281,Dan Ekwueme,dan.ekwueme57@mail.example,Riverside,Monthly,52.00,2025-11-30,,Active
FH11282,Raj Shah,raj.shah73@mail.example,Riverside,Student,29.00,2025-11-04,2026-01-13,Cancelled
FH11283,Ola Costa,ola.costa64@mail.example,Riverside,Student,29.00,2025-11-06,,Active
FH11284,Dan Zhou,dan.zhou70@mail.example,Riverside,Monthly,52.00,2025-11-12,2026-06-03,Cancelled
FH11285,Uma Tan,uma.tan94@mail.example,Riverside,Monthly,52.00,2025-11-19,2026-04-22,Cancelled
FH11286,Leo Tan,leo.tan48@mail.example,Riverside,Corporate,35.00,2025-11-06,,Active
FH11287,Cara Tan,cara.tan22@mail.example,Riverside,Student,29.00,2025-11-13,,Active
FH11288,Ben Young,ben.young92@mail.example,Riverside,Monthly,52.00,2025-11-14,2026-08-29,Cancelled
FH11289,Farid Reid,farid.reid80@mail.example,Riverside,Student,29.00,2025-11-28,,Active
FH11290,Gia Park,gia.park54@mail.example,Riverside,Monthly,52.00,2025-11-15,,Active
FH11291,Iris Young,iris.young33@mail.example,Riverside,Monthly,52.00,2025-11-17,2026-06-09,Cancelled
FH11292,Jon Varga,jon.varga42@mail.example,Old Town,Monthly,$45.00,2025-11-24,,Active
FH11293,Iris Grant,iris.grant4@mail.example,Old Town,Monthly,45.00,2025-11-01,,Active
FH11294,Nils Lowe,nils.lowe87@mail.example,Old Town,Monthly,45.00,2025-11-16,,Active
FH11295,Cara Mills,cara.mills34@mail.example,Old Town,Monthly,45.00,2025-11-18,,Active
FH11296,Pia Young,pia.young59@mail.example,Old Town,Monthly,45.00,2025-11-07,,Active
FH11297,Iris Varga,iris.varga74@mail.example,Old Town,Monthly,45.00,2025-11-10,,Active
FH11298,Pia Zhou,pia.zhou60@mail.example,Old Town ,Student,29.00,2025-11-12,,Active
FH11299,Iris Ortiz,iris.ortiz87@mail.example,Old Town,Monthly,45.00,2025-11-22,,Active
FH11300,Ola Grant,ola.grant71@mail.example,Old Town,Monthly,45.00,2025-11-17,09/12/2025,Cancelled
FH11301,Kemi Varga,kemi.varga20@mail.example,Old Town,Monthly,45.00,2025-11-18,n/a,Active
FH11302,Ola Ekwueme,ola.ekwueme30@mail.example,Old Town,Monthly,45.00,2025-11-20,,Active
FH11303,Raj Young,raj.young59@mail.example,Old Town,Monthly,45.00,2025-11-15,,Active
FH11304,Bea Kaur,bea.kaur58@mail.example,Old Town,Monthly,45.00,2025-11-27,,Active
FH11305,Ben Varga,ben.varga37@mail.example,Northgate,Monthly,45.00,2025-12-13,,Active
FH11306,Sana Varga,sana.varga40@mail.example,Northgate,Monthly,45.00,2025-12-03,,Active
FH11307,Hugo Wood,hugo.wood96@mail.example,Northgate,Monthly,45.00,2025-12-20,,Active
FH11308,Caleb Adams,caleb.adams98@mail.example,Northgate,Monthly,45.00,2025-12-06,,Active
FH11309,Zara Mills,zara.mills45@mail.example,Northgate,Monthly,45.00,29/12/2025,,Active
FH11310,Amir Park,amir.park22@mail.example,Northgate,Monthly,45.00,2025-12-23,,Active
FH11311,Theo Reid,theo.reid65@mail.example,Northgate,Monthly,45.00,2025-12-19,2026-01-17,Cancelled
FH11312,Gia Varga,gia.varga56@mail.example,Northgate,Monthly,45.00,2025-12-29,,Active
FH11313,Cara Ekwueme,cara.ekwueme42@mail.example,Northgate,Annual,38.00,2025-12-15,,Active
FH11314,Theo Costa,theo.costa6@mail.example,Northgate,Annual,38.00,2025-12-08,,Active
FH11315,Dan Tan,dan.tan14@mail.example,Northgate,Student,29.00,2025-12-27,,Active
FH11316,Zara Park,zara.park6@mail.example,Northgate,Corporate,35.00,2025-12-09,,Active
FH11317,Pia Wood,pia.wood87@mail.example,Northgate,Annual,38.00,2025-12-09,,Active
FH11318,Leo Adams,leo.adams26@mail.example,Northgate,Monthly,45.00,2025-12-15,,Active
FH11319,Cara Mills,cara.mills65@mail.example,Northgate,Monthly,45.00,2025-12-09,,Active
FH11320,Vik Bello,vik.bello95@mail.example,Northgate,Annual,38.00,2025-12-11,,Active
FH11321,Uma Shah,uma.shah10@mail.example,Northgate,Monthly,45.00,2025-12-16,,Active
FH11322,Wren Ekwueme,wren.ekwueme41@mail.example,Riverside,Annual,38.00,2025-12-31,2026-02-14,Cancelled
FH11323,Dan Jensen,dan.jensen15@mail.example,Riverside,Annual,38.00,2025-12-31,,Active
FH11324,Wren Jensen,wren.jensen82@mail.example,Riverside,Corporate,35.00,2025-12-26,,Active
FH11325,Gia Ito,gia.ito1@mail.example,Riverside,Monthly,52.00,2025-12-04,2026-08-22,Cancelled
FH11326,Eve Adams,eve.adams85@mail.example,Riverside,Monthly,52.00,2025-12-29,05/04/2026,Cancelled
FH11327,Cara Quinn,cara.quinn35@mail.example,Riverside,Monthly,52.00,2025-12-29,2026-06-16,Cancelled
FH11328,Jon Jensen,jon.jensen70@mail.example,Riverside,Monthly,52.00,2025-12-04,,Active
FH11329,Vik Kaur,vik.kaur1@mail.example,Riverside,Monthly,52.00,2025-12-17,2026-05-02,Cancelled
FH11330,Wren Ortiz,wren.ortiz66@mail.example,Riverside,Monthly,52.00,2025-12-05,,Active
FH11331,Amir Ekwueme,amir.ekwueme86@mail.example,Riverside,Corporate,35.00,2025-12-25,,Active
FH11332,Ben Tan,ben.tan67@mail.example,Riverside,Monthly,52.00,2025-12-21,,Active
FH11333,Yusuf Dunn,yusuf.dunn98@mail.example,Riverside,Monthly,52.00,2025-12-28,,Active
FH11334,Amir Ortiz,amir.ortiz93@mail.example,Riverside,Student,29.00,2025-12-04,,Active
FH11335,Caleb Reid,caleb.reid71@mail.example,Old Town,Monthly,45.00,2025-12-29,,Active
FH11336,Iris Lowe,iris.lowe30@mail.example,Old Town,Annual,38.00,2025-12-12,,Active
FH11337,Nils Adams,nils.adams33@mail.example,Old Town,Monthly,45.00,2025-12-05,,Active
FH11338,Leo Tan,leo.tan18@mail.example,Old Town,Monthly,45.00,2025-12-25,,Active
FH11339,Raj Quinn,raj.quinn52@mail.example,Old Town ,Monthly,45.00,2025-12-19,,Active
FH11340,Kemi Wood,kemi.wood36@mail.example,Old Town,Monthly,45.00,2025-12-08,,Active
FH11341,Leo Costa,leo.costa67@mail.example,Old Town,Monthly,45.00,2025-12-05,,Active
FH11342,Farid Mills,farid.mills8@mail.example,Old Town,Corporate,35.00,2025-12-03,,Active
FH11343,Pia Ito,pia.ito51@mail.example,Old Town,Monthly,45.00,2025-12-11,,Active
FH11344,Eve Jensen,eve.jensen55@mail.example,Old Town,Monthly,45.00,2025-12-04,,Active
FH11345,Yusuf Lowe,yusuf.lowe71@mail.example,Old Town,Corporate,35.00,2025-12-08,,Active
FH11346,Iris Grant,iris.grant85@mail.example,Old Town,Monthly,45.00,2025-12-26,,Active
FH11347,Theo Quinn,theo.quinn14@mail.example,Old Town,Monthly,45.00,2025-12-16,2026-07-24,Cancelled
FH11348,Raj Ekwueme,raj.ekwueme92@mail.example,Northgate,Annual,38.00,2026-01-21,,Active
FH11349,Caleb Young,caleb.young87@mail.example,Northgate,Monthly,45.00,2026-01-11,,Active
FH11350,Sana Park,sana.park37@mail.example,Northgate,Monthly,45.00,2026-01-01,2026-02-10,Cancelled
FH11351,Jon Ekwueme,jon.ekwueme22@mail.example,Northgate,Corporate,$35.00,2026-01-25,2026-02-15,Cancelled
FH11352,Jon Zhou,jon.zhou84@mail.example,Northgate,Monthly,45.00,2026-01-31,2026-05-27,Cancelled
FH11353,Farid Ortiz,farid.ortiz92@mail.example,Northgate,Corporate,35.00,2026-01-10,,Active
TEST5,TEST ACCOUNT,frontdesk5@fieldhouse.test,Old Town,Monthly,0.00,2026-04-27,,Active
FH11354,Farid Kaur,farid.kaur75@mail.example,Northgate,Student,29.00,2026-01-21,,Active
FH11355,Leo Ekwueme,leo.ekwueme45@mail.example,Northgate,Corporate,35.00,2026-01-07,,Active
FH11356,Theo Grant,theo.grant63@mail.example,Northgate,Student,29.00,2026-01-02,,Active
FH11357,Vik Quinn,vik.quinn13@mail.example,Northgate,Annual,38.00,2026-01-31,,Active
FH11358,Farid Jensen,farid.jensen60@mail.example,Northgate,Monthly,45.00,2026-01-01,2026-05-09,Cancelled
FH11359,Uma Zhou,uma.zhou64@mail.example,Northgate,Monthly,45.00,2026-01-09,,Active
FH11360,Bea Ito,bea.ito65@mail.example,Northgate,Annual,38.00,2026-01-29,,Active
FH11361,Raj Quinn,raj.quinn5@mail.example,Northgate,Monthly,45.00,2026-01-19,,Active
FH11362,Caleb Reid,caleb.reid20@mail.example,Northgate,Student,29.00,2026-01-30,,Active
FH11363,Gia Jensen,gia.jensen12@mail.example,Northgate,Student,29.00,2026-01-03,,Active
FH11364,Raj Mills,raj.mills56@mail.example,Northgate,Monthly,45.00,2026-01-20,,Active
FH11365,Cara Lowe,cara.lowe93@mail.example,Northgate,Student,29.00,2026-01-18,,Active
FH11366,Uma Lowe,uma.lowe69@mail.example,Northgate,Student,29.00,2026-01-07,2026-06-10,Cancelled
FH11367,Bea Tan,bea.tan53@mail.example,Northgate,Monthly,45.00,2026-01-10,,Active
FH11368,Kemi Quinn,kemi.quinn30@mail.example,Northgate,Annual,38.00,2026-01-29,,Active
FH11369,Iris Wood,iris.wood50@mail.example,Northgate,Annual,38.00,2026-01-12,,Active
FH11370,Yusuf Kaur,yusuf.kaur34@mail.example,Northgate,Monthly,45.00,2026-01-08,,Active
FH11371,Jon Kaur,jon.kaur38@mail.example,Northgate,Corporate,35.00,2026-01-12,,Active
FH11372,Nils Hale,nils.hale60@mail.example,Northgate,Annual,38.00,2026-01-02,,Active
FH11373,Iris Lowe,iris.lowe68@mail.example,Northgate,Annual,38.00,2026-01-20,,Active
FH11374,Dina Young,dina.young69@mail.example,Northgate,Monthly,45.00,2026-01-26,,Active
FH11375,Bea Dunn,bea.dunn3@mail.example,Northgate,Monthly,45.00,2026-01-12,,Active
FH11376,Pia Adams,pia.adams45@mail.example,Northgate,Corporate,35.00,06/01/2026,,Active
FH11377,Kemi Zhou,kemi.zhou59@mail.example,Riverside,Annual,38.00,2026-01-17,,Active
FH11378,Farid Shah,farid.shah72@mail.example,Riverside,Annual,38.00,2026-01-29,2026-06-20,Cancelled
FH11379,Bea Bello,bea.bello40@mail.example,Riverside,Corporate,35.00,2026-01-12,,Active
FH11380,Eve Lowe,eve.lowe88@mail.example,Riverside,Annual,38.00,2026-01-10,2026-04-05,Cancelled
FH11381,Zara Ekwueme,zara.ekwueme68@mail.example,Riverside,Corporate,35.00,2026-01-14,,Active
FH11382,Eve Zhou,eve.zhou72@mail.example,Riverside,Monthly,52.00,2026-01-10,,Active
FH11383,Farid Quinn,farid.quinn68@mail.example,Riverside,Corporate,35.00,2026-01-21,,Active
FH11384,Nils Costa,nils.costa83@mail.example,Riverside,Annual,38.00,2026-01-23,,Active
FH11385,Hugo Wood,hugo.wood44@mail.example,Riverside,Monthly,52.00,2026-01-07,,Active
FH11386,Farid Grant,farid.grant87@mail.example,Riverside,Student,29.00,2026-01-31,,Active
FH11387,Maya Mills,maya.mills14@mail.example,Riverside,Annual,38.00,2026-01-18,,Active
FH11388,Sana Park,sana.park43@mail.example,Riverside,Annual,38.00,2026-01-04,,Active
FH11389,Jon Costa,jon.costa81@mail.example,Riverside,Annual,38.00,2026-01-03,,Active
FH11390,Jon Shah,jon.shah97@mail.example,Riverside,Monthly,45.00,2026-01-30,2026-02-01,Cancelled
FH11391,Nils Varga,nils.varga80@mail.example,Riverside,Monthly,52.00,2026-01-15,2026-05-24,Cancelled
FH11392,Theo Grant,theo.grant63@mail.example,Riverside,Student,29.00,2026-01-11,2026-07-02,Cancelled
FH11393,Iris Mills,iris.mills10@mail.example,Riverside,Monthly,52.00,04/01/2026,,Active
FH11394,Uma Jensen,uma.jensen88@mail.example,Riverside,Monthly,52.00,2026-01-09,,Active
FH11395,Maya Bello,maya.bello24@mail.example,Riverside,Annual,38.00,2026-01-24,,Active
FH11396,Wren Costa,wren.costa61@mail.example,Riverside,Monthly,52.00,2026-01-03,,Active
FH11397,Wren Kaur,wren.kaur13@mail.example,Riverside,Student,29.00,2026-01-01,,Active
FH11398,Raj Mills,raj.mills79@mail.example,Riverside,Student,29.00,2026-01-16,,Active
FH11399,Dan Shah,dan.shah18@mail.example,Riverside,Monthly,52.00,2026-01-13,,Active
FH11400,Vik Park,vik.park82@mail.example,Riverside,Annual,38.00,2026-01-05,,Active
FH11401,Jon Dunn,jon.dunn37@mail.example,Riverside,Corporate,35.00,2026-01-04,,Active
FH11402,Ola Nowak,ola.nowak3@mail.example,Riverside,Monthly,52.00,2026-01-07,,Active
FH11403,Amir Mills,amir.mills63@mail.example,Riverside,Annual,38.00,2026-01-11,,Active
FH11404,Ola Tan,ola.tan77@mail.example,Riverside,Annual,38.00,2026-01-25,,Active
FH11405,Nils Ito,nils.ito30@mail.example,Riverside,Annual,38.00,2026-01-08,,Active
FH11406,Leo Kaur,leo.kaur97@mail.example,Riverside,Corporate,35.00,2026-01-27,,Active
FH11407,Maya Kaur,maya.kaur72@mail.example,Old Town,Monthly,45.00,2026-01-07,,Active
FH11408,Farid Adams,farid.adams15@mail.example,Old Town,Annual,38.00,2026-01-21,,Active
FH11409,Gia Bello,gia.bello79@mail.example,Old Town,Annual,38.00,2026-01-19,,Active
FH11410,Cara Costa,cara.costa48@mail.example,Old Town,Student,29.00,2026-01-31,,Active
FH11411,Gia Hale,gia.hale65@mail.example,Old Town,Annual,38.00,2026-01-27,,Active
FH11412,Farid Grant,farid.grant79@mail.example,Old Town,Annual,38.00,2026-01-09,,Active
FH11413,Dan Ito,dan.ito18@mail.example,Old Town,Corporate,35.00,2026-01-14,,Active
FH11414,Pia Dunn,pia.dunn1@mail.example,Old Town,Annual,38.00,2026-01-06,,Active
FH11415,Kemi Kaur,kemi.kaur55@mail.example,Old Town,Monthly,45.00,2026-01-01,,Active
FH11416,Gia Quinn,gia.quinn60@mail.example,Old Town,Monthly,45.00,2026-01-19,,Active
FH11417,Nils Dunn,nils.dunn74@mail.example,Old Town,Corporate,35.00,2026-01-17,,Active
FH11418,Jon Jensen,jon.jensen35@mail.example,Old Town,Student,29.00,2026-01-05,2026-05-16,Cancelled
FH11419,Maya Grant,maya.grant75@mail.example,Old Town,Annual,38.00,2026-01-04,2026-07-31,Cancelled
FH11420,Bea Ekwueme,bea.ekwueme23@mail.example,Old Town,Monthly,45.00,2026-01-20,,Active
FH11421,Jon Fox,jon.fox58@mail.example,Oldtown,Monthly,45.00,2026-01-27,2026-08-13,Cancelled
FH11422,Dan Hale,dan.hale6@mail.example,Old Town,Corporate,35.00,2026-01-10,2026-06-06,Cancelled
FH11423,Dan Costa,dan.costa93@mail.example,Old Town,Monthly,45.00,2026-01-20,,Active
FH11424,Amir Shah,amir.shah60@mail.example,OLD TOWN,Monthly,45.00,2026-01-29,,Active
FH11425,Eve Reid,eve.reid40@mail.example,Old Town,Corporate,35.00,2026-01-24,,Active
FH11426,Nils Adams,nils.adams90@mail.example,Old Town,Annual,38.00,2026-01-31,,Active
FH11427,Pia Wood,pia.wood65@mail.example,OLD TOWN,Monthly,45.00,2026-01-16,,Active
FH11428,Pia Mills,pia.mills23@mail.example,OLD TOWN,Annual,38.00,2026-01-12,,Active
FH11429,Gia Quinn,gia.quinn81@mail.example,Old Town,Annual,38.00,2026-01-04,,Active
FH11430,Ola Shah,ola.shah67@mail.example,Old Town,Monthly,45.00,2026-01-17,,Active
FH11431,Yusuf Reid,yusuf.reid45@mail.example,Northgate,Student,29.00,2026-02-15,,Active
FH11432,Maya Young,maya.young7@mail.example,Northgate,Annual,38.00,2026-02-24,,Active
FH11433,Jon Tan,jon.tan78@mail.example,Northgate,Annual,38.00,2026-02-05,,Active
FH11434,Ava Grant,ava.grant44@mail.example,Northgate,Student,29.00,2026-02-08,,Active
FH11435,Cara Bello,cara.bello13@mail.example,Northgate,Corporate,35.00,2026-02-27,,Active
FH11436,Uma Zhou,uma.zhou41@mail.example,Northgate,Student,29.00,2026-02-02,,Active
FH11437,Maya Costa,maya.costa35@mail.example,Northgate,Annual,38.00,2026-02-17,,Active
FH11438,Kemi Hale,kemi.hale42@mail.example,Northgate,Monthly,45.00,2026-02-19,,Active
FH11439,Kemi Ekwueme,kemi.ekwueme22@mail.example,Northgate,Monthly,45.00,2026-02-19,,Active
FH11440,Zara Zhou,zara.zhou16@mail.example,Northgate,Student,29.00,2026-02-12,,Active
FH11441,Theo Wood,theo.wood5@mail.example,Northgate,Annual,38.00,2026-02-27,,Active
FH11442,Maya Costa,maya.costa33@mail.example,Northgate,Student,29.00,2026-02-08,,Active
FH11443,Dina Bello,dina.bello94@mail.example,Northgate,Monthly,45.00,2026-02-25,,Active
FH11444,Pia Costa,pia.costa58@mail.example,Northgate,Student,29.00,2026-02-14,,Active
FH11445,Kemi Grant,kemi.grant26@mail.example,Northgate,Monthly,45.00,2026-02-21,,Active
FH11446,Zara Nowak,zara.nowak20@mail.example,Northgate,Monthly,45.00,2026-02-22,,Active
FH11447,Yusuf Jensen,yusuf.jensen69@mail.example,Northgate,Monthly,45.00,2026-02-14,,Active
FH11448,Ben Shah,ben.shah85@mail.example,Northgate,Monthly,45.00,2026-02-16,,Active
FH11449,Uma Costa,uma.costa70@mail.example,Northgate,Monthly,45.00,2026-02-21,,Active
FH11450,Zara Shah,zara.shah85@mail.example,Northgate,Monthly,45.00,2026-02-16,,Active
FH11451,Yusuf Hale,yusuf.hale23@mail.example,Riverside,Student,29.00,2026-02-18,,Active
FH11452,Iris Mills,iris.mills44@mail.example,Riverside,Monthly,52.00,2026-02-16,2026-06-16,Cancelled
FH11453,Cara Young,cara.young77@mail.example,Riverside,Corporate,35.00,2026-02-06,,Active
FH11454,Eve Kaur,eve.kaur47@mail.example,Riverside,Monthly,52.00,2026-02-23,2026-06-16,Cancelled
FH11455,Raj Lowe,raj.lowe99@mail.example,Riverside,Monthly,52.00,2026-02-19,,Active
FH11456,Eve Park,eve.park84@mail.example,Riverside,Annual,38.00,2026-02-25,,Active
FH11457,Bea Zhou,bea.zhou37@mail.example,Riverside,Corporate,35.00,14/02/2026,2026-03-03,Cancelled
FH11458,Uma Costa,uma.costa11@mail.example,Riverside,Monthly,52.00,2026-02-07,,Active
FH11459,Zara Tan,zara.tan89@mail.example,Riverside,Student,29.00,2026-02-16,,Active
FH11460,Caleb Quinn,caleb.quinn65@mail.example,Riverside,Monthly,52.00,2026-02-20,,Active
FH11461,Caleb Ortiz,caleb.ortiz42@mail.example,Riverside,Monthly,52.00,2026-02-01,2026-04-01,Cancelled
FH11462,Maya Ortiz,maya.ortiz73@mail.example,Riverside,Monthly,52.00,2026-02-10,,Active
FH11463,Zara Jensen,zara.jensen16@mail.example,Riverside,Corporate,35.00,2026-02-17,,Active
FH11464,Wren Varga,wren.varga32@mail.example,Riverside,Monthly,52.00,2026-02-22,,Active
FH11465,Hugo Reid,hugo.reid62@mail.example,Riverside,Annual,38.00,2026-02-05,,Active
FH11466,Uma Ortiz,uma.ortiz76@mail.example,Riverside,Monthly,52.00,2026-02-18,,Active
FH11467,Dan Kaur,dan.kaur74@mail.example,Old Town,Student,29.00,2026-02-02,,Active
FH11468,Dina Jensen,dina.jensen38@mail.example,Old Town,Monthly,45.00,2026-02-08,,Active
FH11469,Ava Reid,ava.reid52@mail.example,Old Town,Monthly,45.00,2026-02-03,,Active
FH11470,Sana Lowe,sana.lowe21@mail.example,Old Town,Monthly,45.00,2026-02-11,,Active
FH11471,Kemi Zhou,kemi.zhou87@mail.example,Old Town,Corporate,35.00,2026-02-05,,Active
FH11472,Bea Quinn,bea.quinn52@mail.example,Old Town,Monthly,45.00,2026-02-24,,Active
FH11473,Dan Tan,dan.tan71@mail.example,Old Town,Monthly,45.00,2026-02-05,2026-03-24,Cancelled
FH11474,Uma Jensen,uma.jensen86@mail.example,Old Town,Annual,38.00,2026-02-18,,Active
FH11475,Hugo Ekwueme,hugo.ekwueme31@mail.example,Old Town,Monthly,45.00,2026-02-21,,Active
FH11476,Jon Nowak,jon.nowak28@mail.example,Old Town,Annual,38.00,24/02/2026,,Active
FH11477,Amir Zhou,amir.zhou76@mail.example,Old Town,Monthly,45.00,2026-02-12,,Active
FH11478,Raj Young,raj.young85@mail.example,Old Town,Student,29.00,2026-02-27,,Active
FH11479,Hugo Dunn,hugo.dunn96@mail.example,Old Town,Monthly,45.00,2026-02-13,,Active
FH11480,Jon Quinn,jon.quinn18@mail.example,Northgate,Corporate,35.00,2026-03-10,,Active
FH11481,Vik Mills,vik.mills17@mail.example,Northgate,Annual,38.00,2026-03-24,,Active
FH11482,Caleb Kaur,caleb.kaur34@mail.example,Northgate,Annual,38.00,2026-03-13,,Active
FH11483,Eve Jensen,eve.jensen50@mail.example,Northgate,Student,29.00,2026-03-23,,Active
FH11484,Hugo Lowe,hugo.lowe31@mail.example,Northgate,Annual,38.00,2026-03-29,,Active
FH11485,Amir Ito,amir.ito19@mail.example,Northgate,Monthly,45.00,2026-03-24,,Active
FH11486,Uma Tan,uma.tan78@mail.example,Northgate,Annual,38.00,2026-03-19,,Active
FH11487,Maya Ito,maya.ito3@mail.example,Northgate,Monthly,45.00,2026-03-28,,Active
FH11488,Zara Bello,zara.bello77@mail.example,Northgate,Monthly,45.00,2026-03-30,,Active
FH11489,Farid Adams,farid.adams85@mail.example,Northgate,Monthly,45.00,2026-03-13,,Active
FH11490,Uma Lowe,uma.lowe17@mail.example,Northgate,Monthly,45.00,2026-03-15,,Active
FH11491,Ola Kaur,ola.kaur79@mail.example,Northgate,Corporate,35.00,2026-03-06,,Active
FH11492,Ben Fox,ben.fox97@mail.example,Northgate,Monthly,45.00,2026-03-14,,Active
FH11493,Farid Jensen,farid.jensen91@mail.example,Northgate,Corporate,35.00,05/03/2026,,Active
FH11494,Leo Zhou,leo.zhou68@mail.example,Northgate,Monthly,45.00,2026-03-22,,Active
FH11495,Eve Ekwueme,eve.ekwueme4@mail.example,Northgate,Monthly,45.00,2026-03-24,,Active
FH11496,Amir Varga,amir.varga84@mail.example,Northgate,Annual,38.00,2026-03-25,,Active
FH11497,Dan Hale,dan.hale5@mail.example,Northgate,Monthly,45.00,2026-03-07,,Active
FH11498,Jon Quinn,jon.quinn49@mail.example,Northgate,Monthly,45.00,2026-03-07,,Active
FH11499,Dina Young,dina.young94@mail.example,Riverside,Corporate,35.00,2026-03-26,,Active
FH11500,Gia Kaur,gia.kaur19@mail.example,Riverside,Monthly,52.00,2026-03-26,,Active
FH11501,Nils Dunn,nils.dunn30@mail.example,Riverside,Monthly,52.00,2026-03-23,2026-04-28,Cancelled
FH11502,Dan Kaur,dan.kaur56@mail.example,Riverside,Corporate,35.00,2026-03-21,,Active
FH11503,Iris Bello,iris.bello93@mail.example,Riverside,Monthly,52.00,2026-03-25,,Active
FH11504,Hugo Shah,hugo.shah86@mail.example,Riverside,Monthly,52.00,2026-03-27,,Active
FH11505,Ava Ortiz,ava.ortiz62@mail.example,Riverside,Annual,38.00,2026-03-07,,Active
FH11506,Theo Reid,theo.reid19@mail.example,Riverside,Student,29.00,2026-03-25,,Active
FH11507,Kemi Varga,kemi.varga5@mail.example,Riverside,Monthly,52.00,2026-03-14,2026-05-07,Cancelled
FH11508,Farid Grant,farid.grant4@mail.example,Riverside,Monthly,52.00,2026-03-19,,Active
FH11509,Jon Jensen,jon.jensen1@mail.example,Riverside,Student,29.00,2026-03-25,,Active
FH11510,Amir Ito,amir.ito81@mail.example,Riverside,Student,29.00,2026-03-26,,Active
FH11511,Jon Costa,jon.costa38@mail.example,Riverside,Monthly,52.00,2026-03-10,,Active
FH11512,Kemi Park,kemi.park48@mail.example,Riverside,Monthly,52.00,2026-03-29,,Active
FH11513,Farid Ito,farid.ito65@mail.example,Riverside,Monthly,52.00,2026-03-02,2026-05-18,Cancelled
FH11514,Theo Tan,theo.tan61@mail.example,Riverside,Annual,38.00,2026-03-06,,Active
FH11515,Iris Nowak,iris.nowak42@mail.example,Riverside,Monthly,52.00,2026-03-18,,Active
FH11516,Jon Ortiz,jon.ortiz98@mail.example,Riverside,Student,29.00,2026-03-24,2026-04-14,Cancelled
FH11517,Cara Grant,cara.grant50@mail.example,Riverside,Student,29.00,2026-03-19,,Active
FH11518,Pia Dunn,pia.dunn84@mail.example,Riverside,Monthly,52.00,2026-03-10,2026-04-16,Cancelled
FH11519,Ola Grant,ola.grant4@mail.example,Riverside,Corporate,35.00,2026-03-31,,Active
FH11520,Farid Lowe,farid.lowe8@mail.example,Oldtown,Annual,$38.00,2026-03-01,,Active
FH11521,Cara Ito,cara.ito98@mail.example,Old Town,Student,29.00,2026-03-19,,Active
FH11522,Cara Hale,cara.hale25@mail.example,Old Town,Corporate,35.00,2026-03-04,2026-05-19,Cancelled
FH11523,Pia Bello,pia.bello83@mail.example,Old Town,Monthly,45.00,2026-03-03,,Active
FH11524,Ava Fox,ava.fox21@mail.example,Old Town,Corporate,35.00,2026-03-05,,Active
FH11525,Gia Wood,gia.wood95@mail.example,Oldtown,Student,29.00,2026-03-06,2026-06-16,Cancelled
FH11526,Yusuf Park,yusuf.park95@mail.example,Old Town,Monthly,45.00,2026-03-24,,Active
FH11527,Eve Lowe,eve.lowe78@mail.example,Old Town,Annual,38.00,2026-03-10,2026-05-19,Cancelled
FH11528,Eve Nowak,eve.nowak78@mail.example,Old Town,Corporate,35.00,2026-03-23,,Active
FH11529,Cara Fox,cara.fox45@mail.example,Old Town,Monthly,45.00,2026-03-25,,Active
FH11530,Farid Bello,farid.bello47@mail.example,Old Town,Monthly,45.00,2026-03-05,,Active
FH11531,Sana Ekwueme,sana.ekwueme18@mail.example,Old Town,Monthly,45.00,2026-03-10,,Active
FH11532,Ben Ito,ben.ito98@mail.example,Old Town,Monthly,45.00,2026-03-02,,Active
FH11533,Iris Park,iris.park30@mail.example,Old Town,Corporate,35.00,2026-03-23,,Active
FH11534,Leo Zhou,leo.zhou94@mail.example,Old Town,Monthly,45.00,2026-03-14,2026-07-30,Cancelled
FH11535,Nils Jensen,nils.jensen38@mail.example,Old Town,Monthly,45.00,2026-03-21,2026-07-15,Cancelled
FH11536,Kemi Jensen,kemi.jensen40@mail.example,Northgate,Annual,38.00,2026-04-30,,Active
FH11537,Amir Varga,amir.varga48@mail.example,Northgate,Annual,38.00,2026-04-19,,Active
FH11538,Sana Nowak,sana.nowak1@mail.example,Northgate,Monthly,45.00,06/04/2026,,Active
FH11539,Caleb Grant,caleb.grant95@mail.example,Northgate,Corporate,$35.00,2026-04-13,,Active
FH11540,Farid Varga,farid.varga14@mail.example,Northgate,Corporate,35.00,2026-04-24,2026-07-19,Cancelled
FH11541,Hugo Park,hugo.park49@mail.example,Northgate,Monthly,45.00,2026-04-14,,Active
FH11542,Theo Mills,theo.mills92@mail.example,Northgate,Student,29.00,2026-04-01,,Active
FH11543,Nils Bello,nils.bello95@mail.example,Northgate,Student,29.00,2026-04-29,,Active
FH11544,Wren Mills,wren.mills6@mail.example,Northgate,Annual,38.00,2026-04-06,,Active
FH11545,Farid Shah,farid.shah11@mail.example,Northgate,Monthly,45.00,2026-04-24,,Active
FH11546,Leo Reid,leo.reid40@mail.example,Northgate,Corporate,35.00,2026-04-09,2026-08-04,Cancelled
FH11547,Dan Costa,dan.costa66@mail.example,Northgate,Monthly,45.00,2026-04-15,,Active
FH11548,Caleb Jensen,caleb.jensen79@mail.example,Northgate,Annual,38.00,2026-04-06,,Active
FH11549,Dina Varga,dina.varga88@mail.example,Northgate,Corporate,35.00,2026-04-12,,Active
FH11550,Dan Reid,dan.reid99@mail.example,Northgate,Monthly,45.00,2026-04-17,,Active
FH11551,Leo Fox,leo.fox40@mail.example,Northgate,Monthly,45.00,2026-04-11,,Active
FH11552,Dan Mills,dan.mills54@mail.example,Northgate,Annual,38.00,2026-04-16,,Active
FH11553,Amir Adams,amir.adams54@mail.example,Northgate,Monthly,45.00,2026-04-19,,Active
FH11554,Sana Shah,sana.shah75@mail.example,Northgate,Monthly,45.00,2026-04-02,n/a,Active
FH11555,Dina Tan,dina.tan26@mail.example,Northgate,Monthly,45.00,2026-04-09,,Active
FH11556,Vik Wood,vik.wood30@mail.example,Riverside,Monthly,52.00,2026-04-04,,Active
FH11557,Dan Jensen,dan.jensen31@mail.example,Riverside,Annual,38.00,2026-04-22,,Active
FH11558,Vik Bello,vik.bello56@mail.example,Riverside,Monthly,52.00,2026-04-17,,Active
FH11559,Eve Adams,eve.adams7@mail.example,Riverside,Monthly,52.00,2026-04-18,2026-05-15,Cancelled
FH11560,Farid Ortiz,farid.ortiz96@mail.example,Riverside,Monthly,52.00,2026-04-18,,Active
FH11561,Farid Quinn,farid.quinn39@mail.example,Riverside,Student,29.00,2026-04-11,,Active
FH11562,Kemi Nowak,kemi.nowak38@mail.example,Riverside,Monthly,52.00,2026-04-07,,Active
FH11563,Kemi Wood,kemi.wood64@mail.example,Riverside,Student,29.00,2026-04-26,,Active
FH11564,Ola Lowe,ola.lowe20@mail.example,Riverside,Monthly,52.00,2026-04-26,2026-06-26,Cancelled
FH11565,Hugo Ekwueme,hugo.ekwueme12@mail.example,Riverside,Annual,38.00,2026-04-08,,Active
FH11566,Gia Ortiz,gia.ortiz11@mail.example,Riverside ,Annual,38.00,2026-04-29,,Active
FH11567,Raj Dunn,raj.dunn8@mail.example,Riverside,Monthly,52.00,2026-04-08,,Active
FH11568,Theo Park,theo.park72@mail.example,Riverside,Annual,38.00,2026-04-12,,Active
FH11569,Farid Ortiz,farid.ortiz79@mail.example,Riverside,Annual,38.00,2026-04-08,08/08/2026,Cancelled
FH11570,Ava Young,ava.young59@mail.example,Riverside,Corporate,35.00,2026-04-15,,Active
FH11571,Ola Ito,ola.ito26@mail.example,Riverside,Corporate,35.00,2026-04-20,,Active
FH11572,Zara Dunn,zara.dunn3@mail.example,Riverside ,Student,29.00,2026-04-27,,Active
FH11573,Farid Lowe,farid.lowe19@mail.example,Riverside,Student,29.00,2026-04-23,,Active
FH11574,Vik Quinn,vik.quinn93@mail.example,Old Town,Monthly,45.00,2026-04-25,,Active
FH11575,Gia Grant,gia.grant34@mail.example,Old Town,Student,29.00,2026-04-09,,Active
FH11576,Uma Quinn,uma.quinn6@mail.example,Old Town,Annual,38.00,2026-04-23,,Active
FH11577,Sana Mills,sana.mills14@mail.example,Old Town,Monthly,45.00,2026-04-22,,Active
FH11578,Pia Grant,pia.grant42@mail.example,Old Town,Annual,38.00,2026-04-28,,Active
FH11579,Iris Hale,iris.hale96@mail.example,Old Town,Monthly,45.00,2026-04-21,,Active
FH11580,Ola Varga,ola.varga36@mail.example,Old Town,Monthly,45.00,2026-04-29,,Active
FH11581,Maya Shah,maya.shah71@mail.example,Old Town,Annual,38.00,2026-04-06,,Active
FH11582,Vik Park,vik.park54@mail.example,Old Town,Monthly,45.00,2026-04-29,,Active
FH11583,Theo Grant,theo.grant17@mail.example,Old Town,Monthly,45.00,2026-04-17,2026-05-12,Cancelled
FH11584,Vik Reid,vik.reid56@mail.example,Old Town,Student,29.00,2026-04-20,,Active
FH11585,Sana Varga,sana.varga78@mail.example,Old Town,Corporate,35.00,2026-04-17,2026-07-02,Cancelled
FH11586,Sana Nowak,sana.nowak94@mail.example,Old Town,Monthly,45.00,2026-04-13,,Active
FH11587,Hugo Zhou,hugo.zhou89@mail.example,Northgate,Monthly,45.00,2026-05-23,,Active
FH11588,Caleb Young,caleb.young8@mail.example,Northgate,Student,29.00,2026-05-10,,Active
FH11589,Pia Mills,pia.mills68@mail.example,Northgate,Monthly,45.00,2026-05-21,,Active
FH11590,Farid Shah,farid.shah6@mail.example,Northgate,Student,29.00,2026-05-24,,Active
FH11591,Ava Varga,ava.varga58@mail.example,Northgate,Monthly,45.00,2026-05-03,,Active
FH11592,Maya Ito,maya.ito10@mail.example,Northgate,Student,29.00,21/05/2026,,Active
FH11593,Eve Adams,eve.adams57@mail.example,Northgate,Annual,38.00,2026-05-05,,Active
FH11594,Ben Reid,ben.reid69@mail.example,Northgate,Annual,38.00,2026-05-13,,Active
FH11595,Maya Lowe,maya.lowe75@mail.example,Northgate,Monthly,45.00,2026-05-20,,Active
FH11596,Gia Jensen,gia.jensen72@mail.example,Northgate,Annual,38.00,2026-05-16,,Active
FH11597,Amir Park,amir.park47@mail.example,Northgate,Monthly,45.00,2026-05-26,2026-08-06,Cancelled
FH11598,Sana Ekwueme,sana.ekwueme21@mail.example,Northgate,Monthly,45.00,2026-05-24,,Active
FH11599,Wren Tan,wren.tan93@mail.example,Northgate,Student,29.00,2026-05-08,2026-07-17,Cancelled
FH11600,Sana Adams,sana.adams86@mail.example,Northgate,Monthly,45.00,2026-05-01,,Active
FH11601,Eve Quinn,eve.quinn33@mail.example,Northgate,Student,29.00,2026-05-07,,Active
FH11602,Maya Jensen,maya.jensen49@mail.example,Northgate,Student,29.00,2026-05-18,,Active
FH11603,Iris Varga,iris.varga19@mail.example,Northgate,Corporate,35.00,2026-05-31,,Active
FH11604,Pia Zhou,pia.zhou67@mail.example,Northgate,Annual,38.00,2026-05-24,,Active
FH11605,Dan Quinn,dan.quinn5@mail.example,Northgate,Corporate,35.00,2026-05-07,2026-07-07,Cancelled
FH11606,Ola Varga,ola.varga22@mail.example,Northgate,Student,29.00,2026-05-27,2026-06-12,Cancelled
FH11607,Amir Jensen,amir.jensen94@mail.example,Northgate,Monthly,45.00,2026-05-23,,Active
FH11608,Iris Jensen,iris.jensen2@mail.example,Riverside,Monthly,52.00,2026-05-03,2026-06-17,Cancelled
FH11609,Bea Jensen,bea.jensen23@mail.example,Riverside,Student,29.00,2026-05-08,,Active
FH11610,Cara Ito,cara.ito53@mail.example,Riverside,Monthly,52.00,2026-05-16,,Active
FH11611,Kemi Bello,kemi.bello60@mail.example,Riverside,Monthly,52.00,2026-05-12,n/a,Active
FH11612,Nils Fox,nils.fox15@mail.example,Riverside,Monthly,52.00,2026-05-12,,Active
FH11613,Cara Lowe,cara.lowe18@mail.example,Riverside,Student,29.00,2026-05-19,,Active
FH11614,Farid Ortiz,farid.ortiz10@mail.example,Riverside,Monthly,52.00,2026-05-10,,Active
FH11615,Sana Ekwueme,sana.ekwueme74@mail.example,Riverside,Monthly,52.00,2026-05-27,2026-06-17,Cancelled
FH11616,Kemi Quinn,kemi.quinn23@mail.example,Riverside,Annual,38.00,2026-05-13,,Active
FH11617,Ben Hale,ben.hale97@mail.example,Riverside,Monthly,52.00,2026-05-27,,Active
FH11618,Maya Lowe,maya.lowe66@mail.example,Riverside,Annual,38.00,2026-05-10,,Active
FH11619,Dina Tan,dina.tan33@mail.example,Riverside,Corporate,35.00,2026-05-24,,Active
FH11620,Zara Adams,zara.adams12@mail.example,Riverside,Corporate,35.00,2026-05-05,,Active
FH11621,Raj Ortiz,raj.ortiz27@mail.example,Riverside,Monthly,52.00,2026-05-11,,Active
FH11622,Leo Grant,leo.grant65@mail.example,Riverside,Annual,38.00,2026-05-04,,Active
FH11623,Sana Ekwueme,sana.ekwueme75@mail.example,Riverside,Monthly,52.00,2026-05-02,2026-06-21,Cancelled
FH11624,Gia Varga,gia.varga36@mail.example,Riverside,Monthly,52.00,2026-05-24,2026-06-03,Cancelled
FH11625,Iris Nowak,iris.nowak24@mail.example,Riverside,Monthly,52.00,2026-05-21,,Active
FH11626,Eve Dunn,eve.dunn35@mail.example,Riverside,Student,29.00,2026-05-15,,Active
FH11627,Nils Costa,nils.costa79@mail.example,Old Town,Monthly,45.00,2026-05-05,,Active
FH11628,Raj Shah,raj.shah17@mail.example,Old Town,Annual,38.00,2026-05-08,,Active
FH11629,Bea Bello,bea.bello26@mail.example,Old Town,Student,29.00,2026-05-08,,Active
FH11630,Leo Young,leo.young85@mail.example,Old Town,Monthly,45.00,2026-05-05,,Active
FH11631,Hugo Mills,hugo.mills30@mail.example,Old Town,Annual,38.00,2026-05-04,,Active
FH11632,Vik Bello,vik.bello81@mail.example,Old Town,Monthly,45.00,2026-05-21,,Active
FH11633,Pia Mills,pia.mills68@mail.example,Old Town,Monthly,45.00,2026-05-19,,Active
FH11634,Amir Grant,amir.grant48@mail.example,Old Town,Annual,38.00,2026-05-07,,Active
FH11635,Zara Reid,zara.reid12@mail.example,Old Town,Corporate,35.00,2026-05-17,,Active
FH11636,Nils Tan,nils.tan19@mail.example,Old Town,Annual,38.00,2026-05-19,,Active
FH11637,Gia Hale,gia.hale25@mail.example,Old Town,Student,29.00,2026-05-21,2026-08-02,Cancelled
FH11638,Maya Shah,maya.shah51@mail.example,Old Town,Student,29.00,2026-05-26,,Active
FH11639,Ben Tan,ben.tan18@mail.example,Old Town,Annual,38.00,2026-05-20,,Active
FH11640,Dina Ortiz,dina.ortiz41@mail.example,Old Town,Monthly,45.00,2026-05-31,,Active
FH11639,Ben Tan,ben.tan18@mail.example,Old Town,Annual,38.00,2026-05-20,,Active
FH11641,Leo Varga,leo.varga56@mail.example,Old Town,Monthly,45.00,2026-05-13,2026-08-20,Cancelled
FH11642,Uma Dunn,uma.dunn48@mail.example,Northgate,Annual,38.00,2026-06-09,,Active
FH11643,Theo Tan,theo.tan62@mail.example,Northgate,Student,29.00,2026-06-25,,Active
FH11644,Ava Quinn,ava.quinn56@mail.example,Northgate,Annual,38.00,2026-06-15,,Active
FH11645,Pia Ekwueme,pia.ekwueme62@mail.example,Northgate,Monthly,45.00,2026-06-26,,Active
FH11646,Nils Dunn,nils.dunn89@mail.example,Northgate,Annual,38.00,2026-06-01,,Active
TEST4,zz test member,frontdesk4@fieldhouse.test,Riverside,Monthly,0.00,2026-04-10,,Active
FH11647,Bea Wood,bea.wood17@mail.example,Northgate,Monthly,45.00,2026-06-20,,Active
FH11648,Iris Mills,iris.mills89@mail.example,Northgate,Student,$29.00,2026-06-03,,Active
FH11649,Raj Mills,raj.mills69@mail.example,Northgate,Corporate,35.00,2026-06-06,,Active
FH11650,Amir Park,amir.park31@mail.example,Northgate,Monthly,45.00,2026-06-22,,Active
FH11651,Cara Shah,cara.shah4@mail.example,Northgate,Monthly,45.00,2026-06-16,,Active
FH11652,Caleb Kaur,caleb.kaur96@mail.example,Northgate,Annual,38.00,2026-06-14,,Active
FH11653,Farid Nowak,farid.nowak10@mail.example,Northgate,Student,29.00,2026-06-20,2026-07-16,Cancelled
FH11654,Uma Nowak,uma.nowak71@mail.example,Northgate,Monthly,45.00,2026-06-07,,Active
FH11655,Amir Dunn,amir.dunn93@mail.example,Northgate,Monthly,45.00,2026-06-20,,Active
FH11656,Leo Reid,leo.reid63@mail.example,Northgate,Monthly,45.00,2026-06-29,,Active
FH11657,Caleb Kaur,caleb.kaur71@mail.example,Northgate,Student,29.00,2026-06-01,,Active
FH11658,Amir Young,amir.young27@mail.example,Northgate,Annual,38.00,2026-06-07,,Active
FH11659,Vik Mills,vik.mills8@mail.example,Northgate,Monthly,45.00,2026-06-25,,Active
FH11660,Pia Shah,pia.shah92@mail.example,Riverside,Monthly,52.00,2026-06-25,,Active
FH11661,Yusuf Nowak,yusuf.nowak76@mail.example,Riverside,Corporate,35.00,2026-06-15,,Active
FH11662,Ben Mills,ben.mills49@mail.example,Riverside,Monthly,52.00,2026-06-15,,Active
FH11663,Zara Costa,zara.costa3@mail.example,Riverside,Student,29.00,2026-06-07,,Active
FH11664,Dina Park,dina.park62@mail.example,Riverside,Student,29.00,2026-06-28,,Active
FH11665,Theo Adams,theo.adams51@mail.example,Riverside,Student,29.00,2026-06-27,,Active
FH11666,Eve Young,eve.young82@mail.example,Riverside,Corporate,35.00,2026-06-26,,Active
FH11667,Wren Zhou,wren.zhou82@mail.example,Riverside,Student,29.00,2026-06-27,,Active
FH11668,Hugo Park,hugo.park97@mail.example,Riverside,Monthly,52.00,2026-06-12,2026-08-08,Cancelled
FH11669,Sana Zhou,sana.zhou62@mail.example,Riverside,Monthly,52.00,2026-06-29,n/a,Active
FH11670,Leo Reid,leo.reid42@mail.example,Riverside,Monthly,52.00,2026-06-14,,Active
FH11671,Hugo Nowak,hugo.nowak46@mail.example,Riverside,Monthly,52.00,2026-06-28,,Active
FH11672,Zara Dunn,zara.dunn57@mail.example,Riverside,Student,29.00,2026-06-09,2026-07-08,Cancelled
FH11673,Leo Grant,leo.grant92@mail.example,Riverside,Monthly,52.00,2026-06-17,,Active
FH11674,Gia Grant,gia.grant55@mail.example,Riverside,Monthly,52.00,2026-06-17,,Active
FH11675,Kemi Tan,kemi.tan74@mail.example,Riverside,Student,29.00,2026-06-04,2026-07-16,Cancelled
FH11676,Cara Dunn,cara.dunn73@mail.example,Riverside,Monthly,52.00,2026-06-13,,Active
FH11677,Bea Ortiz,bea.ortiz88@mail.example,Riverside,Annual,38.00,2026-06-16,,Active
FH11678,Pia Costa,pia.costa8@mail.example,Riverside,Monthly,52.00,2026-06-22,,Active
FH11679,Theo Grant,theo.grant60@mail.example,Old Town,Monthly,45.00,2026-06-28,,Active
FH11680,Ava Ortiz,ava.ortiz99@mail.example,Old Town,Corporate,35.00,2026-06-22,,Active
FH11681,Eve Dunn,eve.dunn72@mail.example,Old Town,Student,29.00,2026-06-11,,Active
FH11682,Uma Grant,uma.grant97@mail.example,Old Town,Annual,38.00,2026-06-30,,Active
FH11683,Dan Ekwueme,dan.ekwueme83@mail.example,Old Town,Monthly,45.00,2026-06-19,,Active
FH11684,Theo Wood,theo.wood4@mail.example,Old Town,Corporate,35.00,2026-06-23,,Active
FH11685,Cara Hale,cara.hale99@mail.example,Old Town ,Student,29.00,2026-06-24,,Active
FH11686,Gia Nowak,gia.nowak15@mail.example,Old Town,Corporate,35.00,2026-06-01,,Active
FH11687,Iris Mills,iris.mills1@mail.example,Old Town,Corporate,35.00,2026-06-02,,Active
FH11688,Yusuf Kaur,yusuf.kaur48@mail.example,Old Town,Corporate,35.00,2026-06-08,,Active
FH11689,Raj Zhou,raj.zhou90@mail.example,Old Town,Student,29.00,2026-06-22,,Active
FH11690,Nils Varga,nils.varga60@mail.example,Old Town,Corporate,35.00,2026-06-24,,Active
FH11691,Leo Lowe,leo.lowe47@mail.example,Old Town,Student,29.00,2026-06-03,,Active
FH11692,Ola Varga,ola.varga82@mail.example,Old Town,Monthly,45.00,2026-06-22,,Active
FH11693,Cara Ito,cara.ito67@mail.example,Old Town,Monthly,45.00,2026-06-01,,Active
FH11694,Wren Ito,wren.ito39@mail.example,Old Town,Annual,$38.00,2026-06-13,,Active
FH11695,Theo Lowe,theo.lowe26@mail.example,Old Town,Monthly,45.00,2026-06-21,,Active
FH11696,Dan Ekwueme,dan.ekwueme63@mail.example,Old Town,Monthly,45.00,2026-06-16,,Active
FH11697,Raj Young,raj.young66@mail.example,Northgate,Student,29.00,2026-07-15,,Active
FH11698,Maya Adams,maya.adams46@mail.example,Northgate,Annual,38.00,2026-07-16,,Active
FH11699,Bea Nowak,bea.nowak81@mail.example,Northgate,Monthly,45.00,2026-07-18,,Active
FH11698,Maya Adams,maya.adams46@mail.example,Northgate,Annual,38.00,2026-07-16,,Active
FH11700,Zara Park,zara.park64@mail.example,Northgate,Student,29.00,2026-07-12,,Active
FH11701,Dan Ito,dan.ito70@mail.example,Northgate,Corporate,35.00,2026-07-12,2026-08-16,Cancelled
FH11702,Eve Reid,eve.reid51@mail.example,Northgate,Annual,38.00,2026-07-11,,Active
FH11703,Maya Bello,maya.bello59@mail.example,Northgate,Corporate,35.00,2026-07-23,,Active
FH11704,Kemi Park,kemi.park17@mail.example,Northgate,Annual,38.00,2026-07-05,,Active
FH11705,Bea Ekwueme,bea.ekwueme83@mail.example,Northgate,Monthly,45.00,2026-07-05,,Active
FH11706,Zara Dunn,zara.dunn75@mail.example,Northgate,Monthly,45.00,2026-07-01,,Active
FH11707,Yusuf Nowak,yusuf.nowak72@mail.example,Northgate,Monthly,45.00,2026-07-19,,Active
FH11708,Ben Tan,ben.tan69@mail.example,Northgate,Corporate,35.00,2026-07-13,,Active
FH11709,Bea Young,bea.young73@mail.example,Northgate,Monthly,45.00,2026-07-09,,Active
FH11710,Sana Ito,sana.ito87@mail.example,Northgate,Monthly,45.00,2026-07-10,,Active
FH11711,Wren Fox,wren.fox6@mail.example,Northgate,Annual,38.00,2026-07-30,,Active
FH11712,Uma Bello,uma.bello61@mail.example,Northgate,Monthly,45.00,2026-07-11,,Active
FH11713,Farid Ortiz,farid.ortiz98@mail.example,Northgate,Corporate,35.00,2026-07-23,,Active
FH11714,Dina Hale,dina.hale32@mail.example,Northgate,Monthly,45.00,2026-07-10,,Active
FH11715,Nils Zhou,nils.zhou58@mail.example,Northgate,Monthly,45.00,2026-07-08,,Active
FH11716,Maya Mills,maya.mills27@mail.example,Northgate,Student,29.00,2026-07-06,,Active
FH11717,Leo Costa,leo.costa94@mail.example,Northgate,Monthly,45.00,2026-07-14,,Active
FH11718,Eve Ito,eve.ito48@mail.example,Northgate,Monthly,45.00,2026-07-23,,Active
FH11719,Maya Hale,maya.hale18@mail.example,Northgate,Corporate,35.00,14/07/2026,,Active
FH11720,Ava Kaur,ava.kaur2@mail.example,Northgate,Student,29.00,2026-07-05,,Active
FH11721,Farid Tan,farid.tan27@mail.example,Riverside,Student,29.00,2026-07-25,,Active
FH11722,Vik Mills,vik.mills79@mail.example,Riverside,Corporate,35.00,2026-07-03,,Active
FH11723,Vik Costa,vik.costa53@mail.example,Riverside,Corporate,35.00,2026-07-08,,Active
FH11724,Jon Dunn,jon.dunn74@mail.example,Riverside,Corporate,35.00,2026-07-23,,Active
FH11725,Cara Zhou,cara.zhou16@mail.example,Riverside,Corporate,35.00,2026-07-17,,Active
FH11726,Maya Costa,maya.costa25@mail.example,Riverside,Monthly,52.00,2026-07-27,,Active
FH11727,Bea Ekwueme,bea.ekwueme69@mail.example,Riverside,Corporate,$35.00,2026-07-12,,Active
FH11728,Kemi Costa,kemi.costa68@mail.example,Riverside,Monthly,52.00,15/07/2026,,Active
FH11729,Ava Ekwueme,ava.ekwueme63@mail.example,Riverside,Student,29.00,2026-07-09,,Active
FH11730,Ava Costa,ava.costa70@mail.example,Riverside,Monthly,52.00,2026-07-22,,Active
FH11731,Jon Park,jon.park98@mail.example,Riverside,Student,29.00,2026-07-20,,Active
FH11732,Jon Quinn,jon.quinn79@mail.example,Riverside,Corporate,35.00,2026-07-18,,Active
FH11733,Cara Young,cara.young45@mail.example,Riverside,Corporate,35.00,2026-07-11,,Active
FH11734,Zara Grant,zara.grant47@mail.example,Riverside,Annual,38.00,2026-07-25,,Active
FH11735,Iris Ortiz,iris.ortiz28@mail.example,Riverside,Monthly,52.00,2026-07-12,,Active
FH11736,Sana Lowe,sana.lowe45@mail.example,Riverside,Monthly,52.00,2026-07-22,,Active
FH11737,Iris Wood,iris.wood11@mail.example,Riverside,Annual,38.00,2026-07-04,,Active
FH11738,Sana Nowak,sana.nowak32@mail.example,Old Town,Monthly,45.00,2026-07-24,,Active
FH11739,Hugo Reid,hugo.reid96@mail.example,Old Town,Corporate,35.00,24/07/2026,,Active
FH11740,Nils Shah,nils.shah9@mail.example,Old Town,Monthly,45.00,2026-07-21,,Active
FH11741,Gia Bello,gia.bello11@mail.example,Old Town,Monthly,45.00,2026-07-07,,Active
FH11742,Leo Adams,leo.adams1@mail.example,Oldtown,Annual,38.00,2026-07-17,,Active
FH11743,Uma Jensen,uma.jensen5@mail.example,Old Town,Corporate,35.00,2026-07-31,,Active
FH11744,Yusuf Tan,yusuf.tan86@mail.example,Old Town,Monthly,45.00,2026-07-18,,Active
FH11745,Raj Ortiz,raj.ortiz25@mail.example,Old Town,Corporate,35.00,2026-07-08,,Active
FH11746,Nils Varga,nils.varga90@mail.example,Old Town,Monthly,45.00,2026-07-31,,Active
FH11747,Sana Grant,sana.grant64@mail.example,Old Town,Monthly,45.00,2026-07-28,,Active
FH11748,Uma Zhou,uma.zhou54@mail.example,Old Town,Annual,38.00,2026-07-01,,Active
FH11749,Ava Kaur,ava.kaur99@mail.example,Oldtown,Corporate,35.00,2026-07-21,,Active
FH11750,Farid Adams,farid.adams15@mail.example,Northgate,Corporate,35.00,2026-08-23,,Active
FH11751,Eve Hale,eve.hale60@mail.example,Northgate,Annual,38.00,2026-08-06,,Active
FH11752,Gia Wood,gia.wood4@mail.example,Northgate,Monthly,45.00,2026-08-24,,Active
FH11753,Theo Hale,theo.hale22@mail.example,Northgate,Corporate,35.00,2026-08-27,,Active
FH11754,Bea Reid,bea.reid85@mail.example,Northgate,Monthly,45.00,2026-08-24,,Active
FH11755,Caleb Ito,caleb.ito16@mail.example,Northgate,Monthly,45.00,2026-08-01,,Active
FH11756,Raj Grant,raj.grant23@mail.example,Northgate,Monthly,45.00,2026-08-07,n/a,Active
FH11757,Leo Lowe,leo.lowe5@mail.example,Northgate,Annual,38.00,2026-08-18,,Active
FH11758,Dan Mills,dan.mills94@mail.example,Northgate,Annual,38.00,2026-08-23,,Active
FH11759,Ava Park,ava.park53@mail.example,Northgate,Monthly,45.00,2026-08-13,,Active
FH11760,Caleb Dunn,caleb.dunn30@mail.example,Northgate,Monthly,45.00,2026-08-28,,Active
FH11761,Eve Ortiz,eve.ortiz94@mail.example,Northgate,Monthly,45.00,2026-08-17,,Active
FH11762,Farid Hale,farid.hale84@mail.example,Northgate,Monthly,45.00,2026-08-20,,Active
FH11763,Pia Varga,pia.varga35@mail.example,Northgate,Student,29.00,2026-08-01,,Active
FH11764,Sana Zhou,sana.zhou91@mail.example,Riverside,Annual,38.00,2026-08-07,,Active
FH11765,Ava Lowe,ava.lowe26@mail.example,Riverside,Monthly,52.00,2026-08-14,,Active
FH11766,Farid Zhou,farid.zhou48@mail.example,Riverside,Student,29.00,2026-08-28,,Active
FH11767,Pia Dunn,pia.dunn35@mail.example,Riverside,Corporate,35.00,2026-08-04,,Active
FH11768,Raj Ito,raj.ito5@mail.example,Riverside,Monthly,52.00,2026-08-02,,Active
FH11769,Dan Ekwueme,dan.ekwueme13@mail.example,Riverside,Annual,38.00,2026-08-20,,Active
FH11770,Pia Adams,pia.adams3@mail.example,Riverside,Student,29.00,2026-08-26,,Active
FH11771,Yusuf Zhou,yusuf.zhou86@mail.example,Riverside,Monthly,52.00,2026-08-31,,Active
FH11772,Cara Dunn,cara.dunn28@mail.example,Riverside,Annual,38.00,2026-08-29,,Active
FH11773,Wren Kaur,wren.kaur29@mail.example,Riverside,Monthly,52.00,2026-08-27,,Active
FH11774,Dina Dunn,dina.dunn68@mail.example,Riverside,Annual,38.00,2026-08-24,n/a,Active
FH11775,Gia Ito,gia.ito36@mail.example,Riverside ,Monthly,52.00,2026-08-29,,Active
FH11776,Yusuf Tan,yusuf.tan61@mail.example,Oldtown,Annual,38.00,2026-08-31,,Active
FH11777,Maya Fox,maya.fox1@mail.example,Old Town,Corporate,35.00,2026-08-27,,Active
FH11778,Pia Jensen,pia.jensen64@mail.example,Old Town,Annual,38.00,2026-08-11,,Active
FH11779,Raj Kaur,raj.kaur41@mail.example,Old Town,Monthly,45.00,2026-08-19,,Active
FH11780,Pia Kaur,pia.kaur93@mail.example,Old Town,Student,29.00,2026-08-25,,Active
FH11781,Ava Ito,ava.ito27@mail.example,Old Town,Corporate,35.00,2026-08-31,n/a,Active
FH11782,Wren Bello,wren.bello18@mail.example,Old Town,Student,29.00,2026-08-14,,Active
FH11783,Ava Adams,ava.adams22@mail.example,Old Town,Monthly,45.00,2026-08-27,,Active
FH11784,Dan Grant,dan.grant50@mail.example,Old Town,Student,29.00,2026-08-26,,Active
FH11785,Caleb Tan,caleb.tan5@mail.example,Old Town,Corporate,35.00,2026-08-27,,Active
FH11786,Amir Adams,amir.adams65@mail.example,Old Town,Monthly,45.00,2026-08-26,,Active
,,,,,,,,
Total rows: 1806,,,,,,,,
