Count Date,Restaurant,Ingredient,Qty On Hand,Unit,Value At Cost
2025-01-31,Olive & Ember Downtown,Beef mince,43.06,kg,806.51
2025-01-31,Olive & Ember Downtown,Ribeye steak,12.42,kg,474.2
2025-01-31,Olive & Ember Downtown,Chicken breast,20.54,kg,270.31
2025-01-31,Olive & Ember Downtown,Pork sausage,17.9,kg,223.03
2025-01-31,Olive & Ember Downtown,Lamb shoulder,6.52,kg,138.16
2025-01-31,Olive & Ember Downtown,Salmon fillet,10.79,kg,391.78
2025-01-31,Olive & Ember Downtown,Prawns,10.63,kg,276.59
2025-01-31,Olive & Ember Downtown,Calamari,9.61,kg,167.41
2025-01-31,Olive & Ember Downtown,Mozzarella,49.43,kg,627.27
2025-01-31,Olive & Ember Downtown,Parmesan,3.58,kg,103.96
2025-01-31,Olive & Ember Downtown,Butter,11.35,kg,123.83
2025-01-31,Olive & Ember Downtown,Cream,3.33,l,21.18
2025-01-31,Olive & Ember Downtown,Milk,48.46,l,80.93
2025-01-31,Olive & Ember Downtown,Eggs,286,each,117.26
2025-01-31,Olive & Ember Downtown,Mascarpone,5.15,kg,73.7
2025-01-31,Olive & Ember Downtown,Tomatoes,42.04,kg,189.6
2025-01-31,Olive & Ember Downtown,Lettuce,18.03,kg,92.49
2025-01-31,Olive & Ember Downtown,Onions,5.49,kg,9.94
2025-01-31,Olive & Ember Downtown,Potatoes,102.47,kg,148.58
2025-01-31,Olive & Ember Downtown,Mushrooms,11.57,kg,113.5
2025-01-31,Olive & Ember Downtown,Lemons,8.69,kg,36.76
2025-01-31,Olive & Ember Downtown,Basil,0.74,kg,24.39
2025-01-31,Olive & Ember Downtown,Garlic,1.39,kg,12.47
2025-01-31,Olive & Ember Downtown,Pizza flour,185.56,kg,283.91
2025-01-31,Olive & Ember Downtown,Pasta,29.2,kg,95.78
2025-01-31,Olive & Ember Downtown,Arborio rice,7.62,kg,33.99
2025-01-31,Olive & Ember Downtown,Olive oil,31.41,l,389.8
2025-01-31,Olive & Ember Downtown,Burger buns,390,each,226.2
2025-01-31,Olive & Ember Downtown,Bread loaf,99,each,216.81
2025-01-31,Olive & Ember Downtown,Sugar,24.42,kg,39.8
2025-01-31,Olive & Ember Downtown,Chocolate,14.87,kg,226.62
2025-01-31,Olive & Ember Downtown,Truffle paste,1.4,kg,165.56
2025-01-31,Olive & Ember Downtown,Coffee beans,23.7,kg,616.2
2025-01-31,Olive & Ember Downtown,Lemonade syrup,30.44,l,257.22
2025-02-28,Olive & Ember Downtown,Beef mince,33.47,kg,625.89
2025-02-28,Olive & Ember Downtown,Ribeye steak,12.9,kg,501.42
2025-02-28,Olive & Ember Downtown,Chicken breast,16.25,kg,213.04
2025-02-28,Olive & Ember Downtown,Pork sausage,16.08,kg,199.87
2025-02-28,Olive & Ember Downtown,Lamb shoulder,7.51,kg,163.12
2025-02-28,Olive & Ember Downtown,Salmon fillet,10.49,kg,375.96
2025-02-28,Olive & Ember Downtown,Prawns,13.19,kg,348.08
2025-02-28,Olive & Ember Downtown,Calamari,11.38,kg,194.94
2025-02-28,Olive & Ember Downtown,Mozzarella,49.55,kg,628.29
2025-02-28,Olive & Ember Downtown,Parmesan,3.78,kg,109.85
2025-02-28,Olive & Ember Downtown,Butter,13.55,kg,148.51
2025-02-28,Olive & Ember Downtown,Cream,4.03,l,25.59
2025-02-28,Olive & Ember Downtown,Milk,40.29,l,66.88
2025-02-28,Olive & Ember Downtown,Eggs,324,each,132.84
2025-02-28,Olive & Ember Downtown,Mascarpone,7.99,kg,115.78
2025-02-28,Olive & Ember Downtown,Tomatoes,47.32,kg,211.05
2025-02-28,Olive & Ember Downtown,Lettuce,15.89,kg,82.79
2025-02-28,Olive & Ember Downtown,Onions,4.28,kg,7.75
2025-02-28,Olive & Ember Downtown,Potatoes,86.31,kg,125.15
2025-02-28,Olive & Ember Downtown,Mushrooms,10.04,kg,97.69
2025-02-28,Olive & Ember Downtown,Lemons,9.9,kg,42.87
2025-02-28,Olive & Ember Downtown,Basil,0.8,kg,26.19
2025-02-28,Olive & Ember Downtown,Garlic,1.61,kg,14.54
2025-02-28,Olive & Ember Downtown,Pizza flour,183.05,kg,281.9
2025-02-28,Olive & Ember Downtown,Pasta,28.75,kg,94.88
2025-02-28,Olive & Ember Downtown,Arborio rice,8.81,kg,39.47
2025-02-28,Olive & Ember Downtown,Olive oil,29.13,l,358.01
2025-02-28,Olive & Ember Downtown,Burger buns,369,each,214.02
2025-02-28,Olive & Ember Downtown,Bread loaf,112,each,250.88
2025-02-28,Olive & Ember Downtown,Sugar,28.81,kg,46.96
2025-02-28,Olive & Ember Downtown,Chocolate,14.38,kg,217.28
2025-02-28,Olive & Ember Downtown,Truffle paste,1.34,kg,156.66
2025-02-28,Olive & Ember Downtown,Coffee beans,24.4,kg,643.18
2025-02-28,Olive & Ember Downtown,Lemonade syrup,35.62,l,304.55
2025-03-31,Olive & Ember Downtown,Beef mince,44.39,kg,837.64
2025-03-31,Olive & Ember Downtown,Ribeye steak,10.99,kg,422.35
2025-03-31,Olive & Ember Downtown,Chicken breast,14.93,kg,197.37
2025-03-31,Olive & Ember Downtown,Pork sausage,21.36,kg,263.58
2025-03-31,Olive & Ember Downtown,Lamb shoulder,5.21,kg,111.65
2025-03-31,Olive & Ember Downtown,Salmon fillet,3.25,kg,116.16
2025-03-31,Olive & Ember Downtown,Prawns,2.72,kg,71.75
2025-03-31,Olive & Ember Downtown,Calamari,3.11,kg,53.24
2025-03-31,Olive & Ember Downtown,Mozzarella,35.93,kg,464.57
2025-03-31,Olive & Ember Downtown,Parmesan,2.51,kg,72.71
2025-03-31,Olive & Ember Downtown,Butter,8.05,kg,88.79
2025-03-31,Olive & Ember Downtown,Cream,1.96,l,12.6
2025-03-31,Olive & Ember Downtown,Milk,29.06,l,48.82
2025-03-31,Olive & Ember Downtown,Eggs,192,each,80.64
2025-03-31,Olive & Ember Downtown,Mascarpone,5.18,kg,75.99
2025-03-31,Olive & Ember Downtown,Tomatoes,31.57,kg,131.33
2025-03-31,Olive & Ember Downtown,Lettuce,12.54,kg,61.95
2025-03-31,Olive & Ember Downtown,Onions,4.28,kg,7.62
2025-03-31,Olive & Ember Downtown,Potatoes,65.8,kg,94.75
2025-03-31,Olive & Ember Downtown,Mushrooms,6.57,kg,62.87
2025-03-31,Olive & Ember Downtown,Lemons,6.67,kg,28.28
2025-03-31,Olive & Ember Downtown,Basil,0.57,kg,18.71
2025-03-31,Olive & Ember Downtown,Garlic,1.45,kg,13.05
2025-03-31,Olive & Ember Downtown,Pizza flour,280.12,kg,425.78
2025-03-31,Olive & Ember Downtown,Pasta,35.22,kg,115.87
2025-03-31,Olive & Ember Downtown,Arborio rice,12.25,kg,55
2025-03-31,Olive & Ember Downtown,Olive oil,42.2,l,525.81
2025-03-31,Olive & Ember Downtown,Burger buns,637,each,369.46
2025-03-31,Olive & Ember Downtown,Bread loaf,179,each,402.75
2025-03-31,Olive & Ember Downtown,Sugar,41.58,kg,69.02
2025-03-31,Olive & Ember Downtown,Chocolate,20.18,kg,308.55
2025-03-31,Olive & Ember Downtown,Truffle paste,1.91,kg,221.81
2025-03-31,Olive & Ember Downtown,Coffee beans,23.69,kg,614.52
2025-03-31,Olive & Ember Downtown,Lemonade syrup,27.11,l,235.04
2025-04-30,Olive & Ember Downtown,Beef mince,17.05,kg,320.03
2025-04-30,Olive & Ember Downtown,Ribeye steak,7.34,kg,286.26
2025-04-30,Olive & Ember Downtown,Chicken breast,12.72,kg,167.27
2025-04-30,Olive & Ember Downtown,Pork sausage,9.97,kg,126.32
2025-04-30,Olive & Ember Downtown,Lamb shoulder,4.16,kg,89.77
2025-04-30,Olive & Ember Downtown,Salmon fillet,7.83,kg,283.52
2025-04-30,Olive & Ember Downtown,Prawns,6.38,kg,166.77
2025-04-30,Olive & Ember Downtown,Calamari,8.17,kg,139.71
2025-04-30,Olive & Ember Downtown,Mozzarella,48.87,kg,616.25
2025-04-30,Olive & Ember Downtown,Parmesan,3.93,kg,114.64
2025-04-30,Olive & Ember Downtown,Butter,11.62,kg,130.49
2025-04-30,Olive & Ember Downtown,Cream,3.23,l,20.83
2025-04-30,Olive & Ember Downtown,Milk,39.66,l,65.44
2025-04-30,Olive & Ember Downtown,Eggs,337,each,141.54
2025-04-30,Olive & Ember Downtown,Mascarpone,8.2,kg,120.7
2025-04-30,Olive & Ember Downtown,Tomatoes,37.38,kg,149.52
2025-04-30,Olive & Ember Downtown,Lettuce,15.94,kg,74.92
2025-04-30,Olive & Ember Downtown,Onions,5.79,kg,10.54
2025-04-30,Olive & Ember Downtown,Potatoes,96.44,kg,142.73
2025-04-30,Olive & Ember Downtown,Mushrooms,10.06,kg,97.88
2025-04-30,Olive & Ember Downtown,Lemons,8.68,kg,37.5
2025-04-30,Olive & Ember Downtown,Basil,0.65,kg,21.53
2025-04-30,Olive & Ember Downtown,Garlic,1.4,kg,12.66
2025-04-30,Olive & Ember Downtown,Pizza flour,226.78,kg,346.97
2025-04-30,Olive & Ember Downtown,Pasta,28.85,kg,95.78
2025-04-30,Olive & Ember Downtown,Arborio rice,13.03,kg,58.24
2025-04-30,Olive & Ember Downtown,Olive oil,35.51,l,439.61
2025-04-30,Olive & Ember Downtown,Burger buns,471,each,277.89
2025-04-30,Olive & Ember Downtown,Bread loaf,163,each,366.75
2025-04-30,Olive & Ember Downtown,Sugar,32.6,kg,53.79
2025-04-30,Olive & Ember Downtown,Chocolate,16.72,kg,257.82
2025-04-30,Olive & Ember Downtown,Truffle paste,1.96,kg,233.1
2025-04-30,Olive & Ember Downtown,Coffee beans,33.06,kg,867.16
2025-04-30,Olive & Ember Downtown,Lemonade syrup,35.12,l,300.98
2025-05-31,Olive & Ember Downtown,Beef mince,31.3,kg,590.94
2025-05-31,Olive & Ember Downtown,Ribeye steak,9.62,kg,377.2
2025-05-31,Olive & Ember Downtown,Chicken breast,12.01,kg,157.81
2025-05-31,Olive & Ember Downtown,Pork sausage,11.39,kg,142.94
2025-05-31,Olive & Ember Downtown,Lamb shoulder,5.57,kg,120.03
2025-05-31,Olive & Ember Downtown,Salmon fillet,6.65,kg,243.26
2025-05-31,Olive & Ember Downtown,Prawns,7.11,kg,189.77
2025-05-31,Olive & Ember Downtown,Calamari,6.14,kg,107.63
2025-05-31,Olive & Ember Downtown,Mozzarella,39.13,kg,505.95
2025-05-31,Olive & Ember Downtown,Parmesan,3.34,kg,98.63
2025-05-31,Olive & Ember Downtown,Butter,8.59,kg,96.47
2025-05-31,Olive & Ember Downtown,Cream,2.46,l,15.72
2025-05-31,Olive & Ember Downtown,Milk,42.91,l,70.8
2025-05-31,Olive & Ember Downtown,Eggs,206,each,86.52
2025-05-31,Olive & Ember Downtown,Mascarpone,3.62,kg,52.27
2025-05-31,Olive & Ember Downtown,Tomatoes,31.95,kg,123.65
2025-05-31,Olive & Ember Downtown,Lettuce,12.4,kg,57.66
2025-05-31,Olive & Ember Downtown,Onions,3.26,kg,5.8
2025-05-31,Olive & Ember Downtown,Potatoes,56.77,kg,82.88
2025-05-31,Olive & Ember Downtown,Mushrooms,9.4,kg,92.31
2025-05-31,Olive & Ember Downtown,Lemons,4.83,kg,20.77
2025-05-31,Olive & Ember Downtown,Basil,0.37,kg,12.22
2025-05-31,Olive & Ember Downtown,Garlic,0.98,kg,8.82
2025-05-31,Olive & Ember Downtown,Pizza flour,190.08,kg,287.02
2025-05-31,Olive & Ember Downtown,Pasta,27.96,kg,93.95
2025-05-31,Olive & Ember Downtown,Arborio rice,8.44,kg,37.81
2025-05-31,Olive & Ember Downtown,Olive oil,30.99,l,386.76
2025-05-31,Olive & Ember Downtown,Burger buns,376,each,221.84
2025-05-31,Olive & Ember Downtown,Bread loaf,108,each,240.84
2025-05-31,Olive & Ember Downtown,Sugar,26.26,kg,44.38
2025-05-31,Olive & Ember Downtown,Chocolate,12.55,kg,190.89
2025-05-31,Olive & Ember Downtown,Truffle paste,1.39,kg,164.41
2025-05-31,Olive & Ember Downtown,Coffee beans,27.07,kg,718.17
2025-05-31,Olive & Ember Downtown,Lemonade syrup,31.96,l,274.86
2025-06-30,Olive & Ember Downtown,Beef mince,36.38,kg,685.76
2025-06-30,Olive & Ember Downtown,Ribeye steak,12.72,kg,497.61
2025-06-30,Olive & Ember Downtown,Chicken breast,14.26,kg,190.23
2025-06-30,Olive & Ember Downtown,Pork sausage,16.7,kg,207.75
2025-06-30,Olive & Ember Downtown,Lamb shoulder,6.19,kg,132.59
2025-06-30,Olive & Ember Downtown,Salmon fillet,3.49,kg,124.87
2025-06-30,Olive & Ember Downtown,Prawns,3.65,kg,97.93
2025-06-30,Olive & Ember Downtown,Calamari,2.19,kg,37.95
2025-06-30,Olive & Ember Downtown,Mozzarella,34.47,kg,445.7
2025-06-30,Olive & Ember Downtown,Parmesan,2.45,kg,71.32
2025-06-30,Olive & Ember Downtown,Butter,8.64,kg,97.03
2025-06-30,Olive & Ember Downtown,Cream,2.13,l,13.59
2025-06-30,Olive & Ember Downtown,Milk,31.65,l,52.22
2025-06-30,Olive & Ember Downtown,Eggs,233,each,97.86
2025-06-30,Olive & Ember Downtown,Mascarpone,4.74,kg,68.3
2025-06-30,Olive & Ember Downtown,Tomatoes,27.73,kg,97.61
2025-06-30,Olive & Ember Downtown,Lettuce,11.41,kg,50.89
2025-06-30,Olive & Ember Downtown,Onions,3.19,kg,5.77
2025-06-30,Olive & Ember Downtown,Potatoes,57.07,kg,83.89
2025-06-30,Olive & Ember Downtown,Mushrooms,5.72,kg,55.2
2025-06-30,Olive & Ember Downtown,Lemons,7.17,kg,30.83
2025-06-30,Olive & Ember Downtown,Basil,0.56,kg,18.49
2025-06-30,Olive & Ember Downtown,Garlic,1.01,kg,9.15
2025-06-30,Olive & Ember Downtown,Pizza flour,220.27,kg,339.22
2025-06-30,Olive & Ember Downtown,Pasta,35.11,kg,119.02
2025-06-30,Olive & Ember Downtown,Arborio rice,10.59,kg,47.23
2025-06-30,Olive & Ember Downtown,Olive oil,37.04,l,460.04
2025-06-30,Olive & Ember Downtown,Burger buns,516,each,304.44
2025-06-30,Olive & Ember Downtown,Bread loaf,141,each,317.25
2025-06-30,Olive & Ember Downtown,Sugar,38.94,kg,65.42
2025-06-30,Olive & Ember Downtown,Chocolate,16.18,kg,248.52
2025-06-30,Olive & Ember Downtown,Truffle paste,1.99,kg,234.02
2025-06-30,Olive & Ember Downtown,Coffee beans,24.51,kg,651.48
2025-06-30,Olive & Ember Downtown,Lemonade syrup,32.32,l,275.37
2025-07-31,Olive & Ember Downtown,Beef mince,48.76,kg,927.42
2025-07-31,Olive & Ember Downtown,Ribeye steak,12.04,kg,476.78
2025-07-31,Olive & Ember Downtown,Chicken breast,17.18,kg,229.35
2025-07-31,Olive & Ember Downtown,Pork sausage,15,kg,187.2
2025-07-31,Olive & Ember Downtown,Lamb shoulder,8.57,kg,184.68
2025-07-31,Olive & Ember Downtown,Salmon fillet,3.72,kg,135.22
2025-07-31,Olive & Ember Downtown,Prawns,4.11,kg,109.78
2025-07-31,Olive & Ember Downtown,Calamari,4.33,kg,74.48
2025-07-31,Olive & Ember Downtown,Mozzarella,32.23,kg,413.51
2025-07-31,Olive & Ember Downtown,Parmesan,2.45,kg,71.71
2025-07-31,Olive & Ember Downtown,Butter,8.25,kg,91.49
2025-07-31,Olive & Ember Downtown,Cream,2.51,l,16.14
2025-07-31,Olive & Ember Downtown,Milk,33.27,l,55.89
2025-07-31,Olive & Ember Downtown,Eggs,201,each,82.41
2025-07-31,Olive & Ember Downtown,Mascarpone,4.3,kg,63.38
2025-07-31,Olive & Ember Downtown,Tomatoes,25.82,kg,92.44
2025-07-31,Olive & Ember Downtown,Lettuce,11.04,kg,49.02
2025-07-31,Olive & Ember Downtown,Onions,2.79,kg,4.99
2025-07-31,Olive & Ember Downtown,Potatoes,58.83,kg,85.3
2025-07-31,Olive & Ember Downtown,Mushrooms,7.27,kg,70.96
2025-07-31,Olive & Ember Downtown,Lemons,5.96,kg,25.39
2025-07-31,Olive & Ember Downtown,Basil,0.59,kg,19.88
2025-07-31,Olive & Ember Downtown,Garlic,1.03,kg,9.38
2025-07-31,Olive & Ember Downtown,Pizza flour,177.31,kg,276.6
2025-07-31,Olive & Ember Downtown,Pasta,27.61,kg,91.67
2025-07-31,Olive & Ember Downtown,Arborio rice,11.04,kg,49.79
2025-07-31,Olive & Ember Downtown,Olive oil,27.35,l,341.6
2025-07-31,Olive & Ember Downtown,Burger buns,414,each,244.26
2025-07-31,Olive & Ember Downtown,Bread loaf,152,each,342
2025-07-31,Olive & Ember Downtown,Sugar,30.94,kg,50.74
2025-07-31,Olive & Ember Downtown,Chocolate,14.75,kg,224.35
2025-07-31,Olive & Ember Downtown,Truffle paste,1.66,kg,195.7
2025-07-31,Olive & Ember Downtown,Coffee beans,28.16,kg,747.65
2025-07-31,Olive & Ember Downtown,Lemonade syrup,35.36,l,305.86
2025-08-31,Olive & Ember Downtown,Beef mince,13.92,kg,261.42
2025-08-31,Olive & Ember Downtown,Ribeye steak,5.2,kg,204.67
2025-08-31,Olive & Ember Downtown,Chicken breast,8.66,kg,114.14
2025-08-31,Olive & Ember Downtown,Pork sausage,10.05,kg,125.12
2025-08-31,Olive & Ember Downtown,Lamb shoulder,3.78,kg,81.8
2025-08-31,Olive & Ember Downtown,Salmon fillet,4.57,kg,163.74
2025-08-31,Olive & Ember Downtown,Prawns,6.3,kg,165.38
2025-08-31,Olive & Ember Downtown,Calamari,4.37,kg,76.3
2025-08-31,Olive & Ember Downtown,Mozzarella,21.7,kg,281.45
2025-08-31,Olive & Ember Downtown,Parmesan,1.63,kg,47.3
2025-08-31,Olive & Ember Downtown,Butter,6.04,kg,68.13
2025-08-31,Olive & Ember Downtown,Cream,1.98,l,12.87
2025-08-31,Olive & Ember Downtown,Milk,19.04,l,32.37
2025-08-31,Olive & Ember Downtown,Eggs,163,each,68.46
2025-08-31,Olive & Ember Downtown,Mascarpone,2.97,kg,44.19
2025-08-31,Olive & Ember Downtown,Tomatoes,7.96,kg,28.5
2025-08-31,Olive & Ember Downtown,Lettuce,4.06,kg,18.07
2025-08-31,Olive & Ember Downtown,Onions,1.88,kg,3.46
2025-08-31,Olive & Ember Downtown,Potatoes,28.86,kg,42.14
2025-08-31,Olive & Ember Downtown,Mushrooms,1.82,kg,17.56
2025-08-31,Olive & Ember Downtown,Lemons,2.8,kg,12.12
2025-08-31,Olive & Ember Downtown,Basil,0.21,kg,6.94
2025-08-31,Olive & Ember Downtown,Garlic,0.53,kg,4.83
2025-08-31,Olive & Ember Downtown,Pizza flour,143.48,kg,223.83
2025-08-31,Olive & Ember Downtown,Pasta,20.18,kg,67.8
2025-08-31,Olive & Ember Downtown,Arborio rice,4.73,kg,21.29
2025-08-31,Olive & Ember Downtown,Olive oil,20.76,l,258.25
2025-08-31,Olive & Ember Downtown,Burger buns,299,each,179.4
2025-08-31,Olive & Ember Downtown,Bread loaf,96,each,216.96
2025-08-31,Olive & Ember Downtown,Sugar,22.88,kg,38.9
2025-08-31,Olive & Ember Downtown,Chocolate,12.04,kg,183.85
2025-08-31,Olive & Ember Downtown,Truffle paste,1.09,kg,128.42
2025-08-31,Olive & Ember Downtown,Coffee beans,20.7,kg,545.65
2025-08-31,Olive & Ember Downtown,Lemonade syrup,26.14,l,228.46
2025-09-30,Olive & Ember Downtown,Beef mince,39.01,kg,729.88
2025-09-30,Olive & Ember Downtown,Ribeye steak,13.44,kg,519.46
2025-09-30,Olive & Ember Downtown,Chicken breast,12.03,kg,161.08
2025-09-30,Olive & Ember Downtown,Pork sausage,16.4,kg,207.13
2025-09-30,Olive & Ember Downtown,Lamb shoulder,4.74,kg,103.9
2025-09-30,Olive & Ember Downtown,Salmon fillet,10.72,kg,387.1
2025-09-30,Olive & Ember Downtown,Prawns,8.9,kg,239.68
2025-09-30,Olive & Ember Downtown,Calamari,9.54,kg,164.37
2025-09-30,Olive & Ember Downtown,Mozzarella,27.31,kg,355.03
2025-09-30,Olive & Ember Downtown,Parmesan,1.97,kg,57.46
2025-09-30,Olive & Ember Downtown,Butter,7.22,kg,79.78
2025-09-30,Olive & Ember Downtown,Cream,1.6,l,10.14
2025-09-30,Olive & Ember Downtown,Milk,27.77,l,46.38
2025-09-30,Olive & Ember Downtown,Eggs,130,each,54.6
2025-09-30,Olive & Ember Downtown,Mascarpone,4.31,kg,64.18
2025-09-30,Olive & Ember Downtown,Tomatoes,18.89,kg,69.7
2025-09-30,Olive & Ember Downtown,Lettuce,7.27,kg,34.17
2025-09-30,Olive & Ember Downtown,Onions,3.21,kg,5.87
2025-09-30,Olive & Ember Downtown,Potatoes,49.86,kg,72.8
2025-09-30,Olive & Ember Downtown,Mushrooms,6.62,kg,65.27
2025-09-30,Olive & Ember Downtown,Lemons,4.77,kg,20.46
2025-09-30,Olive & Ember Downtown,Basil,0.34,kg,11.51
2025-09-30,Olive & Ember Downtown,Garlic,0.89,kg,8.03
2025-09-30,Olive & Ember Downtown,Pizza flour,250.4,kg,388.12
2025-09-30,Olive & Ember Downtown,Pasta,39.45,kg,134.13
2025-09-30,Olive & Ember Downtown,Arborio rice,10.97,kg,48.82
2025-09-30,Olive & Ember Downtown,Olive oil,38.55,l,473.01
2025-09-30,Olive & Ember Downtown,Burger buns,525,each,309.75
2025-09-30,Olive & Ember Downtown,Bread loaf,146,each,324.12
2025-09-30,Olive & Ember Downtown,Sugar,35.85,kg,60.59
2025-09-30,Olive & Ember Downtown,Chocolate,17.8,kg,272.16
2025-09-30,Olive & Ember Downtown,Truffle paste,1.96,kg,230.79
2025-09-30,Olive & Ember Downtown,Coffee beans,37.38,kg,1003.65
2025-09-30,Olive & Ember Downtown,Lemonade syrup,42.86,l,375.45
2025-10-31,Olive & Ember Downtown,Beef mince,43.45,kg,810.78
2025-10-31,Olive & Ember Downtown,Ribeye steak,14.25,kg,552.05
2025-10-31,Olive & Ember Downtown,Chicken breast,21.1,kg,279.79
2025-10-31,Olive & Ember Downtown,Pork sausage,18.41,kg,233.81
2025-10-31,Olive & Ember Downtown,Lamb shoulder,8.09,kg,175.23
2025-10-31,Olive & Ember Downtown,Salmon fillet,8.58,kg,308.62
2025-10-31,Olive & Ember Downtown,Prawns,9.92,kg,266.15
2025-10-31,Olive & Ember Downtown,Calamari,8.69,kg,152.42
2025-10-31,Olive & Ember Downtown,Mozzarella,40.46,kg,521.12
2025-10-31,Olive & Ember Downtown,Parmesan,4,kg,116.12
2025-10-31,Olive & Ember Downtown,Butter,12.68,kg,143.79
2025-10-31,Olive & Ember Downtown,Cream,2.83,l,18.31
2025-10-31,Olive & Ember Downtown,Milk,55.23,l,93.89
2025-10-31,Olive & Ember Downtown,Eggs,308,each,129.36
2025-10-31,Olive & Ember Downtown,Mascarpone,6.05,kg,90.27
2025-10-31,Olive & Ember Downtown,Tomatoes,35.46,kg,145.74
2025-10-31,Olive & Ember Downtown,Lettuce,18.04,kg,85.69
2025-10-31,Olive & Ember Downtown,Onions,5.99,kg,10.96
2025-10-31,Olive & Ember Downtown,Potatoes,96.82,kg,143.29
2025-10-31,Olive & Ember Downtown,Mushrooms,9.68,kg,95.44
2025-10-31,Olive & Ember Downtown,Lemons,11.13,kg,48.97
2025-10-31,Olive & Ember Downtown,Basil,0.65,kg,21.69
2025-10-31,Olive & Ember Downtown,Garlic,1.6,kg,14.37
2025-10-31,Olive & Ember Downtown,Pizza flour,182.3,kg,277.1
2025-10-31,Olive & Ember Downtown,Pasta,30.77,kg,104
2025-10-31,Olive & Ember Downtown,Arborio rice,7.9,kg,34.92
2025-10-31,Olive & Ember Downtown,Olive oil,35.84,l,445.49
2025-10-31,Olive & Ember Downtown,Burger buns,444,each,257.52
2025-10-31,Olive & Ember Downtown,Bread loaf,142,each,323.76
2025-10-31,Olive & Ember Downtown,Sugar,29.98,kg,50.07
2025-10-31,Olive & Ember Downtown,Chocolate,14.77,kg,225.39
2025-10-31,Olive & Ember Downtown,Truffle paste,1.55,kg,182.62
2025-10-31,Olive & Ember Downtown,Coffee beans,27.55,kg,742.75
2025-10-31,Olive & Ember Downtown,Lemonade syrup,36.82,l,317.39
2025-11-30,Olive & Ember Downtown,Beef mince,15.41,kg,291.56
2025-11-30,Olive & Ember Downtown,Ribeye steak,7.04,kg,277.8
2025-11-30,Olive & Ember Downtown,Chicken breast,9.6,kg,129.5
2025-11-30,Olive & Ember Downtown,Pork sausage,8.04,kg,101.79
2025-11-30,Olive & Ember Downtown,Lamb shoulder,3.05,kg,65.39
2025-11-30,Olive & Ember Downtown,Salmon fillet,3.41,kg,124.67
2025-11-30,Olive & Ember Downtown,Prawns,5.57,kg,150.22
2025-11-30,Olive & Ember Downtown,Calamari,6.17,kg,107.79
2025-11-30,Olive & Ember Downtown,Mozzarella,21.94,kg,282.15
2025-11-30,Olive & Ember Downtown,Parmesan,2.16,kg,63.53
2025-11-30,Olive & Ember Downtown,Butter,7.36,kg,83.32
2025-11-30,Olive & Ember Downtown,Cream,1.93,l,12.49
2025-11-30,Olive & Ember Downtown,Milk,27.73,l,46.86
2025-11-30,Olive & Ember Downtown,Eggs,145,each,60.9
2025-11-30,Olive & Ember Downtown,Mascarpone,4.06,kg,60.58
2025-11-30,Olive & Ember Downtown,Tomatoes,9.54,kg,41.69
2025-11-30,Olive & Ember Downtown,Lettuce,6.79,kg,34.09
2025-11-30,Olive & Ember Downtown,Onions,1.39,kg,2.52
2025-11-30,Olive & Ember Downtown,Potatoes,26.95,kg,40.16
2025-11-30,Olive & Ember Downtown,Mushrooms,3.62,kg,35.22
2025-11-30,Olive & Ember Downtown,Lemons,2.44,kg,10.54
2025-11-30,Olive & Ember Downtown,Basil,0.32,kg,10.71
2025-11-30,Olive & Ember Downtown,Garlic,0.67,kg,6.16
2025-11-30,Olive & Ember Downtown,Pizza flour,167.07,kg,260.63
2025-11-30,Olive & Ember Downtown,Pasta,22.44,kg,76.52
2025-11-30,Olive & Ember Downtown,Arborio rice,8.91,kg,40.01
2025-11-30,Olive & Ember Downtown,Olive oil,23.13,l,291.21
2025-11-30,Olive & Ember Downtown,Burger buns,320,each,188.8
2025-11-30,Olive & Ember Downtown,Bread loaf,115,each,256.45
2025-11-30,Olive & Ember Downtown,Sugar,25.16,kg,42.27
2025-11-30,Olive & Ember Downtown,Chocolate,14.35,kg,219.7
2025-11-30,Olive & Ember Downtown,Truffle paste,1.15,kg,135.19
2025-11-30,Olive & Ember Downtown,Coffee beans,24.37,kg,643.37
2025-11-30,Olive & Ember Downtown,Lemonade syrup,30.51,l,269.4
2025-12-31,Olive & Ember Downtown,Beef mince,24.36,kg,460.65
2025-12-31,Olive & Ember Downtown,Ribeye steak,6.17,kg,241.19
2025-12-31,Olive & Ember Downtown,Chicken breast,10.21,kg,135.18
2025-12-31,Olive & Ember Downtown,Pork sausage,7.67,kg,95.95
2025-12-31,Olive & Ember Downtown,Lamb shoulder,3.89,kg,84.8
2025-12-31,Olive & Ember Downtown,Salmon fillet,7.98,kg,287.6
2025-12-31,Olive & Ember Downtown,Prawns,7.37,kg,197.44
2025-12-31,Olive & Ember Downtown,Calamari,8.41,kg,149.28
2025-12-31,Olive & Ember Downtown,Mozzarella,47,kg,607.24
2025-12-31,Olive & Ember Downtown,Parmesan,3.65,kg,108.41
2025-12-31,Olive & Ember Downtown,Butter,10.65,kg,119.71
2025-12-31,Olive & Ember Downtown,Cream,2.87,l,18.31
2025-12-31,Olive & Ember Downtown,Milk,48.72,l,80.88
2025-12-31,Olive & Ember Downtown,Eggs,315,each,129.15
2025-12-31,Olive & Ember Downtown,Mascarpone,7.14,kg,104.96
2025-12-31,Olive & Ember Downtown,Tomatoes,40.82,kg,184.51
2025-12-31,Olive & Ember Downtown,Lettuce,16.88,kg,88.28
2025-12-31,Olive & Ember Downtown,Onions,5.36,kg,9.76
2025-12-31,Olive & Ember Downtown,Potatoes,103.75,kg,151.48
2025-12-31,Olive & Ember Downtown,Mushrooms,8.99,kg,87.38
2025-12-31,Olive & Ember Downtown,Lemons,10.41,kg,45.8
2025-12-31,Olive & Ember Downtown,Basil,0.84,kg,28.11
2025-12-31,Olive & Ember Downtown,Garlic,1.42,kg,13.01
2025-12-31,Olive & Ember Downtown,Pizza flour,201.14,kg,313.78
2025-12-31,Olive & Ember Downtown,Pasta,30.18,kg,103.52
2025-12-31,Olive & Ember Downtown,Arborio rice,9.18,kg,41.86
2025-12-31,Olive & Ember Downtown,Olive oil,37.1,l,462.64
2025-12-31,Olive & Ember Downtown,Burger buns,459,each,270.81
2025-12-31,Olive & Ember Downtown,Bread loaf,166,each,373.5
2025-12-31,Olive & Ember Downtown,Sugar,36.38,kg,62.21
2025-12-31,Olive & Ember Downtown,Chocolate,15.57,kg,242.27
2025-12-31,Olive & Ember Downtown,Truffle paste,2.07,kg,246.29
2025-12-31,Olive & Ember Downtown,Coffee beans,30.51,kg,809.43
2025-12-31,Olive & Ember Downtown,Lemonade syrup,34.7,l,302.24
2026-01-31,Olive & Ember Downtown,Beef mince,34.2,kg,643.64
2026-01-31,Olive & Ember Downtown,Ribeye steak,7.7,kg,303.69
2026-01-31,Olive & Ember Downtown,Chicken breast,13.96,kg,186.23
2026-01-31,Olive & Ember Downtown,Pork sausage,11.97,kg,150.58
2026-01-31,Olive & Ember Downtown,Lamb shoulder,4.04,kg,89.12
2026-01-31,Olive & Ember Downtown,Salmon fillet,6.93,kg,251.21
2026-01-31,Olive & Ember Downtown,Prawns,6.63,kg,176.95
2026-01-31,Olive & Ember Downtown,Calamari,8.32,kg,146.27
2026-01-31,Olive & Ember Downtown,Mozzarella,31.15,kg,409
2026-01-31,Olive & Ember Downtown,Parmesan,2.6,kg,75.79
2026-01-31,Olive & Ember Downtown,Butter,8.77,kg,99.01
2026-01-31,Olive & Ember Downtown,Cream,2.22,l,14.54
2026-01-31,Olive & Ember Downtown,Milk,40.16,l,67.87
2026-01-31,Olive & Ember Downtown,Eggs,234,each,98.28
2026-01-31,Olive & Ember Downtown,Mascarpone,6.14,kg,89.83
2026-01-31,Olive & Ember Downtown,Tomatoes,26.32,kg,118.7
2026-01-31,Olive & Ember Downtown,Lettuce,11.66,kg,61.1
2026-01-31,Olive & Ember Downtown,Onions,3.42,kg,6.22
2026-01-31,Olive & Ember Downtown,Potatoes,58.88,kg,87.14
2026-01-31,Olive & Ember Downtown,Mushrooms,5.82,kg,57.44
2026-01-31,Olive & Ember Downtown,Lemons,6.16,kg,26.67
2026-01-31,Olive & Ember Downtown,Basil,0.59,kg,19.78
2026-01-31,Olive & Ember Downtown,Garlic,0.83,kg,7.68
2026-01-31,Olive & Ember Downtown,Pizza flour,176.26,kg,278.49
2026-01-31,Olive & Ember Downtown,Pasta,27.84,kg,94.66
2026-01-31,Olive & Ember Downtown,Arborio rice,6.03,kg,27.01
2026-01-31,Olive & Ember Downtown,Olive oil,29.93,l,375.62
2026-01-31,Olive & Ember Downtown,Burger buns,380,each,224.2
2026-01-31,Olive & Ember Downtown,Bread loaf,111,each,253.08
2026-01-31,Olive & Ember Downtown,Sugar,24.86,kg,41.52
2026-01-31,Olive & Ember Downtown,Chocolate,14.26,kg,218.18
2026-01-31,Olive & Ember Downtown,Truffle paste,1.3,kg,157.25
2026-01-31,Olive & Ember Downtown,Coffee beans,25.5,kg,681.11
2026-01-31,Olive & Ember Downtown,Lemonade syrup,30.52,l,268.27
2026-02-28,Olive & Ember Downtown,Beef mince,27.26,kg,514.94
2026-02-28,Olive & Ember Downtown,Ribeye steak,9.64,kg,382.23
2026-02-28,Olive & Ember Downtown,Chicken breast,11.24,kg,151.85
2026-02-28,Olive & Ember Downtown,Pork sausage,14.22,kg,180.03
2026-02-28,Olive & Ember Downtown,Lamb shoulder,4.88,kg,107.6
2026-02-28,Olive & Ember Downtown,Salmon fillet,8.32,kg,305.76
2026-02-28,Olive & Ember Downtown,Prawns,8.98,kg,239.86
2026-02-28,Olive & Ember Downtown,Calamari,8.56,kg,152.03
2026-02-28,Olive & Ember Downtown,Mozzarella,32.3,kg,413.76
2026-02-28,Olive & Ember Downtown,Parmesan,2.82,kg,82.34
2026-02-28,Olive & Ember Downtown,Butter,9.32,kg,105.6
2026-02-28,Olive & Ember Downtown,Cream,2.3,l,14.77
2026-02-28,Olive & Ember Downtown,Milk,44.72,l,75.58
2026-02-28,Olive & Ember Downtown,Eggs,208,each,87.36
2026-02-28,Olive & Ember Downtown,Mascarpone,3.91,kg,57.48
2026-02-28,Olive & Ember Downtown,Tomatoes,23.15,kg,107.18
2026-02-28,Olive & Ember Downtown,Lettuce,9.92,kg,51.88
2026-02-28,Olive & Ember Downtown,Onions,3.39,kg,6.14
2026-02-28,Olive & Ember Downtown,Potatoes,66.01,kg,99.02
2026-02-28,Olive & Ember Downtown,Mushrooms,5.34,kg,53.45
2026-02-28,Olive & Ember Downtown,Lemons,6.34,kg,27.71
2026-02-28,Olive & Ember Downtown,Basil,0.5,kg,17.12
2026-02-28,Olive & Ember Downtown,Garlic,1.17,kg,10.71
2026-02-28,Olive & Ember Downtown,Pizza flour,180.52,kg,279.81
2026-02-28,Olive & Ember Downtown,Pasta,27.3,kg,92.27
2026-02-28,Olive & Ember Downtown,Arborio rice,8.07,kg,36.07
2026-02-28,Olive & Ember Downtown,Olive oil,25.61,l,320.13
2026-02-28,Olive & Ember Downtown,Burger buns,396,each,233.64
2026-02-28,Olive & Ember Downtown,Bread loaf,117,each,260.91
2026-02-28,Olive & Ember Downtown,Sugar,25.84,kg,43.41
2026-02-28,Olive & Ember Downtown,Chocolate,13.74,kg,213.24
2026-02-28,Olive & Ember Downtown,Truffle paste,1.22,kg,144.95
2026-02-28,Olive & Ember Downtown,Coffee beans,24.28,kg,648.52
2026-02-28,Olive & Ember Downtown,Lemonade syrup,28.3,l,246.21
2026-03-31,Olive & Ember Downtown,Beef mince,32.79,kg,630.55
2026-03-31,Olive & Ember Downtown,Ribeye steak,17.79,kg,713.02
2026-03-31,Olive & Ember Downtown,Chicken breast,12.36,kg,165.87
2026-03-31,Olive & Ember Downtown,Pork sausage,11.57,kg,146.82
2026-03-31,Olive & Ember Downtown,Lamb shoulder,5.97,kg,129.49
2026-03-31,Olive & Ember Downtown,Salmon fillet,10.37,kg,375.81
2026-03-31,Olive & Ember Downtown,Prawns,9.36,kg,252.81
2026-03-31,Olive & Ember Downtown,Calamari,11.44,kg,204.66
2026-03-31,Olive & Ember Downtown,Mozzarella,26.2,kg,336.93
2026-03-31,Olive & Ember Downtown,Parmesan,2.43,kg,71.2
2026-03-31,Olive & Ember Downtown,Butter,6.13,kg,68.9
2026-03-31,Olive & Ember Downtown,Cream,2.02,l,13.11
2026-03-31,Olive & Ember Downtown,Milk,25.83,l,43.91
2026-03-31,Olive & Ember Downtown,Eggs,161,each,67.62
2026-03-31,Olive & Ember Downtown,Mascarpone,4.45,kg,65.28
2026-03-31,Olive & Ember Downtown,Tomatoes,21.47,kg,91.68
2026-03-31,Olive & Ember Downtown,Lettuce,9.12,kg,45.78
2026-03-31,Olive & Ember Downtown,Onions,2.45,kg,4.46
2026-03-31,Olive & Ember Downtown,Potatoes,57.86,kg,86.79
2026-03-31,Olive & Ember Downtown,Mushrooms,8,kg,79.12
2026-03-31,Olive & Ember Downtown,Lemons,5.71,kg,24.78
2026-03-31,Olive & Ember Downtown,Basil,0.41,kg,13.99
2026-03-31,Olive & Ember Downtown,Garlic,0.96,kg,8.71
2026-03-31,Olive & Ember Downtown,Pizza flour,247.05,kg,382.93
2026-03-31,Olive & Ember Downtown,Pasta,39.59,kg,133.02
2026-03-31,Olive & Ember Downtown,Arborio rice,10.2,kg,46.31
2026-03-31,Olive & Ember Downtown,Olive oil,38.06,l,479.56
2026-03-31,Olive & Ember Downtown,Burger buns,594,each,350.46
2026-03-31,Olive & Ember Downtown,Bread loaf,166,each,375.16
2026-03-31,Olive & Ember Downtown,Sugar,42.27,kg,71.01
2026-03-31,Olive & Ember Downtown,Chocolate,20.9,kg,328.13
2026-03-31,Olive & Ember Downtown,Truffle paste,2.04,kg,246.57
2026-03-31,Olive & Ember Downtown,Coffee beans,37.61,kg,1014.34
2026-03-31,Olive & Ember Downtown,Lemonade syrup,53.16,l,471.53
2026-04-30,Olive & Ember Downtown,Beef mince,56.58,kg,1069.36
2026-04-30,Olive & Ember Downtown,Ribeye steak,19.31,kg,769.5
2026-04-30,Olive & Ember Downtown,Chicken breast,21.62,kg,294.68
2026-04-30,Olive & Ember Downtown,Pork sausage,22.29,kg,281.08
2026-04-30,Olive & Ember Downtown,Lamb shoulder,6.77,kg,147.25
2026-04-30,Olive & Ember Downtown,Salmon fillet,6.69,kg,243.92
2026-04-30,Olive & Ember Downtown,Prawns,6.05,kg,162.81
2026-04-30,Olive & Ember Downtown,Calamari,6.9,kg,121.23
2026-04-30,Olive & Ember Downtown,Mozzarella,41.34,kg,531.22
2026-04-30,Olive & Ember Downtown,Parmesan,3.48,kg,102.52
2026-04-30,Olive & Ember Downtown,Butter,9.81,kg,111.15
2026-04-30,Olive & Ember Downtown,Cream,2.47,l,15.91
2026-04-30,Olive & Ember Downtown,Milk,34.63,l,58.87
2026-04-30,Olive & Ember Downtown,Eggs,257,each,107.94
2026-04-30,Olive & Ember Downtown,Mascarpone,3.78,kg,55.91
2026-04-30,Olive & Ember Downtown,Tomatoes,33.21,kg,135.83
2026-04-30,Olive & Ember Downtown,Lettuce,13.58,kg,65.32
2026-04-30,Olive & Ember Downtown,Onions,3.22,kg,5.89
2026-04-30,Olive & Ember Downtown,Potatoes,74.41,kg,111.62
2026-04-30,Olive & Ember Downtown,Mushrooms,8.49,kg,83.12
2026-04-30,Olive & Ember Downtown,Lemons,6.8,kg,30.12
2026-04-30,Olive & Ember Downtown,Basil,0.54,kg,18.2
2026-04-30,Olive & Ember Downtown,Garlic,1.14,kg,10.39
2026-04-30,Olive & Ember Downtown,Pizza flour,265,kg,410.75
2026-04-30,Olive & Ember Downtown,Pasta,37.63,kg,128.32
2026-04-30,Olive & Ember Downtown,Arborio rice,8.95,kg,40.01
2026-04-30,Olive & Ember Downtown,Olive oil,37.54,l,466.25
2026-04-30,Olive & Ember Downtown,Burger buns,490,each,294
2026-04-30,Olive & Ember Downtown,Bread loaf,151,each,345.79
2026-04-30,Olive & Ember Downtown,Sugar,34.07,kg,58.26
2026-04-30,Olive & Ember Downtown,Chocolate,16.29,kg,253.15
2026-04-30,Olive & Ember Downtown,Truffle paste,1.84,kg,220.62
2026-04-30,Olive & Ember Downtown,Coffee beans,35.28,kg,934.92
2026-04-30,Olive & Ember Downtown,Lemonade syrup,39.55,l,351.6
2026-05-31,Olive & Ember Downtown,Beef mince,24.75,kg,474.21
2026-05-31,Olive & Ember Downtown,Ribeye steak,9.64,kg,385.7
2026-05-31,Olive & Ember Downtown,Chicken breast,8.21,kg,110.26
2026-05-31,Olive & Ember Downtown,Pork sausage,10.48,kg,134.67
2026-05-31,Olive & Ember Downtown,Lamb shoulder,3.41,kg,74.27
2026-05-31,Olive & Ember Downtown,Salmon fillet,3.34,kg,122.04
2026-05-31,Olive & Ember Downtown,Prawns,4.56,kg,122.39
2026-05-31,Olive & Ember Downtown,Calamari,4.42,kg,78.85
2026-05-31,Olive & Ember Downtown,Mozzarella,25.68,kg,356.7
2026-05-31,Olive & Ember Downtown,Parmesan,2.2,kg,69.96
2026-05-31,Olive & Ember Downtown,Butter,7.19,kg,86.78
2026-05-31,Olive & Ember Downtown,Cream,1.95,l,13.92
2026-05-31,Olive & Ember Downtown,Milk,32.32,l,59.79
2026-05-31,Olive & Ember Downtown,Eggs,173,each,77.85
2026-05-31,Olive & Ember Downtown,Mascarpone,4.04,kg,64.84
2026-05-31,Olive & Ember Downtown,Tomatoes,16.94,kg,66.07
2026-05-31,Olive & Ember Downtown,Lettuce,4.26,kg,19.68
2026-05-31,Olive & Ember Downtown,Onions,2.27,kg,4.13
2026-05-31,Olive & Ember Downtown,Potatoes,34.25,kg,51.03
2026-05-31,Olive & Ember Downtown,Mushrooms,3.56,kg,34.85
2026-05-31,Olive & Ember Downtown,Lemons,3.4,kg,15.03
2026-05-31,Olive & Ember Downtown,Basil,0.28,kg,9.48
2026-05-31,Olive & Ember Downtown,Garlic,0.83,kg,7.54
2026-05-31,Olive & Ember Downtown,Pizza flour,182.18,kg,284.2
2026-05-31,Olive & Ember Downtown,Pasta,29.36,kg,99.53
2026-05-31,Olive & Ember Downtown,Arborio rice,8.06,kg,36.27
2026-05-31,Olive & Ember Downtown,Olive oil,28.04,l,352.46
2026-05-31,Olive & Ember Downtown,Burger buns,334,each,197.06
2026-05-31,Olive & Ember Downtown,Bread loaf,112,each,257.6
2026-05-31,Olive & Ember Downtown,Sugar,25.25,kg,42.42
2026-05-31,Olive & Ember Downtown,Chocolate,12.87,kg,199.87
2026-05-31,Olive & Ember Downtown,Truffle paste,1.41,kg,168.13
2026-05-31,Olive & Ember Downtown,Coffee beans,30.43,kg,810.66
2026-05-31,Olive & Ember Downtown,Lemonade syrup,29.85,l,265.37
2026-06-30,Olive & Ember Downtown,Beef mince,26.49,kg,626.49
2026-06-30,Olive & Ember Downtown,Ribeye steak,9.2,kg,445.37
2026-06-30,Olive & Ember Downtown,Chicken breast,17.27,kg,229.52
2026-06-30,Olive & Ember Downtown,Pork sausage,13.93,kg,176.63
2026-06-30,Olive & Ember Downtown,Lamb shoulder,6.58,kg,145.09
2026-06-30,Olive & Ember Downtown,Salmon fillet,10.38,kg,384.89
2026-06-30,Olive & Ember Downtown,Prawns,10.3,kg,274.19
2026-06-30,Olive & Ember Downtown,Calamari,12.53,kg,221.53
2026-06-30,Olive & Ember Downtown,Mozzarella,33.35,kg,476.91
2026-06-30,Olive & Ember Downtown,Parmesan,2.31,kg,74.52
2026-06-30,Olive & Ember Downtown,Butter,6.96,kg,84.63
2026-06-30,Olive & Ember Downtown,Cream,2.22,l,15.72
2026-06-30,Olive & Ember Downtown,Milk,28.35,l,52.45
2026-06-30,Olive & Ember Downtown,Eggs,188,each,86.48
2026-06-30,Olive & Ember Downtown,Mascarpone,4.73,kg,75.02
2026-06-30,Olive & Ember Downtown,Tomatoes,21.68,kg,79.57
2026-06-30,Olive & Ember Downtown,Lettuce,9.83,kg,45.71
2026-06-30,Olive & Ember Downtown,Onions,2.66,kg,4.95
2026-06-30,Olive & Ember Downtown,Potatoes,55.3,kg,82.4
2026-06-30,Olive & Ember Downtown,Mushrooms,5.29,kg,52.9
2026-06-30,Olive & Ember Downtown,Lemons,5.42,kg,23.9
2026-06-30,Olive & Ember Downtown,Basil,0.49,kg,16.54
2026-06-30,Olive & Ember Downtown,Garlic,0.78,kg,7.14
2026-06-30,Olive & Ember Downtown,Pizza flour,245.31,kg,385.14
2026-06-30,Olive & Ember Downtown,Pasta,42.67,kg,145.08
2026-06-30,Olive & Ember Downtown,Arborio rice,12.66,kg,57.98
2026-06-30,Olive & Ember Downtown,Olive oil,41.47,l,529.99
2026-06-30,Olive & Ember Downtown,Burger buns,546,each,333.06
2026-06-30,Olive & Ember Downtown,Bread loaf,163,each,368.38
2026-06-30,Olive & Ember Downtown,Sugar,39.5,kg,67.94
2026-06-30,Olive & Ember Downtown,Chocolate,21.31,kg,329.88
2026-06-30,Olive & Ember Downtown,Truffle paste,1.92,kg,234.99
2026-06-30,Olive & Ember Downtown,Coffee beans,35.41,kg,956.78
2026-06-30,Olive & Ember Downtown,Lemonade syrup,43.24,l,378.35
2026-07-31,Olive & Ember Downtown,Beef mince,35.37,kg,835.44
2026-07-31,Olive & Ember Downtown,Ribeye steak,12.28,kg,587.6
2026-07-31,Olive & Ember Downtown,Chicken breast,20.6,kg,280.78
2026-07-31,Olive & Ember Downtown,Pork sausage,14.67,kg,185.43
2026-07-31,Olive & Ember Downtown,Lamb shoulder,5.88,kg,130.18
2026-07-31,Olive & Ember Downtown,Salmon fillet,7.42,kg,277.73
2026-07-31,Olive & Ember Downtown,Prawns,7.75,kg,209.1
2026-07-31,Olive & Ember Downtown,Calamari,8.98,kg,158.23
2026-07-31,Olive & Ember Downtown,Mozzarella,41.83,kg,597.75
2026-07-31,Olive & Ember Downtown,Parmesan,3.86,kg,122.86
2026-07-31,Olive & Ember Downtown,Butter,12.08,kg,148.58
2026-07-31,Olive & Ember Downtown,Cream,3.33,l,23.78
2026-07-31,Olive & Ember Downtown,Milk,44.22,l,81.36
2026-07-31,Olive & Ember Downtown,Eggs,387,each,178.02
2026-07-31,Olive & Ember Downtown,Mascarpone,9.28,kg,150.34
2026-07-31,Olive & Ember Downtown,Tomatoes,33.97,kg,123.31
2026-07-31,Olive & Ember Downtown,Lettuce,16.86,kg,77.39
2026-07-31,Olive & Ember Downtown,Onions,4.5,kg,8.37
2026-07-31,Olive & Ember Downtown,Potatoes,85,kg,125.8
2026-07-31,Olive & Ember Downtown,Mushrooms,8.29,kg,82.32
2026-07-31,Olive & Ember Downtown,Lemons,9.6,kg,41.86
2026-07-31,Olive & Ember Downtown,Basil,0.67,kg,23.09
2026-07-31,Olive & Ember Downtown,Garlic,1.57,kg,14.33
2026-07-31,Olive & Ember Downtown,Pizza flour,192.76,kg,300.71
2026-07-31,Olive & Ember Downtown,Pasta,27.83,kg,93.79
2026-07-31,Olive & Ember Downtown,Arborio rice,6.93,kg,31.19
2026-07-31,Olive & Ember Downtown,Olive oil,30.45,l,390.06
2026-07-31,Olive & Ember Downtown,Burger buns,391,each,230.69
2026-07-31,Olive & Ember Downtown,Bread loaf,121,each,272.25
2026-07-31,Olive & Ember Downtown,Sugar,31.89,kg,54.85
2026-07-31,Olive & Ember Downtown,Chocolate,14.48,kg,226.32
2026-07-31,Olive & Ember Downtown,Truffle paste,1.38,kg,168.51
2026-07-31,Olive & Ember Downtown,Coffee beans,26.57,kg,720.58
2026-07-31,Olive & Ember Downtown,Lemonade syrup,37.33,l,326.26
2026-08-31,Olive & Ember Downtown,Beef mince,31.3,kg,724.91
2026-08-31,Olive & Ember Downtown,Ribeye steak,10.11,kg,486.59
2026-08-31,Olive & Ember Downtown,Chicken breast,10.41,kg,142.1
2026-08-31,Olive & Ember Downtown,Pork sausage,17.07,kg,217.13
2026-08-31,Olive & Ember Downtown,Lamb shoulder,7.56,kg,166.17
2026-08-31,Olive & Ember Downtown,Salmon fillet,2.41,kg,88.45
2026-08-31,Olive & Ember Downtown,Prawns,3.47,kg,92.86
2026-08-31,Olive & Ember Downtown,Calamari,3.74,kg,65.64
2026-08-31,Olive & Ember Downtown,Mozzarella,32.32,kg,454.74
2026-08-31,Olive & Ember Downtown,Parmesan,2.2,kg,72.01
2026-08-31,Olive & Ember Downtown,Butter,8.02,kg,100.09
2026-08-31,Olive & Ember Downtown,Cream,2.29,l,16.42
2026-08-31,Olive & Ember Downtown,Milk,37.99,l,70.66
2026-08-31,Olive & Ember Downtown,Eggs,184,each,84.64
2026-08-31,Olive & Ember Downtown,Mascarpone,3.53,kg,57.29
2026-08-31,Olive & Ember Downtown,Tomatoes,25.75,kg,92.44
2026-08-31,Olive & Ember Downtown,Lettuce,9.81,kg,45.03
2026-08-31,Olive & Ember Downtown,Onions,3.67,kg,6.72
2026-08-31,Olive & Ember Downtown,Potatoes,59.31,kg,89.56
2026-08-31,Olive & Ember Downtown,Mushrooms,4.13,kg,40.76
2026-08-31,Olive & Ember Downtown,Lemons,5.04,kg,21.92
2026-08-31,Olive & Ember Downtown,Basil,0.54,kg,18.68
2026-08-31,Olive & Ember Downtown,Garlic,1.11,kg,10.37
2026-08-31,Olive & Ember Downtown,Pizza flour,178.94,kg,280.94
2026-08-31,Olive & Ember Downtown,Pasta,36.06,kg,122.96
2026-08-31,Olive & Ember Downtown,Arborio rice,6.47,kg,29.7
2026-08-31,Olive & Ember Downtown,Olive oil,30.92,l,387.43
2026-08-31,Olive & Ember Downtown,Burger buns,389,each,233.4
2026-08-31,Olive & Ember Downtown,Bread loaf,135,each,311.85
2026-08-31,Olive & Ember Downtown,Sugar,25.8,kg,43.86
2026-08-31,Olive & Ember Downtown,Chocolate,17.35,kg,270.66
2026-08-31,Olive & Ember Downtown,Truffle paste,1.2,kg,144.17
2026-08-31,Olive & Ember Downtown,Coffee beans,23.09,kg,622.28
2026-08-31,Olive & Ember Downtown,Lemonade syrup,29.75,l,261.21
2025-01-31,Olive & Ember Riverside,Beef mince,23.2,kg,435.7
2025-01-31,Olive & Ember Riverside,Ribeye steak,7.59,kg,297.38
2025-01-31,Olive & Ember Riverside,Chicken breast,12.8,kg,168.58
2025-01-31,Olive & Ember Riverside,Pork sausage,13.72,kg,173.01
2025-01-31,Olive & Ember Riverside,Lamb shoulder,4.88,kg,105.16
2025-01-31,Olive & Ember Riverside,Salmon fillet,4.41,kg,158.14
2025-01-31,Olive & Ember Riverside,Prawns,4.77,kg,124.4
2025-01-31,Olive & Ember Riverside,Calamari,6.84,kg,116.9
2025-01-31,Olive & Ember Riverside,Mozzarella,26.18,kg,337.2
2025-01-31,Olive & Ember Riverside,Parmesan,2.24,kg,64.38
2025-01-31,Olive & Ember Riverside,Butter,7.17,kg,79.59
2025-01-31,Olive & Ember Riverside,Cream,1.91,l,12.2
2025-01-31,Olive & Ember Riverside,Milk,30.46,l,50.87
2025-01-31,Olive & Ember Riverside,Eggs,241,each,98.81
2025-01-31,Olive & Ember Riverside,Mascarpone,5.7,kg,82.08
2025-01-31,Olive & Ember Riverside,Tomatoes,22.75,kg,101.69
2025-01-31,Olive & Ember Riverside,Lettuce,12.62,kg,66.13
2025-01-31,Olive & Ember Riverside,Onions,3.84,kg,6.99
2025-01-31,Olive & Ember Riverside,Potatoes,65,kg,94.9
2025-01-31,Olive & Ember Riverside,Mushrooms,5.45,kg,52.16
2025-01-31,Olive & Ember Riverside,Lemons,5.33,kg,22.81
2025-01-31,Olive & Ember Riverside,Basil,0.43,kg,14.45
2025-01-31,Olive & Ember Riverside,Garlic,0.74,kg,6.7
2025-01-31,Olive & Ember Riverside,Pizza flour,90.55,kg,135.82
2025-01-31,Olive & Ember Riverside,Pasta,14.55,kg,48.89
2025-01-31,Olive & Ember Riverside,Arborio rice,4.89,kg,21.76
2025-01-31,Olive & Ember Riverside,Olive oil,15.95,l,194.27
2025-01-31,Olive & Ember Riverside,Burger buns,239,each,138.62
2025-01-31,Olive & Ember Riverside,Bread loaf,62,each,138.88
2025-01-31,Olive & Ember Riverside,Sugar,17.52,kg,28.56
2025-01-31,Olive & Ember Riverside,Chocolate,8.05,kg,121.39
2025-01-31,Olive & Ember Riverside,Truffle paste,0.82,kg,97.51
2025-01-31,Olive & Ember Riverside,Coffee beans,17.19,kg,454.85
2025-01-31,Olive & Ember Riverside,Lemonade syrup,16.99,l,146.62
2025-02-28,Olive & Ember Riverside,Beef mince,25.05,kg,466.18
2025-02-28,Olive & Ember Riverside,Ribeye steak,10.95,kg,429.35
2025-02-28,Olive & Ember Riverside,Chicken breast,11.59,kg,152.99
2025-02-28,Olive & Ember Riverside,Pork sausage,10.08,kg,124.79
2025-02-28,Olive & Ember Riverside,Lamb shoulder,4.29,kg,91.85
2025-02-28,Olive & Ember Riverside,Salmon fillet,4.23,kg,151.98
2025-02-28,Olive & Ember Riverside,Prawns,6.35,kg,167.01
2025-02-28,Olive & Ember Riverside,Calamari,6.1,kg,106.32
2025-02-28,Olive & Ember Riverside,Mozzarella,32.62,kg,410.36
2025-02-28,Olive & Ember Riverside,Parmesan,2.04,kg,58.45
2025-02-28,Olive & Ember Riverside,Butter,7.5,kg,83.7
2025-02-28,Olive & Ember Riverside,Cream,1.88,l,11.92
2025-02-28,Olive & Ember Riverside,Milk,41.66,l,67.91
2025-02-28,Olive & Ember Riverside,Eggs,216,each,88.56
2025-02-28,Olive & Ember Riverside,Mascarpone,5.58,kg,81.52
2025-02-28,Olive & Ember Riverside,Tomatoes,32.24,kg,145.72
2025-02-28,Olive & Ember Riverside,Lettuce,13.09,kg,68.46
2025-02-28,Olive & Ember Riverside,Onions,2.93,kg,5.27
2025-02-28,Olive & Ember Riverside,Potatoes,69.21,kg,98.97
2025-02-28,Olive & Ember Riverside,Mushrooms,6.59,kg,63.2
2025-02-28,Olive & Ember Riverside,Lemons,5.97,kg,25.31
2025-02-28,Olive & Ember Riverside,Basil,0.58,kg,19.06
2025-02-28,Olive & Ember Riverside,Garlic,1.18,kg,10.48
2025-02-28,Olive & Ember Riverside,Pizza flour,108.14,kg,164.37
2025-02-28,Olive & Ember Riverside,Pasta,18.27,kg,61.02
2025-02-28,Olive & Ember Riverside,Arborio rice,3.88,kg,17.27
2025-02-28,Olive & Ember Riverside,Olive oil,18.94,l,235.8
2025-02-28,Olive & Ember Riverside,Burger buns,251,each,143.07
2025-02-28,Olive & Ember Riverside,Bread loaf,79,each,176.17
2025-02-28,Olive & Ember Riverside,Sugar,19.91,kg,33.05
2025-02-28,Olive & Ember Riverside,Chocolate,9.6,kg,144.38
2025-02-28,Olive & Ember Riverside,Truffle paste,1.09,kg,126.36
2025-02-28,Olive & Ember Riverside,Coffee beans,18.2,kg,475.38
2025-02-28,Olive & Ember Riverside,Lemonade syrup,20.2,l,173.52
2025-03-31,Olive & Ember Riverside,Beef mince,32.76,kg,608.03
2025-03-31,Olive & Ember Riverside,Ribeye steak,10.25,kg,401.7
2025-03-31,Olive & Ember Riverside,Chicken breast,17.44,kg,232.48
2025-03-31,Olive & Ember Riverside,Pork sausage,18.48,kg,232.11
2025-03-31,Olive & Ember Riverside,Lamb shoulder,3.98,kg,86.49
2025-03-31,Olive & Ember Riverside,Salmon fillet,1.7,kg,60.4
2025-03-31,Olive & Ember Riverside,Prawns,1.76,kg,46.99
2025-03-31,Olive & Ember Riverside,Calamari,1.4,kg,24.08
2025-03-31,Olive & Ember Riverside,Mozzarella,22.99,kg,293.12
2025-03-31,Olive & Ember Riverside,Parmesan,1.69,kg,48.72
2025-03-31,Olive & Ember Riverside,Butter,6.93,kg,77.34
2025-03-31,Olive & Ember Riverside,Cream,1.52,l,9.55
2025-03-31,Olive & Ember Riverside,Milk,28.78,l,47.49
2025-03-31,Olive & Ember Riverside,Eggs,150,each,61.5
2025-03-31,Olive & Ember Riverside,Mascarpone,3.5,kg,50.4
2025-03-31,Olive & Ember Riverside,Tomatoes,20.9,kg,89.45
2025-03-31,Olive & Ember Riverside,Lettuce,9.94,kg,48.61
2025-03-31,Olive & Ember Riverside,Onions,3.08,kg,5.57
2025-03-31,Olive & Ember Riverside,Potatoes,52.65,kg,76.87
2025-03-31,Olive & Ember Riverside,Mushrooms,4.58,kg,45.07
2025-03-31,Olive & Ember Riverside,Lemons,5.63,kg,24.21
2025-03-31,Olive & Ember Riverside,Basil,0.42,kg,13.99
2025-03-31,Olive & Ember Riverside,Garlic,0.83,kg,7.41
2025-03-31,Olive & Ember Riverside,Pizza flour,191.65,kg,293.22
2025-03-31,Olive & Ember Riverside,Pasta,24.59,kg,83.11
2025-03-31,Olive & Ember Riverside,Arborio rice,8.07,kg,35.43
2025-03-31,Olive & Ember Riverside,Olive oil,31.75,l,387.67
2025-03-31,Olive & Ember Riverside,Burger buns,407,each,236.06
2025-03-31,Olive & Ember Riverside,Bread loaf,120,each,264
2025-03-31,Olive & Ember Riverside,Sugar,27.9,kg,46.87
2025-03-31,Olive & Ember Riverside,Chocolate,13.41,kg,206.11
2025-03-31,Olive & Ember Riverside,Truffle paste,1.19,kg,141.3
2025-03-31,Olive & Ember Riverside,Coffee beans,14.51,kg,386.98
2025-03-31,Olive & Ember Riverside,Lemonade syrup,20.83,l,178.1
2025-04-30,Olive & Ember Riverside,Beef mince,18.69,kg,348.57
2025-04-30,Olive & Ember Riverside,Ribeye steak,7.74,kg,300.93
2025-04-30,Olive & Ember Riverside,Chicken breast,9.32,kg,121.72
2025-04-30,Olive & Ember Riverside,Pork sausage,5.7,kg,71.76
2025-04-30,Olive & Ember Riverside,Lamb shoulder,2.18,kg,47.02
2025-04-30,Olive & Ember Riverside,Salmon fillet,5.47,kg,198.34
2025-04-30,Olive & Ember Riverside,Prawns,6.4,kg,166.78
2025-04-30,Olive & Ember Riverside,Calamari,6.29,kg,108.44
2025-04-30,Olive & Ember Riverside,Mozzarella,33.54,kg,428.98
2025-04-30,Olive & Ember Riverside,Parmesan,3.04,kg,87.8
2025-04-30,Olive & Ember Riverside,Butter,9.16,kg,101.03
2025-04-30,Olive & Ember Riverside,Cream,2.1,l,13.38
2025-04-30,Olive & Ember Riverside,Milk,33.35,l,54.69
2025-04-30,Olive & Ember Riverside,Eggs,264,each,108.24
2025-04-30,Olive & Ember Riverside,Mascarpone,5.41,kg,79.64
2025-04-30,Olive & Ember Riverside,Tomatoes,34.37,kg,138.85
2025-04-30,Olive & Ember Riverside,Lettuce,16.05,kg,75.27
2025-04-30,Olive & Ember Riverside,Onions,3.75,kg,6.68
2025-04-30,Olive & Ember Riverside,Potatoes,85.78,kg,126.1
2025-04-30,Olive & Ember Riverside,Mushrooms,7.59,kg,73.7
2025-04-30,Olive & Ember Riverside,Lemons,7.72,kg,32.81
2025-04-30,Olive & Ember Riverside,Basil,0.75,kg,25.12
2025-04-30,Olive & Ember Riverside,Garlic,1.34,kg,12.05
2025-04-30,Olive & Ember Riverside,Pizza flour,184.74,kg,284.5
2025-04-30,Olive & Ember Riverside,Pasta,28.99,kg,95.96
2025-04-30,Olive & Ember Riverside,Arborio rice,6.84,kg,30.23
2025-04-30,Olive & Ember Riverside,Olive oil,32.32,l,393.33
2025-04-30,Olive & Ember Riverside,Burger buns,431,each,249.98
2025-04-30,Olive & Ember Riverside,Bread loaf,121,each,272.25
2025-04-30,Olive & Ember Riverside,Sugar,30.59,kg,51.39
2025-04-30,Olive & Ember Riverside,Chocolate,14.04,kg,216.36
2025-04-30,Olive & Ember Riverside,Truffle paste,1.33,kg,158.32
2025-04-30,Olive & Ember Riverside,Coffee beans,25.37,kg,660.13
2025-04-30,Olive & Ember Riverside,Lemonade syrup,32.79,l,282.65
2025-05-31,Olive & Ember Riverside,Beef mince,29.86,kg,554.8
2025-05-31,Olive & Ember Riverside,Ribeye steak,10.96,kg,424.59
2025-05-31,Olive & Ember Riverside,Chicken breast,10.61,kg,142.07
2025-05-31,Olive & Ember Riverside,Pork sausage,11.38,kg,144.41
2025-05-31,Olive & Ember Riverside,Lamb shoulder,6,kg,130.2
2025-05-31,Olive & Ember Riverside,Salmon fillet,8.9,kg,317.73
2025-05-31,Olive & Ember Riverside,Prawns,8.07,kg,215.31
2025-05-31,Olive & Ember Riverside,Calamari,9.64,kg,166.19
2025-05-31,Olive & Ember Riverside,Mozzarella,30.82,kg,388.95
2025-05-31,Olive & Ember Riverside,Parmesan,2.64,kg,76.56
2025-05-31,Olive & Ember Riverside,Butter,8.49,kg,94.49
2025-05-31,Olive & Ember Riverside,Cream,2.03,l,12.95
2025-05-31,Olive & Ember Riverside,Milk,34.3,l,57.62
2025-05-31,Olive & Ember Riverside,Eggs,232,each,97.44
2025-05-31,Olive & Ember Riverside,Mascarpone,5.04,kg,74.09
2025-05-31,Olive & Ember Riverside,Tomatoes,26.99,kg,102.83
2025-05-31,Olive & Ember Riverside,Lettuce,10.79,kg,49.96
2025-05-31,Olive & Ember Riverside,Onions,3.27,kg,5.92
2025-05-31,Olive & Ember Riverside,Potatoes,57.77,kg,84.34
2025-05-31,Olive & Ember Riverside,Mushrooms,6.31,kg,62.28
2025-05-31,Olive & Ember Riverside,Lemons,6.9,kg,29.33
2025-05-31,Olive & Ember Riverside,Basil,0.48,kg,15.99
2025-05-31,Olive & Ember Riverside,Garlic,1,kg,8.97
2025-05-31,Olive & Ember Riverside,Pizza flour,163.19,kg,249.68
2025-05-31,Olive & Ember Riverside,Pasta,27.91,kg,93.22
2025-05-31,Olive & Ember Riverside,Arborio rice,7.25,kg,32.34
2025-05-31,Olive & Ember Riverside,Olive oil,23.82,l,298.23
2025-05-31,Olive & Ember Riverside,Burger buns,402,each,237.18
2025-05-31,Olive & Ember Riverside,Bread loaf,112,each,253.12
2025-05-31,Olive & Ember Riverside,Sugar,23.23,kg,39.03
2025-05-31,Olive & Ember Riverside,Chocolate,11.28,kg,171
2025-05-31,Olive & Ember Riverside,Truffle paste,1.35,kg,159.14
2025-05-31,Olive & Ember Riverside,Coffee beans,24.46,kg,637.43
2025-05-31,Olive & Ember Riverside,Lemonade syrup,25.85,l,220.5
2025-06-30,Olive & Ember Riverside,Beef mince,38.01,kg,724.09
2025-06-30,Olive & Ember Riverside,Ribeye steak,9.33,kg,359.21
2025-06-30,Olive & Ember Riverside,Chicken breast,16.47,kg,219.05
2025-06-30,Olive & Ember Riverside,Pork sausage,19.13,kg,242.19
2025-06-30,Olive & Ember Riverside,Lamb shoulder,7.48,kg,162.69
2025-06-30,Olive & Ember Riverside,Salmon fillet,4.48,kg,161.86
2025-06-30,Olive & Ember Riverside,Prawns,3.06,kg,82.1
2025-06-30,Olive & Ember Riverside,Calamari,2.98,kg,52.48
2025-06-30,Olive & Ember Riverside,Mozzarella,38.29,kg,486.67
2025-06-30,Olive & Ember Riverside,Parmesan,3.18,kg,94.06
2025-06-30,Olive & Ember Riverside,Butter,9.67,kg,106.27
2025-06-30,Olive & Ember Riverside,Cream,2.48,l,15.67
2025-06-30,Olive & Ember Riverside,Milk,35.04,l,58.52
2025-06-30,Olive & Ember Riverside,Eggs,245,each,100.45
2025-06-30,Olive & Ember Riverside,Mascarpone,4.5,kg,65.3
2025-06-30,Olive & Ember Riverside,Tomatoes,35.14,kg,124.75
2025-06-30,Olive & Ember Riverside,Lettuce,14.18,kg,62.96
2025-06-30,Olive & Ember Riverside,Onions,4.37,kg,8
2025-06-30,Olive & Ember Riverside,Potatoes,64.85,kg,94.68
2025-06-30,Olive & Ember Riverside,Mushrooms,7.22,kg,69.75
2025-06-30,Olive & Ember Riverside,Lemons,8.34,kg,36.2
2025-06-30,Olive & Ember Riverside,Basil,0.62,kg,21.02
2025-06-30,Olive & Ember Riverside,Garlic,1.5,kg,13.7
2025-06-30,Olive & Ember Riverside,Pizza flour,267.04,kg,405.9
2025-06-30,Olive & Ember Riverside,Pasta,46.55,kg,153.61
2025-06-30,Olive & Ember Riverside,Arborio rice,9.86,kg,43.68
2025-06-30,Olive & Ember Riverside,Olive oil,44.43,l,547.82
2025-06-30,Olive & Ember Riverside,Burger buns,563,each,332.17
2025-06-30,Olive & Ember Riverside,Bread loaf,150,each,331.5
2025-06-30,Olive & Ember Riverside,Sugar,39.21,kg,64.7
2025-06-30,Olive & Ember Riverside,Chocolate,18.08,kg,280.42
2025-06-30,Olive & Ember Riverside,Truffle paste,2.05,kg,244.44
2025-06-30,Olive & Ember Riverside,Coffee beans,21.7,kg,565.29
2025-06-30,Olive & Ember Riverside,Lemonade syrup,21.67,l,189.61
2025-07-31,Olive & Ember Riverside,Beef mince,46.71,kg,868.81
2025-07-31,Olive & Ember Riverside,Ribeye steak,21.2,kg,832.1
2025-07-31,Olive & Ember Riverside,Chicken breast,21.03,kg,282.43
2025-07-31,Olive & Ember Riverside,Pork sausage,21.28,kg,265.57
2025-07-31,Olive & Ember Riverside,Lamb shoulder,6.04,kg,128.71
2025-07-31,Olive & Ember Riverside,Salmon fillet,5.71,kg,207.96
2025-07-31,Olive & Ember Riverside,Prawns,8.82,kg,235.23
2025-07-31,Olive & Ember Riverside,Calamari,8.04,kg,139.74
2025-07-31,Olive & Ember Riverside,Mozzarella,32.99,kg,419.3
2025-07-31,Olive & Ember Riverside,Parmesan,2.28,kg,66.78
2025-07-31,Olive & Ember Riverside,Butter,6.98,kg,78.59
2025-07-31,Olive & Ember Riverside,Cream,1.53,l,9.88
2025-07-31,Olive & Ember Riverside,Milk,28.02,l,46.23
2025-07-31,Olive & Ember Riverside,Eggs,167,each,68.47
2025-07-31,Olive & Ember Riverside,Mascarpone,4.18,kg,61.65
2025-07-31,Olive & Ember Riverside,Tomatoes,28.56,kg,101.39
2025-07-31,Olive & Ember Riverside,Lettuce,8.17,kg,36.44
2025-07-31,Olive & Ember Riverside,Onions,2.76,kg,4.91
2025-07-31,Olive & Ember Riverside,Potatoes,56.8,kg,84.06
2025-07-31,Olive & Ember Riverside,Mushrooms,4.5,kg,43.88
2025-07-31,Olive & Ember Riverside,Lemons,5.99,kg,26.24
2025-07-31,Olive & Ember Riverside,Basil,0.68,kg,23.04
2025-07-31,Olive & Ember Riverside,Garlic,1.22,kg,10.99
2025-07-31,Olive & Ember Riverside,Pizza flour,225.14,kg,342.21
2025-07-31,Olive & Ember Riverside,Pasta,37.97,kg,128.72
2025-07-31,Olive & Ember Riverside,Arborio rice,9,kg,39.51
2025-07-31,Olive & Ember Riverside,Olive oil,36.63,l,450.18
2025-07-31,Olive & Ember Riverside,Burger buns,455,each,268.45
2025-07-31,Olive & Ember Riverside,Bread loaf,131,each,290.82
2025-07-31,Olive & Ember Riverside,Sugar,32.38,kg,53.43
2025-07-31,Olive & Ember Riverside,Chocolate,15.13,kg,233.61
2025-07-31,Olive & Ember Riverside,Truffle paste,1.38,kg,162.26
2025-07-31,Olive & Ember Riverside,Coffee beans,30.17,kg,799.2
2025-07-31,Olive & Ember Riverside,Lemonade syrup,38.84,l,335.97
2025-08-31,Olive & Ember Riverside,Beef mince,24.52,kg,464.41
2025-08-31,Olive & Ember Riverside,Ribeye steak,8.83,kg,341.72
2025-08-31,Olive & Ember Riverside,Chicken breast,9.3,kg,125.09
2025-08-31,Olive & Ember Riverside,Pork sausage,8.35,kg,105.21
2025-08-31,Olive & Ember Riverside,Lamb shoulder,3.13,kg,68.27
2025-08-31,Olive & Ember Riverside,Salmon fillet,5.13,kg,184.47
2025-08-31,Olive & Ember Riverside,Prawns,5.73,kg,153.05
2025-08-31,Olive & Ember Riverside,Calamari,4.12,kg,72.1
2025-08-31,Olive & Ember Riverside,Mozzarella,25.05,kg,319.64
2025-08-31,Olive & Ember Riverside,Parmesan,2.1,kg,61.24
2025-08-31,Olive & Ember Riverside,Butter,6.3,kg,71.13
2025-08-31,Olive & Ember Riverside,Cream,1.62,l,10.45
2025-08-31,Olive & Ember Riverside,Milk,26.06,l,43.52
2025-08-31,Olive & Ember Riverside,Eggs,156,each,65.52
2025-08-31,Olive & Ember Riverside,Mascarpone,3.84,kg,56.29
2025-08-31,Olive & Ember Riverside,Tomatoes,15.19,kg,54.23
2025-08-31,Olive & Ember Riverside,Lettuce,6.11,kg,27.5
2025-08-31,Olive & Ember Riverside,Onions,1.86,kg,3.4
2025-08-31,Olive & Ember Riverside,Potatoes,38.69,kg,57.26
2025-08-31,Olive & Ember Riverside,Mushrooms,3.18,kg,31.48
2025-08-31,Olive & Ember Riverside,Lemons,3,kg,13.02
2025-08-31,Olive & Ember Riverside,Basil,0.33,kg,10.98
2025-08-31,Olive & Ember Riverside,Garlic,0.57,kg,5.18
2025-08-31,Olive & Ember Riverside,Pizza flour,164.8,kg,257.09
2025-08-31,Olive & Ember Riverside,Pasta,27.74,kg,92.93
2025-08-31,Olive & Ember Riverside,Arborio rice,6.62,kg,29.53
2025-08-31,Olive & Ember Riverside,Olive oil,26.06,l,324.19
2025-08-31,Olive & Ember Riverside,Burger buns,334,each,197.06
2025-08-31,Olive & Ember Riverside,Bread loaf,107,each,242.89
2025-08-31,Olive & Ember Riverside,Sugar,22.67,kg,38.09
2025-08-31,Olive & Ember Riverside,Chocolate,11.39,kg,173.58
2025-08-31,Olive & Ember Riverside,Truffle paste,1.14,kg,135.75
2025-08-31,Olive & Ember Riverside,Coffee beans,26.18,kg,697.17
2025-08-31,Olive & Ember Riverside,Lemonade syrup,29.38,l,254.72
2025-09-30,Olive & Ember Riverside,Beef mince,19.38,kg,369.96
2025-09-30,Olive & Ember Riverside,Ribeye steak,8.68,kg,336.78
2025-09-30,Olive & Ember Riverside,Chicken breast,11.59,kg,155.07
2025-09-30,Olive & Ember Riverside,Pork sausage,8.51,kg,105.86
2025-09-30,Olive & Ember Riverside,Lamb shoulder,2.7,kg,58.27
2025-09-30,Olive & Ember Riverside,Salmon fillet,5.74,kg,206.81
2025-09-30,Olive & Ember Riverside,Prawns,8.01,kg,210.42
2025-09-30,Olive & Ember Riverside,Calamari,7.44,kg,128.41
2025-09-30,Olive & Ember Riverside,Mozzarella,19.09,kg,245.31
2025-09-30,Olive & Ember Riverside,Parmesan,1.68,kg,48.62
2025-09-30,Olive & Ember Riverside,Butter,4.4,kg,48.75
2025-09-30,Olive & Ember Riverside,Cream,1.22,l,7.82
2025-09-30,Olive & Ember Riverside,Milk,16.41,l,27.08
2025-09-30,Olive & Ember Riverside,Eggs,118,each,48.38
2025-09-30,Olive & Ember Riverside,Mascarpone,2.17,kg,31.9
2025-09-30,Olive & Ember Riverside,Tomatoes,11.74,kg,43.79
2025-09-30,Olive & Ember Riverside,Lettuce,6.31,kg,29.09
2025-09-30,Olive & Ember Riverside,Onions,1.19,kg,2.14
2025-09-30,Olive & Ember Riverside,Potatoes,26.43,kg,38.85
2025-09-30,Olive & Ember Riverside,Mushrooms,5.39,kg,52.18
2025-09-30,Olive & Ember Riverside,Lemons,3.55,kg,15.19
2025-09-30,Olive & Ember Riverside,Basil,0.21,kg,6.96
2025-09-30,Olive & Ember Riverside,Garlic,0.59,kg,5.43
2025-09-30,Olive & Ember Riverside,Pizza flour,166.62,kg,258.26
2025-09-30,Olive & Ember Riverside,Pasta,23.07,kg,77.05
2025-09-30,Olive & Ember Riverside,Arborio rice,8.28,kg,36.93
2025-09-30,Olive & Ember Riverside,Olive oil,25.41,l,317.12
2025-09-30,Olive & Ember Riverside,Burger buns,430,each,258
2025-09-30,Olive & Ember Riverside,Bread loaf,120,each,266.4
2025-09-30,Olive & Ember Riverside,Sugar,25.28,kg,41.96
2025-09-30,Olive & Ember Riverside,Chocolate,13.04,kg,198.99
2025-09-30,Olive & Ember Riverside,Truffle paste,1.55,kg,186.43
2025-09-30,Olive & Ember Riverside,Coffee beans,21.8,kg,574.21
2025-09-30,Olive & Ember Riverside,Lemonade syrup,28.69,l,247.31
2025-10-31,Olive & Ember Riverside,Beef mince,35.59,kg,668.38
2025-10-31,Olive & Ember Riverside,Ribeye steak,12.82,kg,504.85
2025-10-31,Olive & Ember Riverside,Chicken breast,14.73,kg,196.94
2025-10-31,Olive & Ember Riverside,Pork sausage,13.54,kg,171.96
2025-10-31,Olive & Ember Riverside,Lamb shoulder,3.8,kg,83.14
2025-10-31,Olive & Ember Riverside,Salmon fillet,8.29,kg,300.26
2025-10-31,Olive & Ember Riverside,Prawns,7.35,kg,192.79
2025-10-31,Olive & Ember Riverside,Calamari,6.33,kg,110.4
2025-10-31,Olive & Ember Riverside,Mozzarella,41.13,kg,534.28
2025-10-31,Olive & Ember Riverside,Parmesan,3.16,kg,92.05
2025-10-31,Olive & Ember Riverside,Butter,10.78,kg,119.23
2025-10-31,Olive & Ember Riverside,Cream,2.94,l,18.99
2025-10-31,Olive & Ember Riverside,Milk,37.54,l,63.44
2025-10-31,Olive & Ember Riverside,Eggs,249,each,104.58
2025-10-31,Olive & Ember Riverside,Mascarpone,4.68,kg,68.37
2025-10-31,Olive & Ember Riverside,Tomatoes,37.57,kg,153.29
2025-10-31,Olive & Ember Riverside,Lettuce,12.91,kg,61.19
2025-10-31,Olive & Ember Riverside,Onions,4.75,kg,8.65
2025-10-31,Olive & Ember Riverside,Potatoes,75.55,kg,109.55
2025-10-31,Olive & Ember Riverside,Mushrooms,8.68,kg,86.02
2025-10-31,Olive & Ember Riverside,Lemons,6.64,kg,29.22
2025-10-31,Olive & Ember Riverside,Basil,0.71,kg,23.64
2025-10-31,Olive & Ember Riverside,Garlic,1.39,kg,12.64
2025-10-31,Olive & Ember Riverside,Pizza flour,163.27,kg,249.8
2025-10-31,Olive & Ember Riverside,Pasta,18.45,kg,62.55
2025-10-31,Olive & Ember Riverside,Arborio rice,8.6,kg,39.04
2025-10-31,Olive & Ember Riverside,Olive oil,25.1,l,315.26
2025-10-31,Olive & Ember Riverside,Burger buns,375,each,217.5
2025-10-31,Olive & Ember Riverside,Bread loaf,99,each,219.78
2025-10-31,Olive & Ember Riverside,Sugar,19.72,kg,33.52
2025-10-31,Olive & Ember Riverside,Chocolate,11.31,kg,174.97
2025-10-31,Olive & Ember Riverside,Truffle paste,1.21,kg,145.2
2025-10-31,Olive & Ember Riverside,Coffee beans,20.14,kg,537.74
2025-10-31,Olive & Ember Riverside,Lemonade syrup,25.74,l,220.59
2025-11-30,Olive & Ember Riverside,Beef mince,13.57,kg,257.15
2025-11-30,Olive & Ember Riverside,Ribeye steak,4.82,kg,188.08
2025-11-30,Olive & Ember Riverside,Chicken breast,6.5,kg,85.93
2025-11-30,Olive & Ember Riverside,Pork sausage,5.93,kg,74.36
2025-11-30,Olive & Ember Riverside,Lamb shoulder,2.66,kg,57.7
2025-11-30,Olive & Ember Riverside,Salmon fillet,3.69,kg,134.57
2025-11-30,Olive & Ember Riverside,Prawns,4.38,kg,115.63
2025-11-30,Olive & Ember Riverside,Calamari,2.61,kg,45.1
2025-11-30,Olive & Ember Riverside,Mozzarella,12.35,kg,161.17
2025-11-30,Olive & Ember Riverside,Parmesan,1.28,kg,37.94
2025-11-30,Olive & Ember Riverside,Butter,3.48,kg,39.57
2025-11-30,Olive & Ember Riverside,Cream,0.79,l,5.1
2025-11-30,Olive & Ember Riverside,Milk,16.97,l,28.68
2025-11-30,Olive & Ember Riverside,Eggs,109,each,45.78
2025-11-30,Olive & Ember Riverside,Mascarpone,2.93,kg,43.45
2025-11-30,Olive & Ember Riverside,Tomatoes,7.57,kg,33.08
2025-11-30,Olive & Ember Riverside,Lettuce,3.19,kg,16.17
2025-11-30,Olive & Ember Riverside,Onions,1.27,kg,2.32
2025-11-30,Olive & Ember Riverside,Potatoes,25.6,kg,37.38
2025-11-30,Olive & Ember Riverside,Mushrooms,1.79,kg,17.49
2025-11-30,Olive & Ember Riverside,Lemons,1.81,kg,7.91
2025-11-30,Olive & Ember Riverside,Basil,0.15,kg,4.98
2025-11-30,Olive & Ember Riverside,Garlic,0.44,kg,4.02
2025-11-30,Olive & Ember Riverside,Pizza flour,105.34,kg,165.38
2025-11-30,Olive & Ember Riverside,Pasta,18.33,kg,62.51
2025-11-30,Olive & Ember Riverside,Arborio rice,5,kg,22.65
2025-11-30,Olive & Ember Riverside,Olive oil,15.82,l,197.43
2025-11-30,Olive & Ember Riverside,Burger buns,231,each,133.98
2025-11-30,Olive & Ember Riverside,Bread loaf,69,each,153.87
2025-11-30,Olive & Ember Riverside,Sugar,15.48,kg,26.01
2025-11-30,Olive & Ember Riverside,Chocolate,7.85,kg,123.01
2025-11-30,Olive & Ember Riverside,Truffle paste,0.66,kg,78.13
2025-11-30,Olive & Ember Riverside,Coffee beans,16.81,kg,446.14
2025-11-30,Olive & Ember Riverside,Lemonade syrup,17.64,l,155.23
2025-12-31,Olive & Ember Riverside,Beef mince,12.44,kg,237.73
2025-12-31,Olive & Ember Riverside,Ribeye steak,4.37,kg,172.92
2025-12-31,Olive & Ember Riverside,Chicken breast,5.84,kg,78.14
2025-12-31,Olive & Ember Riverside,Pork sausage,6.63,kg,85.13
2025-12-31,Olive & Ember Riverside,Lamb shoulder,3.29,kg,71
2025-12-31,Olive & Ember Riverside,Salmon fillet,5.32,kg,195.46
2025-12-31,Olive & Ember Riverside,Prawns,4.02,kg,107.58
2025-12-31,Olive & Ember Riverside,Calamari,6.4,kg,111.3
2025-12-31,Olive & Ember Riverside,Mozzarella,30.81,kg,401.15
2025-12-31,Olive & Ember Riverside,Parmesan,2.05,kg,61.4
2025-12-31,Olive & Ember Riverside,Butter,6.19,kg,70.5
2025-12-31,Olive & Ember Riverside,Cream,2.11,l,13.72
2025-12-31,Olive & Ember Riverside,Milk,33.96,l,57.39
2025-12-31,Olive & Ember Riverside,Eggs,169,each,69.29
2025-12-31,Olive & Ember Riverside,Mascarpone,4.53,kg,66.41
2025-12-31,Olive & Ember Riverside,Tomatoes,24.95,kg,115.27
2025-12-31,Olive & Ember Riverside,Lettuce,9.11,kg,47.92
2025-12-31,Olive & Ember Riverside,Onions,3.23,kg,5.85
2025-12-31,Olive & Ember Riverside,Potatoes,61.61,kg,91.18
2025-12-31,Olive & Ember Riverside,Mushrooms,6.18,kg,60.07
2025-12-31,Olive & Ember Riverside,Lemons,5.59,kg,24.15
2025-12-31,Olive & Ember Riverside,Basil,0.46,kg,15.54
2025-12-31,Olive & Ember Riverside,Garlic,0.84,kg,7.62
2025-12-31,Olive & Ember Riverside,Pizza flour,153.55,kg,236.47
2025-12-31,Olive & Ember Riverside,Pasta,24.16,kg,82.39
2025-12-31,Olive & Ember Riverside,Arborio rice,8.81,kg,40
2025-12-31,Olive & Ember Riverside,Olive oil,24.78,l,307.52
2025-12-31,Olive & Ember Riverside,Burger buns,372,each,215.76
2025-12-31,Olive & Ember Riverside,Bread loaf,98,each,221.48
2025-12-31,Olive & Ember Riverside,Sugar,22.4,kg,37.63
2025-12-31,Olive & Ember Riverside,Chocolate,12.51,kg,191.4
2025-12-31,Olive & Ember Riverside,Truffle paste,1.38,kg,164.85
2025-12-31,Olive & Ember Riverside,Coffee beans,23.37,kg,623.51
2025-12-31,Olive & Ember Riverside,Lemonade syrup,21.71,l,188.66
2026-01-31,Olive & Ember Riverside,Beef mince,18.72,kg,358.11
2026-01-31,Olive & Ember Riverside,Ribeye steak,5.58,kg,223.2
2026-01-31,Olive & Ember Riverside,Chicken breast,8.69,kg,115.49
2026-01-31,Olive & Ember Riverside,Pork sausage,8.55,kg,109.95
2026-01-31,Olive & Ember Riverside,Lamb shoulder,3.66,kg,79.64
2026-01-31,Olive & Ember Riverside,Salmon fillet,4.22,kg,155.59
2026-01-31,Olive & Ember Riverside,Prawns,5.04,kg,135.78
2026-01-31,Olive & Ember Riverside,Calamari,6.16,kg,106.94
2026-01-31,Olive & Ember Riverside,Mozzarella,23.37,kg,304.98
2026-01-31,Olive & Ember Riverside,Parmesan,2.03,kg,59.3
2026-01-31,Olive & Ember Riverside,Butter,6.44,kg,72.39
2026-01-31,Olive & Ember Riverside,Cream,1.87,l,12.14
2026-01-31,Olive & Ember Riverside,Milk,23.31,l,39.39
2026-01-31,Olive & Ember Riverside,Eggs,174,each,73.08
2026-01-31,Olive & Ember Riverside,Mascarpone,3.77,kg,55.53
2026-01-31,Olive & Ember Riverside,Tomatoes,15.14,kg,68.74
2026-01-31,Olive & Ember Riverside,Lettuce,7.11,kg,37.4
2026-01-31,Olive & Ember Riverside,Onions,1.95,kg,3.61
2026-01-31,Olive & Ember Riverside,Potatoes,35.67,kg,52.43
2026-01-31,Olive & Ember Riverside,Mushrooms,4.75,kg,46.36
2026-01-31,Olive & Ember Riverside,Lemons,3.72,kg,16.22
2026-01-31,Olive & Ember Riverside,Basil,0.32,kg,10.72
2026-01-31,Olive & Ember Riverside,Garlic,0.7,kg,6.46
2026-01-31,Olive & Ember Riverside,Pizza flour,102.94,kg,161.62
2026-01-31,Olive & Ember Riverside,Pasta,17.14,kg,58.62
2026-01-31,Olive & Ember Riverside,Arborio rice,4.72,kg,20.96
2026-01-31,Olive & Ember Riverside,Olive oil,18.24,l,226.91
2026-01-31,Olive & Ember Riverside,Burger buns,256,each,153.6
2026-01-31,Olive & Ember Riverside,Bread loaf,70,each,156.1
2026-01-31,Olive & Ember Riverside,Sugar,17.85,kg,29.81
2026-01-31,Olive & Ember Riverside,Chocolate,8.93,kg,137.08
2026-01-31,Olive & Ember Riverside,Truffle paste,0.88,kg,104.43
2026-01-31,Olive & Ember Riverside,Coffee beans,17.97,kg,479.98
2026-01-31,Olive & Ember Riverside,Lemonade syrup,23.57,l,206.71
2026-02-28,Olive & Ember Riverside,Beef mince,22.67,kg,432.54
2026-02-28,Olive & Ember Riverside,Ribeye steak,7.11,kg,283.12
2026-02-28,Olive & Ember Riverside,Chicken breast,9.75,kg,129.58
2026-02-28,Olive & Ember Riverside,Pork sausage,6.56,kg,82.52
2026-02-28,Olive & Ember Riverside,Lamb shoulder,4.75,kg,104.93
2026-02-28,Olive & Ember Riverside,Salmon fillet,6.09,kg,220.4
2026-02-28,Olive & Ember Riverside,Prawns,5.48,kg,148.51
2026-02-28,Olive & Ember Riverside,Calamari,4.41,kg,77.79
2026-02-28,Olive & Ember Riverside,Mozzarella,22.95,kg,293.53
2026-02-28,Olive & Ember Riverside,Parmesan,1.73,kg,52
2026-02-28,Olive & Ember Riverside,Butter,5.35,kg,61.1
2026-02-28,Olive & Ember Riverside,Cream,1.18,l,7.69
2026-02-28,Olive & Ember Riverside,Milk,21.8,l,36.62
2026-02-28,Olive & Ember Riverside,Eggs,152,each,63.84
2026-02-28,Olive & Ember Riverside,Mascarpone,3.08,kg,46.14
2026-02-28,Olive & Ember Riverside,Tomatoes,16.51,kg,75.95
2026-02-28,Olive & Ember Riverside,Lettuce,8.79,kg,46.76
2026-02-28,Olive & Ember Riverside,Onions,2.34,kg,4.28
2026-02-28,Olive & Ember Riverside,Potatoes,37.98,kg,56.21
2026-02-28,Olive & Ember Riverside,Mushrooms,3.89,kg,38.08
2026-02-28,Olive & Ember Riverside,Lemons,5.17,kg,22.75
2026-02-28,Olive & Ember Riverside,Basil,0.35,kg,11.77
2026-02-28,Olive & Ember Riverside,Garlic,0.9,kg,8.3
2026-02-28,Olive & Ember Riverside,Pizza flour,115.89,kg,178.47
2026-02-28,Olive & Ember Riverside,Pasta,21.58,kg,72.08
2026-02-28,Olive & Ember Riverside,Arborio rice,4.76,kg,21.52
2026-02-28,Olive & Ember Riverside,Olive oil,19.68,l,248.76
2026-02-28,Olive & Ember Riverside,Burger buns,265,each,159
2026-02-28,Olive & Ember Riverside,Bread loaf,77,each,173.25
2026-02-28,Olive & Ember Riverside,Sugar,18.96,kg,32.42
2026-02-28,Olive & Ember Riverside,Chocolate,7.08,kg,109.17
2026-02-28,Olive & Ember Riverside,Truffle paste,0.71,kg,85.4
2026-02-28,Olive & Ember Riverside,Coffee beans,18.49,kg,491.28
2026-02-28,Olive & Ember Riverside,Lemonade syrup,24.62,l,212.96
2026-03-31,Olive & Ember Riverside,Beef mince,22.69,kg,436.33
2026-03-31,Olive & Ember Riverside,Ribeye steak,8.28,kg,330.04
2026-03-31,Olive & Ember Riverside,Chicken breast,15.1,kg,200.53
2026-03-31,Olive & Ember Riverside,Pork sausage,10.9,kg,139.3
2026-03-31,Olive & Ember Riverside,Lamb shoulder,4.01,kg,87.82
2026-03-31,Olive & Ember Riverside,Salmon fillet,8.06,kg,297.98
2026-03-31,Olive & Ember Riverside,Prawns,9.31,kg,250.16
2026-03-31,Olive & Ember Riverside,Calamari,10.71,kg,186.46
2026-03-31,Olive & Ember Riverside,Mozzarella,22.97,kg,302.06
2026-03-31,Olive & Ember Riverside,Parmesan,1.78,kg,53.31
2026-03-31,Olive & Ember Riverside,Butter,5.94,kg,67.3
2026-03-31,Olive & Ember Riverside,Cream,1.24,l,8.04
2026-03-31,Olive & Ember Riverside,Milk,23.53,l,40.47
2026-03-31,Olive & Ember Riverside,Eggs,155,each,65.1
2026-03-31,Olive & Ember Riverside,Mascarpone,3,kg,44.07
2026-03-31,Olive & Ember Riverside,Tomatoes,14.59,kg,62.15
2026-03-31,Olive & Ember Riverside,Lettuce,7.09,kg,36.16
2026-03-31,Olive & Ember Riverside,Onions,2.04,kg,3.71
2026-03-31,Olive & Ember Riverside,Potatoes,37.81,kg,55.2
2026-03-31,Olive & Ember Riverside,Mushrooms,4.88,kg,48.95
2026-03-31,Olive & Ember Riverside,Lemons,4.97,kg,21.92
2026-03-31,Olive & Ember Riverside,Basil,0.37,kg,12.54
2026-03-31,Olive & Ember Riverside,Garlic,0.64,kg,5.93
2026-03-31,Olive & Ember Riverside,Pizza flour,206,kg,317.24
2026-03-31,Olive & Ember Riverside,Pasta,26.88,kg,91.12
2026-03-31,Olive & Ember Riverside,Arborio rice,11.26,kg,51.23
2026-03-31,Olive & Ember Riverside,Olive oil,32.77,l,408.31
2026-03-31,Olive & Ember Riverside,Burger buns,398,each,238.8
2026-03-31,Olive & Ember Riverside,Bread loaf,120,each,273.6
2026-03-31,Olive & Ember Riverside,Sugar,30.67,kg,51.53
2026-03-31,Olive & Ember Riverside,Chocolate,12.33,kg,193.95
2026-03-31,Olive & Ember Riverside,Truffle paste,1.6,kg,191.55
2026-03-31,Olive & Ember Riverside,Coffee beans,27.27,kg,741.2
2026-03-31,Olive & Ember Riverside,Lemonade syrup,32.81,l,287.74
2026-04-30,Olive & Ember Riverside,Beef mince,45.47,kg,869.84
2026-04-30,Olive & Ember Riverside,Ribeye steak,14.52,kg,568.17
2026-04-30,Olive & Ember Riverside,Chicken breast,20.31,kg,272.36
2026-04-30,Olive & Ember Riverside,Pork sausage,18.96,kg,239.28
2026-04-30,Olive & Ember Riverside,Lamb shoulder,6.57,kg,143.49
2026-04-30,Olive & Ember Riverside,Salmon fillet,4.31,kg,156.32
2026-04-30,Olive & Ember Riverside,Prawns,4.53,kg,120.36
2026-04-30,Olive & Ember Riverside,Calamari,6.77,kg,120.24
2026-04-30,Olive & Ember Riverside,Mozzarella,28.94,kg,377.38
2026-04-30,Olive & Ember Riverside,Parmesan,2.23,kg,67.21
2026-04-30,Olive & Ember Riverside,Butter,6.64,kg,76.16
2026-04-30,Olive & Ember Riverside,Cream,1.96,l,12.88
2026-04-30,Olive & Ember Riverside,Milk,31.98,l,53.73
2026-04-30,Olive & Ember Riverside,Eggs,198,each,83.16
2026-04-30,Olive & Ember Riverside,Mascarpone,3.53,kg,52.77
2026-04-30,Olive & Ember Riverside,Tomatoes,23.33,kg,96.35
2026-04-30,Olive & Ember Riverside,Lettuce,10.75,kg,51.17
2026-04-30,Olive & Ember Riverside,Onions,2.84,kg,5.17
2026-04-30,Olive & Ember Riverside,Potatoes,51.6,kg,75.85
2026-04-30,Olive & Ember Riverside,Mushrooms,5.54,kg,54.13
2026-04-30,Olive & Ember Riverside,Lemons,5.84,kg,25.23
2026-04-30,Olive & Ember Riverside,Basil,0.41,kg,13.88
2026-04-30,Olive & Ember Riverside,Garlic,0.92,kg,8.46
2026-04-30,Olive & Ember Riverside,Pizza flour,156.8,kg,246.18
2026-04-30,Olive & Ember Riverside,Pasta,25.88,kg,88.25
2026-04-30,Olive & Ember Riverside,Arborio rice,6.88,kg,31.37
2026-04-30,Olive & Ember Riverside,Olive oil,29.26,l,368.38
2026-04-30,Olive & Ember Riverside,Burger buns,407,each,244.2
2026-04-30,Olive & Ember Riverside,Bread loaf,129,each,291.54
2026-04-30,Olive & Ember Riverside,Sugar,26.22,kg,44.05
2026-04-30,Olive & Ember Riverside,Chocolate,13.76,kg,215.48
2026-04-30,Olive & Ember Riverside,Truffle paste,1.33,kg,160.6
2026-04-30,Olive & Ember Riverside,Coffee beans,23.37,kg,620.94
2026-04-30,Olive & Ember Riverside,Lemonade syrup,33.8,l,293.05
2026-05-31,Olive & Ember Riverside,Beef mince,22.41,kg,426.24
2026-05-31,Olive & Ember Riverside,Ribeye steak,5.45,kg,215
2026-05-31,Olive & Ember Riverside,Chicken breast,7.35,kg,98.78
2026-05-31,Olive & Ember Riverside,Pork sausage,6.54,kg,84.17
2026-05-31,Olive & Ember Riverside,Lamb shoulder,2.42,kg,52.8
2026-05-31,Olive & Ember Riverside,Salmon fillet,4.93,kg,183.49
2026-05-31,Olive & Ember Riverside,Prawns,5.9,kg,158.06
2026-05-31,Olive & Ember Riverside,Calamari,4.7,kg,84.51
2026-05-31,Olive & Ember Riverside,Mozzarella,19.75,kg,282.23
2026-05-31,Olive & Ember Riverside,Parmesan,1.91,kg,61.62
2026-05-31,Olive & Ember Riverside,Butter,6.19,kg,76.08
2026-05-31,Olive & Ember Riverside,Cream,1.37,l,9.52
2026-05-31,Olive & Ember Riverside,Milk,23.39,l,43.04
2026-05-31,Olive & Ember Riverside,Eggs,136,each,61.2
2026-05-31,Olive & Ember Riverside,Mascarpone,2.88,kg,45.76
2026-05-31,Olive & Ember Riverside,Tomatoes,11.08,kg,43.54
2026-05-31,Olive & Ember Riverside,Lettuce,4.14,kg,19.42
2026-05-31,Olive & Ember Riverside,Onions,1.21,kg,2.25
2026-05-31,Olive & Ember Riverside,Potatoes,23.68,kg,35.05
2026-05-31,Olive & Ember Riverside,Mushrooms,2.87,kg,28.79
2026-05-31,Olive & Ember Riverside,Lemons,3.35,kg,14.61
2026-05-31,Olive & Ember Riverside,Basil,0.28,kg,9.45
2026-05-31,Olive & Ember Riverside,Garlic,0.39,kg,3.6
2026-05-31,Olive & Ember Riverside,Pizza flour,120.81,kg,189.67
2026-05-31,Olive & Ember Riverside,Pasta,20.33,kg,68.51
2026-05-31,Olive & Ember Riverside,Arborio rice,7.25,kg,33.35
2026-05-31,Olive & Ember Riverside,Olive oil,22.72,l,289.91
2026-05-31,Olive & Ember Riverside,Burger buns,345,each,207
2026-05-31,Olive & Ember Riverside,Bread loaf,91,each,203.84
2026-05-31,Olive & Ember Riverside,Sugar,19.84,kg,33.93
2026-05-31,Olive & Ember Riverside,Chocolate,11.32,kg,177.72
2026-05-31,Olive & Ember Riverside,Truffle paste,1.02,kg,123.92
2026-05-31,Olive & Ember Riverside,Coffee beans,23.01,kg,617.13
2026-05-31,Olive & Ember Riverside,Lemonade syrup,23.55,l,203.94
2026-06-30,Olive & Ember Riverside,Beef mince,32.72,kg,766.63
2026-06-30,Olive & Ember Riverside,Ribeye steak,10.54,kg,514.46
2026-06-30,Olive & Ember Riverside,Chicken breast,10.5,kg,143.01
2026-06-30,Olive & Ember Riverside,Pork sausage,15.23,kg,193.12
2026-06-30,Olive & Ember Riverside,Lamb shoulder,4.41,kg,95.83
2026-06-30,Olive & Ember Riverside,Salmon fillet,20.51,kg,757.02
2026-06-30,Olive & Ember Riverside,Prawns,15.9,kg,427.23
2026-06-30,Olive & Ember Riverside,Calamari,15.15,kg,270.88
2026-06-30,Olive & Ember Riverside,Mozzarella,26.69,kg,374.19
2026-06-30,Olive & Ember Riverside,Parmesan,1.99,kg,63.82
2026-06-30,Olive & Ember Riverside,Butter,5.98,kg,74.33
2026-06-30,Olive & Ember Riverside,Cream,1.41,l,9.94
2026-06-30,Olive & Ember Riverside,Milk,19.34,l,35.01
2026-06-30,Olive & Ember Riverside,Eggs,181,each,83.26
2026-06-30,Olive & Ember Riverside,Mascarpone,3.92,kg,62.96
2026-06-30,Olive & Ember Riverside,Tomatoes,18.52,kg,79.82
2026-06-30,Olive & Ember Riverside,Lettuce,9.73,kg,52.35
2026-06-30,Olive & Ember Riverside,Onions,2.71,kg,5.96
2026-06-30,Olive & Ember Riverside,Potatoes,47.96,kg,83.45
2026-06-30,Olive & Ember Riverside,Mushrooms,4.78,kg,55.88
2026-06-30,Olive & Ember Riverside,Lemons,6.05,kg,31.76
2026-06-30,Olive & Ember Riverside,Basil,0.35,kg,13.98
2026-06-30,Olive & Ember Riverside,Garlic,0.78,kg,8.4
2026-06-30,Olive & Ember Riverside,Pizza flour,248.79,kg,385.62
2026-06-30,Olive & Ember Riverside,Pasta,46.11,kg,157.7
2026-06-30,Olive & Ember Riverside,Arborio rice,12.15,kg,55.77
2026-06-30,Olive & Ember Riverside,Olive oil,40.87,l,521.09
2026-06-30,Olive & Ember Riverside,Burger buns,560,each,330.4
2026-06-30,Olive & Ember Riverside,Bread loaf,146,each,331.42
2026-06-30,Olive & Ember Riverside,Sugar,37.9,kg,63.67
2026-06-30,Olive & Ember Riverside,Chocolate,18.42,kg,290.3
2026-06-30,Olive & Ember Riverside,Truffle paste,2.23,kg,271.28
2026-06-30,Olive & Ember Riverside,Coffee beans,36.03,kg,978.21
2026-06-30,Olive & Ember Riverside,Lemonade syrup,43.81,l,382.02
2026-07-31,Olive & Ember Riverside,Beef mince,37.82,kg,874.78
2026-07-31,Olive & Ember Riverside,Ribeye steak,15.79,kg,759.97
2026-07-31,Olive & Ember Riverside,Chicken breast,15.8,kg,213.93
2026-07-31,Olive & Ember Riverside,Pork sausage,19.17,kg,241.73
2026-07-31,Olive & Ember Riverside,Lamb shoulder,8.23,kg,179.17
2026-07-31,Olive & Ember Riverside,Salmon fillet,14.45,kg,539.85
2026-07-31,Olive & Ember Riverside,Prawns,13.56,kg,365.71
2026-07-31,Olive & Ember Riverside,Calamari,12.98,kg,230.78
2026-07-31,Olive & Ember Riverside,Mozzarella,53.42,kg,744.14
2026-07-31,Olive & Ember Riverside,Parmesan,3.26,kg,106.21
2026-07-31,Olive & Ember Riverside,Butter,12.9,kg,159.7
2026-07-31,Olive & Ember Riverside,Cream,2.9,l,20.27
2026-07-31,Olive & Ember Riverside,Milk,45.63,l,84.42
2026-07-31,Olive & Ember Riverside,Eggs,315,each,144.9
2026-07-31,Olive & Ember Riverside,Mascarpone,6.08,kg,96.67
2026-07-31,Olive & Ember Riverside,Tomatoes,44.83,kg,190.08
2026-07-31,Olive & Ember Riverside,Lettuce,17.12,kg,93.3
2026-07-31,Olive & Ember Riverside,Onions,4.68,kg,10.06
2026-07-31,Olive & Ember Riverside,Potatoes,91.61,kg,163.98
2026-07-31,Olive & Ember Riverside,Mushrooms,9.52,kg,111.48
2026-07-31,Olive & Ember Riverside,Lemons,11.7,kg,61.54
2026-07-31,Olive & Ember Riverside,Basil,0.74,kg,30.25
2026-07-31,Olive & Ember Riverside,Garlic,1.86,kg,20.01
2026-07-31,Olive & Ember Riverside,Pizza flour,232.06,kg,366.65
2026-07-31,Olive & Ember Riverside,Pasta,40.74,kg,140.96
2026-07-31,Olive & Ember Riverside,Arborio rice,6.3,kg,29.04
2026-07-31,Olive & Ember Riverside,Olive oil,33.15,l,415.37
2026-07-31,Olive & Ember Riverside,Burger buns,412,each,247.2
2026-07-31,Olive & Ember Riverside,Bread loaf,133,each,305.9
2026-07-31,Olive & Ember Riverside,Sugar,31.1,kg,52.87
2026-07-31,Olive & Ember Riverside,Chocolate,14.73,kg,227.28
2026-07-31,Olive & Ember Riverside,Truffle paste,1.23,kg,146.81
2026-07-31,Olive & Ember Riverside,Coffee beans,27.39,kg,746.65
2026-07-31,Olive & Ember Riverside,Lemonade syrup,32.93,l,287.15
2026-08-31,Olive & Ember Riverside,Beef mince,39.46,kg,921.39
2026-08-31,Olive & Ember Riverside,Ribeye steak,8.51,kg,408.57
2026-08-31,Olive & Ember Riverside,Chicken breast,19.96,kg,267.86
2026-08-31,Olive & Ember Riverside,Pork sausage,16.99,kg,214.92
2026-08-31,Olive & Ember Riverside,Lamb shoulder,10.18,kg,222.33
2026-08-31,Olive & Ember Riverside,Salmon fillet,5.4,kg,202.28
2026-08-31,Olive & Ember Riverside,Prawns,3.51,kg,95.26
2026-08-31,Olive & Ember Riverside,Calamari,3.53,kg,63.72
2026-08-31,Olive & Ember Riverside,Mozzarella,26.72,kg,380.49
2026-08-31,Olive & Ember Riverside,Parmesan,3.37,kg,108.58
2026-08-31,Olive & Ember Riverside,Butter,8.71,kg,106.87
2026-08-31,Olive & Ember Riverside,Cream,1.56,l,11.11
2026-08-31,Olive & Ember Riverside,Milk,33.63,l,62.22
2026-08-31,Olive & Ember Riverside,Eggs,242,each,108.9
2026-08-31,Olive & Ember Riverside,Mascarpone,6,kg,97.56
2026-08-31,Olive & Ember Riverside,Tomatoes,28.47,kg,123.84
2026-08-31,Olive & Ember Riverside,Lettuce,15.06,kg,81.47
2026-08-31,Olive & Ember Riverside,Onions,5.06,kg,10.98
2026-08-31,Olive & Ember Riverside,Potatoes,77.82,kg,139.3
2026-08-31,Olive & Ember Riverside,Mushrooms,6.32,kg,73.82
2026-08-31,Olive & Ember Riverside,Lemons,7.79,kg,40.74
2026-08-31,Olive & Ember Riverside,Basil,0.65,kg,26.03
2026-08-31,Olive & Ember Riverside,Garlic,1.42,kg,15.63
2026-08-31,Olive & Ember Riverside,Pizza flour,169.38,kg,267.62
2026-08-31,Olive & Ember Riverside,Pasta,52.82,kg,182.76
2026-08-31,Olive & Ember Riverside,Arborio rice,12.44,kg,56.85
2026-08-31,Olive & Ember Riverside,Olive oil,34.48,l,437.21
2026-08-31,Olive & Ember Riverside,Burger buns,460,each,271.4
2026-08-31,Olive & Ember Riverside,Bread loaf,133,each,307.23
2026-08-31,Olive & Ember Riverside,Sugar,29.94,kg,50.6
2026-08-31,Olive & Ember Riverside,Chocolate,11.02,kg,174.78
2026-08-31,Olive & Ember Riverside,Truffle paste,1.45,kg,175
2026-08-31,Olive & Ember Riverside,Coffee beans,24.91,kg,667.34
2026-08-31,Olive & Ember Riverside,Lemonade syrup,25.54,l,222.45
2025-01-31,Olive & Ember Airport,Beef mince,27.92,kg,519.87
2025-01-31,Olive & Ember Airport,Ribeye steak,4.11,kg,159.8
2025-01-31,Olive & Ember Airport,Chicken breast,7.03,kg,92.66
2025-01-31,Olive & Ember Airport,Pork sausage,8.81,kg,108.36
2025-01-31,Olive & Ember Airport,Lamb shoulder,2.73,kg,58.48
2025-01-31,Olive & Ember Airport,Salmon fillet,5.96,kg,210.81
2025-01-31,Olive & Ember Airport,Prawns,5.94,kg,155.98
2025-01-31,Olive & Ember Airport,Calamari,5.47,kg,92.99
2025-01-31,Olive & Ember Airport,Mozzarella,24.33,kg,311.42
2025-01-31,Olive & Ember Airport,Parmesan,1.68,kg,48.9
2025-01-31,Olive & Ember Airport,Butter,5.88,kg,64.09
2025-01-31,Olive & Ember Airport,Cream,2.09,l,13.21
2025-01-31,Olive & Ember Airport,Milk,27.5,l,45.38
2025-01-31,Olive & Ember Airport,Eggs,155,each,63.55
2025-01-31,Olive & Ember Airport,Mascarpone,3.38,kg,49.75
2025-01-31,Olive & Ember Airport,Tomatoes,18.89,kg,83.87
2025-01-31,Olive & Ember Airport,Lettuce,9.87,kg,50.83
2025-01-31,Olive & Ember Airport,Onions,3.06,kg,5.54
2025-01-31,Olive & Ember Airport,Potatoes,51.29,kg,75.4
2025-01-31,Olive & Ember Airport,Mushrooms,5.17,kg,49.94
2025-01-31,Olive & Ember Airport,Lemons,6.02,kg,25.71
2025-01-31,Olive & Ember Airport,Basil,0.33,kg,10.87
2025-01-31,Olive & Ember Airport,Garlic,0.77,kg,7.01
2025-01-31,Olive & Ember Airport,Pizza flour,107.29,kg,165.23
2025-01-31,Olive & Ember Airport,Pasta,14.74,kg,49.23
2025-01-31,Olive & Ember Airport,Arborio rice,5.79,kg,25.94
2025-01-31,Olive & Ember Airport,Olive oil,16.85,l,205.74
2025-01-31,Olive & Ember Airport,Burger buns,304,each,176.32
2025-01-31,Olive & Ember Airport,Bread loaf,66,each,145.2
2025-01-31,Olive & Ember Airport,Sugar,20.64,kg,34.26
2025-01-31,Olive & Ember Airport,Chocolate,10.16,kg,153.92
2025-01-31,Olive & Ember Airport,Truffle paste,1.01,kg,119.05
2025-01-31,Olive & Ember Airport,Coffee beans,18.31,kg,486.5
2025-01-31,Olive & Ember Airport,Lemonade syrup,25.42,l,219.12
2025-02-28,Olive & Ember Airport,Beef mince,20.82,kg,391.62
2025-02-28,Olive & Ember Airport,Ribeye steak,4.82,kg,187.98
2025-02-28,Olive & Ember Airport,Chicken breast,9.52,kg,126.24
2025-02-28,Olive & Ember Airport,Pork sausage,9.28,kg,114.42
2025-02-28,Olive & Ember Airport,Lamb shoulder,3.58,kg,76.97
2025-02-28,Olive & Ember Airport,Salmon fillet,5.81,kg,209.74
2025-02-28,Olive & Ember Airport,Prawns,5.66,kg,149.08
2025-02-28,Olive & Ember Airport,Calamari,6.5,kg,112
2025-02-28,Olive & Ember Airport,Mozzarella,28.03,kg,352.06
2025-02-28,Olive & Ember Airport,Parmesan,2.19,kg,62.77
2025-02-28,Olive & Ember Airport,Butter,5.84,kg,65.17
2025-02-28,Olive & Ember Airport,Cream,1.86,l,11.68
2025-02-28,Olive & Ember Airport,Milk,36.93,l,60.93
2025-02-28,Olive & Ember Airport,Eggs,177,each,72.57
2025-02-28,Olive & Ember Airport,Mascarpone,5.02,kg,72.79
2025-02-28,Olive & Ember Airport,Tomatoes,21.4,kg,95.02
2025-02-28,Olive & Ember Airport,Lettuce,9.4,kg,48.6
2025-02-28,Olive & Ember Airport,Onions,2.78,kg,5.06
2025-02-28,Olive & Ember Airport,Potatoes,53.51,kg,77.59
2025-02-28,Olive & Ember Airport,Mushrooms,6.01,kg,58
2025-02-28,Olive & Ember Airport,Lemons,6.34,kg,27.52
2025-02-28,Olive & Ember Airport,Basil,0.4,kg,13.32
2025-02-28,Olive & Ember Airport,Garlic,0.86,kg,7.76
2025-02-28,Olive & Ember Airport,Pizza flour,114.7,kg,176.64
2025-02-28,Olive & Ember Airport,Pasta,17.06,kg,57.49
2025-02-28,Olive & Ember Airport,Arborio rice,4.24,kg,18.87
2025-02-28,Olive & Ember Airport,Olive oil,19.19,l,235.08
2025-02-28,Olive & Ember Airport,Burger buns,276,each,160.08
2025-02-28,Olive & Ember Airport,Bread loaf,74,each,165.02
2025-02-28,Olive & Ember Airport,Sugar,19.2,kg,31.87
2025-02-28,Olive & Ember Airport,Chocolate,9.11,kg,140.02
2025-02-28,Olive & Ember Airport,Truffle paste,1.01,kg,120.03
2025-02-28,Olive & Ember Airport,Coffee beans,20.53,kg,545.89
2025-02-28,Olive & Ember Airport,Lemonade syrup,23.99,l,205.83
2025-03-31,Olive & Ember Airport,Beef mince,34.63,kg,652.43
2025-03-31,Olive & Ember Airport,Ribeye steak,7.36,kg,283.88
2025-03-31,Olive & Ember Airport,Chicken breast,13.08,kg,169.91
2025-03-31,Olive & Ember Airport,Pork sausage,12.86,kg,158.05
2025-03-31,Olive & Ember Airport,Lamb shoulder,5.24,kg,111.66
2025-03-31,Olive & Ember Airport,Salmon fillet,1.26,kg,45.26
2025-03-31,Olive & Ember Airport,Prawns,2.09,kg,54.67
2025-03-31,Olive & Ember Airport,Calamari,1.7,kg,29.24
2025-03-31,Olive & Ember Airport,Mozzarella,30.81,kg,397.76
2025-03-31,Olive & Ember Airport,Parmesan,2.48,kg,71.25
2025-03-31,Olive & Ember Airport,Butter,6.98,kg,78.04
2025-03-31,Olive & Ember Airport,Cream,2.05,l,13.14
2025-03-31,Olive & Ember Airport,Milk,32.45,l,53.87
2025-03-31,Olive & Ember Airport,Eggs,189,each,77.49
2025-03-31,Olive & Ember Airport,Mascarpone,4.29,kg,62.68
2025-03-31,Olive & Ember Airport,Tomatoes,22.72,kg,96.33
2025-03-31,Olive & Ember Airport,Lettuce,11.74,kg,58.23
2025-03-31,Olive & Ember Airport,Onions,2.52,kg,4.54
2025-03-31,Olive & Ember Airport,Potatoes,41.95,kg,60.41
2025-03-31,Olive & Ember Airport,Mushrooms,5.66,kg,54.96
2025-03-31,Olive & Ember Airport,Lemons,6.86,kg,29.02
2025-03-31,Olive & Ember Airport,Basil,0.48,kg,15.83
2025-03-31,Olive & Ember Airport,Garlic,1.09,kg,9.84
2025-03-31,Olive & Ember Airport,Pizza flour,171.93,kg,259.61
2025-03-31,Olive & Ember Airport,Pasta,32.76,kg,109.42
2025-03-31,Olive & Ember Airport,Arborio rice,7.79,kg,34.51
2025-03-31,Olive & Ember Airport,Olive oil,26.43,l,327.73
2025-03-31,Olive & Ember Airport,Burger buns,404,each,234.32
2025-03-31,Olive & Ember Airport,Bread loaf,109,each,243.07
2025-03-31,Olive & Ember Airport,Sugar,28.24,kg,46.6
2025-03-31,Olive & Ember Airport,Chocolate,12.94,kg,196.43
2025-03-31,Olive & Ember Airport,Truffle paste,1.6,kg,189.17
2025-03-31,Olive & Ember Airport,Coffee beans,18.35,kg,483.34
2025-03-31,Olive & Ember Airport,Lemonade syrup,24.18,l,206.01
2025-04-30,Olive & Ember Airport,Beef mince,22.78,kg,428.26
2025-04-30,Olive & Ember Airport,Ribeye steak,3.06,kg,119.77
2025-04-30,Olive & Ember Airport,Chicken breast,7.04,kg,92.29
2025-04-30,Olive & Ember Airport,Pork sausage,6.88,kg,85.04
2025-04-30,Olive & Ember Airport,Lamb shoulder,1.91,kg,40.7
2025-04-30,Olive & Ember Airport,Salmon fillet,5.07,kg,185.21
2025-04-30,Olive & Ember Airport,Prawns,4.33,kg,115.05
2025-04-30,Olive & Ember Airport,Calamari,5.21,kg,89.25
2025-04-30,Olive & Ember Airport,Mozzarella,31.65,kg,399.42
2025-04-30,Olive & Ember Airport,Parmesan,2.64,kg,77.22
2025-04-30,Olive & Ember Airport,Butter,6.96,kg,77.6
2025-04-30,Olive & Ember Airport,Cream,1.86,l,11.89
2025-04-30,Olive & Ember Airport,Milk,37.19,l,61.74
2025-04-30,Olive & Ember Airport,Eggs,186,each,76.26
2025-04-30,Olive & Ember Airport,Mascarpone,4.1,kg,59.57
2025-04-30,Olive & Ember Airport,Tomatoes,28.43,kg,113.72
2025-04-30,Olive & Ember Airport,Lettuce,12.42,kg,58.13
2025-04-30,Olive & Ember Airport,Onions,3.61,kg,6.53
2025-04-30,Olive & Ember Airport,Potatoes,58.7,kg,84.53
2025-04-30,Olive & Ember Airport,Mushrooms,7.89,kg,75.67
2025-04-30,Olive & Ember Airport,Lemons,6.92,kg,29.41
2025-04-30,Olive & Ember Airport,Basil,0.53,kg,17.86
2025-04-30,Olive & Ember Airport,Garlic,1.06,kg,9.43
2025-04-30,Olive & Ember Airport,Pizza flour,170.28,kg,260.53
2025-04-30,Olive & Ember Airport,Pasta,22.11,kg,73.18
2025-04-30,Olive & Ember Airport,Arborio rice,7.55,kg,33.67
2025-04-30,Olive & Ember Airport,Olive oil,22.22,l,274.19
2025-04-30,Olive & Ember Airport,Burger buns,378,each,219.24
2025-04-30,Olive & Ember Airport,Bread loaf,100,each,219
2025-04-30,Olive & Ember Airport,Sugar,24.77,kg,41.12
2025-04-30,Olive & Ember Airport,Chocolate,12.44,kg,191.95
2025-04-30,Olive & Ember Airport,Truffle paste,1.36,kg,161.09
2025-04-30,Olive & Ember Airport,Coffee beans,28.43,kg,755.39
2025-04-30,Olive & Ember Airport,Lemonade syrup,32.1,l,278.63
2025-05-31,Olive & Ember Airport,Beef mince,28.8,kg,532.22
2025-05-31,Olive & Ember Airport,Ribeye steak,4.5,kg,174.2
2025-05-31,Olive & Ember Airport,Chicken breast,7.74,kg,102.17
2025-05-31,Olive & Ember Airport,Pork sausage,8.02,kg,101.77
2025-05-31,Olive & Ember Airport,Lamb shoulder,2.9,kg,62.99
2025-05-31,Olive & Ember Airport,Salmon fillet,3.42,kg,124.45
2025-05-31,Olive & Ember Airport,Prawns,6.33,kg,165.47
2025-05-31,Olive & Ember Airport,Calamari,5.48,kg,96.5
2025-05-31,Olive & Ember Airport,Mozzarella,21.63,kg,272.97
2025-05-31,Olive & Ember Airport,Parmesan,2.01,kg,59.4
2025-05-31,Olive & Ember Airport,Butter,4.49,kg,49.35
2025-05-31,Olive & Ember Airport,Cream,1.57,l,10.19
2025-05-31,Olive & Ember Airport,Milk,28.59,l,48.03
2025-05-31,Olive & Ember Airport,Eggs,130,each,53.3
2025-05-31,Olive & Ember Airport,Mascarpone,2.29,kg,33.18
2025-05-31,Olive & Ember Airport,Tomatoes,18.7,kg,71.81
2025-05-31,Olive & Ember Airport,Lettuce,7.96,kg,36.46
2025-05-31,Olive & Ember Airport,Onions,2.59,kg,4.64
2025-05-31,Olive & Ember Airport,Potatoes,41.2,kg,60.98
2025-05-31,Olive & Ember Airport,Mushrooms,5.54,kg,54.13
2025-05-31,Olive & Ember Airport,Lemons,4.6,kg,20.06
2025-05-31,Olive & Ember Airport,Basil,0.37,kg,12.4
2025-05-31,Olive & Ember Airport,Garlic,0.71,kg,6.4
2025-05-31,Olive & Ember Airport,Pizza flour,114.59,kg,177.61
2025-05-31,Olive & Ember Airport,Pasta,17.09,kg,57.08
2025-05-31,Olive & Ember Airport,Arborio rice,5.69,kg,24.92
2025-05-31,Olive & Ember Airport,Olive oil,19.35,l,237.04
2025-05-31,Olive & Ember Airport,Burger buns,361,each,209.38
2025-05-31,Olive & Ember Airport,Bread loaf,72,each,160.56
2025-05-31,Olive & Ember Airport,Sugar,17.64,kg,29.11
2025-05-31,Olive & Ember Airport,Chocolate,8.11,kg,122.54
2025-05-31,Olive & Ember Airport,Truffle paste,1.28,kg,152.03
2025-05-31,Olive & Ember Airport,Coffee beans,24.41,kg,651.75
2025-05-31,Olive & Ember Airport,Lemonade syrup,27.38,l,232.46
2025-06-30,Olive & Ember Airport,Beef mince,36.47,kg,694.39
2025-06-30,Olive & Ember Airport,Ribeye steak,7.1,kg,279.39
2025-06-30,Olive & Ember Airport,Chicken breast,16.06,kg,213.12
2025-06-30,Olive & Ember Airport,Pork sausage,15.75,kg,194.51
2025-06-30,Olive & Ember Airport,Lamb shoulder,6.19,kg,132.53
2025-06-30,Olive & Ember Airport,Salmon fillet,3.03,kg,108.56
2025-06-30,Olive & Ember Airport,Prawns,2.66,kg,69.83
2025-06-30,Olive & Ember Airport,Calamari,2.72,kg,47.9
2025-06-30,Olive & Ember Airport,Mozzarella,35.35,kg,453.54
2025-06-30,Olive & Ember Airport,Parmesan,2.65,kg,77.49
2025-06-30,Olive & Ember Airport,Butter,7.73,kg,85.88
2025-06-30,Olive & Ember Airport,Cream,2.14,l,13.87
2025-06-30,Olive & Ember Airport,Milk,42.13,l,70.36
2025-06-30,Olive & Ember Airport,Eggs,222,each,93.24
2025-06-30,Olive & Ember Airport,Mascarpone,5.26,kg,77.22
2025-06-30,Olive & Ember Airport,Tomatoes,30.18,kg,107.74
2025-06-30,Olive & Ember Airport,Lettuce,12.53,kg,56.26
2025-06-30,Olive & Ember Airport,Onions,3.51,kg,6.35
2025-06-30,Olive & Ember Airport,Potatoes,64.69,kg,94.45
2025-06-30,Olive & Ember Airport,Mushrooms,7.66,kg,74.84
2025-06-30,Olive & Ember Airport,Lemons,8.07,kg,34.94
2025-06-30,Olive & Ember Airport,Basil,0.5,kg,16.67
2025-06-30,Olive & Ember Airport,Garlic,1.12,kg,10.24
2025-06-30,Olive & Ember Airport,Pizza flour,197.11,kg,301.58
2025-06-30,Olive & Ember Airport,Pasta,38.27,kg,126.29
2025-06-30,Olive & Ember Airport,Arborio rice,7.62,kg,34.37
2025-06-30,Olive & Ember Airport,Olive oil,32.94,l,405.82
2025-06-30,Olive & Ember Airport,Burger buns,497,each,288.26
2025-06-30,Olive & Ember Airport,Bread loaf,110,each,245.3
2025-06-30,Olive & Ember Airport,Sugar,34.9,kg,57.93
2025-06-30,Olive & Ember Airport,Chocolate,15.69,kg,241.31
2025-06-30,Olive & Ember Airport,Truffle paste,1.51,kg,178.23
2025-06-30,Olive & Ember Airport,Coffee beans,21.32,kg,563.06
2025-06-30,Olive & Ember Airport,Lemonade syrup,28.15,l,239.27
2025-07-31,Olive & Ember Airport,Beef mince,42.93,kg,804.94
2025-07-31,Olive & Ember Airport,Ribeye steak,9.1,kg,359.18
2025-07-31,Olive & Ember Airport,Chicken breast,13.63,kg,179.78
2025-07-31,Olive & Ember Airport,Pork sausage,15.83,kg,201.04
2025-07-31,Olive & Ember Airport,Lamb shoulder,6.72,kg,144.61
2025-07-31,Olive & Ember Airport,Salmon fillet,4.12,kg,148.73
2025-07-31,Olive & Ember Airport,Prawns,3.63,kg,95.54
2025-07-31,Olive & Ember Airport,Calamari,3.38,kg,58.31
2025-07-31,Olive & Ember Airport,Mozzarella,27.77,kg,358.51
2025-07-31,Olive & Ember Airport,Parmesan,1.53,kg,44.95
2025-07-31,Olive & Ember Airport,Butter,5.39,kg,60.04
2025-07-31,Olive & Ember Airport,Cream,1.5,l,9.54
2025-07-31,Olive & Ember Airport,Milk,32.55,l,54.36
2025-07-31,Olive & Ember Airport,Eggs,136,each,55.76
2025-07-31,Olive & Ember Airport,Mascarpone,3.63,kg,53.91
2025-07-31,Olive & Ember Airport,Tomatoes,19.78,kg,70.81
2025-07-31,Olive & Ember Airport,Lettuce,7.44,kg,33.55
2025-07-31,Olive & Ember Airport,Onions,2.31,kg,4.13
2025-07-31,Olive & Ember Airport,Potatoes,44.34,kg,65.18
2025-07-31,Olive & Ember Airport,Mushrooms,5.37,kg,52.73
2025-07-31,Olive & Ember Airport,Lemons,5.03,kg,21.88
2025-07-31,Olive & Ember Airport,Basil,0.27,kg,9.11
2025-07-31,Olive & Ember Airport,Garlic,0.74,kg,6.66
2025-07-31,Olive & Ember Airport,Pizza flour,187.32,kg,290.35
2025-07-31,Olive & Ember Airport,Pasta,28.69,kg,95.82
2025-07-31,Olive & Ember Airport,Arborio rice,5.11,kg,22.64
2025-07-31,Olive & Ember Airport,Olive oil,28.15,l,344.56
2025-07-31,Olive & Ember Airport,Burger buns,408,each,240.72
2025-07-31,Olive & Ember Airport,Bread loaf,104,each,235.04
2025-07-31,Olive & Ember Airport,Sugar,26.77,kg,44.97
2025-07-31,Olive & Ember Airport,Chocolate,11.48,kg,177.25
2025-07-31,Olive & Ember Airport,Truffle paste,1.29,kg,150.85
2025-07-31,Olive & Ember Airport,Coffee beans,30.06,kg,795.09
2025-07-31,Olive & Ember Airport,Lemonade syrup,39.33,l,337.84
2025-08-31,Olive & Ember Airport,Beef mince,18.45,kg,343.35
2025-08-31,Olive & Ember Airport,Ribeye steak,3.88,kg,150.27
2025-08-31,Olive & Ember Airport,Chicken breast,6.71,kg,89.24
2025-08-31,Olive & Ember Airport,Pork sausage,6.03,kg,76.7
2025-08-31,Olive & Ember Airport,Lamb shoulder,2.99,kg,64.94
2025-08-31,Olive & Ember Airport,Salmon fillet,2.38,kg,85.3
2025-08-31,Olive & Ember Airport,Prawns,2.32,kg,62.38
2025-08-31,Olive & Ember Airport,Calamari,3.36,kg,59.04
2025-08-31,Olive & Ember Airport,Mozzarella,13.67,kg,176.07
2025-08-31,Olive & Ember Airport,Parmesan,1.35,kg,40.08
2025-08-31,Olive & Ember Airport,Butter,3.05,kg,34.01
2025-08-31,Olive & Ember Airport,Cream,0.93,l,6.05
2025-08-31,Olive & Ember Airport,Milk,18.56,l,31
2025-08-31,Olive & Ember Airport,Eggs,82,each,33.62
2025-08-31,Olive & Ember Airport,Mascarpone,1.85,kg,27.21
2025-08-31,Olive & Ember Airport,Tomatoes,7.55,kg,27.03
2025-08-31,Olive & Ember Airport,Lettuce,3.19,kg,14.29
2025-08-31,Olive & Ember Airport,Onions,1.26,kg,2.29
2025-08-31,Olive & Ember Airport,Potatoes,13.53,kg,20.16
2025-08-31,Olive & Ember Airport,Mushrooms,2.17,kg,21.14
2025-08-31,Olive & Ember Airport,Lemons,2.54,kg,11.05
2025-08-31,Olive & Ember Airport,Basil,0.23,kg,7.69
2025-08-31,Olive & Ember Airport,Garlic,0.32,kg,2.94
2025-08-31,Olive & Ember Airport,Pizza flour,122.06,kg,186.75
2025-08-31,Olive & Ember Airport,Pasta,20.65,kg,68.97
2025-08-31,Olive & Ember Airport,Arborio rice,4.78,kg,21.03
2025-08-31,Olive & Ember Airport,Olive oil,20.65,l,259.36
2025-08-31,Olive & Ember Airport,Burger buns,356,each,206.48
2025-08-31,Olive & Ember Airport,Bread loaf,79,each,176.96
2025-08-31,Olive & Ember Airport,Sugar,22.1,kg,36.91
2025-08-31,Olive & Ember Airport,Chocolate,10.22,kg,156.16
2025-08-31,Olive & Ember Airport,Truffle paste,1.12,kg,131.31
2025-08-31,Olive & Ember Airport,Coffee beans,21.38,kg,558.87
2025-08-31,Olive & Ember Airport,Lemonade syrup,30.09,l,261.18
2025-09-30,Olive & Ember Airport,Beef mince,29.9,kg,557.04
2025-09-30,Olive & Ember Airport,Ribeye steak,3.45,kg,135.14
2025-09-30,Olive & Ember Airport,Chicken breast,11.94,kg,157.97
2025-09-30,Olive & Ember Airport,Pork sausage,10.97,kg,140.2
2025-09-30,Olive & Ember Airport,Lamb shoulder,4.53,kg,97.08
2025-09-30,Olive & Ember Airport,Salmon fillet,5.55,kg,200.19
2025-09-30,Olive & Ember Airport,Prawns,6.72,kg,180.1
2025-09-30,Olive & Ember Airport,Calamari,6.3,kg,109.62
2025-09-30,Olive & Ember Airport,Mozzarella,19.86,kg,251.82
2025-09-30,Olive & Ember Airport,Parmesan,2.29,kg,67.74
2025-09-30,Olive & Ember Airport,Butter,6.17,kg,68.49
2025-09-30,Olive & Ember Airport,Cream,1.52,l,9.74
2025-09-30,Olive & Ember Airport,Milk,27.14,l,45.32
2025-09-30,Olive & Ember Airport,Eggs,168,each,68.88
2025-09-30,Olive & Ember Airport,Mascarpone,3.8,kg,55.82
2025-09-30,Olive & Ember Airport,Tomatoes,14.83,kg,54.87
2025-09-30,Olive & Ember Airport,Lettuce,7.78,kg,36.64
2025-09-30,Olive & Ember Airport,Onions,2.76,kg,5
2025-09-30,Olive & Ember Airport,Potatoes,46.3,kg,68.06
2025-09-30,Olive & Ember Airport,Mushrooms,4.1,kg,39.61
2025-09-30,Olive & Ember Airport,Lemons,4.22,kg,18.06
2025-09-30,Olive & Ember Airport,Basil,0.33,kg,11.13
2025-09-30,Olive & Ember Airport,Garlic,0.69,kg,6.2
2025-09-30,Olive & Ember Airport,Pizza flour,140.45,kg,214.89
2025-09-30,Olive & Ember Airport,Pasta,25.65,kg,85.93
2025-09-30,Olive & Ember Airport,Arborio rice,7.27,kg,32.28
2025-09-30,Olive & Ember Airport,Olive oil,25.92,l,318.04
2025-09-30,Olive & Ember Airport,Burger buns,427,each,251.93
2025-09-30,Olive & Ember Airport,Bread loaf,104,each,236.08
2025-09-30,Olive & Ember Airport,Sugar,23.14,kg,39.11
2025-09-30,Olive & Ember Airport,Chocolate,11.38,kg,174.57
2025-09-30,Olive & Ember Airport,Truffle paste,1.52,kg,181.5
2025-09-30,Olive & Ember Airport,Coffee beans,27.26,kg,734.66
2025-09-30,Olive & Ember Airport,Lemonade syrup,35.45,l,309.12
2025-10-31,Olive & Ember Airport,Beef mince,26.13,kg,488.89
2025-10-31,Olive & Ember Airport,Ribeye steak,4.47,kg,172.94
2025-10-31,Olive & Ember Airport,Chicken breast,9.34,kg,125.9
2025-10-31,Olive & Ember Airport,Pork sausage,7.71,kg,97.99
2025-10-31,Olive & Ember Airport,Lamb shoulder,4.52,kg,98.67
2025-10-31,Olive & Ember Airport,Salmon fillet,5.22,kg,192.57
2025-10-31,Olive & Ember Airport,Prawns,4.65,kg,122.2
2025-10-31,Olive & Ember Airport,Calamari,5.06,kg,89.01
2025-10-31,Olive & Ember Airport,Mozzarella,23.95,kg,312.07
2025-10-31,Olive & Ember Airport,Parmesan,2.19,kg,63.88
2025-10-31,Olive & Ember Airport,Butter,5.61,kg,63.79
2025-10-31,Olive & Ember Airport,Cream,1.42,l,9.1
2025-10-31,Olive & Ember Airport,Milk,38.92,l,65.39
2025-10-31,Olive & Ember Airport,Eggs,148,each,60.68
2025-10-31,Olive & Ember Airport,Mascarpone,3.16,kg,46.93
2025-10-31,Olive & Ember Airport,Tomatoes,20.99,kg,86.06
2025-10-31,Olive & Ember Airport,Lettuce,8.94,kg,42.55
2025-10-31,Olive & Ember Airport,Onions,3.09,kg,5.62
2025-10-31,Olive & Ember Airport,Potatoes,50.37,kg,74.04
2025-10-31,Olive & Ember Airport,Mushrooms,5.1,kg,49.52
2025-10-31,Olive & Ember Airport,Lemons,5.33,kg,23.24
2025-10-31,Olive & Ember Airport,Basil,0.44,kg,14.94
2025-10-31,Olive & Ember Airport,Garlic,0.85,kg,7.62
2025-10-31,Olive & Ember Airport,Pizza flour,106.2,kg,164.61
2025-10-31,Olive & Ember Airport,Pasta,15.88,kg,52.72
2025-10-31,Olive & Ember Airport,Arborio rice,5.72,kg,25.85
2025-10-31,Olive & Ember Airport,Olive oil,18.31,l,227.59
2025-10-31,Olive & Ember Airport,Burger buns,286,each,168.74
2025-10-31,Olive & Ember Airport,Bread loaf,79,each,176.17
2025-10-31,Olive & Ember Airport,Sugar,16.24,kg,27.28
2025-10-31,Olive & Ember Airport,Chocolate,6.77,kg,102.9
2025-10-31,Olive & Ember Airport,Truffle paste,1.01,kg,118.84
2025-10-31,Olive & Ember Airport,Coffee beans,23.25,kg,619.15
2025-10-31,Olive & Ember Airport,Lemonade syrup,24.61,l,215.83
2025-11-30,Olive & Ember Airport,Beef mince,15.56,kg,291.28
2025-11-30,Olive & Ember Airport,Ribeye steak,1.81,kg,70.54
2025-11-30,Olive & Ember Airport,Chicken breast,4.95,kg,66.92
2025-11-30,Olive & Ember Airport,Pork sausage,6.41,kg,81.92
2025-11-30,Olive & Ember Airport,Lamb shoulder,1.13,kg,24.61
2025-11-30,Olive & Ember Airport,Salmon fillet,2,kg,73.22
2025-11-30,Olive & Ember Airport,Prawns,4.67,kg,123.47
2025-11-30,Olive & Ember Airport,Calamari,3.36,kg,59.2
2025-11-30,Olive & Ember Airport,Mozzarella,12.66,kg,165.85
2025-11-30,Olive & Ember Airport,Parmesan,0.94,kg,27.7
2025-11-30,Olive & Ember Airport,Butter,2.46,kg,27.92
2025-11-30,Olive & Ember Airport,Cream,0.81,l,5.22
2025-11-30,Olive & Ember Airport,Milk,16.05,l,26.8
2025-11-30,Olive & Ember Airport,Eggs,100,each,41
2025-11-30,Olive & Ember Airport,Mascarpone,2.16,kg,31.49
2025-11-30,Olive & Ember Airport,Tomatoes,4.45,kg,19.54
2025-11-30,Olive & Ember Airport,Lettuce,3.07,kg,15.23
2025-11-30,Olive & Ember Airport,Onions,1.26,kg,2.27
2025-11-30,Olive & Ember Airport,Potatoes,19.02,kg,27.96
2025-11-30,Olive & Ember Airport,Mushrooms,2.09,kg,20.29
2025-11-30,Olive & Ember Airport,Lemons,2.01,kg,8.72
2025-11-30,Olive & Ember Airport,Basil,0.2,kg,6.83
2025-11-30,Olive & Ember Airport,Garlic,0.34,kg,3.11
2025-11-30,Olive & Ember Airport,Pizza flour,92.46,kg,144.24
2025-11-30,Olive & Ember Airport,Pasta,14.9,kg,50.66
2025-11-30,Olive & Ember Airport,Arborio rice,3.71,kg,16.73
2025-11-30,Olive & Ember Airport,Olive oil,15.43,l,195.19
2025-11-30,Olive & Ember Airport,Burger buns,273,each,161.07
2025-11-30,Olive & Ember Airport,Bread loaf,50,each,112
2025-11-30,Olive & Ember Airport,Sugar,15.84,kg,26.77
2025-11-30,Olive & Ember Airport,Chocolate,6.17,kg,96.19
2025-11-30,Olive & Ember Airport,Truffle paste,1.09,kg,131.13
2025-11-30,Olive & Ember Airport,Coffee beans,21.09,kg,566.48
2025-11-30,Olive & Ember Airport,Lemonade syrup,26.11,l,225.33
2025-12-31,Olive & Ember Airport,Beef mince,20.77,kg,399.82
2025-12-31,Olive & Ember Airport,Ribeye steak,4.02,kg,158.55
2025-12-31,Olive & Ember Airport,Chicken breast,6.94,kg,91.54
2025-12-31,Olive & Ember Airport,Pork sausage,8.31,kg,105.79
2025-12-31,Olive & Ember Airport,Lamb shoulder,3.81,kg,82.52
2025-12-31,Olive & Ember Airport,Salmon fillet,5.54,kg,203.6
2025-12-31,Olive & Ember Airport,Prawns,5.82,kg,155.45
2025-12-31,Olive & Ember Airport,Calamari,6.03,kg,106.01
2025-12-31,Olive & Ember Airport,Mozzarella,26.79,kg,342.11
2025-12-31,Olive & Ember Airport,Parmesan,2.4,kg,70.46
2025-12-31,Olive & Ember Airport,Butter,6.76,kg,75.64
2025-12-31,Olive & Ember Airport,Cream,2.29,l,14.93
2025-12-31,Olive & Ember Airport,Milk,40.39,l,67.05
2025-12-31,Olive & Ember Airport,Eggs,194,each,79.54
2025-12-31,Olive & Ember Airport,Mascarpone,4.21,kg,63.11
2025-12-31,Olive & Ember Airport,Tomatoes,25.12,kg,113.54
2025-12-31,Olive & Ember Airport,Lettuce,8.87,kg,46.3
2025-12-31,Olive & Ember Airport,Onions,3.08,kg,5.61
2025-12-31,Olive & Ember Airport,Potatoes,61.9,kg,90.37
2025-12-31,Olive & Ember Airport,Mushrooms,7.41,kg,73.06
2025-12-31,Olive & Ember Airport,Lemons,7.14,kg,30.84
2025-12-31,Olive & Ember Airport,Basil,0.51,kg,17.1
2025-12-31,Olive & Ember Airport,Garlic,0.93,kg,8.43
2025-12-31,Olive & Ember Airport,Pizza flour,147.64,kg,225.89
2025-12-31,Olive & Ember Airport,Pasta,30.01,kg,101.13
2025-12-31,Olive & Ember Airport,Arborio rice,8.5,kg,38.17
2025-12-31,Olive & Ember Airport,Olive oil,25.36,l,321.82
2025-12-31,Olive & Ember Airport,Burger buns,360,each,216
2025-12-31,Olive & Ember Airport,Bread loaf,90,each,201.6
2025-12-31,Olive & Ember Airport,Sugar,25.42,kg,42.71
2025-12-31,Olive & Ember Airport,Chocolate,11.76,kg,180.05
2025-12-31,Olive & Ember Airport,Truffle paste,1.32,kg,159.93
2025-12-31,Olive & Ember Airport,Coffee beans,25.23,kg,674.4
2025-12-31,Olive & Ember Airport,Lemonade syrup,27.45,l,237.44
2026-01-31,Olive & Ember Airport,Beef mince,22.5,kg,425.25
2026-01-31,Olive & Ember Airport,Ribeye steak,4.41,kg,172.12
2026-01-31,Olive & Ember Airport,Chicken breast,6.05,kg,81.07
2026-01-31,Olive & Ember Airport,Pork sausage,7.14,kg,90.32
2026-01-31,Olive & Ember Airport,Lamb shoulder,4.3,kg,93.87
2026-01-31,Olive & Ember Airport,Salmon fillet,4.02,kg,148.7
2026-01-31,Olive & Ember Airport,Prawns,4.06,kg,108.2
2026-01-31,Olive & Ember Airport,Calamari,6.02,kg,105.59
2026-01-31,Olive & Ember Airport,Mozzarella,22.81,kg,295.85
2026-01-31,Olive & Ember Airport,Parmesan,1.48,kg,43.84
2026-01-31,Olive & Ember Airport,Butter,4.88,kg,54.36
2026-01-31,Olive & Ember Airport,Cream,1.07,l,6.87
2026-01-31,Olive & Ember Airport,Milk,27.79,l,46.97
2026-01-31,Olive & Ember Airport,Eggs,100,each,42
2026-01-31,Olive & Ember Airport,Mascarpone,2.28,kg,33.4
2026-01-31,Olive & Ember Airport,Tomatoes,17.34,kg,79.07
2026-01-31,Olive & Ember Airport,Lettuce,4.84,kg,25.89
2026-01-31,Olive & Ember Airport,Onions,2.58,kg,4.75
2026-01-31,Olive & Ember Airport,Potatoes,44.55,kg,66.38
2026-01-31,Olive & Ember Airport,Mushrooms,4.3,kg,42.18
2026-01-31,Olive & Ember Airport,Lemons,4.19,kg,18.52
2026-01-31,Olive & Ember Airport,Basil,0.27,kg,9.25
2026-01-31,Olive & Ember Airport,Garlic,0.62,kg,5.74
2026-01-31,Olive & Ember Airport,Pizza flour,109.79,kg,169.08
2026-01-31,Olive & Ember Airport,Pasta,18.54,kg,62.48
2026-01-31,Olive & Ember Airport,Arborio rice,4.14,kg,18.63
2026-01-31,Olive & Ember Airport,Olive oil,18.25,l,227.03
2026-01-31,Olive & Ember Airport,Burger buns,313,each,184.67
2026-01-31,Olive & Ember Airport,Bread loaf,75,each,171
2026-01-31,Olive & Ember Airport,Sugar,21.23,kg,35.67
2026-01-31,Olive & Ember Airport,Chocolate,9.28,kg,144.77
2026-01-31,Olive & Ember Airport,Truffle paste,1.09,kg,129.8
2026-01-31,Olive & Ember Airport,Coffee beans,20.36,kg,548.5
2026-01-31,Olive & Ember Airport,Lemonade syrup,24.79,l,215.92
2026-02-28,Olive & Ember Airport,Beef mince,23.26,kg,449.38
2026-02-28,Olive & Ember Airport,Ribeye steak,3.17,kg,123.88
2026-02-28,Olive & Ember Airport,Chicken breast,9.54,kg,126.5
2026-02-28,Olive & Ember Airport,Pork sausage,7.37,kg,94.93
2026-02-28,Olive & Ember Airport,Lamb shoulder,2.61,kg,57.37
2026-02-28,Olive & Ember Airport,Salmon fillet,3.8,kg,138.28
2026-02-28,Olive & Ember Airport,Prawns,5.45,kg,146.6
2026-02-28,Olive & Ember Airport,Calamari,4.46,kg,79.48
2026-02-28,Olive & Ember Airport,Mozzarella,20.58,kg,271.04
2026-02-28,Olive & Ember Airport,Parmesan,1.43,kg,42.66
2026-02-28,Olive & Ember Airport,Butter,4.81,kg,54.3
2026-02-28,Olive & Ember Airport,Cream,1.46,l,9.42
2026-02-28,Olive & Ember Airport,Milk,29.73,l,50.84
2026-02-28,Olive & Ember Airport,Eggs,159,each,66.78
2026-02-28,Olive & Ember Airport,Mascarpone,3.55,kg,52.4
2026-02-28,Olive & Ember Airport,Tomatoes,15.9,kg,73.78
2026-02-28,Olive & Ember Airport,Lettuce,7.37,kg,38.77
2026-02-28,Olive & Ember Airport,Onions,1.8,kg,3.28
2026-02-28,Olive & Ember Airport,Potatoes,39.63,kg,58.26
2026-02-28,Olive & Ember Airport,Mushrooms,1.99,kg,19.72
2026-02-28,Olive & Ember Airport,Lemons,3.56,kg,15.45
2026-02-28,Olive & Ember Airport,Basil,0.29,kg,9.69
2026-02-28,Olive & Ember Airport,Garlic,0.59,kg,5.42
2026-02-28,Olive & Ember Airport,Pizza flour,124.79,kg,194.67
2026-02-28,Olive & Ember Airport,Pasta,15.4,kg,52.82
2026-02-28,Olive & Ember Airport,Arborio rice,3.01,kg,13.42
2026-02-28,Olive & Ember Airport,Olive oil,16.83,l,212.9
2026-02-28,Olive & Ember Airport,Burger buns,272,each,163.2
2026-02-28,Olive & Ember Airport,Bread loaf,80,each,179.2
2026-02-28,Olive & Ember Airport,Sugar,19.56,kg,32.86
2026-02-28,Olive & Ember Airport,Chocolate,9.48,kg,147.79
2026-02-28,Olive & Ember Airport,Truffle paste,1.02,kg,120.85
2026-02-28,Olive & Ember Airport,Coffee beans,24.17,kg,640.02
2026-02-28,Olive & Ember Airport,Lemonade syrup,25.88,l,229.3
2026-03-31,Olive & Ember Airport,Beef mince,30.67,kg,591.62
2026-03-31,Olive & Ember Airport,Ribeye steak,3.64,kg,142.51
2026-03-31,Olive & Ember Airport,Chicken breast,10.76,kg,146.23
2026-03-31,Olive & Ember Airport,Pork sausage,13.82,kg,175.24
2026-03-31,Olive & Ember Airport,Lamb shoulder,3.14,kg,69.58
2026-03-31,Olive & Ember Airport,Salmon fillet,5.46,kg,197.82
2026-03-31,Olive & Ember Airport,Prawns,6.23,kg,167.46
2026-03-31,Olive & Ember Airport,Calamari,6.8,kg,121.24
2026-03-31,Olive & Ember Airport,Mozzarella,21.75,kg,283.19
2026-03-31,Olive & Ember Airport,Parmesan,1.54,kg,45.29
2026-03-31,Olive & Ember Airport,Butter,5.22,kg,58.88
2026-03-31,Olive & Ember Airport,Cream,1.44,l,9.24
2026-03-31,Olive & Ember Airport,Milk,27.78,l,46.67
2026-03-31,Olive & Ember Airport,Eggs,157,each,65.94
2026-03-31,Olive & Ember Airport,Mascarpone,2.68,kg,40.04
2026-03-31,Olive & Ember Airport,Tomatoes,15.79,kg,67.11
2026-03-31,Olive & Ember Airport,Lettuce,7.07,kg,35.77
2026-03-31,Olive & Ember Airport,Onions,2.3,kg,4.23
2026-03-31,Olive & Ember Airport,Potatoes,36.41,kg,53.52
2026-03-31,Olive & Ember Airport,Mushrooms,2.66,kg,26.12
2026-03-31,Olive & Ember Airport,Lemons,4.16,kg,18.35
2026-03-31,Olive & Ember Airport,Basil,0.32,kg,10.85
2026-03-31,Olive & Ember Airport,Garlic,0.6,kg,5.56
2026-03-31,Olive & Ember Airport,Pizza flour,161.39,kg,250.15
2026-03-31,Olive & Ember Airport,Pasta,23.99,kg,82.29
2026-03-31,Olive & Ember Airport,Arborio rice,5.55,kg,24.92
2026-03-31,Olive & Ember Airport,Olive oil,25.44,l,319.27
2026-03-31,Olive & Ember Airport,Burger buns,423,each,249.57
2026-03-31,Olive & Ember Airport,Bread loaf,108,each,247.32
2026-03-31,Olive & Ember Airport,Sugar,24.02,kg,40.35
2026-03-31,Olive & Ember Airport,Chocolate,12.43,kg,190.8
2026-03-31,Olive & Ember Airport,Truffle paste,1.27,kg,152.34
2026-03-31,Olive & Ember Airport,Coffee beans,27.07,kg,724.93
2026-03-31,Olive & Ember Airport,Lemonade syrup,27.63,l,240.66
2026-04-30,Olive & Ember Airport,Beef mince,37.17,kg,715.89
2026-04-30,Olive & Ember Airport,Ribeye steak,9.25,kg,369.08
2026-04-30,Olive & Ember Airport,Chicken breast,17.33,kg,233.26
2026-04-30,Olive & Ember Airport,Pork sausage,15.07,kg,193.65
2026-04-30,Olive & Ember Airport,Lamb shoulder,7.64,kg,167.93
2026-04-30,Olive & Ember Airport,Salmon fillet,3.4,kg,124.81
2026-04-30,Olive & Ember Airport,Prawns,3.19,kg,84.57
2026-04-30,Olive & Ember Airport,Calamari,3.73,kg,66.06
2026-04-30,Olive & Ember Airport,Mozzarella,28.53,kg,374.03
2026-04-30,Olive & Ember Airport,Parmesan,1.99,kg,58.47
2026-04-30,Olive & Ember Airport,Butter,5.09,kg,57.11
2026-04-30,Olive & Ember Airport,Cream,1.45,l,9.38
2026-04-30,Olive & Ember Airport,Milk,29.88,l,50.8
2026-04-30,Olive & Ember Airport,Eggs,161,each,69.23
2026-04-30,Olive & Ember Airport,Mascarpone,2.9,kg,42.66
2026-04-30,Olive & Ember Airport,Tomatoes,18.81,kg,76.74
2026-04-30,Olive & Ember Airport,Lettuce,8.7,kg,41.59
2026-04-30,Olive & Ember Airport,Onions,2.69,kg,4.95
2026-04-30,Olive & Ember Airport,Potatoes,47.09,kg,70.16
2026-04-30,Olive & Ember Airport,Mushrooms,4.09,kg,40.7
2026-04-30,Olive & Ember Airport,Lemons,5.09,kg,22.4
2026-04-30,Olive & Ember Airport,Basil,0.46,kg,15.6
2026-04-30,Olive & Ember Airport,Garlic,0.69,kg,6.26
2026-04-30,Olive & Ember Airport,Pizza flour,154.36,kg,243.89
2026-04-30,Olive & Ember Airport,Pasta,27.55,kg,92.57
2026-04-30,Olive & Ember Airport,Arborio rice,6.13,kg,27.46
2026-04-30,Olive & Ember Airport,Olive oil,26.68,l,331.9
2026-04-30,Olive & Ember Airport,Burger buns,374,each,220.66
2026-04-30,Olive & Ember Airport,Bread loaf,106,each,242.74
2026-04-30,Olive & Ember Airport,Sugar,25.42,kg,43.47
2026-04-30,Olive & Ember Airport,Chocolate,10.83,kg,168.41
2026-04-30,Olive & Ember Airport,Truffle paste,1.45,kg,174.07
2026-04-30,Olive & Ember Airport,Coffee beans,29.88,kg,803.77
2026-04-30,Olive & Ember Airport,Lemonade syrup,34.71,l,302.32
2026-05-31,Olive & Ember Airport,Beef mince,18.72,kg,356.8
2026-05-31,Olive & Ember Airport,Ribeye steak,3.04,kg,121.33
2026-05-31,Olive & Ember Airport,Chicken breast,6.82,kg,90.91
2026-05-31,Olive & Ember Airport,Pork sausage,5.89,kg,74.51
2026-05-31,Olive & Ember Airport,Lamb shoulder,1.74,kg,38.23
2026-05-31,Olive & Ember Airport,Salmon fillet,3.92,kg,143.82
2026-05-31,Olive & Ember Airport,Prawns,4.64,kg,123.93
2026-05-31,Olive & Ember Airport,Calamari,5.3,kg,92.8
2026-05-31,Olive & Ember Airport,Mozzarella,13.82,kg,195.14
2026-05-31,Olive & Ember Airport,Parmesan,1.32,kg,42.16
2026-05-31,Olive & Ember Airport,Butter,3.46,kg,42.45
2026-05-31,Olive & Ember Airport,Cream,1.23,l,8.78
2026-05-31,Olive & Ember Airport,Milk,18.7,l,33.85
2026-05-31,Olive & Ember Airport,Eggs,108,each,48.6
2026-05-31,Olive & Ember Airport,Mascarpone,2.9,kg,47.01
2026-05-31,Olive & Ember Airport,Tomatoes,6.15,kg,23.92
2026-05-31,Olive & Ember Airport,Lettuce,2.78,kg,12.95
2026-05-31,Olive & Ember Airport,Onions,1.03,kg,1.9
2026-05-31,Olive & Ember Airport,Potatoes,20.79,kg,31.19
2026-05-31,Olive & Ember Airport,Mushrooms,2.84,kg,28.31
2026-05-31,Olive & Ember Airport,Lemons,2.77,kg,12.08
2026-05-31,Olive & Ember Airport,Basil,0.15,kg,5.06
2026-05-31,Olive & Ember Airport,Garlic,0.28,kg,2.61
2026-05-31,Olive & Ember Airport,Pizza flour,110.46,kg,172.32
2026-05-31,Olive & Ember Airport,Pasta,16.11,kg,54.29
2026-05-31,Olive & Ember Airport,Arborio rice,4.96,kg,22.77
2026-05-31,Olive & Ember Airport,Olive oil,20.22,l,258.41
2026-05-31,Olive & Ember Airport,Burger buns,347,each,208.2
2026-05-31,Olive & Ember Airport,Bread loaf,80,each,181.6
2026-05-31,Olive & Ember Airport,Sugar,18.58,kg,31.4
2026-05-31,Olive & Ember Airport,Chocolate,9.34,kg,143.65
2026-05-31,Olive & Ember Airport,Truffle paste,1.25,kg,152.17
2026-05-31,Olive & Ember Airport,Coffee beans,23.96,kg,642.37
2026-05-31,Olive & Ember Airport,Lemonade syrup,26.81,l,232.98
2026-06-30,Olive & Ember Airport,Beef mince,40.29,kg,951.65
2026-06-30,Olive & Ember Airport,Ribeye steak,2.45,kg,117.16
2026-06-30,Olive & Ember Airport,Chicken breast,14.44,kg,195.66
2026-06-30,Olive & Ember Airport,Pork sausage,13.5,kg,173.34
2026-06-30,Olive & Ember Airport,Lamb shoulder,3.04,kg,66.94
2026-06-30,Olive & Ember Airport,Salmon fillet,6.34,kg,231.66
2026-06-30,Olive & Ember Airport,Prawns,8.17,kg,220.1
2026-06-30,Olive & Ember Airport,Calamari,10.08,kg,180.03
2026-06-30,Olive & Ember Airport,Mozzarella,25.19,kg,352.91
2026-06-30,Olive & Ember Airport,Parmesan,1.91,kg,60.72
2026-06-30,Olive & Ember Airport,Butter,7.06,kg,86.77
2026-06-30,Olive & Ember Airport,Cream,2.07,l,14.76
2026-06-30,Olive & Ember Airport,Milk,32.91,l,60.88
2026-06-30,Olive & Ember Airport,Eggs,194,each,89.24
2026-06-30,Olive & Ember Airport,Mascarpone,3.81,kg,61.99
2026-06-30,Olive & Ember Airport,Tomatoes,19.08,kg,69.26
2026-06-30,Olive & Ember Airport,Lettuce,10.57,kg,48.52
2026-06-30,Olive & Ember Airport,Onions,2.99,kg,5.44
2026-06-30,Olive & Ember Airport,Potatoes,52.82,kg,79.23
2026-06-30,Olive & Ember Airport,Mushrooms,5.48,kg,53.81
2026-06-30,Olive & Ember Airport,Lemons,5.43,kg,24.05
2026-06-30,Olive & Ember Airport,Basil,0.36,kg,12.34
2026-06-30,Olive & Ember Airport,Garlic,0.89,kg,8.25
2026-06-30,Olive & Ember Airport,Pizza flour,188.24,kg,299.3
2026-06-30,Olive & Ember Airport,Pasta,33.91,kg,115.63
2026-06-30,Olive & Ember Airport,Arborio rice,9.77,kg,44.84
2026-06-30,Olive & Ember Airport,Olive oil,29.89,l,372.13
2026-06-30,Olive & Ember Airport,Burger buns,567,each,340.2
2026-06-30,Olive & Ember Airport,Bread loaf,115,each,263.35
2026-06-30,Olive & Ember Airport,Sugar,32.91,kg,56.28
2026-06-30,Olive & Ember Airport,Chocolate,15.21,kg,239.41
2026-06-30,Olive & Ember Airport,Truffle paste,1.75,kg,209.53
2026-06-30,Olive & Ember Airport,Coffee beans,33.08,kg,881.91
2026-06-30,Olive & Ember Airport,Lemonade syrup,40.96,l,358.4
2026-07-31,Olive & Ember Airport,Beef mince,34.05,kg,802.22
2026-07-31,Olive & Ember Airport,Ribeye steak,5.32,kg,257.01
2026-07-31,Olive & Ember Airport,Chicken breast,12.79,kg,172.92
2026-07-31,Olive & Ember Airport,Pork sausage,10.43,kg,131.73
2026-07-31,Olive & Ember Airport,Lamb shoulder,5.62,kg,124.31
2026-07-31,Olive & Ember Airport,Salmon fillet,4.21,kg,157.71
2026-07-31,Olive & Ember Airport,Prawns,6.43,kg,172.84
2026-07-31,Olive & Ember Airport,Calamari,9.77,kg,175.08
2026-07-31,Olive & Ember Airport,Mozzarella,30.62,kg,435.42
2026-07-31,Olive & Ember Airport,Parmesan,2.65,kg,84.83
2026-07-31,Olive & Ember Airport,Butter,7.19,kg,88.72
2026-07-31,Olive & Ember Airport,Cream,2.2,l,15.47
2026-07-31,Olive & Ember Airport,Milk,51.48,l,93.69
2026-07-31,Olive & Ember Airport,Eggs,253,each,116.38
2026-07-31,Olive & Ember Airport,Mascarpone,5.56,kg,89.52
2026-07-31,Olive & Ember Airport,Tomatoes,29.9,kg,107.04
2026-07-31,Olive & Ember Airport,Lettuce,13.48,kg,61.74
2026-07-31,Olive & Ember Airport,Onions,4.41,kg,8.2
2026-07-31,Olive & Ember Airport,Potatoes,64.99,kg,96.19
2026-07-31,Olive & Ember Airport,Mushrooms,5.57,kg,55.37
2026-07-31,Olive & Ember Airport,Lemons,8.18,kg,36.56
2026-07-31,Olive & Ember Airport,Basil,0.56,kg,19.17
2026-07-31,Olive & Ember Airport,Garlic,0.98,kg,9.07
2026-07-31,Olive & Ember Airport,Pizza flour,145.56,kg,225.62
2026-07-31,Olive & Ember Airport,Pasta,23.47,kg,80.03
2026-07-31,Olive & Ember Airport,Arborio rice,5.13,kg,23.55
2026-07-31,Olive & Ember Airport,Olive oil,25.14,l,322.29
2026-07-31,Olive & Ember Airport,Burger buns,454,each,272.4
2026-07-31,Olive & Ember Airport,Bread loaf,103,each,236.9
2026-07-31,Olive & Ember Airport,Sugar,27.27,kg,46.9
2026-07-31,Olive & Ember Airport,Chocolate,11.08,kg,174.62
2026-07-31,Olive & Ember Airport,Truffle paste,1.21,kg,144.52
2026-07-31,Olive & Ember Airport,Coffee beans,28.31,kg,753.9
2026-07-31,Olive & Ember Airport,Lemonade syrup,40.37,l,354.85
2026-08-31,Olive & Ember Airport,Beef mince,37.54,kg,889.7
2026-08-31,Olive & Ember Airport,Ribeye steak,10.94,kg,531.9
2026-08-31,Olive & Ember Airport,Chicken breast,11.16,kg,148.99
2026-08-31,Olive & Ember Airport,Pork sausage,15.4,kg,194.96
2026-08-31,Olive & Ember Airport,Lamb shoulder,9.66,kg,215.51
2026-08-31,Olive & Ember Airport,Salmon fillet,2.38,kg,89.35
2026-08-31,Olive & Ember Airport,Prawns,1.98,kg,53.68
2026-08-31,Olive & Ember Airport,Calamari,3.01,kg,53.73
2026-08-31,Olive & Ember Airport,Mozzarella,39.65,kg,553.12
2026-08-31,Olive & Ember Airport,Parmesan,3.39,kg,110.07
2026-08-31,Olive & Ember Airport,Butter,9.32,kg,113.05
2026-08-31,Olive & Ember Airport,Cream,3.04,l,21.22
2026-08-31,Olive & Ember Airport,Milk,41.88,l,77.06
2026-08-31,Olive & Ember Airport,Eggs,221,each,101.66
2026-08-31,Olive & Ember Airport,Mascarpone,4.9,kg,80.16
2026-08-31,Olive & Ember Airport,Tomatoes,30.41,kg,110.69
2026-08-31,Olive & Ember Airport,Lettuce,13.02,kg,59.24
2026-08-31,Olive & Ember Airport,Onions,4.75,kg,8.88
2026-08-31,Olive & Ember Airport,Potatoes,71.33,kg,107.71
2026-08-31,Olive & Ember Airport,Mushrooms,8.95,kg,89.68
2026-08-31,Olive & Ember Airport,Lemons,8.42,kg,36.96
2026-08-31,Olive & Ember Airport,Basil,0.64,kg,22.15
2026-08-31,Olive & Ember Airport,Garlic,1.05,kg,9.62
2026-08-31,Olive & Ember Airport,Pizza flour,209.21,kg,332.64
2026-08-31,Olive & Ember Airport,Pasta,30.71,kg,105.03
2026-08-31,Olive & Ember Airport,Arborio rice,18.27,kg,84.41
2026-08-31,Olive & Ember Airport,Olive oil,31.96,l,406.53
2026-08-31,Olive & Ember Airport,Burger buns,419,each,251.4
2026-08-31,Olive & Ember Airport,Bread loaf,112,each,253.12
2026-08-31,Olive & Ember Airport,Sugar,36.2,kg,61.18
2026-08-31,Olive & Ember Airport,Chocolate,17.1,kg,268.64
2026-08-31,Olive & Ember Airport,Truffle paste,1.49,kg,182.94
2026-08-31,Olive & Ember Airport,Coffee beans,24.56,kg,661.16
2026-08-31,Olive & Ember Airport,Lemonade syrup,29.43,l,262.81
