Date,Restaurant,Role,Hours,Labor Cost
2025-01-01,Olive & Ember Downtown,Kitchen,20.91,369.58
2025-01-01,Olive & Ember Downtown,Front of house,26.44,396.6
2025-01-01,Olive & Ember Downtown,Management,10,240
2025-01-02,Olive & Ember Downtown,Kitchen,22.05,389.73
2025-01-02,Olive & Ember Downtown,Front of house,28.92,433.8
2025-01-02,Olive & Ember Downtown,Management,10,240
2025-01-03,Olive & Ember Downtown,Kitchen,28.46,503.03
2025-01-03,Olive & Ember Downtown,Front of house,39.24,588.6
2025-01-03,Olive & Ember Downtown,Management,10,240
2025-01-04,Olive & Ember Downtown,Kitchen,32.31,571.08
2025-01-04,Olive & Ember Downtown,Front of house,40.18,602.7
2025-01-04,Olive & Ember Downtown,Management,10,240
2025-01-05,Olive & Ember Downtown,Kitchen,26.95,476.34
2025-01-05,Olive & Ember Downtown,Front of house,34.13,511.95
2025-01-05,Olive & Ember Downtown,Management,10,240
2025-01-06,Olive & Ember Downtown,Kitchen,20.42,360.92
2025-01-06,Olive & Ember Downtown,Front of house,25.25,378.75
2025-01-06,Olive & Ember Downtown,Management,10,240
2025-01-07,Olive & Ember Downtown,Kitchen,19.33,341.66
2025-01-07,Olive & Ember Downtown,Front of house,25.93,388.95
2025-01-07,Olive & Ember Downtown,Management,10,240
2025-01-08,Olive & Ember Downtown,Kitchen,24.54,433.74
2025-01-08,Olive & Ember Downtown,Front of house,30.12,451.8
2025-01-08,Olive & Ember Downtown,Management,10,240
2025-01-09,Olive & Ember Downtown,Kitchen,26.01,459.73
2025-01-09,Olive & Ember Downtown,Front of house,30.78,461.7
2025-01-09,Olive & Ember Downtown,Management,10,240
2025-01-10,Olive & Ember Downtown,Kitchen,28.61,505.68
2025-01-10,Olive & Ember Downtown,Front of house,36.68,550.2
2025-01-10,Olive & Ember Downtown,Management,10,240
2025-01-11,Olive & Ember Downtown,Kitchen,28.26,499.5
2025-01-11,Olive & Ember Downtown,Front of house,34.01,510.15
2025-01-11,Olive & Ember Downtown,Management,10,240
2025-01-12,Olive & Ember Downtown,Kitchen,27.22,481.11
2025-01-12,Olive & Ember Downtown,Front of house,34.11,511.65
2025-01-12,Olive & Ember Downtown,Management,10,240
2025-01-13,Olive & Ember Downtown,Kitchen,21.54,380.72
2025-01-13,Olive & Ember Downtown,Front of house,28.05,420.75
2025-01-13,Olive & Ember Downtown,Management,10,240
2025-01-14,Olive & Ember Downtown,Kitchen,22.14,391.32
2025-01-14,Olive & Ember Downtown,Front of house,28.14,422.1
2025-01-14,Olive & Ember Downtown,Management,10,240
2025-01-15,Olive & Ember Downtown,Kitchen,24.97,441.34
2025-01-15,Olive & Ember Downtown,Front of house,31.4,471
2025-01-15,Olive & Ember Downtown,Management,10,240
2025-01-16,Olive & Ember Downtown,Kitchen,25.66,453.54
2025-01-16,Olive & Ember Downtown,Front of house,32.86,492.9
2025-01-16,Olive & Ember Downtown,Management,10,240
2025-01-17,Olive & Ember Downtown,Kitchen,30.42,537.67
2025-01-17,Olive & Ember Downtown,Front of house,36.56,548.4
2025-01-17,Olive & Ember Downtown,Management,10,240
2025-01-18,Olive & Ember Downtown,Kitchen,28.77,508.51
2025-01-18,Olive & Ember Downtown,Front of house,36.52,547.8
2025-01-18,Olive & Ember Downtown,Management,10,240
2025-01-19,Olive & Ember Downtown,Kitchen,30.78,544.04
2025-01-19,Olive & Ember Downtown,Front of house,37.71,565.65
2025-01-19,Olive & Ember Downtown,Management,10,240
2025-01-20,Olive & Ember Downtown,Kitchen,20.8,367.64
2025-01-20,Olive & Ember Downtown,Front of house,26.05,390.75
2025-01-20,Olive & Ember Downtown,Management,10,240
2025-01-21,Olive & Ember Downtown,Kitchen,20.35,359.69
2025-01-21,Olive & Ember Downtown,Front of house,26.98,404.7
2025-01-21,Olive & Ember Downtown,Management,10,240
2025-01-22,Olive & Ember Downtown,Kitchen,23.34,412.53
2025-01-22,Olive & Ember Downtown,Front of house,30.56,458.4
2025-01-22,Olive & Ember Downtown,Management,10,240
2025-01-23,Olive & Ember Downtown,Kitchen,24.5,433.04
2025-01-23,Olive & Ember Downtown,Front of house,31.32,469.8
2025-01-23,Olive & Ember Downtown,Management,10,240
2025-01-24,Olive & Ember Downtown,Kitchen,29.2,516.11
2025-01-24,Olive & Ember Downtown,Front of house,38.36,575.4
2025-01-24,Olive & Ember Downtown,Management,10,240
2025-01-25,Olive & Ember Downtown,Kitchen,32.41,572.85
2025-01-25,Olive & Ember Downtown,Front of house,38.45,576.75
2025-01-25,Olive & Ember Downtown,Management,10,240
2025-01-26,Olive & Ember Downtown,Kitchen,25.95,458.67
2025-01-26,Olive & Ember Downtown,Front of house,33.62,504.3
2025-01-26,Olive & Ember Downtown,Management,10,240
2025-01-27,Olive & Ember Downtown,Kitchen,21.16,374
2025-01-27,Olive & Ember Downtown,Front of house,26.45,396.75
2025-01-27,Olive & Ember Downtown,Management,10,240
2025-01-28,Olive & Ember Downtown,Kitchen,20.88,369.05
2025-01-28,Olive & Ember Downtown,Front of house,26.65,399.75
2025-01-28,Olive & Ember Downtown,Management,10,240
2025-01-29,Olive & Ember Downtown,Kitchen,20.54,363.04
2025-01-29,Olive & Ember Downtown,Front of house,27.96,419.4
2025-01-29,Olive & Ember Downtown,Management,10,240
2025-01-30,Olive & Ember Downtown,Kitchen,26.38,466.27
2025-01-30,Olive & Ember Downtown,Front of house,33.34,500.1
2025-01-30,Olive & Ember Downtown,Management,10,240
2025-01-31,Olive & Ember Downtown,Kitchen,32.92,581.86
2025-01-31,Olive & Ember Downtown,Front of house,40.3,604.5
2025-01-31,Olive & Ember Downtown,Management,10,240
2025-02-01,Olive & Ember Downtown,Kitchen,31.5,556.76
2025-02-01,Olive & Ember Downtown,Front of house,42.15,632.25
2025-02-01,Olive & Ember Downtown,Management,10,240
2025-02-02,Olive & Ember Downtown,Kitchen,29.92,528.84
2025-02-02,Olive & Ember Downtown,Front of house,38.38,575.7
2025-02-02,Olive & Ember Downtown,Management,10,240
2025-02-03,Olive & Ember Downtown,Kitchen,22.53,398.22
2025-02-03,Olive & Ember Downtown,Front of house,28.77,431.55
2025-02-03,Olive & Ember Downtown,Management,10,240
2025-02-04,Olive & Ember Downtown,Kitchen,24.5,433.04
2025-02-04,Olive & Ember Downtown,Front of house,29.85,447.75
2025-02-04,Olive & Ember Downtown,Management,10,240
2025-02-05,Olive & Ember Downtown,Kitchen,25.47,450.18
2025-02-05,Olive & Ember Downtown,Front of house,31.27,469.05
2025-02-05,Olive & Ember Downtown,Management,10,240
2025-02-06,Olive & Ember Downtown,Kitchen,24.36,430.56
2025-02-06,Olive & Ember Downtown,Front of house,31.2,468
2025-02-06,Olive & Ember Downtown,Management,10,240
2025-02-07,Olive & Ember Downtown,Kitchen,30.81,544.57
2025-02-07,Olive & Ember Downtown,Front of house,40.97,614.55
2025-02-07,Olive & Ember Downtown,Management,10,240
2025-02-08,Olive & Ember Downtown,Kitchen,33.93,599.71
2025-02-08,Olive & Ember Downtown,Front of house,42.21,633.15
2025-02-08,Olive & Ember Downtown,Management,10,240
2025-02-09,Olive & Ember Downtown,Kitchen,23.91,422.61
2025-02-09,Olive & Ember Downtown,Front of house,30.69,460.35
2025-02-09,Olive & Ember Downtown,Management,10,240
2025-02-10,Olive & Ember Downtown,Kitchen,21.29,376.3
2025-02-10,Olive & Ember Downtown,Front of house,26.72,400.8
2025-02-10,Olive & Ember Downtown,Management,10,240
2025-02-11,Olive & Ember Downtown,Kitchen,22.38,395.57
2025-02-11,Olive & Ember Downtown,Front of house,28.01,420.15
2025-02-11,Olive & Ember Downtown,Management,10,240
2025-02-12,Olive & Ember Downtown,Kitchen,23.28,411.47
2025-02-12,Olive & Ember Downtown,Front of house,29.64,444.6
2025-02-12,Olive & Ember Downtown,Management,10,240
2025-02-13,Olive & Ember Downtown,Kitchen,24.24,428.44
2025-02-13,Olive & Ember Downtown,Front of house,31.4,471
2025-02-13,Olive & Ember Downtown,Management,10,240
2025-02-14,Olive & Ember Downtown,Kitchen,26.2,463.09
2025-02-14,Olive & Ember Downtown,Front of house,35.18,527.7
2025-02-14,Olive & Ember Downtown,Management,10,240
2025-02-15,Olive & Ember Downtown,Kitchen,29.99,530.07
2025-02-15,Olive & Ember Downtown,Front of house,40.02,600.3
2025-02-15,Olive & Ember Downtown,Management,10,240
2025-02-16,Olive & Ember Downtown,Kitchen,27.1,478.99
2025-02-16,Olive & Ember Downtown,Front of house,35.93,538.95
2025-02-16,Olive & Ember Downtown,Management,10,240
2025-02-17,Olive & Ember Downtown,Kitchen,21.67,383.02
2025-02-17,Olive & Ember Downtown,Front of house,26.36,395.4
2025-02-17,Olive & Ember Downtown,Management,10,240
2025-02-18,Olive & Ember Downtown,Kitchen,21.4,378.25
2025-02-18,Olive & Ember Downtown,Front of house,28.58,428.7
2025-02-18,Olive & Ember Downtown,Management,10,240
2025-02-19,Olive & Ember Downtown,Kitchen,21.74,384.25
2025-02-19,Olive & Ember Downtown,Front of house,27.07,406.05
2025-02-19,Olive & Ember Downtown,Management,10,240
2025-02-20,Olive & Ember Downtown,Kitchen,20.52,362.69
2025-02-20,Olive & Ember Downtown,Front of house,27.23,408.45
2025-02-20,Olive & Ember Downtown,Management,10,240
2025-02-21,Olive & Ember Downtown,Kitchen,30.94,546.86
2025-02-21,Olive & Ember Downtown,Front of house,38.64,579.6
2025-02-21,Olive & Ember Downtown,Management,10,240
2025-02-22,Olive & Ember Downtown,Kitchen,31.16,550.75
2025-02-22,Olive & Ember Downtown,Front of house,40.56,608.4
2025-02-22,Olive & Ember Downtown,Management,10,240
2025-02-23,Olive & Ember Downtown,Kitchen,27.67,489.07
2025-02-23,Olive & Ember Downtown,Front of house,36.83,552.45
2025-02-23,Olive & Ember Downtown,Management,10,240
2025-02-24,Olive & Ember Downtown,Kitchen,21.6,381.78
2025-02-24,Olive & Ember Downtown,Front of house,27.65,414.75
2025-02-24,Olive & Ember Downtown,Management,10,240
2025-02-25,Olive & Ember Downtown,Kitchen,23.52,415.72
2025-02-25,Olive & Ember Downtown,Front of house,27.9,418.5
2025-02-25,Olive & Ember Downtown,Management,10,240
2025-02-26,Olive & Ember Downtown,Kitchen,22.93,405.29
2025-02-26,Olive & Ember Downtown,Front of house,26.63,399.45
2025-02-26,Olive & Ember Downtown,Management,10,240
2025-02-27,Olive & Ember Downtown,Kitchen,24.51,433.21
2025-02-27,Olive & Ember Downtown,Front of house,32.51,487.65
2025-02-27,Olive & Ember Downtown,Management,10,240
2025-02-28,Olive & Ember Downtown,Kitchen,32.13,567.9
2025-02-28,Olive & Ember Downtown,Front of house,40.04,600.6
2025-02-28,Olive & Ember Downtown,Management,10,240
2025-03-01,Olive & Ember Downtown,Kitchen,34.49,609.61
2025-03-01,Olive & Ember Downtown,Front of house,43.86,657.9
2025-03-01,Olive & Ember Downtown,Management,10,240
2025-03-02,Olive & Ember Downtown,Kitchen,27.75,490.48
2025-03-02,Olive & Ember Downtown,Front of house,37.74,566.1
2025-03-02,Olive & Ember Downtown,Management,10,240
2025-03-03,Olive & Ember Downtown,Kitchen,23.28,411.47
2025-03-03,Olive & Ember Downtown,Front of house,28.85,432.75
2025-03-03,Olive & Ember Downtown,Management,10,240
2025-03-04,Olive & Ember Downtown,Kitchen,24.07,425.44
2025-03-04,Olive & Ember Downtown,Front of house,29.56,443.4
2025-03-04,Olive & Ember Downtown,Management,10,240
2025-03-05,Olive & Ember Downtown,Kitchen,26.24,463.79
2025-03-05,Olive & Ember Downtown,Front of house,32.08,481.2
2025-03-05,Olive & Ember Downtown,Management,10,240
2025-03-06,Olive & Ember Downtown,Kitchen,29.11,514.52
2025-03-06,Olive & Ember Downtown,Front of house,37.97,569.55
2025-03-06,Olive & Ember Downtown,Management,10,240
2025-03-07,Olive & Ember Downtown,Kitchen,28.89,510.63
2025-03-07,Olive & Ember Downtown,Front of house,37.85,567.75
2025-03-07,Olive & Ember Downtown,Management,10,240
2025-03-08,Olive & Ember Downtown,Kitchen,33.42,590.7
2025-03-08,Olive & Ember Downtown,Front of house,42.39,635.85
2025-03-08,Olive & Ember Downtown,Management,10,240
2025-03-09,Olive & Ember Downtown,Kitchen,28.06,495.96
2025-03-09,Olive & Ember Downtown,Front of house,34.43,516.45
2025-03-09,Olive & Ember Downtown,Management,10,240
2025-03-10,Olive & Ember Downtown,Kitchen,20.3,358.8
2025-03-10,Olive & Ember Downtown,Front of house,26.75,401.25
2025-03-10,Olive & Ember Downtown,Management,10,240
2025-03-11,Olive & Ember Downtown,Kitchen,21.84,386.02
2025-03-11,Olive & Ember Downtown,Front of house,30.19,452.85
2025-03-11,Olive & Ember Downtown,Management,10,240
2025-03-12,Olive & Ember Downtown,Kitchen,25.34,447.88
2025-03-12,Olive & Ember Downtown,Front of house,32.44,486.6
2025-03-12,Olive & Ember Downtown,Management,10,240
2025-03-13,Olive & Ember Downtown,Kitchen,27.9,493.13
2025-03-13,Olive & Ember Downtown,Front of house,34.64,519.6
2025-03-13,Olive & Ember Downtown,Management,10,240
2025-03-14,Olive & Ember Downtown,Kitchen,30.93,546.69
2025-03-14,Olive & Ember Downtown,Front of house,39.29,589.35
2025-03-14,Olive & Ember Downtown,Management,10,240
2025-03-15,Olive & Ember Downtown,Kitchen,33.58,593.53
2025-03-15,Olive & Ember Downtown,Front of house,43.48,652.2
2025-03-15,Olive & Ember Downtown,Management,10,240
2025-03-16,Olive & Ember Downtown,Kitchen,27.6,487.83
2025-03-16,Olive & Ember Downtown,Front of house,36,540
2025-03-16,Olive & Ember Downtown,Management,10,240
2025-03-17,Olive & Ember Downtown,Kitchen,22.37,395.39
2025-03-17,Olive & Ember Downtown,Front of house,27.27,409.05
2025-03-17,Olive & Ember Downtown,Management,10,240
2025-03-18,Olive & Ember Downtown,Kitchen,22.3,394.15
2025-03-18,Olive & Ember Downtown,Front of house,28.19,422.85
2025-03-18,Olive & Ember Downtown,Management,10,240
2025-03-19,Olive & Ember Downtown,Kitchen,20.13,355.8
2025-03-19,Olive & Ember Downtown,Front of house,27.49,412.35
2025-03-19,Olive & Ember Downtown,Management,10,240
2025-03-20,Olive & Ember Downtown,Kitchen,28.29,500.03
2025-03-20,Olive & Ember Downtown,Front of house,33.76,506.4
2025-03-20,Olive & Ember Downtown,Management,10,240
2025-03-21,Olive & Ember Downtown,Kitchen,28.84,509.75
2025-03-21,Olive & Ember Downtown,Front of house,36.25,543.75
2025-03-21,Olive & Ember Downtown,Management,10,240
2025-03-22,Olive & Ember Downtown,Kitchen,33.63,594.41
2025-03-22,Olive & Ember Downtown,Front of house,41.62,624.3
2025-03-22,Olive & Ember Downtown,Management,10,240
2025-03-23,Olive & Ember Downtown,Kitchen,30.3,535.55
2025-03-23,Olive & Ember Downtown,Front of house,37.49,562.35
2025-03-23,Olive & Ember Downtown,Management,10,240
2025-03-24,Olive & Ember Downtown,Kitchen,23.34,412.53
2025-03-24,Olive & Ember Downtown,Front of house,31.07,466.05
2025-03-24,Olive & Ember Downtown,Management,10,240
2025-03-25,Olive & Ember Downtown,Kitchen,24.58,434.45
2025-03-25,Olive & Ember Downtown,Front of house,31.04,465.6
2025-03-25,Olive & Ember Downtown,Management,10,240
2025-03-26,Olive & Ember Downtown,Kitchen,25.91,457.96
2025-03-26,Olive & Ember Downtown,Front of house,32.6,489
2025-03-26,Olive & Ember Downtown,Management,10,240
2025-03-27,Olive & Ember Downtown,Kitchen,28.63,506.04
2025-03-27,Olive & Ember Downtown,Front of house,33.63,504.45
2025-03-27,Olive & Ember Downtown,Management,10,240
2025-03-28,Olive & Ember Downtown,Kitchen,32.84,580.45
2025-03-28,Olive & Ember Downtown,Front of house,41.99,629.85
2025-03-28,Olive & Ember Downtown,Management,10,240
2025-03-29,Olive & Ember Downtown,Kitchen,36.08,637.71
2025-03-29,Olive & Ember Downtown,Front of house,43.31,649.65
2025-03-29,Olive & Ember Downtown,Management,10,240
2025-03-30,Olive & Ember Downtown,Kitchen,26.7,471.92
2025-03-30,Olive & Ember Downtown,Front of house,32.72,490.8
2025-03-30,Olive & Ember Downtown,Management,10,240
2025-03-31,Olive & Ember Downtown,Kitchen,21.59,381.6
2025-03-31,Olive & Ember Downtown,Front of house,27.03,405.45
2025-03-31,Olive & Ember Downtown,Management,10,240
2025-04-01,Olive & Ember Downtown,Kitchen,24.46,432.33
2025-04-01,Olive & Ember Downtown,Front of house,31.02,465.3
2025-04-01,Olive & Ember Downtown,Management,10,240
2025-04-02,Olive & Ember Downtown,Kitchen,24.54,433.74
2025-04-02,Olive & Ember Downtown,Front of house,32.02,480.3
2025-04-02,Olive & Ember Downtown,Management,10,240
2025-04-03,Olive & Ember Downtown,Kitchen,26.56,469.45
2025-04-03,Olive & Ember Downtown,Front of house,35.63,534.45
2025-04-03,Olive & Ember Downtown,Management,10,240
2025-04-04,Olive & Ember Downtown,Kitchen,34.12,603.07
2025-04-04,Olive & Ember Downtown,Front of house,41.42,621.3
2025-04-04,Olive & Ember Downtown,Management,10,240
2025-04-05,Olive & Ember Downtown,Kitchen,35.43,626.23
2025-04-05,Olive & Ember Downtown,Front of house,44.57,668.55
2025-04-05,Olive & Ember Downtown,Management,10,240
2025-04-06,Olive & Ember Downtown,Kitchen,29.44,520.35
2025-04-06,Olive & Ember Downtown,Front of house,34.55,518.25
2025-04-06,Olive & Ember Downtown,Management,10,240
2025-04-07,Olive & Ember Downtown,Kitchen,24.08,425.61
2025-04-07,Olive & Ember Downtown,Front of house,28.66,429.9
2025-04-07,Olive & Ember Downtown,Management,10,240
2025-04-08,Olive & Ember Downtown,Kitchen,22.52,398.04
2025-04-08,Olive & Ember Downtown,Front of house,29.56,443.4
2025-04-08,Olive & Ember Downtown,Management,10,240
2025-04-09,Olive & Ember Downtown,Kitchen,26.86,474.75
2025-04-09,Olive & Ember Downtown,Front of house,32.94,494.1
2025-04-09,Olive & Ember Downtown,Management,10,240
2025-04-10,Olive & Ember Downtown,Kitchen,29.45,520.53
2025-04-10,Olive & Ember Downtown,Front of house,35.75,536.25
2025-04-10,Olive & Ember Downtown,Management,10,240
2025-04-11,Olive & Ember Downtown,Kitchen,31.21,551.64
2025-04-11,Olive & Ember Downtown,Front of house,37.91,568.65
2025-04-11,Olive & Ember Downtown,Management,10,240
2025-04-12,Olive & Ember Downtown,Kitchen,36.03,636.83
2025-04-12,Olive & Ember Downtown,Front of house,47.61,714.15
2025-04-12,Olive & Ember Downtown,Management,10,240
2025-04-13,Olive & Ember Downtown,Kitchen,27.53,486.59
2025-04-13,Olive & Ember Downtown,Front of house,37.44,561.6
2025-04-13,Olive & Ember Downtown,Management,10,240
2025-04-14,Olive & Ember Downtown,Kitchen,23.22,410.41
2025-04-14,Olive & Ember Downtown,Front of house,30.82,462.3
2025-04-14,Olive & Ember Downtown,Management,10,240
2025-04-15,Olive & Ember Downtown,Kitchen,22.04,389.56
2025-04-15,Olive & Ember Downtown,Front of house,27.58,413.7
2025-04-15,Olive & Ember Downtown,Management,10,240
2025-04-16,Olive & Ember Downtown,Kitchen,25.72,454.6
2025-04-16,Olive & Ember Downtown,Front of house,32.81,492.15
2025-04-16,Olive & Ember Downtown,Management,10,240
2025-04-17,Olive & Ember Downtown,Kitchen,27.84,492.07
2025-04-17,Olive & Ember Downtown,Front of house,33.87,508.05
2025-04-17,Olive & Ember Downtown,Management,10,240
2025-04-18,Olive & Ember Downtown,Kitchen,36.24,640.54
2025-04-18,Olive & Ember Downtown,Front of house,46.53,697.95
2025-04-18,Olive & Ember Downtown,Management,10,240
2025-04-19,Olive & Ember Downtown,Kitchen,33.13,585.57
2025-04-19,Olive & Ember Downtown,Front of house,41.02,615.3
2025-04-19,Olive & Ember Downtown,Management,10,240
2025-04-20,Olive & Ember Downtown,Kitchen,32.81,579.92
2025-04-20,Olive & Ember Downtown,Front of house,39.09,586.35
2025-04-20,Olive & Ember Downtown,Management,10,240
2025-04-21,Olive & Ember Downtown,Kitchen,23.12,408.65
2025-04-21,Olive & Ember Downtown,Front of house,30.78,461.7
2025-04-21,Olive & Ember Downtown,Management,10,240
2025-04-22,Olive & Ember Downtown,Kitchen,24.93,440.64
2025-04-22,Olive & Ember Downtown,Front of house,31.22,468.3
2025-04-22,Olive & Ember Downtown,Management,10,240
2025-04-23,Olive & Ember Downtown,Kitchen,24.32,429.86
2025-04-23,Olive & Ember Downtown,Front of house,33.5,502.5
2025-04-23,Olive & Ember Downtown,Management,10,240
2025-04-24,Olive & Ember Downtown,Kitchen,25.91,457.96
2025-04-24,Olive & Ember Downtown,Front of house,33.73,505.95
2025-04-24,Olive & Ember Downtown,Management,10,240
2025-04-25,Olive & Ember Downtown,Kitchen,35.21,622.34
2025-04-25,Olive & Ember Downtown,Front of house,43.07,646.05
2025-04-25,Olive & Ember Downtown,Management,10,240
2025-04-26,Olive & Ember Downtown,Kitchen,33.33,589.11
2025-04-26,Olive & Ember Downtown,Front of house,43.11,646.65
2025-04-26,Olive & Ember Downtown,Management,10,240
2025-04-27,Olive & Ember Downtown,Kitchen,32.12,567.72
2025-04-27,Olive & Ember Downtown,Front of house,38.72,580.8
2025-04-27,Olive & Ember Downtown,Management,10,240
2025-04-28,Olive & Ember Downtown,Kitchen,20.61,364.28
2025-04-28,Olive & Ember Downtown,Front of house,27.42,411.3
2025-04-28,Olive & Ember Downtown,Management,10,240
2025-04-29,Olive & Ember Downtown,Kitchen,22.68,400.87
2025-04-29,Olive & Ember Downtown,Front of house,28.32,424.8
2025-04-29,Olive & Ember Downtown,Management,10,240
2025-04-30,Olive & Ember Downtown,Kitchen,24.19,427.56
2025-04-30,Olive & Ember Downtown,Front of house,30.45,456.75
2025-04-30,Olive & Ember Downtown,Management,10,240
2025-05-01,Olive & Ember Downtown,Kitchen,26.22,463.44
2025-05-01,Olive & Ember Downtown,Front of house,34.87,523.05
2025-05-01,Olive & Ember Downtown,Management,10,240
2025-05-02,Olive & Ember Downtown,Kitchen,34.8,615.09
2025-05-02,Olive & Ember Downtown,Front of house,43.24,648.6
2025-05-02,Olive & Ember Downtown,Management,10,240
2025-05-03,Olive & Ember Downtown,Kitchen,33.47,591.58
2025-05-03,Olive & Ember Downtown,Front of house,41.94,629.1
2025-05-03,Olive & Ember Downtown,Management,10,240
2025-05-04,Olive & Ember Downtown,Kitchen,29.15,515.23
2025-05-04,Olive & Ember Downtown,Front of house,36.86,552.9
2025-05-04,Olive & Ember Downtown,Management,10,240
2025-05-05,Olive & Ember Downtown,Kitchen,23.62,417.48
2025-05-05,Olive & Ember Downtown,Front of house,28.79,431.85
2025-05-05,Olive & Ember Downtown,Management,10,240
2025-05-06,Olive & Ember Downtown,Kitchen,24.23,428.27
2025-05-06,Olive & Ember Downtown,Front of house,32.05,480.75
2025-05-06,Olive & Ember Downtown,Management,10,240
2025-05-07,Olive & Ember Downtown,Kitchen,24.16,427.03
2025-05-07,Olive & Ember Downtown,Front of house,30.31,454.65
2025-05-07,Olive & Ember Downtown,Management,10,240
2025-05-08,Olive & Ember Downtown,Kitchen,29.41,519.82
2025-05-08,Olive & Ember Downtown,Front of house,37.24,558.6
2025-05-08,Olive & Ember Downtown,Management,10,240
2025-05-09,Olive & Ember Downtown,Kitchen,34.04,601.66
2025-05-09,Olive & Ember Downtown,Front of house,44.4,666
2025-05-09,Olive & Ember Downtown,Management,10,240
2025-05-10,Olive & Ember Downtown,Kitchen,33.02,583.63
2025-05-10,Olive & Ember Downtown,Front of house,43.47,652.05
2025-05-10,Olive & Ember Downtown,Management,10,240
2025-05-11,Olive & Ember Downtown,Kitchen,24.53,433.57
2025-05-11,Olive & Ember Downtown,Front of house,30.92,463.8
2025-05-11,Olive & Ember Downtown,Management,10,240
2025-05-12,Olive & Ember Downtown,Kitchen,23.12,408.65
2025-05-12,Olive & Ember Downtown,Front of house,30.06,450.9
2025-05-12,Olive & Ember Downtown,Management,10,240
2025-05-13,Olive & Ember Downtown,Kitchen,21.99,388.67
2025-05-13,Olive & Ember Downtown,Front of house,30.25,453.75
2025-05-13,Olive & Ember Downtown,Management,10,240
2025-05-14,Olive & Ember Downtown,Kitchen,24.09,425.79
2025-05-14,Olive & Ember Downtown,Front of house,30.96,464.4
2025-05-14,Olive & Ember Downtown,Management,10,240
2025-05-15,Olive & Ember Downtown,Kitchen,28.85,509.92
2025-05-15,Olive & Ember Downtown,Front of house,36.74,551.1
2025-05-15,Olive & Ember Downtown,Management,10,240
2025-05-16,Olive & Ember Downtown,Kitchen,33.52,592.47
2025-05-16,Olive & Ember Downtown,Front of house,40.7,610.5
2025-05-16,Olive & Ember Downtown,Management,10,240
2025-05-17,Olive & Ember Downtown,Kitchen,37.21,657.69
2025-05-17,Olive & Ember Downtown,Front of house,45.29,679.35
2025-05-17,Olive & Ember Downtown,Management,10,240
2025-05-18,Olive & Ember Downtown,Kitchen,28.04,495.61
2025-05-18,Olive & Ember Downtown,Front of house,38.41,576.15
2025-05-18,Olive & Ember Downtown,Management,10,240
2025-05-19,Olive & Ember Downtown,Kitchen,21.76,384.61
2025-05-19,Olive & Ember Downtown,Front of house,27.22,408.3
2025-05-19,Olive & Ember Downtown,Management,10,240
2025-05-20,Olive & Ember Downtown,Kitchen,20.77,367.11
2025-05-20,Olive & Ember Downtown,Front of house,25.55,383.25
2025-05-20,Olive & Ember Downtown,Management,10,240
2025-05-21,Olive & Ember Downtown,Kitchen,26.17,462.55
2025-05-21,Olive & Ember Downtown,Front of house,34.78,521.7
2025-05-21,Olive & Ember Downtown,Management,10,240
2025-05-22,Olive & Ember Downtown,Kitchen,28.39,501.79
2025-05-22,Olive & Ember Downtown,Front of house,36.56,548.4
2025-05-22,Olive & Ember Downtown,Management,10,240
2025-05-23,Olive & Ember Downtown,Kitchen,26.53,468.92
2025-05-23,Olive & Ember Downtown,Front of house,34.71,520.65
2025-05-23,Olive & Ember Downtown,Management,10,240
2025-05-24,Olive & Ember Downtown,Kitchen,39.26,693.92
2025-05-24,Olive & Ember Downtown,Front of house,46.5,697.5
2025-05-24,Olive & Ember Downtown,Management,10,240
2025-05-25,Olive & Ember Downtown,Kitchen,29.32,518.23
2025-05-25,Olive & Ember Downtown,Front of house,34.9,523.5
2025-05-25,Olive & Ember Downtown,Management,10,240
2025-05-26,Olive & Ember Downtown,Kitchen,21.18,374.36
2025-05-26,Olive & Ember Downtown,Front of house,26.67,400.05
2025-05-26,Olive & Ember Downtown,Management,10,240
2025-05-27,Olive & Ember Downtown,Kitchen,24.24,428.44
2025-05-27,Olive & Ember Downtown,Front of house,29.39,440.85
2025-05-27,Olive & Ember Downtown,Management,10,240
2025-05-28,Olive & Ember Downtown,Kitchen,27.26,481.82
2025-05-28,Olive & Ember Downtown,Front of house,34.9,523.5
2025-05-28,Olive & Ember Downtown,Management,10,240
2025-05-29,Olive & Ember Downtown,Kitchen,28.08,496.31
2025-05-29,Olive & Ember Downtown,Front of house,33.68,505.2
2025-05-29,Olive & Ember Downtown,Management,10,240
2025-05-30,Olive & Ember Downtown,Kitchen,33.61,594.06
2025-05-30,Olive & Ember Downtown,Front of house,43.51,652.65
2025-05-30,Olive & Ember Downtown,Management,10,240
2025-05-31,Olive & Ember Downtown,Kitchen,32.83,580.27
2025-05-31,Olive & Ember Downtown,Front of house,41.54,623.1
2025-05-31,Olive & Ember Downtown,Management,10,240
2025-06-01,Olive & Ember Downtown,Kitchen,28.72,507.63
2025-06-01,Olive & Ember Downtown,Front of house,37.61,564.15
2025-06-01,Olive & Ember Downtown,Management,10,240
2025-06-02,Olive & Ember Downtown,Kitchen,21.84,386.02
2025-06-02,Olive & Ember Downtown,Front of house,26.8,402
2025-06-02,Olive & Ember Downtown,Management,10,240
2025-06-03,Olive & Ember Downtown,Kitchen,26.07,460.79
2025-06-03,Olive & Ember Downtown,Front of house,31.9,478.5
2025-06-03,Olive & Ember Downtown,Management,10,240
2025-06-04,Olive & Ember Downtown,Kitchen,27.37,483.76
2025-06-04,Olive & Ember Downtown,Front of house,32.94,494.1
2025-06-04,Olive & Ember Downtown,Management,10,240
2025-06-05,Olive & Ember Downtown,Kitchen,28.71,507.45
2025-06-05,Olive & Ember Downtown,Front of house,37.12,556.8
2025-06-05,Olive & Ember Downtown,Management,10,240
2025-06-06,Olive & Ember Downtown,Kitchen,33.44,591.05
2025-06-06,Olive & Ember Downtown,Front of house,42.89,643.35
2025-06-06,Olive & Ember Downtown,Management,10,240
2025-06-07,Olive & Ember Downtown,Kitchen,36.07,637.54
2025-06-07,Olive & Ember Downtown,Front of house,48.22,723.3
2025-06-07,Olive & Ember Downtown,Management,10,240
2025-06-08,Olive & Ember Downtown,Kitchen,30.81,544.57
2025-06-08,Olive & Ember Downtown,Front of house,37.56,563.4
2025-06-08,Olive & Ember Downtown,Management,10,240
2025-06-09,Olive & Ember Downtown,Kitchen,22.76,402.28
2025-06-09,Olive & Ember Downtown,Front of house,29.61,444.15
2025-06-09,Olive & Ember Downtown,Management,10,240
2025-06-10,Olive & Ember Downtown,Kitchen,25.4,448.95
2025-06-10,Olive & Ember Downtown,Front of house,32.2,483
2025-06-10,Olive & Ember Downtown,Management,10,240
2025-06-11,Olive & Ember Downtown,Kitchen,23.57,416.6
2025-06-11,Olive & Ember Downtown,Front of house,31.47,472.05
2025-06-11,Olive & Ember Downtown,Management,10,240
2025-06-12,Olive & Ember Downtown,Kitchen,28.47,503.21
2025-06-12,Olive & Ember Downtown,Front of house,34.45,516.75
2025-06-12,Olive & Ember Downtown,Management,10,240
2025-06-13,Olive & Ember Downtown,Kitchen,33.9,599.18
2025-06-13,Olive & Ember Downtown,Front of house,43.66,654.9
2025-06-13,Olive & Ember Downtown,Management,10,240
2025-06-14,Olive & Ember Downtown,Kitchen,35.19,621.98
2025-06-14,Olive & Ember Downtown,Front of house,46.37,695.55
2025-06-14,Olive & Ember Downtown,Management,10,240
2025-06-15,Olive & Ember Downtown,Kitchen,27.37,483.76
2025-06-15,Olive & Ember Downtown,Front of house,33.84,507.6
2025-06-15,Olive & Ember Downtown,Management,10,240
2025-06-16,Olive & Ember Downtown,Kitchen,23.56,416.42
2025-06-16,Olive & Ember Downtown,Front of house,28.41,426.15
2025-06-16,Olive & Ember Downtown,Management,10,240
2025-06-17,Olive & Ember Downtown,Kitchen,22.82,403.34
2025-06-17,Olive & Ember Downtown,Front of house,29.4,441
2025-06-17,Olive & Ember Downtown,Management,10,240
2025-06-18,Olive & Ember Downtown,Kitchen,27.58,487.48
2025-06-18,Olive & Ember Downtown,Front of house,35.2,528
2025-06-18,Olive & Ember Downtown,Management,10,240
2025-06-19,Olive & Ember Downtown,Kitchen,27.86,492.43
2025-06-19,Olive & Ember Downtown,Front of house,32.42,486.3
2025-06-19,Olive & Ember Downtown,Management,10,240
2025-06-20,Olive & Ember Downtown,Kitchen,34.04,601.66
2025-06-20,Olive & Ember Downtown,Front of house,46.18,692.7
2025-06-20,Olive & Ember Downtown,Management,10,240
2025-06-21,Olive & Ember Downtown,Kitchen,30.74,543.33
2025-06-21,Olive & Ember Downtown,Front of house,39.44,591.6
2025-06-21,Olive & Ember Downtown,Management,10,240
2025-06-22,Olive & Ember Downtown,Kitchen,30.66,541.92
2025-06-22,Olive & Ember Downtown,Front of house,38.12,571.8
2025-06-22,Olive & Ember Downtown,Management,10,240
2025-06-23,Olive & Ember Downtown,Kitchen,21.83,385.85
2025-06-23,Olive & Ember Downtown,Front of house,28.57,428.55
2025-06-23,Olive & Ember Downtown,Management,10,240
2025-06-24,Olive & Ember Downtown,Kitchen,26.55,469.27
2025-06-24,Olive & Ember Downtown,Front of house,31.52,472.8
2025-06-24,Olive & Ember Downtown,Management,10,240
2025-06-25,Olive & Ember Downtown,Kitchen,27.98,494.55
2025-06-25,Olive & Ember Downtown,Front of house,33.46,501.9
2025-06-25,Olive & Ember Downtown,Management,10,240
2025-06-26,Olive & Ember Downtown,Kitchen,25.99,459.37
2025-06-26,Olive & Ember Downtown,Front of house,35.63,534.45
2025-06-26,Olive & Ember Downtown,Management,10,240
2025-06-27,Olive & Ember Downtown,Kitchen,32.08,567.01
2025-06-27,Olive & Ember Downtown,Front of house,39.4,591
2025-06-27,Olive & Ember Downtown,Management,10,240
2025-06-28,Olive & Ember Downtown,Kitchen,34.38,607.67
2025-06-28,Olive & Ember Downtown,Front of house,44.59,668.85
2025-06-28,Olive & Ember Downtown,Management,10,240
2025-06-29,Olive & Ember Downtown,Kitchen,27.4,484.3
2025-06-29,Olive & Ember Downtown,Front of house,35.68,535.2
2025-06-29,Olive & Ember Downtown,Management,10,240
2025-06-30,Olive & Ember Downtown,Kitchen,24.52,433.39
2025-06-30,Olive & Ember Downtown,Front of house,29.3,439.5
2025-06-30,Olive & Ember Downtown,Management,10,240
2025-07-01,Olive & Ember Downtown,Kitchen,23.4,413.6
2025-07-01,Olive & Ember Downtown,Front of house,28.05,420.75
2025-07-01,Olive & Ember Downtown,Management,10,240
2025-07-02,Olive & Ember Downtown,Kitchen,23.83,421.2
2025-07-02,Olive & Ember Downtown,Front of house,30.55,458.25
2025-07-02,Olive & Ember Downtown,Management,10,240
2025-07-03,Olive & Ember Downtown,Kitchen,21.88,386.73
2025-07-03,Olive & Ember Downtown,Front of house,29.48,442.2
2025-07-03,Olive & Ember Downtown,Management,10,240
2025-07-04,Olive & Ember Downtown,Kitchen,32.24,569.84
2025-07-04,Olive & Ember Downtown,Front of house,42.27,634.05
2025-07-04,Olive & Ember Downtown,Management,10,240
2025-07-05,Olive & Ember Downtown,Kitchen,31.05,548.81
2025-07-05,Olive & Ember Downtown,Front of house,36.32,544.8
2025-07-05,Olive & Ember Downtown,Management,10,240
2025-07-06,Olive & Ember Downtown,Kitchen,27.63,488.36
2025-07-06,Olive & Ember Downtown,Front of house,36.54,548.1
2025-07-06,Olive & Ember Downtown,Management,10,240
2025-07-07,Olive & Ember Downtown,Kitchen,22.72,401.58
2025-07-07,Olive & Ember Downtown,Front of house,28.06,420.9
2025-07-07,Olive & Ember Downtown,Management,10,240
2025-07-08,Olive & Ember Downtown,Kitchen,23.42,413.95
2025-07-08,Olive & Ember Downtown,Front of house,29.27,439.05
2025-07-08,Olive & Ember Downtown,Management,10,240
2025-07-09,Olive & Ember Downtown,Kitchen,23.03,407.06
2025-07-09,Olive & Ember Downtown,Front of house,29.48,442.2
2025-07-09,Olive & Ember Downtown,Management,10,240
2025-07-10,Olive & Ember Downtown,Kitchen,25.58,452.13
2025-07-10,Olive & Ember Downtown,Front of house,30.37,455.55
2025-07-10,Olive & Ember Downtown,Management,10,240
2025-07-11,Olive & Ember Downtown,Kitchen,30.1,532.02
2025-07-11,Olive & Ember Downtown,Front of house,37.12,556.8
2025-07-11,Olive & Ember Downtown,Management,10,240
2025-07-12,Olive & Ember Downtown,Kitchen,31.53,557.29
2025-07-12,Olive & Ember Downtown,Front of house,38.88,583.2
2025-07-12,Olive & Ember Downtown,Management,10,240
2025-07-13,Olive & Ember Downtown,Kitchen,24.01,424.38
2025-07-13,Olive & Ember Downtown,Front of house,30.63,459.45
2025-07-13,Olive & Ember Downtown,Management,10,240
2025-07-14,Olive & Ember Downtown,Kitchen,26.53,468.92
2025-07-14,Olive & Ember Downtown,Front of house,33.11,496.65
2025-07-14,Olive & Ember Downtown,Management,10,240
2025-07-15,Olive & Ember Downtown,Kitchen,23.89,422.26
2025-07-15,Olive & Ember Downtown,Front of house,31.05,465.75
2025-07-15,Olive & Ember Downtown,Management,10,240
2025-07-16,Olive & Ember Downtown,Kitchen,23.01,406.7
2025-07-16,Olive & Ember Downtown,Front of house,29.53,442.95
2025-07-16,Olive & Ember Downtown,Management,10,240
2025-07-17,Olive & Ember Downtown,Kitchen,24.88,439.75
2025-07-17,Olive & Ember Downtown,Front of house,32.88,493.2
2025-07-17,Olive & Ember Downtown,Management,10,240
2025-07-18,Olive & Ember Downtown,Kitchen,30.19,533.61
2025-07-18,Olive & Ember Downtown,Front of house,40.97,614.55
2025-07-18,Olive & Ember Downtown,Management,10,240
2025-07-19,Olive & Ember Downtown,Kitchen,31.42,555.35
2025-07-19,Olive & Ember Downtown,Front of house,41.89,628.35
2025-07-19,Olive & Ember Downtown,Management,10,240
2025-07-20,Olive & Ember Downtown,Kitchen,28.53,504.27
2025-07-20,Olive & Ember Downtown,Front of house,37.23,558.45
2025-07-20,Olive & Ember Downtown,Management,10,240
2025-07-21,Olive & Ember Downtown,Kitchen,22.6,399.46
2025-07-21,Olive & Ember Downtown,Front of house,30.65,459.75
2025-07-21,Olive & Ember Downtown,Management,10,240
2025-07-22,Olive & Ember Downtown,Kitchen,23.08,407.94
2025-07-22,Olive & Ember Downtown,Front of house,29.53,442.95
2025-07-22,Olive & Ember Downtown,Management,10,240
2025-07-23,Olive & Ember Downtown,Kitchen,25.11,443.82
2025-07-23,Olive & Ember Downtown,Front of house,31.53,472.95
2025-07-23,Olive & Ember Downtown,Management,10,240
2025-07-24,Olive & Ember Downtown,Kitchen,25.23,445.94
2025-07-24,Olive & Ember Downtown,Front of house,29.75,446.25
2025-07-24,Olive & Ember Downtown,Management,10,240
2025-07-25,Olive & Ember Downtown,Kitchen,33.43,590.88
2025-07-25,Olive & Ember Downtown,Front of house,46.39,695.85
2025-07-25,Olive & Ember Downtown,Management,10,240
2025-07-26,Olive & Ember Downtown,Kitchen,35.49,627.29
2025-07-26,Olive & Ember Downtown,Front of house,42.54,638.1
2025-07-26,Olive & Ember Downtown,Management,10,240
2025-07-27,Olive & Ember Downtown,Kitchen,28.68,506.92
2025-07-27,Olive & Ember Downtown,Front of house,36.37,545.55
2025-07-27,Olive & Ember Downtown,Management,10,240
2025-07-28,Olive & Ember Downtown,Kitchen,19.52,345.02
2025-07-28,Olive & Ember Downtown,Front of house,24.57,368.55
2025-07-28,Olive & Ember Downtown,Management,10,240
2025-07-29,Olive & Ember Downtown,Kitchen,24.37,430.74
2025-07-29,Olive & Ember Downtown,Front of house,30.69,460.35
2025-07-29,Olive & Ember Downtown,Management,10,240
2025-07-30,Olive & Ember Downtown,Kitchen,25.14,444.35
2025-07-30,Olive & Ember Downtown,Front of house,32.93,493.95
2025-07-30,Olive & Ember Downtown,Management,10,240
2025-07-31,Olive & Ember Downtown,Kitchen,25.67,453.72
2025-07-31,Olive & Ember Downtown,Front of house,32.84,492.6
2025-07-31,Olive & Ember Downtown,Management,10,240
2025-08-01,Olive & Ember Downtown,Kitchen,32.38,572.32
2025-08-01,Olive & Ember Downtown,Front of house,40.29,604.35
2025-08-01,Olive & Ember Downtown,Management,10,240
2025-08-02,Olive & Ember Downtown,Kitchen,29.48,521.06
2025-08-02,Olive & Ember Downtown,Front of house,39.13,586.95
2025-08-02,Olive & Ember Downtown,Management,10,240
2025-08-03,Olive & Ember Downtown,Kitchen,26.25,463.97
2025-08-03,Olive & Ember Downtown,Front of house,32.55,488.25
2025-08-03,Olive & Ember Downtown,Management,10,240
2025-08-04,Olive & Ember Downtown,Kitchen,22.62,399.81
2025-08-04,Olive & Ember Downtown,Front of house,29.58,443.7
2025-08-04,Olive & Ember Downtown,Management,10,240
2025-08-05,Olive & Ember Downtown,Kitchen,22.22,392.74
2025-08-05,Olive & Ember Downtown,Front of house,28.29,424.35
2025-08-05,Olive & Ember Downtown,Management,10,240
2025-08-06,Olive & Ember Downtown,Kitchen,22.72,401.58
2025-08-06,Olive & Ember Downtown,Front of house,28.7,430.5
2025-08-06,Olive & Ember Downtown,Management,10,240
2025-08-07,Olive & Ember Downtown,Kitchen,21.89,386.91
2025-08-07,Olive & Ember Downtown,Front of house,27.32,409.8
2025-08-07,Olive & Ember Downtown,Management,10,240
2025-08-08,Olive & Ember Downtown,Kitchen,29.3,517.88
2025-08-08,Olive & Ember Downtown,Front of house,36.66,549.9
2025-08-08,Olive & Ember Downtown,Management,10,240
2025-08-09,Olive & Ember Downtown,Kitchen,33.08,584.69
2025-08-09,Olive & Ember Downtown,Front of house,41.67,625.05
2025-08-09,Olive & Ember Downtown,Management,10,240
2025-08-10,Olive & Ember Downtown,Kitchen,28.2,498.44
2025-08-10,Olive & Ember Downtown,Front of house,35.44,531.6
2025-08-10,Olive & Ember Downtown,Management,10,240
2025-08-11,Olive & Ember Downtown,Kitchen,21.27,375.95
2025-08-11,Olive & Ember Downtown,Front of house,25.48,382.2
2025-08-11,Olive & Ember Downtown,Management,10,240
2025-08-12,Olive & Ember Downtown,Kitchen,22.42,396.27
2025-08-12,Olive & Ember Downtown,Front of house,28.12,421.8
2025-08-12,Olive & Ember Downtown,Management,10,240
2025-08-13,Olive & Ember Downtown,Kitchen,20.68,365.52
2025-08-13,Olive & Ember Downtown,Front of house,24.74,371.1
2025-08-13,Olive & Ember Downtown,Management,10,240
2025-08-14,Olive & Ember Downtown,Kitchen,25.63,453.01
2025-08-14,Olive & Ember Downtown,Front of house,32.83,492.45
2025-08-14,Olive & Ember Downtown,Management,10,240
2025-08-15,Olive & Ember Downtown,Kitchen,27.22,481.11
2025-08-15,Olive & Ember Downtown,Front of house,33.6,504
2025-08-15,Olive & Ember Downtown,Management,10,240
2025-08-16,Olive & Ember Downtown,Kitchen,30.25,534.67
2025-08-16,Olive & Ember Downtown,Front of house,36.41,546.15
2025-08-16,Olive & Ember Downtown,Management,10,240
2025-08-17,Olive & Ember Downtown,Kitchen,25.97,459.02
2025-08-17,Olive & Ember Downtown,Front of house,35.1,526.5
2025-08-17,Olive & Ember Downtown,Management,10,240
2025-08-18,Olive & Ember Downtown,Kitchen,21.89,386.91
2025-08-18,Olive & Ember Downtown,Front of house,27.94,419.1
2025-08-18,Olive & Ember Downtown,Management,10,240
2025-08-19,Olive & Ember Downtown,Kitchen,22.31,394.33
2025-08-19,Olive & Ember Downtown,Front of house,27.93,418.95
2025-08-19,Olive & Ember Downtown,Management,10,240
2025-08-20,Olive & Ember Downtown,Kitchen,22.77,402.46
2025-08-20,Olive & Ember Downtown,Front of house,29.5,442.5
2025-08-20,Olive & Ember Downtown,Management,10,240
2025-08-21,Olive & Ember Downtown,Kitchen,25.85,456.9
2025-08-21,Olive & Ember Downtown,Front of house,31.19,467.85
2025-08-21,Olive & Ember Downtown,Management,10,240
2025-08-22,Olive & Ember Downtown,Kitchen,29.31,518.05
2025-08-22,Olive & Ember Downtown,Front of house,36.42,546.3
2025-08-22,Olive & Ember Downtown,Management,10,240
2025-08-23,Olive & Ember Downtown,Kitchen,36.3,641.6
2025-08-23,Olive & Ember Downtown,Front of house,45.22,678.3
2025-08-23,Olive & Ember Downtown,Management,10,240
2025-08-24,Olive & Ember Downtown,Kitchen,22.65,400.34
2025-08-24,Olive & Ember Downtown,Front of house,28.49,427.35
2025-08-24,Olive & Ember Downtown,Management,10,240
2025-08-25,Olive & Ember Downtown,Kitchen,18.95,334.94
2025-08-25,Olive & Ember Downtown,Front of house,25.18,377.7
2025-08-25,Olive & Ember Downtown,Management,10,240
2025-08-26,Olive & Ember Downtown,Kitchen,24.6,434.81
2025-08-26,Olive & Ember Downtown,Front of house,30.95,464.25
2025-08-26,Olive & Ember Downtown,Management,10,240
2025-08-27,Olive & Ember Downtown,Kitchen,25.65,453.36
2025-08-27,Olive & Ember Downtown,Front of house,31.25,468.75
2025-08-27,Olive & Ember Downtown,Management,10,240
2025-08-28,Olive & Ember Downtown,Kitchen,23.72,419.25
2025-08-28,Olive & Ember Downtown,Front of house,31.69,475.35
2025-08-28,Olive & Ember Downtown,Management,10,240
2025-08-29,Olive & Ember Downtown,Kitchen,30.16,533.08
2025-08-29,Olive & Ember Downtown,Front of house,38.95,584.25
2025-08-29,Olive & Ember Downtown,Management,10,240
2025-08-30,Olive & Ember Downtown,Kitchen,30.42,537.67
2025-08-30,Olive & Ember Downtown,Front of house,35.57,533.55
2025-08-30,Olive & Ember Downtown,Management,10,240
2025-08-31,Olive & Ember Downtown,Kitchen,25.34,447.88
2025-08-31,Olive & Ember Downtown,Front of house,34.5,517.5
2025-08-31,Olive & Ember Downtown,Management,10,240
2025-09-01,Olive & Ember Downtown,Kitchen,20.96,370.47
2025-09-01,Olive & Ember Downtown,Front of house,26.63,399.45
2025-09-01,Olive & Ember Downtown,Management,10,240
2025-09-02,Olive & Ember Downtown,Kitchen,24.5,433.04
2025-09-02,Olive & Ember Downtown,Front of house,29.54,443.1
2025-09-02,Olive & Ember Downtown,Management,10,240
2025-09-03,Olive & Ember Downtown,Kitchen,24.97,441.34
2025-09-03,Olive & Ember Downtown,Front of house,32.26,483.9
2025-09-03,Olive & Ember Downtown,Management,10,240
2025-09-04,Olive & Ember Downtown,Kitchen,28.72,507.63
2025-09-04,Olive & Ember Downtown,Front of house,37.17,557.55
2025-09-04,Olive & Ember Downtown,Management,10,240
2025-09-05,Olive & Ember Downtown,Kitchen,31.2,551.46
2025-09-05,Olive & Ember Downtown,Front of house,42.24,633.6
2025-09-05,Olive & Ember Downtown,Management,10,240
2025-09-06,Olive & Ember Downtown,Kitchen,37.38,660.69
2025-09-06,Olive & Ember Downtown,Front of house,43.47,652.05
2025-09-06,Olive & Ember Downtown,Management,10,240
2025-09-07,Olive & Ember Downtown,Kitchen,28.15,497.55
2025-09-07,Olive & Ember Downtown,Front of house,37.53,562.95
2025-09-07,Olive & Ember Downtown,Management,10,240
2025-09-08,Olive & Ember Downtown,Kitchen,22.65,400.34
2025-09-08,Olive & Ember Downtown,Front of house,28.85,432.75
2025-09-08,Olive & Ember Downtown,Management,10,240
2025-09-09,Olive & Ember Downtown,Kitchen,24.47,432.51
2025-09-09,Olive & Ember Downtown,Front of house,29.93,448.95
2025-09-09,Olive & Ember Downtown,Management,10,240
2025-09-10,Olive & Ember Downtown,Kitchen,27.55,486.95
2025-09-10,Olive & Ember Downtown,Front of house,33.27,499.05
2025-09-10,Olive & Ember Downtown,Management,10,240
2025-09-11,Olive & Ember Downtown,Kitchen,28.11,496.84
2025-09-11,Olive & Ember Downtown,Front of house,33.52,502.8
2025-09-11,Olive & Ember Downtown,Management,10,240
2025-09-12,Olive & Ember Downtown,Kitchen,33.56,593.17
2025-09-12,Olive & Ember Downtown,Front of house,42.9,643.5
2025-09-12,Olive & Ember Downtown,Management,10,240
2025-09-13,Olive & Ember Downtown,Kitchen,35.9,634.53
2025-09-13,Olive & Ember Downtown,Front of house,45.74,686.1
2025-09-13,Olive & Ember Downtown,Management,10,240
2025-09-14,Olive & Ember Downtown,Kitchen,29.16,515.4
2025-09-14,Olive & Ember Downtown,Front of house,35.92,538.8
2025-09-14,Olive & Ember Downtown,Management,10,240
2025-09-15,Olive & Ember Downtown,Kitchen,25.37,448.41
2025-09-15,Olive & Ember Downtown,Front of house,31.37,470.55
2025-09-15,Olive & Ember Downtown,Management,10,240
2025-09-16,Olive & Ember Downtown,Kitchen,21.46,379.31
2025-09-16,Olive & Ember Downtown,Front of house,28.47,427.05
2025-09-16,Olive & Ember Downtown,Management,10,240
2025-09-17,Olive & Ember Downtown,Kitchen,24.16,427.03
2025-09-17,Olive & Ember Downtown,Front of house,29.96,449.4
2025-09-17,Olive & Ember Downtown,Management,10,240
2025-09-18,Olive & Ember Downtown,Kitchen,26.18,462.73
2025-09-18,Olive & Ember Downtown,Front of house,34.95,524.25
2025-09-18,Olive & Ember Downtown,Management,10,240
2025-09-19,Olive & Ember Downtown,Kitchen,31.03,548.46
2025-09-19,Olive & Ember Downtown,Front of house,39.57,593.55
2025-09-19,Olive & Ember Downtown,Management,10,240
2025-09-20,Olive & Ember Downtown,Kitchen,34.76,614.38
2025-09-20,Olive & Ember Downtown,Front of house,45.45,681.75
2025-09-20,Olive & Ember Downtown,Management,10,240
2025-09-21,Olive & Ember Downtown,Kitchen,25.72,454.6
2025-09-21,Olive & Ember Downtown,Front of house,33.53,502.95
2025-09-21,Olive & Ember Downtown,Management,10,240
2025-09-22,Olive & Ember Downtown,Kitchen,25.02,442.23
2025-09-22,Olive & Ember Downtown,Front of house,32.76,491.4
2025-09-22,Olive & Ember Downtown,Management,10,240
2025-09-23,Olive & Ember Downtown,Kitchen,23.63,417.66
2025-09-23,Olive & Ember Downtown,Front of house,29.57,443.55
2025-09-23,Olive & Ember Downtown,Management,10,240
2025-09-24,Olive & Ember Downtown,Kitchen,26.65,471.04
2025-09-24,Olive & Ember Downtown,Front of house,33.83,507.45
2025-09-24,Olive & Ember Downtown,Management,10,240
2025-09-25,Olive & Ember Downtown,Kitchen,27.56,487.12
2025-09-25,Olive & Ember Downtown,Front of house,37.19,557.85
2025-09-25,Olive & Ember Downtown,Management,10,240
2025-09-26,Olive & Ember Downtown,Kitchen,33.86,598.48
2025-09-26,Olive & Ember Downtown,Front of house,42.01,630.15
2025-09-26,Olive & Ember Downtown,Management,10,240
2025-09-27,Olive & Ember Downtown,Kitchen,35.45,626.58
2025-09-27,Olive & Ember Downtown,Front of house,45.42,681.3
2025-09-27,Olive & Ember Downtown,Management,10,240
2025-09-28,Olive & Ember Downtown,Kitchen,27.53,486.59
2025-09-28,Olive & Ember Downtown,Front of house,33.53,502.95
2025-09-28,Olive & Ember Downtown,Management,10,240
2025-09-29,Olive & Ember Downtown,Kitchen,22.68,400.87
2025-09-29,Olive & Ember Downtown,Front of house,29.22,438.3
2025-09-29,Olive & Ember Downtown,Management,10,240
2025-09-30,Olive & Ember Downtown,Kitchen,22.7,401.22
2025-09-30,Olive & Ember Downtown,Front of house,29.2,438
2025-09-30,Olive & Ember Downtown,Management,10,240
2025-10-01,Olive & Ember Downtown,Kitchen,27.57,487.3
2025-10-01,Olive & Ember Downtown,Front of house,31.87,478.05
2025-10-01,Olive & Ember Downtown,Management,10,240
2025-10-02,Olive & Ember Downtown,Kitchen,29.56,522.47
2025-10-02,Olive & Ember Downtown,Front of house,37.54,563.1
2025-10-02,Olive & Ember Downtown,Management,10,240
2025-10-03,Olive & Ember Downtown,Kitchen,32.04,566.31
2025-10-03,Olive & Ember Downtown,Front of house,41,615
2025-10-03,Olive & Ember Downtown,Management,10,240
2025-10-04,Olive & Ember Downtown,Kitchen,32.95,582.39
2025-10-04,Olive & Ember Downtown,Front of house,44.8,672
2025-10-04,Olive & Ember Downtown,Management,10,240
2025-10-05,Olive & Ember Downtown,Kitchen,27.58,487.48
2025-10-05,Olive & Ember Downtown,Front of house,34.26,513.9
2025-10-05,Olive & Ember Downtown,Management,10,240
2025-10-06,Olive & Ember Downtown,Kitchen,20.68,365.52
2025-10-06,Olive & Ember Downtown,Front of house,26.56,398.4
2025-10-06,Olive & Ember Downtown,Management,10,240
2025-10-07,Olive & Ember Downtown,Kitchen,23.52,415.72
2025-10-07,Olive & Ember Downtown,Front of house,30.04,450.6
2025-10-07,Olive & Ember Downtown,Management,10,240
2025-10-08,Olive & Ember Downtown,Kitchen,27.66,488.89
2025-10-08,Olive & Ember Downtown,Front of house,35.34,530.1
2025-10-08,Olive & Ember Downtown,Management,10,240
2025-10-09,Olive & Ember Downtown,Kitchen,30.17,533.25
2025-10-09,Olive & Ember Downtown,Front of house,35.38,530.7
2025-10-09,Olive & Ember Downtown,Management,10,240
2025-10-10,Olive & Ember Downtown,Kitchen,30.4,537.32
2025-10-10,Olive & Ember Downtown,Front of house,37.29,559.35
2025-10-10,Olive & Ember Downtown,Management,10,240
2025-10-11,Olive & Ember Downtown,Kitchen,33.48,591.76
2025-10-11,Olive & Ember Downtown,Front of house,40.69,610.35
2025-10-11,Olive & Ember Downtown,Management,10,240
2025-10-12,Olive & Ember Downtown,Kitchen,28.71,507.45
2025-10-12,Olive & Ember Downtown,Front of house,36.42,546.3
2025-10-12,Olive & Ember Downtown,Management,10,240
2025-10-13,Olive & Ember Downtown,Kitchen,21.27,375.95
2025-10-13,Olive & Ember Downtown,Front of house,26.77,401.55
2025-10-13,Olive & Ember Downtown,Management,10,240
2025-10-14,Olive & Ember Downtown,Kitchen,23.02,406.88
2025-10-14,Olive & Ember Downtown,Front of house,29.94,449.1
2025-10-14,Olive & Ember Downtown,Management,10,240
2025-10-15,Olive & Ember Downtown,Kitchen,25.6,452.48
2025-10-15,Olive & Ember Downtown,Front of house,32.83,492.45
2025-10-15,Olive & Ember Downtown,Management,10,240
2025-10-16,Olive & Ember Downtown,Kitchen,28.35,501.09
2025-10-16,Olive & Ember Downtown,Front of house,36.22,543.3
2025-10-16,Olive & Ember Downtown,Management,10,240
2025-10-17,Olive & Ember Downtown,Kitchen,33.9,599.18
2025-10-17,Olive & Ember Downtown,Front of house,39.27,589.05
2025-10-17,Olive & Ember Downtown,Management,10,240
2025-10-18,Olive & Ember Downtown,Kitchen,38.08,673.06
2025-10-18,Olive & Ember Downtown,Front of house,45.13,676.95
2025-10-18,Olive & Ember Downtown,Management,10,240
2025-10-19,Olive & Ember Downtown,Kitchen,28.9,510.81
2025-10-19,Olive & Ember Downtown,Front of house,40.34,605.1
2025-10-19,Olive & Ember Downtown,Management,10,240
2025-10-20,Olive & Ember Downtown,Kitchen,23.54,416.07
2025-10-20,Olive & Ember Downtown,Front of house,29.59,443.85
2025-10-20,Olive & Ember Downtown,Management,10,240
2025-10-21,Olive & Ember Downtown,Kitchen,22.03,389.38
2025-10-21,Olive & Ember Downtown,Front of house,30.41,456.15
2025-10-21,Olive & Ember Downtown,Management,10,240
2025-10-22,Olive & Ember Downtown,Kitchen,24.97,441.34
2025-10-22,Olive & Ember Downtown,Front of house,33.39,500.85
2025-10-22,Olive & Ember Downtown,Management,10,240
2025-10-23,Olive & Ember Downtown,Kitchen,28.74,507.98
2025-10-23,Olive & Ember Downtown,Front of house,34.7,520.5
2025-10-23,Olive & Ember Downtown,Management,10,240
2025-10-24,Olive & Ember Downtown,Kitchen,32.94,582.21
2025-10-24,Olive & Ember Downtown,Front of house,43.78,656.7
2025-10-24,Olive & Ember Downtown,Management,10,240
2025-10-25,Olive & Ember Downtown,Kitchen,38.67,683.49
2025-10-25,Olive & Ember Downtown,Front of house,48.32,724.8
2025-10-25,Olive & Ember Downtown,Management,10,240
2025-10-26,Olive & Ember Downtown,Kitchen,30.12,532.37
2025-10-26,Olive & Ember Downtown,Front of house,40.26,603.9
2025-10-26,Olive & Ember Downtown,Management,10,240
2025-10-27,Olive & Ember Downtown,Kitchen,23.55,416.25
2025-10-27,Olive & Ember Downtown,Front of house,28.7,430.5
2025-10-27,Olive & Ember Downtown,Management,10,240
2025-10-28,Olive & Ember Downtown,Kitchen,22.78,402.64
2025-10-28,Olive & Ember Downtown,Front of house,30.41,456.15
2025-10-28,Olive & Ember Downtown,Management,10,240
2025-10-29,Olive & Ember Downtown,Kitchen,28.38,501.62
2025-10-29,Olive & Ember Downtown,Front of house,33.29,499.35
2025-10-29,Olive & Ember Downtown,Management,10,240
2025-10-30,Olive & Ember Downtown,Kitchen,29.54,522.12
2025-10-30,Olive & Ember Downtown,Front of house,37.66,564.9
2025-10-30,Olive & Ember Downtown,Management,10,240
2025-10-31,Olive & Ember Downtown,Kitchen,36.45,644.25
2025-10-31,Olive & Ember Downtown,Front of house,45.02,675.3
2025-10-31,Olive & Ember Downtown,Management,10,240
2025-11-01,Olive & Ember Downtown,Kitchen,31.22,551.81
2025-11-01,Olive & Ember Downtown,Front of house,38.16,572.4
2025-11-01,Olive & Ember Downtown,Management,10,240
2025-11-02,Olive & Ember Downtown,Kitchen,29.41,519.82
2025-11-02,Olive & Ember Downtown,Front of house,35.61,534.15
2025-11-02,Olive & Ember Downtown,Management,10,240
2025-11-03,Olive & Ember Downtown,Kitchen,22.83,403.52
2025-11-03,Olive & Ember Downtown,Front of house,29.11,436.65
2025-11-03,Olive & Ember Downtown,Management,10,240
2025-11-04,Olive & Ember Downtown,Kitchen,23.01,406.7
2025-11-04,Olive & Ember Downtown,Front of house,30.65,459.75
2025-11-04,Olive & Ember Downtown,Management,10,240
2025-11-05,Olive & Ember Downtown,Kitchen,25.45,449.83
2025-11-05,Olive & Ember Downtown,Front of house,33.45,501.75
2025-11-05,Olive & Ember Downtown,Management,10,240
2025-11-06,Olive & Ember Downtown,Kitchen,29.02,512.93
2025-11-06,Olive & Ember Downtown,Front of house,37.87,568.05
2025-11-06,Olive & Ember Downtown,Management,10,240
2025-11-07,Olive & Ember Downtown,Kitchen,31.33,553.76
2025-11-07,Olive & Ember Downtown,Front of house,37.42,561.3
2025-11-07,Olive & Ember Downtown,Management,10,240
2025-11-08,Olive & Ember Downtown,Kitchen,35.73,631.53
2025-11-08,Olive & Ember Downtown,Front of house,45.07,676.05
2025-11-08,Olive & Ember Downtown,Management,10,240
2025-11-09,Olive & Ember Downtown,Kitchen,29.99,530.07
2025-11-09,Olive & Ember Downtown,Front of house,35.36,530.4
2025-11-09,Olive & Ember Downtown,Management,10,240
2025-11-10,Olive & Ember Downtown,Kitchen,22.23,392.92
2025-11-10,Olive & Ember Downtown,Front of house,28.87,433.05
2025-11-10,Olive & Ember Downtown,Management,10,240
2025-11-11,Olive & Ember Downtown,Kitchen,23.67,418.37
2025-11-11,Olive & Ember Downtown,Front of house,29.63,444.45
2025-11-11,Olive & Ember Downtown,Management,10,240
2025-11-12,Olive & Ember Downtown,Kitchen,20.62,364.46
2025-11-12,Olive & Ember Downtown,Front of house,26.79,401.85
2025-11-12,Olive & Ember Downtown,Management,10,240
2025-11-13,Olive & Ember Downtown,Kitchen,27.73,490.13
2025-11-13,Olive & Ember Downtown,Front of house,33.88,508.2
2025-11-13,Olive & Ember Downtown,Management,10,240
2025-11-14,Olive & Ember Downtown,Kitchen,36.1,638.07
2025-11-14,Olive & Ember Downtown,Front of house,46.47,697.05
2025-11-14,Olive & Ember Downtown,Management,10,240
2025-11-15,Olive & Ember Downtown,Kitchen,33.38,589.99
2025-11-15,Olive & Ember Downtown,Front of house,45.29,679.35
2025-11-15,Olive & Ember Downtown,Management,10,240
2025-11-16,Olive & Ember Downtown,Kitchen,27.53,486.59
2025-11-16,Olive & Ember Downtown,Front of house,35.42,531.3
2025-11-16,Olive & Ember Downtown,Management,10,240
2025-11-17,Olive & Ember Downtown,Kitchen,21.2,374.71
2025-11-17,Olive & Ember Downtown,Front of house,27.78,416.7
2025-11-17,Olive & Ember Downtown,Management,10,240
2025-11-18,Olive & Ember Downtown,Kitchen,25.25,446.29
2025-11-18,Olive & Ember Downtown,Front of house,33.24,498.6
2025-11-18,Olive & Ember Downtown,Management,10,240
2025-11-19,Olive & Ember Downtown,Kitchen,22.83,403.52
2025-11-19,Olive & Ember Downtown,Front of house,29.58,443.7
2025-11-19,Olive & Ember Downtown,Management,10,240
2025-11-20,Olive & Ember Downtown,Kitchen,29.65,524.06
2025-11-20,Olive & Ember Downtown,Front of house,35.06,525.9
2025-11-20,Olive & Ember Downtown,Management,10,240
2025-11-21,Olive & Ember Downtown,Kitchen,30.29,535.38
2025-11-21,Olive & Ember Downtown,Front of house,39.67,595.05
2025-11-21,Olive & Ember Downtown,Management,10,240
2025-11-22,Olive & Ember Downtown,Kitchen,37.2,657.51
2025-11-22,Olive & Ember Downtown,Front of house,44.97,674.55
2025-11-22,Olive & Ember Downtown,Management,10,240
2025-11-23,Olive & Ember Downtown,Kitchen,30.4,537.32
2025-11-23,Olive & Ember Downtown,Front of house,41.37,620.55
2025-11-23,Olive & Ember Downtown,Management,10,240
2025-11-24,Olive & Ember Downtown,Kitchen,24.74,437.28
2025-11-24,Olive & Ember Downtown,Front of house,29.71,445.65
2025-11-24,Olive & Ember Downtown,Management,10,240
2025-11-25,Olive & Ember Downtown,Kitchen,25.59,452.3
2025-11-25,Olive & Ember Downtown,Front of house,31.68,475.2
2025-11-25,Olive & Ember Downtown,Management,10,240
2025-11-26,Olive & Ember Downtown,Kitchen,25.75,455.13
2025-11-26,Olive & Ember Downtown,Front of house,33.95,509.25
2025-11-26,Olive & Ember Downtown,Management,10,240
2025-11-27,Olive & Ember Downtown,Kitchen,28.16,497.73
2025-11-27,Olive & Ember Downtown,Front of house,34.95,524.25
2025-11-27,Olive & Ember Downtown,Management,10,240
2025-11-28,Olive & Ember Downtown,Kitchen,33.22,587.16
2025-11-28,Olive & Ember Downtown,Front of house,42.5,637.5
2025-11-28,Olive & Ember Downtown,Management,10,240
2025-11-29,Olive & Ember Downtown,Kitchen,36.25,640.72
2025-11-29,Olive & Ember Downtown,Front of house,43.05,645.75
2025-11-29,Olive & Ember Downtown,Management,10,240
2025-11-30,Olive & Ember Downtown,Kitchen,30.58,540.5
2025-11-30,Olive & Ember Downtown,Front of house,41.64,624.6
2025-11-30,Olive & Ember Downtown,Management,10,240
2025-12-01,Olive & Ember Downtown,Kitchen,26.69,471.75
2025-12-01,Olive & Ember Downtown,Front of house,35.15,527.25
2025-12-01,Olive & Ember Downtown,Management,10,240
2025-12-02,Olive & Ember Downtown,Kitchen,25.73,454.78
2025-12-02,Olive & Ember Downtown,Front of house,31.28,469.2
2025-12-02,Olive & Ember Downtown,Management,10,240
2025-12-03,Olive & Ember Downtown,Kitchen,28.12,497.02
2025-12-03,Olive & Ember Downtown,Front of house,34.03,510.45
2025-12-03,Olive & Ember Downtown,Management,10,240
2025-12-04,Olive & Ember Downtown,Kitchen,31.31,553.4
2025-12-04,Olive & Ember Downtown,Front of house,37.3,559.5
2025-12-04,Olive & Ember Downtown,Management,10,240
2025-12-05,Olive & Ember Downtown,Kitchen,35.35,624.81
2025-12-05,Olive & Ember Downtown,Front of house,49.03,735.45
2025-12-05,Olive & Ember Downtown,Management,10,240
2025-12-06,Olive & Ember Downtown,Kitchen,39.63,700.46
2025-12-06,Olive & Ember Downtown,Front of house,48.58,728.7
2025-12-06,Olive & Ember Downtown,Management,10,240
2025-12-07,Olive & Ember Downtown,Kitchen,32.69,577.8
2025-12-07,Olive & Ember Downtown,Front of house,41.15,617.25
2025-12-07,Olive & Ember Downtown,Management,10,240
2025-12-08,Olive & Ember Downtown,Kitchen,25.19,445.23
2025-12-08,Olive & Ember Downtown,Front of house,33.5,502.5
2025-12-08,Olive & Ember Downtown,Management,10,240
2025-12-09,Olive & Ember Downtown,Kitchen,27.14,479.7
2025-12-09,Olive & Ember Downtown,Front of house,32.3,484.5
2025-12-09,Olive & Ember Downtown,Management,10,240
2025-12-10,Olive & Ember Downtown,Kitchen,28.33,500.73
2025-12-10,Olive & Ember Downtown,Front of house,38.15,572.25
2025-12-10,Olive & Ember Downtown,Management,10,240
2025-12-11,Olive & Ember Downtown,Kitchen,29.99,530.07
2025-12-11,Olive & Ember Downtown,Front of house,35.92,538.8
2025-12-11,Olive & Ember Downtown,Management,10,240
2025-12-12,Olive & Ember Downtown,Kitchen,33.76,596.71
2025-12-12,Olive & Ember Downtown,Front of house,46.91,703.65
2025-12-12,Olive & Ember Downtown,Management,10,240
2025-12-13,Olive & Ember Downtown,Kitchen,40.43,714.6
2025-12-13,Olive & Ember Downtown,Front of house,51.87,778.05
2025-12-13,Olive & Ember Downtown,Management,10,240
2025-12-14,Olive & Ember Downtown,Kitchen,33.94,599.89
2025-12-14,Olive & Ember Downtown,Front of house,42.41,636.15
2025-12-14,Olive & Ember Downtown,Management,10,240
2025-12-15,Olive & Ember Downtown,Kitchen,23.36,412.89
2025-12-15,Olive & Ember Downtown,Front of house,31.96,479.4
2025-12-15,Olive & Ember Downtown,Management,10,240
2025-12-16,Olive & Ember Downtown,Kitchen,26.85,474.57
2025-12-16,Olive & Ember Downtown,Front of house,32.65,489.75
2025-12-16,Olive & Ember Downtown,Management,10,240
2025-12-17,Olive & Ember Downtown,Kitchen,28.3,500.2
2025-12-17,Olive & Ember Downtown,Front of house,37.18,557.7
2025-12-17,Olive & Ember Downtown,Management,10,240
2025-12-18,Olive & Ember Downtown,Kitchen,31.83,562.6
2025-12-18,Olive & Ember Downtown,Front of house,38.45,576.75
2025-12-18,Olive & Ember Downtown,Management,10,240
2025-12-19,Olive & Ember Downtown,Kitchen,34.45,608.9
2025-12-19,Olive & Ember Downtown,Front of house,47.71,715.65
2025-12-19,Olive & Ember Downtown,Management,10,240
2025-12-20,Olive & Ember Downtown,Kitchen,39.18,692.51
2025-12-20,Olive & Ember Downtown,Front of house,50.25,753.75
2025-12-20,Olive & Ember Downtown,Management,10,240
2025-12-21,Olive & Ember Downtown,Kitchen,34.79,614.91
2025-12-21,Olive & Ember Downtown,Front of house,42.54,638.1
2025-12-21,Olive & Ember Downtown,Management,10,240
2025-12-22,Olive & Ember Downtown,Kitchen,24.32,429.86
2025-12-22,Olive & Ember Downtown,Front of house,30.46,456.9
2025-12-22,Olive & Ember Downtown,Management,10,240
2025-12-23,Olive & Ember Downtown,Kitchen,22.53,398.22
2025-12-23,Olive & Ember Downtown,Front of house,27.78,416.7
2025-12-23,Olive & Ember Downtown,Management,10,240
2025-12-24,Olive & Ember Downtown,Kitchen,28.13,497.2
2025-12-24,Olive & Ember Downtown,Front of house,36.78,551.7
2025-12-24,Olive & Ember Downtown,Management,10,240
2025-12-25,Olive & Ember Downtown,Kitchen,28.78,508.69
2025-12-25,Olive & Ember Downtown,Front of house,35.7,535.5
2025-12-25,Olive & Ember Downtown,Management,10,240
2025-12-26,Olive & Ember Downtown,Kitchen,39.09,690.92
2025-12-26,Olive & Ember Downtown,Front of house,46.86,702.9
2025-12-26,Olive & Ember Downtown,Management,10,240
2025-12-27,Olive & Ember Downtown,Kitchen,36.72,649.03
2025-12-27,Olive & Ember Downtown,Front of house,48.45,726.75
2025-12-27,Olive & Ember Downtown,Management,10,240
2025-12-28,Olive & Ember Downtown,Kitchen,28.47,503.21
2025-12-28,Olive & Ember Downtown,Front of house,39.41,591.15
2025-12-28,Olive & Ember Downtown,Management,10,240
2025-12-29,Olive & Ember Downtown,Kitchen,22.36,395.21
2025-12-29,Olive & Ember Downtown,Front of house,30.78,461.7
2025-12-29,Olive & Ember Downtown,Management,10,240
2025-12-30,Olive & Ember Downtown,Kitchen,27.64,488.54
2025-12-30,Olive & Ember Downtown,Front of house,34.3,514.5
2025-12-30,Olive & Ember Downtown,Management,10,240
2025-12-31,Olive & Ember Downtown,Kitchen,27.39,484.12
2025-12-31,Olive & Ember Downtown,Front of house,34.61,519.15
2025-12-31,Olive & Ember Downtown,Management,10,240
2026-01-01,Olive & Ember Downtown,Kitchen,26.47,467.86
2026-01-01,Olive & Ember Downtown,Front of house,32.32,484.8
2026-01-01,Olive & Ember Downtown,Management,10,240
2026-01-02,Olive & Ember Downtown,Kitchen,35.25,623.04
2026-01-02,Olive & Ember Downtown,Front of house,42.64,639.6
2026-01-02,Olive & Ember Downtown,Management,10,240
2026-01-03,Olive & Ember Downtown,Kitchen,29.47,520.88
2026-01-03,Olive & Ember Downtown,Front of house,34.87,523.05
2026-01-03,Olive & Ember Downtown,Management,10,240
2026-01-04,Olive & Ember Downtown,Kitchen,27.48,485.71
2026-01-04,Olive & Ember Downtown,Front of house,36.33,544.95
2026-01-04,Olive & Ember Downtown,Management,10,240
2026-01-05,Olive & Ember Downtown,Kitchen,22.14,391.32
2026-01-05,Olive & Ember Downtown,Front of house,27.15,407.25
2026-01-05,Olive & Ember Downtown,Management,10,240
2026-01-06,Olive & Ember Downtown,Kitchen,21.07,372.41
2026-01-06,Olive & Ember Downtown,Front of house,28.44,426.6
2026-01-06,Olive & Ember Downtown,Management,10,240
2026-01-07,Olive & Ember Downtown,Kitchen,23.48,415.01
2026-01-07,Olive & Ember Downtown,Front of house,28.84,432.6
2026-01-07,Olive & Ember Downtown,Management,10,240
2026-01-08,Olive & Ember Downtown,Kitchen,26.07,460.79
2026-01-08,Olive & Ember Downtown,Front of house,31.31,469.65
2026-01-08,Olive & Ember Downtown,Management,10,240
2026-01-09,Olive & Ember Downtown,Kitchen,31.68,559.94
2026-01-09,Olive & Ember Downtown,Front of house,41.04,615.6
2026-01-09,Olive & Ember Downtown,Management,10,240
2026-01-10,Olive & Ember Downtown,Kitchen,31.57,558
2026-01-10,Olive & Ember Downtown,Front of house,37.06,555.9
2026-01-10,Olive & Ember Downtown,Management,10,240
2026-01-11,Olive & Ember Downtown,Kitchen,29.34,518.58
2026-01-11,Olive & Ember Downtown,Front of house,36.09,541.35
2026-01-11,Olive & Ember Downtown,Management,10,240
2026-01-12,Olive & Ember Downtown,Kitchen,21.33,377.01
2026-01-12,Olive & Ember Downtown,Front of house,27.59,413.85
2026-01-12,Olive & Ember Downtown,Management,10,240
2026-01-13,Olive & Ember Downtown,Kitchen,24.22,428.09
2026-01-13,Olive & Ember Downtown,Front of house,29.98,449.7
2026-01-13,Olive & Ember Downtown,Management,10,240
2026-01-14,Olive & Ember Downtown,Kitchen,23.83,421.2
2026-01-14,Olive & Ember Downtown,Front of house,32.86,492.9
2026-01-14,Olive & Ember Downtown,Management,10,240
2026-01-15,Olive & Ember Downtown,Kitchen,25.57,451.95
2026-01-15,Olive & Ember Downtown,Front of house,33.67,505.05
2026-01-15,Olive & Ember Downtown,Management,10,240
2026-01-16,Olive & Ember Downtown,Kitchen,27.58,487.48
2026-01-16,Olive & Ember Downtown,Front of house,35.79,536.85
2026-01-16,Olive & Ember Downtown,Management,10,240
2026-01-17,Olive & Ember Downtown,Kitchen,32.79,579.56
2026-01-17,Olive & Ember Downtown,Front of house,40.98,614.7
2026-01-17,Olive & Ember Downtown,Management,10,240
2026-01-18,Olive & Ember Downtown,Kitchen,26.27,464.32
2026-01-18,Olive & Ember Downtown,Front of house,34.74,521.1
2026-01-18,Olive & Ember Downtown,Management,10,240
2026-01-19,Olive & Ember Downtown,Kitchen,21.66,382.84
2026-01-19,Olive & Ember Downtown,Front of house,28.14,422.1
2026-01-19,Olive & Ember Downtown,Management,10,240
2026-01-20,Olive & Ember Downtown,Kitchen,23.24,410.77
2026-01-20,Olive & Ember Downtown,Front of house,29.53,442.95
2026-01-20,Olive & Ember Downtown,Management,10,240
2026-01-21,Olive & Ember Downtown,Kitchen,25.72,454.6
2026-01-21,Olive & Ember Downtown,Front of house,32.53,487.95
2026-01-21,Olive & Ember Downtown,Management,10,240
2026-01-22,Olive & Ember Downtown,Kitchen,26.03,460.08
2026-01-22,Olive & Ember Downtown,Front of house,32.68,490.2
2026-01-22,Olive & Ember Downtown,Management,10,240
2026-01-23,Olive & Ember Downtown,Kitchen,25.34,447.88
2026-01-23,Olive & Ember Downtown,Front of house,32.68,490.2
2026-01-23,Olive & Ember Downtown,Management,10,240
2026-01-24,Olive & Ember Downtown,Kitchen,34.69,613.15
2026-01-24,Olive & Ember Downtown,Front of house,45.26,678.9
2026-01-24,Olive & Ember Downtown,Management,10,240
2026-01-25,Olive & Ember Downtown,Kitchen,27.59,487.65
2026-01-25,Olive & Ember Downtown,Front of house,34.44,516.6
2026-01-25,Olive & Ember Downtown,Management,10,240
2026-01-26,Olive & Ember Downtown,Kitchen,22.4,395.92
2026-01-26,Olive & Ember Downtown,Front of house,28.48,427.2
2026-01-26,Olive & Ember Downtown,Management,10,240
2026-01-27,Olive & Ember Downtown,Kitchen,23.55,416.25
2026-01-27,Olive & Ember Downtown,Front of house,30.3,454.5
2026-01-27,Olive & Ember Downtown,Management,10,240
2026-01-28,Olive & Ember Downtown,Kitchen,22.58,399.1
2026-01-28,Olive & Ember Downtown,Front of house,29.78,446.7
2026-01-28,Olive & Ember Downtown,Management,10,240
2026-01-29,Olive & Ember Downtown,Kitchen,25.03,442.41
2026-01-29,Olive & Ember Downtown,Front of house,32.15,482.25
2026-01-29,Olive & Ember Downtown,Management,10,240
2026-01-30,Olive & Ember Downtown,Kitchen,32.73,578.5
2026-01-30,Olive & Ember Downtown,Front of house,38.34,575.1
2026-01-30,Olive & Ember Downtown,Management,10,240
2026-01-31,Olive & Ember Downtown,Kitchen,31.39,554.82
2026-01-31,Olive & Ember Downtown,Front of house,40.78,611.7
2026-01-31,Olive & Ember Downtown,Management,10,240
2026-02-01,Olive & Ember Downtown,Kitchen,26.73,472.45
2026-02-01,Olive & Ember Downtown,Front of house,36.49,547.35
2026-02-01,Olive & Ember Downtown,Management,10,240
2026-02-02,Olive & Ember Downtown,Kitchen,22.67,400.69
2026-02-02,Olive & Ember Downtown,Front of house,26.72,400.8
2026-02-02,Olive & Ember Downtown,Management,10,240
2026-02-03,Olive & Ember Downtown,Kitchen,22.8,402.99
2026-02-03,Olive & Ember Downtown,Front of house,27.86,417.9
2026-02-03,Olive & Ember Downtown,Management,10,240
2026-02-04,Olive & Ember Downtown,Kitchen,24.67,436.04
2026-02-04,Olive & Ember Downtown,Front of house,31.35,470.25
2026-02-04,Olive & Ember Downtown,Management,10,240
2026-02-05,Olive & Ember Downtown,Kitchen,25.14,444.35
2026-02-05,Olive & Ember Downtown,Front of house,30.1,451.5
2026-02-05,Olive & Ember Downtown,Management,10,240
2026-02-06,Olive & Ember Downtown,Kitchen,31.45,555.88
2026-02-06,Olive & Ember Downtown,Front of house,42.12,631.8
2026-02-06,Olive & Ember Downtown,Management,10,240
2026-02-07,Olive & Ember Downtown,Kitchen,29.56,522.47
2026-02-07,Olive & Ember Downtown,Front of house,37.79,566.85
2026-02-07,Olive & Ember Downtown,Management,10,240
2026-02-08,Olive & Ember Downtown,Kitchen,25.31,447.35
2026-02-08,Olive & Ember Downtown,Front of house,30.37,455.55
2026-02-08,Olive & Ember Downtown,Management,10,240
2026-02-09,Olive & Ember Downtown,Kitchen,24.55,433.92
2026-02-09,Olive & Ember Downtown,Front of house,32.07,481.05
2026-02-09,Olive & Ember Downtown,Management,10,240
2026-02-10,Olive & Ember Downtown,Kitchen,21.54,380.72
2026-02-10,Olive & Ember Downtown,Front of house,28.64,429.6
2026-02-10,Olive & Ember Downtown,Management,10,240
2026-02-11,Olive & Ember Downtown,Kitchen,21.55,380.9
2026-02-11,Olive & Ember Downtown,Front of house,26.65,399.75
2026-02-11,Olive & Ember Downtown,Management,10,240
2026-02-12,Olive & Ember Downtown,Kitchen,27.81,491.54
2026-02-12,Olive & Ember Downtown,Front of house,32.58,488.7
2026-02-12,Olive & Ember Downtown,Management,10,240
2026-02-13,Olive & Ember Downtown,Kitchen,30.16,533.08
2026-02-13,Olive & Ember Downtown,Front of house,37.82,567.3
2026-02-13,Olive & Ember Downtown,Management,10,240
2026-02-14,Olive & Ember Downtown,Kitchen,33.27,588.05
2026-02-14,Olive & Ember Downtown,Front of house,41.27,619.05
2026-02-14,Olive & Ember Downtown,Management,10,240
2026-02-15,Olive & Ember Downtown,Kitchen,28.76,508.33
2026-02-15,Olive & Ember Downtown,Front of house,37.49,562.35
2026-02-15,Olive & Ember Downtown,Management,10,240
2026-02-16,Olive & Ember Downtown,Kitchen,19.26,340.42
2026-02-16,Olive & Ember Downtown,Front of house,23.91,358.65
2026-02-16,Olive & Ember Downtown,Management,10,240
2026-02-17,Olive & Ember Downtown,Kitchen,23.75,419.78
2026-02-17,Olive & Ember Downtown,Front of house,29.17,437.55
2026-02-17,Olive & Ember Downtown,Management,10,240
2026-02-18,Olive & Ember Downtown,Kitchen,24.44,431.98
2026-02-18,Olive & Ember Downtown,Front of house,30.26,453.9
2026-02-18,Olive & Ember Downtown,Management,10,240
2026-02-19,Olive & Ember Downtown,Kitchen,24.87,439.58
2026-02-19,Olive & Ember Downtown,Front of house,32.13,481.95
2026-02-19,Olive & Ember Downtown,Management,10,240
2026-02-20,Olive & Ember Downtown,Kitchen,29.17,515.58
2026-02-20,Olive & Ember Downtown,Front of house,37.64,564.6
2026-02-20,Olive & Ember Downtown,Management,10,240
2026-02-21,Olive & Ember Downtown,Kitchen,29.73,525.48
2026-02-21,Olive & Ember Downtown,Front of house,40.15,602.25
2026-02-21,Olive & Ember Downtown,Management,10,240
2026-02-22,Olive & Ember Downtown,Kitchen,25.51,450.89
2026-02-22,Olive & Ember Downtown,Front of house,32.21,483.15
2026-02-22,Olive & Ember Downtown,Management,10,240
2026-02-23,Olive & Ember Downtown,Kitchen,24.11,426.14
2026-02-23,Olive & Ember Downtown,Front of house,29.07,436.05
2026-02-23,Olive & Ember Downtown,Management,10,240
2026-02-24,Olive & Ember Downtown,Kitchen,24.57,434.27
2026-02-24,Olive & Ember Downtown,Front of house,31.29,469.35
2026-02-24,Olive & Ember Downtown,Management,10,240
2026-02-25,Olive & Ember Downtown,Kitchen,25.74,454.95
2026-02-25,Olive & Ember Downtown,Front of house,32.06,480.9
2026-02-25,Olive & Ember Downtown,Management,10,240
2026-02-26,Olive & Ember Downtown,Kitchen,24.82,438.69
2026-02-26,Olive & Ember Downtown,Front of house,34.48,517.2
2026-02-26,Olive & Ember Downtown,Management,10,240
2026-02-27,Olive & Ember Downtown,Kitchen,29.25,516.99
2026-02-27,Olive & Ember Downtown,Front of house,37.62,564.3
2026-02-27,Olive & Ember Downtown,Management,10,240
2026-02-28,Olive & Ember Downtown,Kitchen,32.43,573.2
2026-02-28,Olive & Ember Downtown,Front of house,38.89,583.35
2026-02-28,Olive & Ember Downtown,Management,10,240
2026-03-01,Olive & Ember Downtown,Kitchen,31.34,553.93
2026-03-01,Olive & Ember Downtown,Front of house,38.55,578.25
2026-03-01,Olive & Ember Downtown,Management,10,240
2026-03-02,Olive & Ember Downtown,Kitchen,21.56,381.07
2026-03-02,Olive & Ember Downtown,Front of house,27.87,418.05
2026-03-02,Olive & Ember Downtown,Management,10,240
2026-03-03,Olive & Ember Downtown,Kitchen,21.36,377.54
2026-03-03,Olive & Ember Downtown,Front of house,27.35,410.25
2026-03-03,Olive & Ember Downtown,Management,10,240
2026-03-04,Olive & Ember Downtown,Kitchen,29.07,513.81
2026-03-04,Olive & Ember Downtown,Front of house,35.85,537.75
2026-03-04,Olive & Ember Downtown,Management,10,240
2026-03-05,Olive & Ember Downtown,Kitchen,27.07,478.46
2026-03-05,Olive & Ember Downtown,Front of house,35.1,526.5
2026-03-05,Olive & Ember Downtown,Management,10,240
2026-03-06,Olive & Ember Downtown,Kitchen,32.01,565.78
2026-03-06,Olive & Ember Downtown,Front of house,41.24,618.6
2026-03-06,Olive & Ember Downtown,Management,10,240
2026-03-07,Olive & Ember Downtown,Kitchen,33.97,600.42
2026-03-07,Olive & Ember Downtown,Front of house,41.47,622.05
2026-03-07,Olive & Ember Downtown,Management,10,240
2026-03-08,Olive & Ember Downtown,Kitchen,27.69,489.42
2026-03-08,Olive & Ember Downtown,Front of house,35.11,526.65
2026-03-08,Olive & Ember Downtown,Management,10,240
2026-03-09,Olive & Ember Downtown,Kitchen,24.14,426.67
2026-03-09,Olive & Ember Downtown,Front of house,27.9,418.5
2026-03-09,Olive & Ember Downtown,Management,10,240
2026-03-10,Olive & Ember Downtown,Kitchen,25.97,459.02
2026-03-10,Olive & Ember Downtown,Front of house,32.24,483.6
2026-03-10,Olive & Ember Downtown,Management,10,240
2026-03-11,Olive & Ember Downtown,Kitchen,24.92,440.46
2026-03-11,Olive & Ember Downtown,Front of house,34.2,513
2026-03-11,Olive & Ember Downtown,Management,10,240
2026-03-12,Olive & Ember Downtown,Kitchen,25.21,445.59
2026-03-12,Olive & Ember Downtown,Front of house,33.91,508.65
2026-03-12,Olive & Ember Downtown,Management,10,240
2026-03-13,Olive & Ember Downtown,Kitchen,32.14,568.07
2026-03-13,Olive & Ember Downtown,Front of house,40.14,602.1
2026-03-13,Olive & Ember Downtown,Management,10,240
2026-03-14,Olive & Ember Downtown,Kitchen,34.84,615.8
2026-03-14,Olive & Ember Downtown,Front of house,44.25,663.75
2026-03-14,Olive & Ember Downtown,Management,10,240
2026-03-15,Olive & Ember Downtown,Kitchen,28.77,508.51
2026-03-15,Olive & Ember Downtown,Front of house,35.75,536.25
2026-03-15,Olive & Ember Downtown,Management,10,240
2026-03-16,Olive & Ember Downtown,Kitchen,23.72,419.25
2026-03-16,Olive & Ember Downtown,Front of house,29.61,444.15
2026-03-16,Olive & Ember Downtown,Management,10,240
2026-03-17,Olive & Ember Downtown,Kitchen,22.59,399.28
2026-03-17,Olive & Ember Downtown,Front of house,31.24,468.6
2026-03-17,Olive & Ember Downtown,Management,10,240
2026-03-18,Olive & Ember Downtown,Kitchen,26.72,472.28
2026-03-18,Olive & Ember Downtown,Front of house,35.27,529.05
2026-03-18,Olive & Ember Downtown,Management,10,240
2026-03-19,Olive & Ember Downtown,Kitchen,25.9,457.78
2026-03-19,Olive & Ember Downtown,Front of house,34.74,521.1
2026-03-19,Olive & Ember Downtown,Management,10,240
2026-03-20,Olive & Ember Downtown,Kitchen,33.8,597.42
2026-03-20,Olive & Ember Downtown,Front of house,42.87,643.05
2026-03-20,Olive & Ember Downtown,Management,10,240
2026-03-21,Olive & Ember Downtown,Kitchen,32.26,570.2
2026-03-21,Olive & Ember Downtown,Front of house,42.33,634.95
2026-03-21,Olive & Ember Downtown,Management,10,240
2026-03-22,Olive & Ember Downtown,Kitchen,27.37,483.76
2026-03-22,Olive & Ember Downtown,Front of house,35.86,537.9
2026-03-22,Olive & Ember Downtown,Management,10,240
2026-03-23,Olive & Ember Downtown,Kitchen,21.6,381.78
2026-03-23,Olive & Ember Downtown,Front of house,28.41,426.15
2026-03-23,Olive & Ember Downtown,Management,10,240
2026-03-24,Olive & Ember Downtown,Kitchen,24.3,429.5
2026-03-24,Olive & Ember Downtown,Front of house,31.03,465.45
2026-03-24,Olive & Ember Downtown,Management,10,240
2026-03-25,Olive & Ember Downtown,Kitchen,23.65,418.01
2026-03-25,Olive & Ember Downtown,Front of house,30.32,454.8
2026-03-25,Olive & Ember Downtown,Management,10,240
2026-03-26,Olive & Ember Downtown,Kitchen,27.84,492.07
2026-03-26,Olive & Ember Downtown,Front of house,38.08,571.2
2026-03-26,Olive & Ember Downtown,Management,10,240
2026-03-27,Olive & Ember Downtown,Kitchen,29.04,513.28
2026-03-27,Olive & Ember Downtown,Front of house,35.68,535.2
2026-03-27,Olive & Ember Downtown,Management,10,240
2026-03-28,Olive & Ember Downtown,Kitchen,28.88,510.45
2026-03-28,Olive & Ember Downtown,Front of house,39.61,594.15
2026-03-28,Olive & Ember Downtown,Management,10,240
2026-03-29,Olive & Ember Downtown,Kitchen,30.4,537.32
2026-03-29,Olive & Ember Downtown,Front of house,39.42,591.3
2026-03-29,Olive & Ember Downtown,Management,10,240
2026-03-30,Olive & Ember Downtown,Kitchen,25.4,448.95
2026-03-30,Olive & Ember Downtown,Front of house,30.2,453
2026-03-30,Olive & Ember Downtown,Management,10,240
2026-03-31,Olive & Ember Downtown,Kitchen,25.61,452.66
2026-03-31,Olive & Ember Downtown,Front of house,31.09,466.35
2026-03-31,Olive & Ember Downtown,Management,10,240
2026-04-01,Olive & Ember Downtown,Kitchen,26.39,489.77
2026-04-01,Olive & Ember Downtown,Front of house,32.55,512.66
2026-04-01,Olive & Ember Downtown,Management,10,252
2026-04-02,Olive & Ember Downtown,Kitchen,28.22,523.73
2026-04-02,Olive & Ember Downtown,Front of house,35.4,557.55
2026-04-02,Olive & Ember Downtown,Management,10,252
2026-04-03,Olive & Ember Downtown,Kitchen,33.83,627.84
2026-04-03,Olive & Ember Downtown,Front of house,41.24,649.53
2026-04-03,Olive & Ember Downtown,Management,10,252
2026-04-04,Olive & Ember Downtown,Kitchen,35.42,657.35
2026-04-04,Olive & Ember Downtown,Front of house,45.18,711.59
2026-04-04,Olive & Ember Downtown,Management,10,252
2026-04-05,Olive & Ember Downtown,Kitchen,30.27,561.77
2026-04-05,Olive & Ember Downtown,Front of house,39.21,617.56
2026-04-05,Olive & Ember Downtown,Management,10,252
2026-04-06,Olive & Ember Downtown,Kitchen,25.86,479.93
2026-04-06,Olive & Ember Downtown,Front of house,33.04,520.38
2026-04-06,Olive & Ember Downtown,Management,10,252
2026-04-07,Olive & Ember Downtown,Kitchen,26.91,499.42
2026-04-07,Olive & Ember Downtown,Front of house,34.62,545.27
2026-04-07,Olive & Ember Downtown,Management,10,252
2026-04-08,Olive & Ember Downtown,Kitchen,27.87,517.23
2026-04-08,Olive & Ember Downtown,Front of house,35.87,564.95
2026-04-08,Olive & Ember Downtown,Management,10,252
2026-04-09,Olive & Ember Downtown,Kitchen,27.04,501.83
2026-04-09,Olive & Ember Downtown,Front of house,33.55,528.41
2026-04-09,Olive & Ember Downtown,Management,10,252
2026-04-10,Olive & Ember Downtown,Kitchen,35.08,651.04
2026-04-10,Olive & Ember Downtown,Front of house,42.28,665.91
2026-04-10,Olive & Ember Downtown,Management,10,252
2026-04-11,Olive & Ember Downtown,Kitchen,33.28,617.64
2026-04-11,Olive & Ember Downtown,Front of house,42.82,674.42
2026-04-11,Olive & Ember Downtown,Management,10,252
2026-04-12,Olive & Ember Downtown,Kitchen,30.9,573.47
2026-04-12,Olive & Ember Downtown,Front of house,38.96,613.62
2026-04-12,Olive & Ember Downtown,Management,10,252
2026-04-13,Olive & Ember Downtown,Kitchen,21.96,407.55
2026-04-13,Olive & Ember Downtown,Front of house,30.19,475.49
2026-04-13,Olive & Ember Downtown,Management,10,252
2026-04-14,Olive & Ember Downtown,Kitchen,23.49,435.95
2026-04-14,Olive & Ember Downtown,Front of house,31.26,492.35
2026-04-14,Olive & Ember Downtown,Management,10,252
2026-04-15,Olive & Ember Downtown,Kitchen,27.65,513.15
2026-04-15,Olive & Ember Downtown,Front of house,34.29,540.07
2026-04-15,Olive & Ember Downtown,Management,10,252
2026-04-16,Olive & Ember Downtown,Kitchen,31.18,578.66
2026-04-16,Olive & Ember Downtown,Front of house,37.46,590
2026-04-16,Olive & Ember Downtown,Management,10,252
2026-04-17,Olive & Ember Downtown,Kitchen,33.97,630.44
2026-04-17,Olive & Ember Downtown,Front of house,43.05,678.04
2026-04-17,Olive & Ember Downtown,Management,10,252
2026-04-18,Olive & Ember Downtown,Kitchen,34.04,631.74
2026-04-18,Olive & Ember Downtown,Front of house,42.13,663.55
2026-04-18,Olive & Ember Downtown,Management,10,252
2026-04-19,Olive & Ember Downtown,Kitchen,31.69,588.13
2026-04-19,Olive & Ember Downtown,Front of house,38.21,601.81
2026-04-19,Olive & Ember Downtown,Management,10,252
2026-04-20,Olive & Ember Downtown,Kitchen,22.83,423.7
2026-04-20,Olive & Ember Downtown,Front of house,31.62,498.02
2026-04-20,Olive & Ember Downtown,Management,10,252
2026-04-21,Olive & Ember Downtown,Kitchen,24.73,458.96
2026-04-21,Olive & Ember Downtown,Front of house,31.42,494.87
2026-04-21,Olive & Ember Downtown,Management,10,252
2026-04-22,Olive & Ember Downtown,Kitchen,27.78,515.56
2026-04-22,Olive & Ember Downtown,Front of house,35,551.25
2026-04-22,Olive & Ember Downtown,Management,10,252
2026-04-23,Olive & Ember Downtown,Kitchen,27.1,502.94
2026-04-23,Olive & Ember Downtown,Front of house,35.23,554.87
2026-04-23,Olive & Ember Downtown,Management,10,252
2026-04-24,Olive & Ember Downtown,Kitchen,36.09,669.79
2026-04-24,Olive & Ember Downtown,Front of house,45.7,719.78
2026-04-24,Olive & Ember Downtown,Management,10,252
2026-04-25,Olive & Ember Downtown,Kitchen,38.28,710.43
2026-04-25,Olive & Ember Downtown,Front of house,46.93,739.15
2026-04-25,Olive & Ember Downtown,Management,10,252
2026-04-26,Olive & Ember Downtown,Kitchen,32.86,609.84
2026-04-26,Olive & Ember Downtown,Front of house,40.62,639.77
2026-04-26,Olive & Ember Downtown,Management,10,252
2026-04-27,Olive & Ember Downtown,Kitchen,20.35,377.67
2026-04-27,Olive & Ember Downtown,Front of house,26.8,422.1
2026-04-27,Olive & Ember Downtown,Management,10,252
2026-04-28,Olive & Ember Downtown,Kitchen,26.77,496.82
2026-04-28,Olive & Ember Downtown,Front of house,31.16,490.77
2026-04-28,Olive & Ember Downtown,Management,10,252
2026-04-29,Olive & Ember Downtown,Kitchen,27.52,510.74
2026-04-29,Olive & Ember Downtown,Front of house,33.09,521.17
2026-04-29,Olive & Ember Downtown,Management,10,252
2026-04-30,Olive & Ember Downtown,Kitchen,29.65,550.27
2026-04-30,Olive & Ember Downtown,Front of house,39.33,619.45
2026-04-30,Olive & Ember Downtown,Management,10,252
2026-05-01,Olive & Ember Downtown,Kitchen,35.17,652.71
2026-05-01,Olive & Ember Downtown,Front of house,44.36,698.67
2026-05-01,Olive & Ember Downtown,Management,10,252
2026-05-02,Olive & Ember Downtown,Kitchen,40.29,747.73
2026-05-02,Olive & Ember Downtown,Front of house,49.33,776.95
2026-05-02,Olive & Ember Downtown,Management,10,252
2026-05-03,Olive & Ember Downtown,Kitchen,29.1,540.06
2026-05-03,Olive & Ember Downtown,Front of house,35.56,560.07
2026-05-03,Olive & Ember Downtown,Management,10,252
2026-05-04,Olive & Ember Downtown,Kitchen,24.46,453.95
2026-05-04,Olive & Ember Downtown,Front of house,32.32,509.04
2026-05-04,Olive & Ember Downtown,Management,10,252
2026-05-05,Olive & Ember Downtown,Kitchen,24.6,456.55
2026-05-05,Olive & Ember Downtown,Front of house,32.02,504.32
2026-05-05,Olive & Ember Downtown,Management,10,252
2026-05-06,Olive & Ember Downtown,Kitchen,25.78,478.44
2026-05-06,Olive & Ember Downtown,Front of house,32.75,515.81
2026-05-06,Olive & Ember Downtown,Management,10,252
2026-05-07,Olive & Ember Downtown,Kitchen,26.98,500.72
2026-05-07,Olive & Ember Downtown,Front of house,34.21,538.81
2026-05-07,Olive & Ember Downtown,Management,10,252
2026-05-08,Olive & Ember Downtown,Kitchen,35.25,654.2
2026-05-08,Olive & Ember Downtown,Front of house,48.59,765.29
2026-05-08,Olive & Ember Downtown,Management,10,252
2026-05-09,Olive & Ember Downtown,Kitchen,36.76,682.22
2026-05-09,Olive & Ember Downtown,Front of house,46.81,737.26
2026-05-09,Olive & Ember Downtown,Management,10,252
2026-05-10,Olive & Ember Downtown,Kitchen,29.28,543.4
2026-05-10,Olive & Ember Downtown,Front of house,36.43,573.77
2026-05-10,Olive & Ember Downtown,Management,10,252
2026-05-11,Olive & Ember Downtown,Kitchen,26.17,485.68
2026-05-11,Olive & Ember Downtown,Front of house,33.52,527.94
2026-05-11,Olive & Ember Downtown,Management,10,252
2026-05-12,Olive & Ember Downtown,Kitchen,25.6,475.1
2026-05-12,Olive & Ember Downtown,Front of house,32.03,504.47
2026-05-12,Olive & Ember Downtown,Management,10,252
2026-05-13,Olive & Ember Downtown,Kitchen,29.16,541.17
2026-05-13,Olive & Ember Downtown,Front of house,37.53,591.1
2026-05-13,Olive & Ember Downtown,Management,10,252
2026-05-14,Olive & Ember Downtown,Kitchen,27.79,515.75
2026-05-14,Olive & Ember Downtown,Front of house,36.23,570.62
2026-05-14,Olive & Ember Downtown,Management,10,252
2026-05-15,Olive & Ember Downtown,Kitchen,34.2,634.71
2026-05-15,Olive & Ember Downtown,Front of house,43.62,687.02
2026-05-15,Olive & Ember Downtown,Management,10,252
2026-05-16,Olive & Ember Downtown,Kitchen,35.91,666.44
2026-05-16,Olive & Ember Downtown,Front of house,48.69,766.87
2026-05-16,Olive & Ember Downtown,Management,10,252
2026-05-17,Olive & Ember Downtown,Kitchen,33.06,613.55
2026-05-17,Olive & Ember Downtown,Front of house,41.39,651.89
2026-05-17,Olive & Ember Downtown,Management,10,252
2026-05-18,Olive & Ember Downtown,Kitchen,25.27,468.98
2026-05-18,Olive & Ember Downtown,Front of house,33.21,523.06
2026-05-18,Olive & Ember Downtown,Management,10,252
2026-05-19,Olive & Ember Downtown,Kitchen,24.77,459.7
2026-05-19,Olive & Ember Downtown,Front of house,32.64,514.08
2026-05-19,Olive & Ember Downtown,Management,10,252
2026-05-20,Olive & Ember Downtown,Kitchen,25.87,480.11
2026-05-20,Olive & Ember Downtown,Front of house,32.79,516.44
2026-05-20,Olive & Ember Downtown,Management,10,252
2026-05-21,Olive & Ember Downtown,Kitchen,29.79,552.87
2026-05-21,Olive & Ember Downtown,Front of house,39.15,616.61
2026-05-21,Olive & Ember Downtown,Management,10,252
2026-05-22,Olive & Ember Downtown,Kitchen,34.55,641.2
2026-05-22,Olive & Ember Downtown,Front of house,40.18,632.84
2026-05-22,Olive & Ember Downtown,Management,10,252
2026-05-23,Olive & Ember Downtown,Kitchen,36.98,686.3
2026-05-23,Olive & Ember Downtown,Front of house,48.66,766.4
2026-05-23,Olive & Ember Downtown,Management,10,252
2026-05-24,Olive & Ember Downtown,Kitchen,30.26,561.59
2026-05-24,Olive & Ember Downtown,Front of house,39.97,629.53
2026-05-24,Olive & Ember Downtown,Management,10,252
2026-05-25,Olive & Ember Downtown,Kitchen,23.56,437.24
2026-05-25,Olive & Ember Downtown,Front of house,29.52,464.94
2026-05-25,Olive & Ember Downtown,Management,10,252
2026-05-26,Olive & Ember Downtown,Kitchen,25.11,466.01
2026-05-26,Olive & Ember Downtown,Front of house,32.58,513.14
2026-05-26,Olive & Ember Downtown,Management,10,252
2026-05-27,Olive & Ember Downtown,Kitchen,25.43,471.95
2026-05-27,Olive & Ember Downtown,Front of house,33.06,520.7
2026-05-27,Olive & Ember Downtown,Management,10,252
2026-05-28,Olive & Ember Downtown,Kitchen,28.25,524.28
2026-05-28,Olive & Ember Downtown,Front of house,35.84,564.48
2026-05-28,Olive & Ember Downtown,Management,10,252
2026-05-29,Olive & Ember Downtown,Kitchen,38.51,714.7
2026-05-29,Olive & Ember Downtown,Front of house,47.98,755.69
2026-05-29,Olive & Ember Downtown,Management,10,252
2026-05-30,Olive & Ember Downtown,Kitchen,36.89,684.63
2026-05-30,Olive & Ember Downtown,Front of house,46.88,738.36
2026-05-30,Olive & Ember Downtown,Management,10,252
2026-05-31,Olive & Ember Downtown,Kitchen,29.07,539.5
2026-05-31,Olive & Ember Downtown,Front of house,36.32,572.04
2026-05-31,Olive & Ember Downtown,Management,10,252
2026-06-01,Olive & Ember Downtown,Kitchen,23.93,444.11
2026-06-01,Olive & Ember Downtown,Front of house,31.29,492.82
2026-06-01,Olive & Ember Downtown,Management,10,252
2026-06-02,Olive & Ember Downtown,Kitchen,22.55,418.5
2026-06-02,Olive & Ember Downtown,Front of house,28.7,452.03
2026-06-02,Olive & Ember Downtown,Management,10,252
2026-06-03,Olive & Ember Downtown,Kitchen,29.47,546.93
2026-06-03,Olive & Ember Downtown,Front of house,33.89,533.77
2026-06-03,Olive & Ember Downtown,Management,10,252
2026-06-04,Olive & Ember Downtown,Kitchen,28.66,531.89
2026-06-04,Olive & Ember Downtown,Front of house,35.83,564.32
2026-06-04,Olive & Ember Downtown,Management,10,252
2026-06-05,Olive & Ember Downtown,Kitchen,31.7,588.31
2026-06-05,Olive & Ember Downtown,Front of house,40.41,636.46
2026-06-05,Olive & Ember Downtown,Management,10,252
2026-06-06,Olive & Ember Downtown,Kitchen,39.89,740.31
2026-06-06,Olive & Ember Downtown,Front of house,50.73,799
2026-06-06,Olive & Ember Downtown,Management,10,252
2026-06-07,Olive & Ember Downtown,Kitchen,29.72,551.57
2026-06-07,Olive & Ember Downtown,Front of house,35.58,560.39
2026-06-07,Olive & Ember Downtown,Management,10,252
2026-06-08,Olive & Ember Downtown,Kitchen,24.04,446.15
2026-06-08,Olive & Ember Downtown,Front of house,31.81,501.01
2026-06-08,Olive & Ember Downtown,Management,10,252
2026-06-09,Olive & Ember Downtown,Kitchen,23.03,427.41
2026-06-09,Olive & Ember Downtown,Front of house,27.67,435.8
2026-06-09,Olive & Ember Downtown,Management,10,252
2026-06-10,Olive & Ember Downtown,Kitchen,25.05,464.9
2026-06-10,Olive & Ember Downtown,Front of house,33.17,522.43
2026-06-10,Olive & Ember Downtown,Management,10,252
2026-06-11,Olive & Ember Downtown,Kitchen,29.49,547.3
2026-06-11,Olive & Ember Downtown,Front of house,34.36,541.17
2026-06-11,Olive & Ember Downtown,Management,10,252
2026-06-12,Olive & Ember Downtown,Kitchen,36.21,672.01
2026-06-12,Olive & Ember Downtown,Front of house,45,708.75
2026-06-12,Olive & Ember Downtown,Management,10,252
2026-06-13,Olive & Ember Downtown,Kitchen,34.41,638.61
2026-06-13,Olive & Ember Downtown,Front of house,41.24,649.53
2026-06-13,Olive & Ember Downtown,Management,10,252
2026-06-14,Olive & Ember Downtown,Kitchen,34.28,636.19
2026-06-14,Olive & Ember Downtown,Front of house,42.75,673.31
2026-06-14,Olive & Ember Downtown,Management,10,252
2026-06-15,Olive & Ember Downtown,Kitchen,22.46,416.83
2026-06-15,Olive & Ember Downtown,Front of house,27.58,434.39
2026-06-15,Olive & Ember Downtown,Management,10,252
2026-06-16,Olive & Ember Downtown,Kitchen,22.84,423.88
2026-06-16,Olive & Ember Downtown,Front of house,29.37,462.58
2026-06-16,Olive & Ember Downtown,Management,10,252
2026-06-17,Olive & Ember Downtown,Kitchen,23.95,444.48
2026-06-17,Olive & Ember Downtown,Front of house,30.95,487.46
2026-06-17,Olive & Ember Downtown,Management,10,252
2026-06-18,Olive & Ember Downtown,Kitchen,28.92,536.72
2026-06-18,Olive & Ember Downtown,Front of house,37.24,586.53
2026-06-18,Olive & Ember Downtown,Management,10,252
2026-06-19,Olive & Ember Downtown,Kitchen,36.13,670.53
2026-06-19,Olive & Ember Downtown,Front of house,43.15,679.61
2026-06-19,Olive & Ember Downtown,Management,10,252
2026-06-20,Olive & Ember Downtown,Kitchen,36.68,680.73
2026-06-20,Olive & Ember Downtown,Front of house,48.31,760.88
2026-06-20,Olive & Ember Downtown,Management,10,252
2026-06-21,Olive & Ember Downtown,Kitchen,27.06,502.2
2026-06-21,Olive & Ember Downtown,Front of house,35.06,552.2
2026-06-21,Olive & Ember Downtown,Management,10,252
2026-06-22,Olive & Ember Downtown,Kitchen,23.22,430.93
2026-06-22,Olive & Ember Downtown,Front of house,29.61,466.36
2026-06-22,Olive & Ember Downtown,Management,10,252
2026-06-23,Olive & Ember Downtown,Kitchen,26.12,484.75
2026-06-23,Olive & Ember Downtown,Front of house,31.7,499.28
2026-06-23,Olive & Ember Downtown,Management,10,252
2026-06-24,Olive & Ember Downtown,Kitchen,28.21,523.54
2026-06-24,Olive & Ember Downtown,Front of house,34.32,540.54
2026-06-24,Olive & Ember Downtown,Management,10,252
2026-06-25,Olive & Ember Downtown,Kitchen,27.9,517.79
2026-06-25,Olive & Ember Downtown,Front of house,34.61,545.11
2026-06-25,Olive & Ember Downtown,Management,10,252
2026-06-26,Olive & Ember Downtown,Kitchen,35.38,656.61
2026-06-26,Olive & Ember Downtown,Front of house,45.03,709.22
2026-06-26,Olive & Ember Downtown,Management,10,252
2026-06-27,Olive & Ember Downtown,Kitchen,37.22,690.76
2026-06-27,Olive & Ember Downtown,Front of house,47.66,750.65
2026-06-27,Olive & Ember Downtown,Management,10,252
2026-06-28,Olive & Ember Downtown,Kitchen,30.74,570.5
2026-06-28,Olive & Ember Downtown,Front of house,36.75,578.81
2026-06-28,Olive & Ember Downtown,Management,10,252
2026-06-29,Olive & Ember Downtown,Kitchen,23.09,428.52
2026-06-29,Olive & Ember Downtown,Front of house,29.76,468.72
2026-06-29,Olive & Ember Downtown,Management,10,252
2026-06-30,Olive & Ember Downtown,Kitchen,24.67,457.84
2026-06-30,Olive & Ember Downtown,Front of house,30.78,484.79
2026-06-30,Olive & Ember Downtown,Management,10,252
2026-07-01,Olive & Ember Downtown,Kitchen,27.06,502.2
2026-07-01,Olive & Ember Downtown,Front of house,36.77,579.13
2026-07-01,Olive & Ember Downtown,Management,10,252
2026-07-02,Olive & Ember Downtown,Kitchen,23.52,436.5
2026-07-02,Olive & Ember Downtown,Front of house,31.31,493.13
2026-07-02,Olive & Ember Downtown,Management,10,252
2026-07-03,Olive & Ember Downtown,Kitchen,36.18,671.46
2026-07-03,Olive & Ember Downtown,Front of house,44.2,696.15
2026-07-03,Olive & Ember Downtown,Management,10,252
2026-07-04,Olive & Ember Downtown,Kitchen,36.66,680.36
2026-07-04,Olive & Ember Downtown,Front of house,43.45,684.34
2026-07-04,Olive & Ember Downtown,Management,10,252
2026-07-05,Olive & Ember Downtown,Kitchen,27.69,513.89
2026-07-05,Olive & Ember Downtown,Front of house,37.87,596.45
2026-07-05,Olive & Ember Downtown,Management,10,252
2026-07-06,Olive & Ember Downtown,Kitchen,23.88,443.18
2026-07-06,Olive & Ember Downtown,Front of house,30.13,474.55
2026-07-06,Olive & Ember Downtown,Management,10,252
2026-07-07,Olive & Ember Downtown,Kitchen,25.65,476.03
2026-07-07,Olive & Ember Downtown,Front of house,33.11,521.48
2026-07-07,Olive & Ember Downtown,Management,10,252
2026-07-08,Olive & Ember Downtown,Kitchen,24.51,454.87
2026-07-08,Olive & Ember Downtown,Front of house,29.89,470.77
2026-07-08,Olive & Ember Downtown,Management,10,252
2026-07-09,Olive & Ember Downtown,Kitchen,26.76,496.63
2026-07-09,Olive & Ember Downtown,Front of house,33.84,532.98
2026-07-09,Olive & Ember Downtown,Management,10,252
2026-07-10,Olive & Ember Downtown,Kitchen,31.31,581.07
2026-07-10,Olive & Ember Downtown,Front of house,38.54,607.01
2026-07-10,Olive & Ember Downtown,Management,10,252
2026-07-11,Olive & Ember Downtown,Kitchen,32.81,608.91
2026-07-11,Olive & Ember Downtown,Front of house,42.86,675.05
2026-07-11,Olive & Ember Downtown,Management,10,252
2026-07-12,Olive & Ember Downtown,Kitchen,32.93,611.14
2026-07-12,Olive & Ember Downtown,Front of house,43.26,681.35
2026-07-12,Olive & Ember Downtown,Management,10,252
2026-07-13,Olive & Ember Downtown,Kitchen,23.91,443.74
2026-07-13,Olive & Ember Downtown,Front of house,29.14,458.96
2026-07-13,Olive & Ember Downtown,Management,10,252
2026-07-14,Olive & Ember Downtown,Kitchen,22.27,413.3
2026-07-14,Olive & Ember Downtown,Front of house,27.31,430.13
2026-07-14,Olive & Ember Downtown,Management,10,252
2026-07-15,Olive & Ember Downtown,Kitchen,25,463.97
2026-07-15,Olive & Ember Downtown,Front of house,32.29,508.57
2026-07-15,Olive & Ember Downtown,Management,10,252
2026-07-16,Olive & Ember Downtown,Kitchen,26.92,499.6
2026-07-16,Olive & Ember Downtown,Front of house,34.35,541.01
2026-07-16,Olive & Ember Downtown,Management,10,252
2026-07-17,Olive & Ember Downtown,Kitchen,34.35,637.49
2026-07-17,Olive & Ember Downtown,Front of house,40.93,644.65
2026-07-17,Olive & Ember Downtown,Management,10,252
2026-07-18,Olive & Ember Downtown,Kitchen,33.42,620.23
2026-07-18,Olive & Ember Downtown,Front of house,40.26,634.1
2026-07-18,Olive & Ember Downtown,Management,10,252
2026-07-19,Olive & Ember Downtown,Kitchen,28.36,526.33
2026-07-19,Olive & Ember Downtown,Front of house,35.58,560.39
2026-07-19,Olive & Ember Downtown,Management,10,252
2026-07-20,Olive & Ember Downtown,Kitchen,23.92,443.93
2026-07-20,Olive & Ember Downtown,Front of house,30.1,474.08
2026-07-20,Olive & Ember Downtown,Management,10,252
2026-07-21,Olive & Ember Downtown,Kitchen,22.88,424.62
2026-07-21,Olive & Ember Downtown,Front of house,28.69,451.87
2026-07-21,Olive & Ember Downtown,Management,10,252
2026-07-22,Olive & Ember Downtown,Kitchen,26.02,482.9
2026-07-22,Olive & Ember Downtown,Front of house,34.25,539.44
2026-07-22,Olive & Ember Downtown,Management,10,252
2026-07-23,Olive & Ember Downtown,Kitchen,29.34,544.51
2026-07-23,Olive & Ember Downtown,Front of house,36.51,575.03
2026-07-23,Olive & Ember Downtown,Management,10,252
2026-07-24,Olive & Ember Downtown,Kitchen,30.37,563.63
2026-07-24,Olive & Ember Downtown,Front of house,40.14,632.21
2026-07-24,Olive & Ember Downtown,Management,10,252
2026-07-25,Olive & Ember Downtown,Kitchen,32.61,605.2
2026-07-25,Olive & Ember Downtown,Front of house,41.86,659.3
2026-07-25,Olive & Ember Downtown,Management,10,252
2026-07-26,Olive & Ember Downtown,Kitchen,26.16,485.5
2026-07-26,Olive & Ember Downtown,Front of house,34.51,543.53
2026-07-26,Olive & Ember Downtown,Management,10,252
2026-07-27,Olive & Ember Downtown,Kitchen,24.65,457.47
2026-07-27,Olive & Ember Downtown,Front of house,31.35,493.76
2026-07-27,Olive & Ember Downtown,Management,10,252
2026-07-28,Olive & Ember Downtown,Kitchen,25.58,474.73
2026-07-28,Olive & Ember Downtown,Front of house,30.3,477.23
2026-07-28,Olive & Ember Downtown,Management,10,252
2026-07-29,Olive & Ember Downtown,Kitchen,26.5,491.81
2026-07-29,Olive & Ember Downtown,Front of house,31.27,492.5
2026-07-29,Olive & Ember Downtown,Management,10,252
2026-07-30,Olive & Ember Downtown,Kitchen,28.46,528.18
2026-07-30,Olive & Ember Downtown,Front of house,36.72,578.34
2026-07-30,Olive & Ember Downtown,Management,10,252
2026-07-31,Olive & Ember Downtown,Kitchen,29.31,543.96
2026-07-31,Olive & Ember Downtown,Front of house,38.4,604.8
2026-07-31,Olive & Ember Downtown,Management,10,252
2026-08-01,Olive & Ember Downtown,Kitchen,32.03,594.44
2026-08-01,Olive & Ember Downtown,Front of house,42.61,671.11
2026-08-01,Olive & Ember Downtown,Management,10,252
2026-08-02,Olive & Ember Downtown,Kitchen,27.99,519.46
2026-08-02,Olive & Ember Downtown,Front of house,37.14,584.96
2026-08-02,Olive & Ember Downtown,Management,10,252
2026-08-03,Olive & Ember Downtown,Kitchen,20.89,387.69
2026-08-03,Olive & Ember Downtown,Front of house,28.33,446.2
2026-08-03,Olive & Ember Downtown,Management,10,252
2026-08-04,Olive & Ember Downtown,Kitchen,21.57,400.31
2026-08-04,Olive & Ember Downtown,Front of house,28.43,447.77
2026-08-04,Olive & Ember Downtown,Management,10,252
2026-08-05,Olive & Ember Downtown,Kitchen,22.43,416.27
2026-08-05,Olive & Ember Downtown,Front of house,28.32,446.04
2026-08-05,Olive & Ember Downtown,Management,10,252
2026-08-06,Olive & Ember Downtown,Kitchen,28.53,529.48
2026-08-06,Olive & Ember Downtown,Front of house,37.77,594.88
2026-08-06,Olive & Ember Downtown,Management,10,252
2026-08-07,Olive & Ember Downtown,Kitchen,29.92,555.28
2026-08-07,Olive & Ember Downtown,Front of house,35.28,555.66
2026-08-07,Olive & Ember Downtown,Management,10,252
2026-08-08,Olive & Ember Downtown,Kitchen,31.24,579.78
2026-08-08,Olive & Ember Downtown,Front of house,42.66,671.9
2026-08-08,Olive & Ember Downtown,Management,10,252
2026-08-09,Olive & Ember Downtown,Kitchen,26.29,487.91
2026-08-09,Olive & Ember Downtown,Front of house,35.86,564.79
2026-08-09,Olive & Ember Downtown,Management,10,252
2026-08-10,Olive & Ember Downtown,Kitchen,21.54,399.76
2026-08-10,Olive & Ember Downtown,Front of house,25.36,399.42
2026-08-10,Olive & Ember Downtown,Management,10,252
2026-08-11,Olive & Ember Downtown,Kitchen,23.39,434.09
2026-08-11,Olive & Ember Downtown,Front of house,30.14,474.71
2026-08-11,Olive & Ember Downtown,Management,10,252
2026-08-12,Olive & Ember Downtown,Kitchen,24.61,456.73
2026-08-12,Olive & Ember Downtown,Front of house,31.97,503.53
2026-08-12,Olive & Ember Downtown,Management,10,252
2026-08-13,Olive & Ember Downtown,Kitchen,26.16,485.5
2026-08-13,Olive & Ember Downtown,Front of house,30.62,482.27
2026-08-13,Olive & Ember Downtown,Management,10,252
2026-08-14,Olive & Ember Downtown,Kitchen,29.85,553.98
2026-08-14,Olive & Ember Downtown,Front of house,38.29,603.07
2026-08-14,Olive & Ember Downtown,Management,10,252
2026-08-15,Olive & Ember Downtown,Kitchen,33.51,621.9
2026-08-15,Olive & Ember Downtown,Front of house,41.95,660.71
2026-08-15,Olive & Ember Downtown,Management,10,252
2026-08-16,Olive & Ember Downtown,Kitchen,27.26,505.91
2026-08-16,Olive & Ember Downtown,Front of house,33.99,535.34
2026-08-16,Olive & Ember Downtown,Management,10,252
2026-08-17,Olive & Ember Downtown,Kitchen,21.46,398.27
2026-08-17,Olive & Ember Downtown,Front of house,26.26,413.6
2026-08-17,Olive & Ember Downtown,Management,10,252
2026-08-18,Olive & Ember Downtown,Kitchen,25.57,474.55
2026-08-18,Olive & Ember Downtown,Front of house,32.26,508.1
2026-08-18,Olive & Ember Downtown,Management,10,252
2026-08-19,Olive & Ember Downtown,Kitchen,21.99,408.11
2026-08-19,Olive & Ember Downtown,Front of house,28.47,448.4
2026-08-19,Olive & Ember Downtown,Management,10,252
2026-08-20,Olive & Ember Downtown,Kitchen,23.2,430.56
2026-08-20,Olive & Ember Downtown,Front of house,29.68,467.46
2026-08-20,Olive & Ember Downtown,Management,10,252
2026-08-21,Olive & Ember Downtown,Kitchen,29.82,553.42
2026-08-21,Olive & Ember Downtown,Front of house,37.82,595.67
2026-08-21,Olive & Ember Downtown,Management,10,252
2026-08-22,Olive & Ember Downtown,Kitchen,29.66,550.45
2026-08-22,Olive & Ember Downtown,Front of house,39.67,624.8
2026-08-22,Olive & Ember Downtown,Management,10,252
2026-08-23,Olive & Ember Downtown,Kitchen,26.63,494.22
2026-08-23,Olive & Ember Downtown,Front of house,35.9,565.43
2026-08-23,Olive & Ember Downtown,Management,10,252
2026-08-24,Olive & Ember Downtown,Kitchen,22.72,421.65
2026-08-24,Olive & Ember Downtown,Front of house,28.47,448.4
2026-08-24,Olive & Ember Downtown,Management,10,252
2026-08-25,Olive & Ember Downtown,Kitchen,21.66,401.98
2026-08-25,Olive & Ember Downtown,Front of house,27.65,435.49
2026-08-25,Olive & Ember Downtown,Management,10,252
2026-08-26,Olive & Ember Downtown,Kitchen,25.57,474.55
2026-08-26,Olive & Ember Downtown,Front of house,30.39,478.64
2026-08-26,Olive & Ember Downtown,Management,10,252
2026-08-27,Olive & Ember Downtown,Kitchen,26.16,485.5
2026-08-27,Olive & Ember Downtown,Front of house,33.73,531.25
2026-08-27,Olive & Ember Downtown,Management,10,252
2026-08-28,Olive & Ember Downtown,Kitchen,30.06,557.88
2026-08-28,Olive & Ember Downtown,Front of house,38.61,608.11
2026-08-28,Olive & Ember Downtown,Management,10,252
2026-08-29,Olive & Ember Downtown,Kitchen,32.68,606.5
2026-08-29,Olive & Ember Downtown,Front of house,40.88,643.86
2026-08-29,Olive & Ember Downtown,Management,10,252
2026-08-30,Olive & Ember Downtown,Kitchen,26.06,483.64
2026-08-30,Olive & Ember Downtown,Front of house,32.76,515.97
2026-08-30,Olive & Ember Downtown,Management,10,252
2026-08-31,Olive & Ember Downtown,Kitchen,20.64,383.05
2026-08-31,Olive & Ember Downtown,Front of house,25.22,397.22
2026-08-31,Olive & Ember Downtown,Management,10,252
2025-01-01,Olive & Ember Riverside,Kitchen,16.81,297.12
2025-01-01,Olive & Ember Riverside,Front of house,21.64,324.6
2025-01-01,Olive & Ember Riverside,Management,10,240
2025-01-02,Olive & Ember Riverside,Kitchen,17.11,302.42
2025-01-02,Olive & Ember Riverside,Front of house,22.63,339.45
2025-01-02,Olive & Ember Riverside,Management,10,240
2025-01-03,Olive & Ember Riverside,Kitchen,18.76,331.58
2025-01-03,Olive & Ember Riverside,Front of house,24.6,369
2025-01-03,Olive & Ember Riverside,Management,10,240
2025-01-04,Olive & Ember Riverside,Kitchen,24.69,436.4
2025-01-04,Olive & Ember Riverside,Front of house,30.05,450.75
2025-01-04,Olive & Ember Riverside,Management,10,240
2025-01-05,Olive & Ember Riverside,Kitchen,19.58,346.08
2025-01-05,Olive & Ember Riverside,Front of house,24.58,368.7
2025-01-05,Olive & Ember Riverside,Management,10,240
2025-01-06,Olive & Ember Riverside,Kitchen,14.43,255.05
2025-01-06,Olive & Ember Riverside,Front of house,18.4,276
2025-01-06,Olive & Ember Riverside,Management,10,240
2025-01-07,Olive & Ember Riverside,Kitchen,18.38,324.87
2025-01-07,Olive & Ember Riverside,Front of house,22.82,342.3
2025-01-07,Olive & Ember Riverside,Management,10,240
2025-01-08,Olive & Ember Riverside,Kitchen,17.19,303.83
2025-01-08,Olive & Ember Riverside,Front of house,23.88,358.2
2025-01-08,Olive & Ember Riverside,Management,10,240
2025-01-09,Olive & Ember Riverside,Kitchen,18.49,326.81
2025-01-09,Olive & Ember Riverside,Front of house,24.02,360.3
2025-01-09,Olive & Ember Riverside,Management,10,240
2025-01-10,Olive & Ember Riverside,Kitchen,21.53,380.54
2025-01-10,Olive & Ember Riverside,Front of house,26.93,403.95
2025-01-10,Olive & Ember Riverside,Management,10,240
2025-01-11,Olive & Ember Riverside,Kitchen,24.78,437.99
2025-01-11,Olive & Ember Riverside,Front of house,30.89,463.35
2025-01-11,Olive & Ember Riverside,Management,10,240
2025-01-12,Olive & Ember Riverside,Kitchen,17.36,306.84
2025-01-12,Olive & Ember Riverside,Front of house,22.91,343.65
2025-01-12,Olive & Ember Riverside,Management,10,240
2025-01-13,Olive & Ember Riverside,Kitchen,16.75,296.06
2025-01-13,Olive & Ember Riverside,Front of house,21.83,327.45
2025-01-13,Olive & Ember Riverside,Management,10,240
2025-01-14,Olive & Ember Riverside,Kitchen,17.18,303.66
2025-01-14,Olive & Ember Riverside,Front of house,21.56,323.4
2025-01-14,Olive & Ember Riverside,Management,10,240
2025-01-15,Olive & Ember Riverside,Kitchen,18.16,320.98
2025-01-15,Olive & Ember Riverside,Front of house,23.21,348.15
2025-01-15,Olive & Ember Riverside,Management,10,240
2025-01-16,Olive & Ember Riverside,Kitchen,17.12,302.6
2025-01-16,Olive & Ember Riverside,Front of house,22.26,333.9
2025-01-16,Olive & Ember Riverside,Management,10,240
2025-01-17,Olive & Ember Riverside,Kitchen,22.03,389.38
2025-01-17,Olive & Ember Riverside,Front of house,27.47,412.05
2025-01-17,Olive & Ember Riverside,Management,10,240
2025-01-18,Olive & Ember Riverside,Kitchen,23.33,412.36
2025-01-18,Olive & Ember Riverside,Front of house,31.25,468.75
2025-01-18,Olive & Ember Riverside,Management,10,240
2025-01-19,Olive & Ember Riverside,Kitchen,20.01,353.68
2025-01-19,Olive & Ember Riverside,Front of house,24.96,374.4
2025-01-19,Olive & Ember Riverside,Management,10,240
2025-01-20,Olive & Ember Riverside,Kitchen,15.04,265.83
2025-01-20,Olive & Ember Riverside,Front of house,19.81,297.15
2025-01-20,Olive & Ember Riverside,Management,10,240
2025-01-21,Olive & Ember Riverside,Kitchen,16.09,284.39
2025-01-21,Olive & Ember Riverside,Front of house,20.65,309.75
2025-01-21,Olive & Ember Riverside,Management,10,240
2025-01-22,Olive & Ember Riverside,Kitchen,17.23,304.54
2025-01-22,Olive & Ember Riverside,Front of house,21.13,316.95
2025-01-22,Olive & Ember Riverside,Management,10,240
2025-01-23,Olive & Ember Riverside,Kitchen,19.54,345.37
2025-01-23,Olive & Ember Riverside,Front of house,23.55,353.25
2025-01-23,Olive & Ember Riverside,Management,10,240
2025-01-24,Olive & Ember Riverside,Kitchen,21.39,378.07
2025-01-24,Olive & Ember Riverside,Front of house,26.5,397.5
2025-01-24,Olive & Ember Riverside,Management,10,240
2025-01-25,Olive & Ember Riverside,Kitchen,22.19,392.21
2025-01-25,Olive & Ember Riverside,Front of house,28.3,424.5
2025-01-25,Olive & Ember Riverside,Management,10,240
2025-01-26,Olive & Ember Riverside,Kitchen,22.27,393.62
2025-01-26,Olive & Ember Riverside,Front of house,28.32,424.8
2025-01-26,Olive & Ember Riverside,Management,10,240
2025-01-27,Olive & Ember Riverside,Kitchen,14.75,260.71
2025-01-27,Olive & Ember Riverside,Front of house,19.75,296.25
2025-01-27,Olive & Ember Riverside,Management,10,240
2025-01-28,Olive & Ember Riverside,Kitchen,15.42,272.55
2025-01-28,Olive & Ember Riverside,Front of house,18.91,283.65
2025-01-28,Olive & Ember Riverside,Management,10,240
2025-01-29,Olive & Ember Riverside,Kitchen,17.18,303.66
2025-01-29,Olive & Ember Riverside,Front of house,22.77,341.55
2025-01-29,Olive & Ember Riverside,Management,10,240
2025-01-30,Olive & Ember Riverside,Kitchen,16.41,290.05
2025-01-30,Olive & Ember Riverside,Front of house,22.71,340.65
2025-01-30,Olive & Ember Riverside,Management,10,240
2025-01-31,Olive & Ember Riverside,Kitchen,21.56,381.07
2025-01-31,Olive & Ember Riverside,Front of house,26.8,402
2025-01-31,Olive & Ember Riverside,Management,10,240
2025-02-01,Olive & Ember Riverside,Kitchen,22.06,389.91
2025-02-01,Olive & Ember Riverside,Front of house,27.81,417.15
2025-02-01,Olive & Ember Riverside,Management,10,240
2025-02-02,Olive & Ember Riverside,Kitchen,20.29,358.63
2025-02-02,Olive & Ember Riverside,Front of house,26.12,391.8
2025-02-02,Olive & Ember Riverside,Management,10,240
2025-02-03,Olive & Ember Riverside,Kitchen,14.32,253.11
2025-02-03,Olive & Ember Riverside,Front of house,18.77,281.55
2025-02-03,Olive & Ember Riverside,Management,10,240
2025-02-04,Olive & Ember Riverside,Kitchen,16.52,291.99
2025-02-04,Olive & Ember Riverside,Front of house,21.93,328.95
2025-02-04,Olive & Ember Riverside,Management,10,240
2025-02-05,Olive & Ember Riverside,Kitchen,16.74,295.88
2025-02-05,Olive & Ember Riverside,Front of house,19.64,294.6
2025-02-05,Olive & Ember Riverside,Management,10,240
2025-02-06,Olive & Ember Riverside,Kitchen,18.82,332.64
2025-02-06,Olive & Ember Riverside,Front of house,25.81,387.15
2025-02-06,Olive & Ember Riverside,Management,10,240
2025-02-07,Olive & Ember Riverside,Kitchen,19.8,349.97
2025-02-07,Olive & Ember Riverside,Front of house,26.22,393.3
2025-02-07,Olive & Ember Riverside,Management,10,240
2025-02-08,Olive & Ember Riverside,Kitchen,25.78,455.66
2025-02-08,Olive & Ember Riverside,Front of house,32.08,481.2
2025-02-08,Olive & Ember Riverside,Management,10,240
2025-02-09,Olive & Ember Riverside,Kitchen,20.14,355.97
2025-02-09,Olive & Ember Riverside,Front of house,26.06,390.9
2025-02-09,Olive & Ember Riverside,Management,10,240
2025-02-10,Olive & Ember Riverside,Kitchen,16.42,290.22
2025-02-10,Olive & Ember Riverside,Front of house,20.06,300.9
2025-02-10,Olive & Ember Riverside,Management,10,240
2025-02-11,Olive & Ember Riverside,Kitchen,17.39,307.37
2025-02-11,Olive & Ember Riverside,Front of house,21.92,328.8
2025-02-11,Olive & Ember Riverside,Management,10,240
2025-02-12,Olive & Ember Riverside,Kitchen,19.67,347.67
2025-02-12,Olive & Ember Riverside,Front of house,24.62,369.3
2025-02-12,Olive & Ember Riverside,Management,10,240
2025-02-13,Olive & Ember Riverside,Kitchen,17.8,314.62
2025-02-13,Olive & Ember Riverside,Front of house,23.93,358.95
2025-02-13,Olive & Ember Riverside,Management,10,240
2025-02-14,Olive & Ember Riverside,Kitchen,21.59,381.6
2025-02-14,Olive & Ember Riverside,Front of house,28.93,433.95
2025-02-14,Olive & Ember Riverside,Management,10,240
2025-02-15,Olive & Ember Riverside,Kitchen,20.7,365.87
2025-02-15,Olive & Ember Riverside,Front of house,26.49,397.35
2025-02-15,Olive & Ember Riverside,Management,10,240
2025-02-16,Olive & Ember Riverside,Kitchen,22.34,394.86
2025-02-16,Olive & Ember Riverside,Front of house,27.31,409.65
2025-02-16,Olive & Ember Riverside,Management,10,240
2025-02-17,Olive & Ember Riverside,Kitchen,14.83,262.12
2025-02-17,Olive & Ember Riverside,Front of house,19.45,291.75
2025-02-17,Olive & Ember Riverside,Management,10,240
2025-02-18,Olive & Ember Riverside,Kitchen,16.8,296.94
2025-02-18,Olive & Ember Riverside,Front of house,21.47,322.05
2025-02-18,Olive & Ember Riverside,Management,10,240
2025-02-19,Olive & Ember Riverside,Kitchen,18.53,327.52
2025-02-19,Olive & Ember Riverside,Front of house,23.8,357
2025-02-19,Olive & Ember Riverside,Management,10,240
2025-02-20,Olive & Ember Riverside,Kitchen,18.33,323.98
2025-02-20,Olive & Ember Riverside,Front of house,23.73,355.95
2025-02-20,Olive & Ember Riverside,Management,10,240
2025-02-21,Olive & Ember Riverside,Kitchen,21.64,382.49
2025-02-21,Olive & Ember Riverside,Front of house,26.25,393.75
2025-02-21,Olive & Ember Riverside,Management,10,240
2025-02-22,Olive & Ember Riverside,Kitchen,23.05,407.41
2025-02-22,Olive & Ember Riverside,Front of house,29.66,444.9
2025-02-22,Olive & Ember Riverside,Management,10,240
2025-02-23,Olive & Ember Riverside,Kitchen,20.9,369.41
2025-02-23,Olive & Ember Riverside,Front of house,26.76,401.4
2025-02-23,Olive & Ember Riverside,Management,10,240
2025-02-24,Olive & Ember Riverside,Kitchen,16.17,285.8
2025-02-24,Olive & Ember Riverside,Front of house,21.84,327.6
2025-02-24,Olive & Ember Riverside,Management,10,240
2025-02-25,Olive & Ember Riverside,Kitchen,15.83,279.8
2025-02-25,Olive & Ember Riverside,Front of house,19.9,298.5
2025-02-25,Olive & Ember Riverside,Management,10,240
2025-02-26,Olive & Ember Riverside,Kitchen,18.07,319.39
2025-02-26,Olive & Ember Riverside,Front of house,22.07,331.05
2025-02-26,Olive & Ember Riverside,Management,10,240
2025-02-27,Olive & Ember Riverside,Kitchen,18.14,320.62
2025-02-27,Olive & Ember Riverside,Front of house,23.63,354.45
2025-02-27,Olive & Ember Riverside,Management,10,240
2025-02-28,Olive & Ember Riverside,Kitchen,22.04,389.56
2025-02-28,Olive & Ember Riverside,Front of house,27.92,418.8
2025-02-28,Olive & Ember Riverside,Management,10,240
2025-03-01,Olive & Ember Riverside,Kitchen,25.13,444.17
2025-03-01,Olive & Ember Riverside,Front of house,31.25,468.75
2025-03-01,Olive & Ember Riverside,Management,10,240
2025-03-02,Olive & Ember Riverside,Kitchen,21.77,384.78
2025-03-02,Olive & Ember Riverside,Front of house,27.4,411
2025-03-02,Olive & Ember Riverside,Management,10,240
2025-03-03,Olive & Ember Riverside,Kitchen,16.67,294.64
2025-03-03,Olive & Ember Riverside,Front of house,21.54,323.1
2025-03-03,Olive & Ember Riverside,Management,10,240
2025-03-04,Olive & Ember Riverside,Kitchen,17.41,307.72
2025-03-04,Olive & Ember Riverside,Front of house,22.08,331.2
2025-03-04,Olive & Ember Riverside,Management,10,240
2025-03-05,Olive & Ember Riverside,Kitchen,17.47,308.78
2025-03-05,Olive & Ember Riverside,Front of house,23.67,355.05
2025-03-05,Olive & Ember Riverside,Management,10,240
2025-03-06,Olive & Ember Riverside,Kitchen,20.76,366.93
2025-03-06,Olive & Ember Riverside,Front of house,27.21,408.15
2025-03-06,Olive & Ember Riverside,Management,10,240
2025-03-07,Olive & Ember Riverside,Kitchen,24.96,441.17
2025-03-07,Olive & Ember Riverside,Front of house,32.32,484.8
2025-03-07,Olive & Ember Riverside,Management,10,240
2025-03-08,Olive & Ember Riverside,Kitchen,26.3,464.85
2025-03-08,Olive & Ember Riverside,Front of house,32.41,486.15
2025-03-08,Olive & Ember Riverside,Management,10,240
2025-03-09,Olive & Ember Riverside,Kitchen,23.42,413.95
2025-03-09,Olive & Ember Riverside,Front of house,32.64,489.6
2025-03-09,Olive & Ember Riverside,Management,10,240
2025-03-10,Olive & Ember Riverside,Kitchen,18.6,328.76
2025-03-10,Olive & Ember Riverside,Front of house,23.94,359.1
2025-03-10,Olive & Ember Riverside,Management,10,240
2025-03-11,Olive & Ember Riverside,Kitchen,16.1,284.57
2025-03-11,Olive & Ember Riverside,Front of house,19.83,297.45
2025-03-11,Olive & Ember Riverside,Management,10,240
2025-03-12,Olive & Ember Riverside,Kitchen,16.88,298.35
2025-03-12,Olive & Ember Riverside,Front of house,21.86,327.9
2025-03-12,Olive & Ember Riverside,Management,10,240
2025-03-13,Olive & Ember Riverside,Kitchen,17.87,315.85
2025-03-13,Olive & Ember Riverside,Front of house,22.91,343.65
2025-03-13,Olive & Ember Riverside,Management,10,240
2025-03-14,Olive & Ember Riverside,Kitchen,22.27,393.62
2025-03-14,Olive & Ember Riverside,Front of house,28.96,434.4
2025-03-14,Olive & Ember Riverside,Management,10,240
2025-03-15,Olive & Ember Riverside,Kitchen,26.21,463.26
2025-03-15,Olive & Ember Riverside,Front of house,32.67,490.05
2025-03-15,Olive & Ember Riverside,Management,10,240
2025-03-16,Olive & Ember Riverside,Kitchen,24.4,431.27
2025-03-16,Olive & Ember Riverside,Front of house,30.24,453.6
2025-03-16,Olive & Ember Riverside,Management,10,240
2025-03-17,Olive & Ember Riverside,Kitchen,16.27,287.57
2025-03-17,Olive & Ember Riverside,Front of house,20.95,314.25
2025-03-17,Olive & Ember Riverside,Management,10,240
2025-03-18,Olive & Ember Riverside,Kitchen,18.96,335.12
2025-03-18,Olive & Ember Riverside,Front of house,23.57,353.55
2025-03-18,Olive & Ember Riverside,Management,10,240
2025-03-19,Olive & Ember Riverside,Kitchen,18.43,325.75
2025-03-19,Olive & Ember Riverside,Front of house,25.53,382.95
2025-03-19,Olive & Ember Riverside,Management,10,240
2025-03-20,Olive & Ember Riverside,Kitchen,20.01,353.68
2025-03-20,Olive & Ember Riverside,Front of house,25.7,385.5
2025-03-20,Olive & Ember Riverside,Management,10,240
2025-03-21,Olive & Ember Riverside,Kitchen,24.83,438.87
2025-03-21,Olive & Ember Riverside,Front of house,30.68,460.2
2025-03-21,Olive & Ember Riverside,Management,10,240
2025-03-22,Olive & Ember Riverside,Kitchen,23.85,421.55
2025-03-22,Olive & Ember Riverside,Front of house,32.19,482.85
2025-03-22,Olive & Ember Riverside,Management,10,240
2025-03-23,Olive & Ember Riverside,Kitchen,22.71,401.4
2025-03-23,Olive & Ember Riverside,Front of house,28.11,421.65
2025-03-23,Olive & Ember Riverside,Management,10,240
2025-03-24,Olive & Ember Riverside,Kitchen,19.92,352.09
2025-03-24,Olive & Ember Riverside,Front of house,25.38,380.7
2025-03-24,Olive & Ember Riverside,Management,10,240
2025-03-25,Olive & Ember Riverside,Kitchen,16.18,285.98
2025-03-25,Olive & Ember Riverside,Front of house,20.74,311.1
2025-03-25,Olive & Ember Riverside,Management,10,240
2025-03-26,Olive & Ember Riverside,Kitchen,18.94,334.76
2025-03-26,Olive & Ember Riverside,Front of house,23.71,355.65
2025-03-26,Olive & Ember Riverside,Management,10,240
2025-03-27,Olive & Ember Riverside,Kitchen,19.91,351.91
2025-03-27,Olive & Ember Riverside,Front of house,26.48,397.2
2025-03-27,Olive & Ember Riverside,Management,10,240
2025-03-28,Olive & Ember Riverside,Kitchen,23.82,421.02
2025-03-28,Olive & Ember Riverside,Front of house,29.36,440.4
2025-03-28,Olive & Ember Riverside,Management,10,240
2025-03-29,Olive & Ember Riverside,Kitchen,27.88,492.78
2025-03-29,Olive & Ember Riverside,Front of house,34.42,516.3
2025-03-29,Olive & Ember Riverside,Management,10,240
2025-03-30,Olive & Ember Riverside,Kitchen,23.2,410.06
2025-03-30,Olive & Ember Riverside,Front of house,31.27,469.05
2025-03-30,Olive & Ember Riverside,Management,10,240
2025-03-31,Olive & Ember Riverside,Kitchen,17.65,311.96
2025-03-31,Olive & Ember Riverside,Front of house,22.69,340.35
2025-03-31,Olive & Ember Riverside,Management,10,240
2025-04-01,Olive & Ember Riverside,Kitchen,16.69,295
2025-04-01,Olive & Ember Riverside,Front of house,22.8,342
2025-04-01,Olive & Ember Riverside,Management,10,240
2025-04-02,Olive & Ember Riverside,Kitchen,21.07,372.41
2025-04-02,Olive & Ember Riverside,Front of house,25.67,385.05
2025-04-02,Olive & Ember Riverside,Management,10,240
2025-04-03,Olive & Ember Riverside,Kitchen,24.25,428.62
2025-04-03,Olive & Ember Riverside,Front of house,30.1,451.5
2025-04-03,Olive & Ember Riverside,Management,10,240
2025-04-04,Olive & Ember Riverside,Kitchen,27.06,478.29
2025-04-04,Olive & Ember Riverside,Front of house,34.76,521.4
2025-04-04,Olive & Ember Riverside,Management,10,240
2025-04-05,Olive & Ember Riverside,Kitchen,26.79,473.51
2025-04-05,Olive & Ember Riverside,Front of house,36.85,552.75
2025-04-05,Olive & Ember Riverside,Management,10,240
2025-04-06,Olive & Ember Riverside,Kitchen,21.81,385.49
2025-04-06,Olive & Ember Riverside,Front of house,27.21,408.15
2025-04-06,Olive & Ember Riverside,Management,10,240
2025-04-07,Olive & Ember Riverside,Kitchen,16.37,289.34
2025-04-07,Olive & Ember Riverside,Front of house,21.55,323.25
2025-04-07,Olive & Ember Riverside,Management,10,240
2025-04-08,Olive & Ember Riverside,Kitchen,17.11,302.42
2025-04-08,Olive & Ember Riverside,Front of house,20.96,314.4
2025-04-08,Olive & Ember Riverside,Management,10,240
2025-04-09,Olive & Ember Riverside,Kitchen,18.49,326.81
2025-04-09,Olive & Ember Riverside,Front of house,25.67,385.05
2025-04-09,Olive & Ember Riverside,Management,10,240
2025-04-10,Olive & Ember Riverside,Kitchen,22.45,396.8
2025-04-10,Olive & Ember Riverside,Front of house,28.07,421.05
2025-04-10,Olive & Ember Riverside,Management,10,240
2025-04-11,Olive & Ember Riverside,Kitchen,27.44,485
2025-04-11,Olive & Ember Riverside,Front of house,33.49,502.35
2025-04-11,Olive & Ember Riverside,Management,10,240
2025-04-12,Olive & Ember Riverside,Kitchen,30.42,537.67
2025-04-12,Olive & Ember Riverside,Front of house,38.5,577.5
2025-04-12,Olive & Ember Riverside,Management,10,240
2025-04-13,Olive & Ember Riverside,Kitchen,24.23,428.27
2025-04-13,Olive & Ember Riverside,Front of house,31.16,467.4
2025-04-13,Olive & Ember Riverside,Management,10,240
2025-04-14,Olive & Ember Riverside,Kitchen,16.96,299.77
2025-04-14,Olive & Ember Riverside,Front of house,21.7,325.5
2025-04-14,Olive & Ember Riverside,Management,10,240
2025-04-15,Olive & Ember Riverside,Kitchen,18.92,334.41
2025-04-15,Olive & Ember Riverside,Front of house,23,345
2025-04-15,Olive & Ember Riverside,Management,10,240
2025-04-16,Olive & Ember Riverside,Kitchen,17.7,312.85
2025-04-16,Olive & Ember Riverside,Front of house,22.71,340.65
2025-04-16,Olive & Ember Riverside,Management,10,240
2025-04-17,Olive & Ember Riverside,Kitchen,21.45,379.13
2025-04-17,Olive & Ember Riverside,Front of house,26.53,397.95
2025-04-17,Olive & Ember Riverside,Management,10,240
2025-04-18,Olive & Ember Riverside,Kitchen,26.71,472.1
2025-04-18,Olive & Ember Riverside,Front of house,35.47,532.05
2025-04-18,Olive & Ember Riverside,Management,10,240
2025-04-19,Olive & Ember Riverside,Kitchen,27.76,490.66
2025-04-19,Olive & Ember Riverside,Front of house,33.34,500.1
2025-04-19,Olive & Ember Riverside,Management,10,240
2025-04-20,Olive & Ember Riverside,Kitchen,22.44,396.63
2025-04-20,Olive & Ember Riverside,Front of house,28.85,432.75
2025-04-20,Olive & Ember Riverside,Management,10,240
2025-04-21,Olive & Ember Riverside,Kitchen,19.79,349.79
2025-04-21,Olive & Ember Riverside,Front of house,23.34,350.1
2025-04-21,Olive & Ember Riverside,Management,10,240
2025-04-22,Olive & Ember Riverside,Kitchen,18.08,319.56
2025-04-22,Olive & Ember Riverside,Front of house,24.15,362.25
2025-04-22,Olive & Ember Riverside,Management,10,240
2025-04-23,Olive & Ember Riverside,Kitchen,17.8,314.62
2025-04-23,Olive & Ember Riverside,Front of house,24.02,360.3
2025-04-23,Olive & Ember Riverside,Management,10,240
2025-04-24,Olive & Ember Riverside,Kitchen,20.28,358.45
2025-04-24,Olive & Ember Riverside,Front of house,23.61,354.15
2025-04-24,Olive & Ember Riverside,Management,10,240
2025-04-25,Olive & Ember Riverside,Kitchen,23.33,412.36
2025-04-25,Olive & Ember Riverside,Front of house,27.89,418.35
2025-04-25,Olive & Ember Riverside,Management,10,240
2025-04-26,Olive & Ember Riverside,Kitchen,29.44,520.35
2025-04-26,Olive & Ember Riverside,Front of house,34.91,523.65
2025-04-26,Olive & Ember Riverside,Management,10,240
2025-04-27,Olive & Ember Riverside,Kitchen,24.92,440.46
2025-04-27,Olive & Ember Riverside,Front of house,30.57,458.55
2025-04-27,Olive & Ember Riverside,Management,10,240
2025-04-28,Olive & Ember Riverside,Kitchen,17.44,308.25
2025-04-28,Olive & Ember Riverside,Front of house,21.71,325.65
2025-04-28,Olive & Ember Riverside,Management,10,240
2025-04-29,Olive & Ember Riverside,Kitchen,20.34,359.51
2025-04-29,Olive & Ember Riverside,Front of house,26.09,391.35
2025-04-29,Olive & Ember Riverside,Management,10,240
2025-04-30,Olive & Ember Riverside,Kitchen,19.94,352.44
2025-04-30,Olive & Ember Riverside,Front of house,24.69,370.35
2025-04-30,Olive & Ember Riverside,Management,10,240
2025-05-01,Olive & Ember Riverside,Kitchen,23.39,413.42
2025-05-01,Olive & Ember Riverside,Front of house,30.86,462.9
2025-05-01,Olive & Ember Riverside,Management,10,240
2025-05-02,Olive & Ember Riverside,Kitchen,29.23,516.64
2025-05-02,Olive & Ember Riverside,Front of house,34.93,523.95
2025-05-02,Olive & Ember Riverside,Management,10,240
2025-05-03,Olive & Ember Riverside,Kitchen,28.6,505.51
2025-05-03,Olive & Ember Riverside,Front of house,38.27,574.05
2025-05-03,Olive & Ember Riverside,Management,10,240
2025-05-04,Olive & Ember Riverside,Kitchen,22.94,405.46
2025-05-04,Olive & Ember Riverside,Front of house,30.88,463.2
2025-05-04,Olive & Ember Riverside,Management,10,240
2025-05-05,Olive & Ember Riverside,Kitchen,18.47,326.46
2025-05-05,Olive & Ember Riverside,Front of house,23.08,346.2
2025-05-05,Olive & Ember Riverside,Management,10,240
2025-05-06,Olive & Ember Riverside,Kitchen,20.69,365.7
2025-05-06,Olive & Ember Riverside,Front of house,25.89,388.35
2025-05-06,Olive & Ember Riverside,Management,10,240
2025-05-07,Olive & Ember Riverside,Kitchen,21.39,378.07
2025-05-07,Olive & Ember Riverside,Front of house,24.77,371.55
2025-05-07,Olive & Ember Riverside,Management,10,240
2025-05-08,Olive & Ember Riverside,Kitchen,23.51,415.54
2025-05-08,Olive & Ember Riverside,Front of house,29.1,436.5
2025-05-08,Olive & Ember Riverside,Management,10,240
2025-05-09,Olive & Ember Riverside,Kitchen,29.15,515.23
2025-05-09,Olive & Ember Riverside,Front of house,34.71,520.65
2025-05-09,Olive & Ember Riverside,Management,10,240
2025-05-10,Olive & Ember Riverside,Kitchen,28.39,501.79
2025-05-10,Olive & Ember Riverside,Front of house,35.41,531.15
2025-05-10,Olive & Ember Riverside,Management,10,240
2025-05-11,Olive & Ember Riverside,Kitchen,22.76,402.28
2025-05-11,Olive & Ember Riverside,Front of house,29.4,441
2025-05-11,Olive & Ember Riverside,Management,10,240
2025-05-12,Olive & Ember Riverside,Kitchen,21,371.18
2025-05-12,Olive & Ember Riverside,Front of house,26.98,404.7
2025-05-12,Olive & Ember Riverside,Management,10,240
2025-05-13,Olive & Ember Riverside,Kitchen,20.75,366.76
2025-05-13,Olive & Ember Riverside,Front of house,24.98,374.7
2025-05-13,Olive & Ember Riverside,Management,10,240
2025-05-14,Olive & Ember Riverside,Kitchen,22.54,398.39
2025-05-14,Olive & Ember Riverside,Front of house,26.96,404.4
2025-05-14,Olive & Ember Riverside,Management,10,240
2025-05-15,Olive & Ember Riverside,Kitchen,26.15,462.2
2025-05-15,Olive & Ember Riverside,Front of house,33.46,501.9
2025-05-15,Olive & Ember Riverside,Management,10,240
2025-05-16,Olive & Ember Riverside,Kitchen,28.86,510.1
2025-05-16,Olive & Ember Riverside,Front of house,38.17,572.55
2025-05-16,Olive & Ember Riverside,Management,10,240
2025-05-17,Olive & Ember Riverside,Kitchen,28.04,495.61
2025-05-17,Olive & Ember Riverside,Front of house,35.14,527.1
2025-05-17,Olive & Ember Riverside,Management,10,240
2025-05-18,Olive & Ember Riverside,Kitchen,26.07,460.79
2025-05-18,Olive & Ember Riverside,Front of house,33.94,509.1
2025-05-18,Olive & Ember Riverside,Management,10,240
2025-05-19,Olive & Ember Riverside,Kitchen,19.21,339.54
2025-05-19,Olive & Ember Riverside,Front of house,23.22,348.3
2025-05-19,Olive & Ember Riverside,Management,10,240
2025-05-20,Olive & Ember Riverside,Kitchen,18.12,320.27
2025-05-20,Olive & Ember Riverside,Front of house,22.89,343.35
2025-05-20,Olive & Ember Riverside,Management,10,240
2025-05-21,Olive & Ember Riverside,Kitchen,23.54,416.07
2025-05-21,Olive & Ember Riverside,Front of house,31.14,467.1
2025-05-21,Olive & Ember Riverside,Management,10,240
2025-05-22,Olive & Ember Riverside,Kitchen,21.79,385.14
2025-05-22,Olive & Ember Riverside,Front of house,26.17,392.55
2025-05-22,Olive & Ember Riverside,Management,10,240
2025-05-23,Olive & Ember Riverside,Kitchen,28.17,497.9
2025-05-23,Olive & Ember Riverside,Front of house,35.04,525.6
2025-05-23,Olive & Ember Riverside,Management,10,240
2025-05-24,Olive & Ember Riverside,Kitchen,28.97,512.04
2025-05-24,Olive & Ember Riverside,Front of house,38.44,576.6
2025-05-24,Olive & Ember Riverside,Management,10,240
2025-05-25,Olive & Ember Riverside,Kitchen,25.64,453.19
2025-05-25,Olive & Ember Riverside,Front of house,30,450
2025-05-25,Olive & Ember Riverside,Management,10,240
2025-05-26,Olive & Ember Riverside,Kitchen,20.98,370.82
2025-05-26,Olive & Ember Riverside,Front of house,27.33,409.95
2025-05-26,Olive & Ember Riverside,Management,10,240
2025-05-27,Olive & Ember Riverside,Kitchen,20.91,369.58
2025-05-27,Olive & Ember Riverside,Front of house,24.84,372.6
2025-05-27,Olive & Ember Riverside,Management,10,240
2025-05-28,Olive & Ember Riverside,Kitchen,21.44,378.95
2025-05-28,Olive & Ember Riverside,Front of house,28.7,430.5
2025-05-28,Olive & Ember Riverside,Management,10,240
2025-05-29,Olive & Ember Riverside,Kitchen,24.68,436.22
2025-05-29,Olive & Ember Riverside,Front of house,30.44,456.6
2025-05-29,Olive & Ember Riverside,Management,10,240
2025-05-30,Olive & Ember Riverside,Kitchen,29.66,524.24
2025-05-30,Olive & Ember Riverside,Front of house,37.01,555.15
2025-05-30,Olive & Ember Riverside,Management,10,240
2025-05-31,Olive & Ember Riverside,Kitchen,30.7,542.62
2025-05-31,Olive & Ember Riverside,Front of house,36.82,552.3
2025-05-31,Olive & Ember Riverside,Management,10,240
2025-06-01,Olive & Ember Riverside,Kitchen,29.29,517.7
2025-06-01,Olive & Ember Riverside,Front of house,36.42,546.3
2025-06-01,Olive & Ember Riverside,Management,10,240
2025-06-02,Olive & Ember Riverside,Kitchen,23.25,410.94
2025-06-02,Olive & Ember Riverside,Front of house,27.32,409.8
2025-06-02,Olive & Ember Riverside,Management,10,240
2025-06-03,Olive & Ember Riverside,Kitchen,22.84,403.7
2025-06-03,Olive & Ember Riverside,Front of house,31.23,468.45
2025-06-03,Olive & Ember Riverside,Management,10,240
2025-06-04,Olive & Ember Riverside,Kitchen,25.55,451.6
2025-06-04,Olive & Ember Riverside,Front of house,34.06,510.9
2025-06-04,Olive & Ember Riverside,Management,10,240
2025-06-05,Olive & Ember Riverside,Kitchen,23.27,411.3
2025-06-05,Olive & Ember Riverside,Front of house,31.14,467.1
2025-06-05,Olive & Ember Riverside,Management,10,240
2025-06-06,Olive & Ember Riverside,Kitchen,28.28,499.85
2025-06-06,Olive & Ember Riverside,Front of house,35.61,534.15
2025-06-06,Olive & Ember Riverside,Management,10,240
2025-06-07,Olive & Ember Riverside,Kitchen,33.19,586.63
2025-06-07,Olive & Ember Riverside,Front of house,41.78,626.7
2025-06-07,Olive & Ember Riverside,Management,10,240
2025-06-08,Olive & Ember Riverside,Kitchen,27,477.23
2025-06-08,Olive & Ember Riverside,Front of house,33.61,504.15
2025-06-08,Olive & Ember Riverside,Management,10,240
2025-06-09,Olive & Ember Riverside,Kitchen,21.69,383.37
2025-06-09,Olive & Ember Riverside,Front of house,29.28,439.2
2025-06-09,Olive & Ember Riverside,Management,10,240
2025-06-10,Olive & Ember Riverside,Kitchen,21.01,371.35
2025-06-10,Olive & Ember Riverside,Front of house,26.84,402.6
2025-06-10,Olive & Ember Riverside,Management,10,240
2025-06-11,Olive & Ember Riverside,Kitchen,24.83,438.87
2025-06-11,Olive & Ember Riverside,Front of house,31.81,477.15
2025-06-11,Olive & Ember Riverside,Management,10,240
2025-06-12,Olive & Ember Riverside,Kitchen,22.74,401.93
2025-06-12,Olive & Ember Riverside,Front of house,28.99,434.85
2025-06-12,Olive & Ember Riverside,Management,10,240
2025-06-13,Olive & Ember Riverside,Kitchen,30.04,530.96
2025-06-13,Olive & Ember Riverside,Front of house,38.05,570.75
2025-06-13,Olive & Ember Riverside,Management,10,240
2025-06-14,Olive & Ember Riverside,Kitchen,34.03,601.48
2025-06-14,Olive & Ember Riverside,Front of house,43.64,654.6
2025-06-14,Olive & Ember Riverside,Management,10,240
2025-06-15,Olive & Ember Riverside,Kitchen,30.42,537.67
2025-06-15,Olive & Ember Riverside,Front of house,39.83,597.45
2025-06-15,Olive & Ember Riverside,Management,10,240
2025-06-16,Olive & Ember Riverside,Kitchen,21.51,380.19
2025-06-16,Olive & Ember Riverside,Front of house,27.54,413.1
2025-06-16,Olive & Ember Riverside,Management,10,240
2025-06-17,Olive & Ember Riverside,Kitchen,22.45,396.8
2025-06-17,Olive & Ember Riverside,Front of house,27.31,409.65
2025-06-17,Olive & Ember Riverside,Management,10,240
2025-06-18,Olive & Ember Riverside,Kitchen,20.87,368.88
2025-06-18,Olive & Ember Riverside,Front of house,26.33,394.95
2025-06-18,Olive & Ember Riverside,Management,10,240
2025-06-19,Olive & Ember Riverside,Kitchen,27.4,484.3
2025-06-19,Olive & Ember Riverside,Front of house,33.51,502.65
2025-06-19,Olive & Ember Riverside,Management,10,240
2025-06-20,Olive & Ember Riverside,Kitchen,33.64,594.59
2025-06-20,Olive & Ember Riverside,Front of house,42.47,637.05
2025-06-20,Olive & Ember Riverside,Management,10,240
2025-06-21,Olive & Ember Riverside,Kitchen,34.89,616.68
2025-06-21,Olive & Ember Riverside,Front of house,44.13,661.95
2025-06-21,Olive & Ember Riverside,Management,10,240
2025-06-22,Olive & Ember Riverside,Kitchen,27.24,481.47
2025-06-22,Olive & Ember Riverside,Front of house,36.05,540.75
2025-06-22,Olive & Ember Riverside,Management,10,240
2025-06-23,Olive & Ember Riverside,Kitchen,21.25,375.59
2025-06-23,Olive & Ember Riverside,Front of house,26.75,401.25
2025-06-23,Olive & Ember Riverside,Management,10,240
2025-06-24,Olive & Ember Riverside,Kitchen,21.77,384.78
2025-06-24,Olive & Ember Riverside,Front of house,29.27,439.05
2025-06-24,Olive & Ember Riverside,Management,10,240
2025-06-25,Olive & Ember Riverside,Kitchen,18.69,330.35
2025-06-25,Olive & Ember Riverside,Front of house,25.82,387.3
2025-06-25,Olive & Ember Riverside,Management,10,240
2025-06-26,Olive & Ember Riverside,Kitchen,22.77,402.46
2025-06-26,Olive & Ember Riverside,Front of house,26.71,400.65
2025-06-26,Olive & Ember Riverside,Management,10,240
2025-06-27,Olive & Ember Riverside,Kitchen,29.12,514.7
2025-06-27,Olive & Ember Riverside,Front of house,34.87,523.05
2025-06-27,Olive & Ember Riverside,Management,10,240
2025-06-28,Olive & Ember Riverside,Kitchen,32.02,565.95
2025-06-28,Olive & Ember Riverside,Front of house,40.53,607.95
2025-06-28,Olive & Ember Riverside,Management,10,240
2025-06-29,Olive & Ember Riverside,Kitchen,29.4,519.65
2025-06-29,Olive & Ember Riverside,Front of house,40.82,612.3
2025-06-29,Olive & Ember Riverside,Management,10,240
2025-06-30,Olive & Ember Riverside,Kitchen,18.95,334.94
2025-06-30,Olive & Ember Riverside,Front of house,23.66,354.9
2025-06-30,Olive & Ember Riverside,Management,10,240
2025-07-01,Olive & Ember Riverside,Kitchen,23.9,422.43
2025-07-01,Olive & Ember Riverside,Front of house,30.76,461.4
2025-07-01,Olive & Ember Riverside,Management,10,240
2025-07-02,Olive & Ember Riverside,Kitchen,22.28,393.8
2025-07-02,Olive & Ember Riverside,Front of house,28.49,427.35
2025-07-02,Olive & Ember Riverside,Management,10,240
2025-07-03,Olive & Ember Riverside,Kitchen,23.5,415.36
2025-07-03,Olive & Ember Riverside,Front of house,29.2,438
2025-07-03,Olive & Ember Riverside,Management,10,240
2025-07-04,Olive & Ember Riverside,Kitchen,33.22,587.16
2025-07-04,Olive & Ember Riverside,Front of house,40.12,601.8
2025-07-04,Olive & Ember Riverside,Management,10,240
2025-07-05,Olive & Ember Riverside,Kitchen,35.26,623.22
2025-07-05,Olive & Ember Riverside,Front of house,42.78,641.7
2025-07-05,Olive & Ember Riverside,Management,10,240
2025-07-06,Olive & Ember Riverside,Kitchen,29.02,512.93
2025-07-06,Olive & Ember Riverside,Front of house,36.99,554.85
2025-07-06,Olive & Ember Riverside,Management,10,240
2025-07-07,Olive & Ember Riverside,Kitchen,24.13,426.5
2025-07-07,Olive & Ember Riverside,Front of house,30.83,462.45
2025-07-07,Olive & Ember Riverside,Management,10,240
2025-07-08,Olive & Ember Riverside,Kitchen,22.04,389.56
2025-07-08,Olive & Ember Riverside,Front of house,29.56,443.4
2025-07-08,Olive & Ember Riverside,Management,10,240
2025-07-09,Olive & Ember Riverside,Kitchen,25.81,456.19
2025-07-09,Olive & Ember Riverside,Front of house,29.72,445.8
2025-07-09,Olive & Ember Riverside,Management,10,240
2025-07-10,Olive & Ember Riverside,Kitchen,26.83,474.22
2025-07-10,Olive & Ember Riverside,Front of house,32.86,492.9
2025-07-10,Olive & Ember Riverside,Management,10,240
2025-07-11,Olive & Ember Riverside,Kitchen,27.09,478.82
2025-07-11,Olive & Ember Riverside,Front of house,34.21,513.15
2025-07-11,Olive & Ember Riverside,Management,10,240
2025-07-12,Olive & Ember Riverside,Kitchen,34.06,602.01
2025-07-12,Olive & Ember Riverside,Front of house,43.17,647.55
2025-07-12,Olive & Ember Riverside,Management,10,240
2025-07-13,Olive & Ember Riverside,Kitchen,32.73,578.5
2025-07-13,Olive & Ember Riverside,Front of house,42.21,633.15
2025-07-13,Olive & Ember Riverside,Management,10,240
2025-07-14,Olive & Ember Riverside,Kitchen,20.77,367.11
2025-07-14,Olive & Ember Riverside,Front of house,28.98,434.7
2025-07-14,Olive & Ember Riverside,Management,10,240
2025-07-15,Olive & Ember Riverside,Kitchen,22.96,405.82
2025-07-15,Olive & Ember Riverside,Front of house,31.86,477.9
2025-07-15,Olive & Ember Riverside,Management,10,240
2025-07-16,Olive & Ember Riverside,Kitchen,26.64,470.86
2025-07-16,Olive & Ember Riverside,Front of house,36.08,541.2
2025-07-16,Olive & Ember Riverside,Management,10,240
2025-07-17,Olive & Ember Riverside,Kitchen,25.64,453.19
2025-07-17,Olive & Ember Riverside,Front of house,31.83,477.45
2025-07-17,Olive & Ember Riverside,Management,10,240
2025-07-18,Olive & Ember Riverside,Kitchen,33.2,586.81
2025-07-18,Olive & Ember Riverside,Front of house,44.14,662.1
2025-07-18,Olive & Ember Riverside,Management,10,240
2025-07-19,Olive & Ember Riverside,Kitchen,35.03,619.16
2025-07-19,Olive & Ember Riverside,Front of house,48.36,725.4
2025-07-19,Olive & Ember Riverside,Management,10,240
2025-07-20,Olive & Ember Riverside,Kitchen,31.6,558.53
2025-07-20,Olive & Ember Riverside,Front of house,38.44,576.6
2025-07-20,Olive & Ember Riverside,Management,10,240
2025-07-21,Olive & Ember Riverside,Kitchen,23.43,414.13
2025-07-21,Olive & Ember Riverside,Front of house,30.98,464.7
2025-07-21,Olive & Ember Riverside,Management,10,240
2025-07-22,Olive & Ember Riverside,Kitchen,22.67,400.69
2025-07-22,Olive & Ember Riverside,Front of house,28.71,430.65
2025-07-22,Olive & Ember Riverside,Management,10,240
2025-07-23,Olive & Ember Riverside,Kitchen,21.48,379.66
2025-07-23,Olive & Ember Riverside,Front of house,25.9,388.5
2025-07-23,Olive & Ember Riverside,Management,10,240
2025-07-24,Olive & Ember Riverside,Kitchen,28.56,504.8
2025-07-24,Olive & Ember Riverside,Front of house,35.58,533.7
2025-07-24,Olive & Ember Riverside,Management,10,240
2025-07-25,Olive & Ember Riverside,Kitchen,30.62,541.21
2025-07-25,Olive & Ember Riverside,Front of house,41.1,616.5
2025-07-25,Olive & Ember Riverside,Management,10,240
2025-07-26,Olive & Ember Riverside,Kitchen,35.56,628.52
2025-07-26,Olive & Ember Riverside,Front of house,44.07,661.05
2025-07-26,Olive & Ember Riverside,Management,10,240
2025-07-27,Olive & Ember Riverside,Kitchen,28.95,511.69
2025-07-27,Olive & Ember Riverside,Front of house,37.97,569.55
2025-07-27,Olive & Ember Riverside,Management,10,240
2025-07-28,Olive & Ember Riverside,Kitchen,21.81,385.49
2025-07-28,Olive & Ember Riverside,Front of house,28.54,428.1
2025-07-28,Olive & Ember Riverside,Management,10,240
2025-07-29,Olive & Ember Riverside,Kitchen,23.74,419.6
2025-07-29,Olive & Ember Riverside,Front of house,29.17,437.55
2025-07-29,Olive & Ember Riverside,Management,10,240
2025-07-30,Olive & Ember Riverside,Kitchen,23.72,419.25
2025-07-30,Olive & Ember Riverside,Front of house,32.11,481.65
2025-07-30,Olive & Ember Riverside,Management,10,240
2025-07-31,Olive & Ember Riverside,Kitchen,23.6,417.13
2025-07-31,Olive & Ember Riverside,Front of house,32.1,481.5
2025-07-31,Olive & Ember Riverside,Management,10,240
2025-08-01,Olive & Ember Riverside,Kitchen,28.8,509.04
2025-08-01,Olive & Ember Riverside,Front of house,35.23,528.45
2025-08-01,Olive & Ember Riverside,Management,10,240
2025-08-02,Olive & Ember Riverside,Kitchen,32.88,581.15
2025-08-02,Olive & Ember Riverside,Front of house,41.38,620.7
2025-08-02,Olive & Ember Riverside,Management,10,240
2025-08-03,Olive & Ember Riverside,Kitchen,28.92,511.16
2025-08-03,Olive & Ember Riverside,Front of house,34.45,516.75
2025-08-03,Olive & Ember Riverside,Management,10,240
2025-08-04,Olive & Ember Riverside,Kitchen,21.5,380.01
2025-08-04,Olive & Ember Riverside,Front of house,28.07,421.05
2025-08-04,Olive & Ember Riverside,Management,10,240
2025-08-05,Olive & Ember Riverside,Kitchen,21.05,372.06
2025-08-05,Olive & Ember Riverside,Front of house,26.5,397.5
2025-08-05,Olive & Ember Riverside,Management,10,240
2025-08-06,Olive & Ember Riverside,Kitchen,24.02,424.55
2025-08-06,Olive & Ember Riverside,Front of house,31.61,474.15
2025-08-06,Olive & Ember Riverside,Management,10,240
2025-08-07,Olive & Ember Riverside,Kitchen,25.18,445.06
2025-08-07,Olive & Ember Riverside,Front of house,33.36,500.4
2025-08-07,Olive & Ember Riverside,Management,10,240
2025-08-08,Olive & Ember Riverside,Kitchen,29.63,523.71
2025-08-08,Olive & Ember Riverside,Front of house,39.07,586.05
2025-08-08,Olive & Ember Riverside,Management,10,240
2025-08-09,Olive & Ember Riverside,Kitchen,35.62,629.58
2025-08-09,Olive & Ember Riverside,Front of house,43.69,655.35
2025-08-09,Olive & Ember Riverside,Management,10,240
2025-08-10,Olive & Ember Riverside,Kitchen,27.8,491.37
2025-08-10,Olive & Ember Riverside,Front of house,35.51,532.65
2025-08-10,Olive & Ember Riverside,Management,10,240
2025-08-11,Olive & Ember Riverside,Kitchen,21.6,381.78
2025-08-11,Olive & Ember Riverside,Front of house,25.41,381.15
2025-08-11,Olive & Ember Riverside,Management,10,240
2025-08-12,Olive & Ember Riverside,Kitchen,21.74,384.25
2025-08-12,Olive & Ember Riverside,Front of house,27.37,410.55
2025-08-12,Olive & Ember Riverside,Management,10,240
2025-08-13,Olive & Ember Riverside,Kitchen,23.57,416.6
2025-08-13,Olive & Ember Riverside,Front of house,28.56,428.4
2025-08-13,Olive & Ember Riverside,Management,10,240
2025-08-14,Olive & Ember Riverside,Kitchen,27.27,482
2025-08-14,Olive & Ember Riverside,Front of house,35.61,534.15
2025-08-14,Olive & Ember Riverside,Management,10,240
2025-08-15,Olive & Ember Riverside,Kitchen,31.85,562.95
2025-08-15,Olive & Ember Riverside,Front of house,41.29,619.35
2025-08-15,Olive & Ember Riverside,Management,10,240
2025-08-16,Olive & Ember Riverside,Kitchen,32.17,568.6
2025-08-16,Olive & Ember Riverside,Front of house,39.77,596.55
2025-08-16,Olive & Ember Riverside,Management,10,240
2025-08-17,Olive & Ember Riverside,Kitchen,28.62,505.86
2025-08-17,Olive & Ember Riverside,Front of house,36.28,544.2
2025-08-17,Olive & Ember Riverside,Management,10,240
2025-08-18,Olive & Ember Riverside,Kitchen,19.15,338.48
2025-08-18,Olive & Ember Riverside,Front of house,23.39,350.85
2025-08-18,Olive & Ember Riverside,Management,10,240
2025-08-19,Olive & Ember Riverside,Kitchen,22.47,397.16
2025-08-19,Olive & Ember Riverside,Front of house,28.72,430.8
2025-08-19,Olive & Ember Riverside,Management,10,240
2025-08-20,Olive & Ember Riverside,Kitchen,24.1,425.97
2025-08-20,Olive & Ember Riverside,Front of house,29.17,437.55
2025-08-20,Olive & Ember Riverside,Management,10,240
2025-08-21,Olive & Ember Riverside,Kitchen,25.66,453.54
2025-08-21,Olive & Ember Riverside,Front of house,32.62,489.3
2025-08-21,Olive & Ember Riverside,Management,10,240
2025-08-22,Olive & Ember Riverside,Kitchen,27.58,487.48
2025-08-22,Olive & Ember Riverside,Front of house,34.16,512.4
2025-08-22,Olive & Ember Riverside,Management,10,240
2025-08-23,Olive & Ember Riverside,Kitchen,35.09,620.22
2025-08-23,Olive & Ember Riverside,Front of house,42.15,632.25
2025-08-23,Olive & Ember Riverside,Management,10,240
2025-08-24,Olive & Ember Riverside,Kitchen,27.12,479.35
2025-08-24,Olive & Ember Riverside,Front of house,33.75,506.25
2025-08-24,Olive & Ember Riverside,Management,10,240
2025-08-25,Olive & Ember Riverside,Kitchen,21.58,381.43
2025-08-25,Olive & Ember Riverside,Front of house,28.03,420.45
2025-08-25,Olive & Ember Riverside,Management,10,240
2025-08-26,Olive & Ember Riverside,Kitchen,24.03,424.73
2025-08-26,Olive & Ember Riverside,Front of house,30.78,461.7
2025-08-26,Olive & Ember Riverside,Management,10,240
2025-08-27,Olive & Ember Riverside,Kitchen,22.15,391.5
2025-08-27,Olive & Ember Riverside,Front of house,27.81,417.15
2025-08-27,Olive & Ember Riverside,Management,10,240
2025-08-28,Olive & Ember Riverside,Kitchen,25.92,458.14
2025-08-28,Olive & Ember Riverside,Front of house,35.07,526.05
2025-08-28,Olive & Ember Riverside,Management,10,240
2025-08-29,Olive & Ember Riverside,Kitchen,32.21,569.31
2025-08-29,Olive & Ember Riverside,Front of house,41.56,623.4
2025-08-29,Olive & Ember Riverside,Management,10,240
2025-08-30,Olive & Ember Riverside,Kitchen,32.98,582.92
2025-08-30,Olive & Ember Riverside,Front of house,39.14,587.1
2025-08-30,Olive & Ember Riverside,Management,10,240
2025-08-31,Olive & Ember Riverside,Kitchen,30.86,545.45
2025-08-31,Olive & Ember Riverside,Front of house,37.32,559.8
2025-08-31,Olive & Ember Riverside,Management,10,240
2025-09-01,Olive & Ember Riverside,Kitchen,19.7,348.2
2025-09-01,Olive & Ember Riverside,Front of house,25.13,376.95
2025-09-01,Olive & Ember Riverside,Management,10,240
2025-09-02,Olive & Ember Riverside,Kitchen,19.75,349.08
2025-09-02,Olive & Ember Riverside,Front of house,23.67,355.05
2025-09-02,Olive & Ember Riverside,Management,10,240
2025-09-03,Olive & Ember Riverside,Kitchen,22.75,402.11
2025-09-03,Olive & Ember Riverside,Front of house,27.37,410.55
2025-09-03,Olive & Ember Riverside,Management,10,240
2025-09-04,Olive & Ember Riverside,Kitchen,22.06,389.91
2025-09-04,Olive & Ember Riverside,Front of house,29.72,445.8
2025-09-04,Olive & Ember Riverside,Management,10,240
2025-09-05,Olive & Ember Riverside,Kitchen,27.24,481.47
2025-09-05,Olive & Ember Riverside,Front of house,32.03,480.45
2025-09-05,Olive & Ember Riverside,Management,10,240
2025-09-06,Olive & Ember Riverside,Kitchen,26.39,466.44
2025-09-06,Olive & Ember Riverside,Front of house,33.48,502.2
2025-09-06,Olive & Ember Riverside,Management,10,240
2025-09-07,Olive & Ember Riverside,Kitchen,24.53,433.57
2025-09-07,Olive & Ember Riverside,Front of house,31.5,472.5
2025-09-07,Olive & Ember Riverside,Management,10,240
2025-09-08,Olive & Ember Riverside,Kitchen,17.76,313.91
2025-09-08,Olive & Ember Riverside,Front of house,21.29,319.35
2025-09-08,Olive & Ember Riverside,Management,10,240
2025-09-09,Olive & Ember Riverside,Kitchen,19.16,338.65
2025-09-09,Olive & Ember Riverside,Front of house,25.3,379.5
2025-09-09,Olive & Ember Riverside,Management,10,240
2025-09-10,Olive & Ember Riverside,Kitchen,22.3,394.15
2025-09-10,Olive & Ember Riverside,Front of house,29.45,441.75
2025-09-10,Olive & Ember Riverside,Management,10,240
2025-09-11,Olive & Ember Riverside,Kitchen,20.68,365.52
2025-09-11,Olive & Ember Riverside,Front of house,27.44,411.6
2025-09-11,Olive & Ember Riverside,Management,10,240
2025-09-12,Olive & Ember Riverside,Kitchen,27.51,486.24
2025-09-12,Olive & Ember Riverside,Front of house,35.86,537.9
2025-09-12,Olive & Ember Riverside,Management,10,240
2025-09-13,Olive & Ember Riverside,Kitchen,29.15,515.23
2025-09-13,Olive & Ember Riverside,Front of house,37.95,569.25
2025-09-13,Olive & Ember Riverside,Management,10,240
2025-09-14,Olive & Ember Riverside,Kitchen,25.66,453.54
2025-09-14,Olive & Ember Riverside,Front of house,32.55,488.25
2025-09-14,Olive & Ember Riverside,Management,10,240
2025-09-15,Olive & Ember Riverside,Kitchen,17,300.48
2025-09-15,Olive & Ember Riverside,Front of house,22.85,342.75
2025-09-15,Olive & Ember Riverside,Management,10,240
2025-09-16,Olive & Ember Riverside,Kitchen,21.25,375.59
2025-09-16,Olive & Ember Riverside,Front of house,28.32,424.8
2025-09-16,Olive & Ember Riverside,Management,10,240
2025-09-17,Olive & Ember Riverside,Kitchen,17.73,313.38
2025-09-17,Olive & Ember Riverside,Front of house,24.16,362.4
2025-09-17,Olive & Ember Riverside,Management,10,240
2025-09-18,Olive & Ember Riverside,Kitchen,21.95,387.97
2025-09-18,Olive & Ember Riverside,Front of house,27.98,419.7
2025-09-18,Olive & Ember Riverside,Management,10,240
2025-09-19,Olive & Ember Riverside,Kitchen,26.81,473.87
2025-09-19,Olive & Ember Riverside,Front of house,35.55,533.25
2025-09-19,Olive & Ember Riverside,Management,10,240
2025-09-20,Olive & Ember Riverside,Kitchen,30.15,532.9
2025-09-20,Olive & Ember Riverside,Front of house,37.67,565.05
2025-09-20,Olive & Ember Riverside,Management,10,240
2025-09-21,Olive & Ember Riverside,Kitchen,24.24,428.44
2025-09-21,Olive & Ember Riverside,Front of house,31.81,477.15
2025-09-21,Olive & Ember Riverside,Management,10,240
2025-09-22,Olive & Ember Riverside,Kitchen,16.32,288.46
2025-09-22,Olive & Ember Riverside,Front of house,22.71,340.65
2025-09-22,Olive & Ember Riverside,Management,10,240
2025-09-23,Olive & Ember Riverside,Kitchen,19.02,336.18
2025-09-23,Olive & Ember Riverside,Front of house,26.62,399.3
2025-09-23,Olive & Ember Riverside,Management,10,240
2025-09-24,Olive & Ember Riverside,Kitchen,20.3,358.8
2025-09-24,Olive & Ember Riverside,Front of house,26.58,398.7
2025-09-24,Olive & Ember Riverside,Management,10,240
2025-09-25,Olive & Ember Riverside,Kitchen,25.32,447.53
2025-09-25,Olive & Ember Riverside,Front of house,32.64,489.6
2025-09-25,Olive & Ember Riverside,Management,10,240
2025-09-26,Olive & Ember Riverside,Kitchen,21.87,386.55
2025-09-26,Olive & Ember Riverside,Front of house,28.74,431.1
2025-09-26,Olive & Ember Riverside,Management,10,240
2025-09-27,Olive & Ember Riverside,Kitchen,28.54,504.44
2025-09-27,Olive & Ember Riverside,Front of house,36.09,541.35
2025-09-27,Olive & Ember Riverside,Management,10,240
2025-09-28,Olive & Ember Riverside,Kitchen,23.87,421.9
2025-09-28,Olive & Ember Riverside,Front of house,30.94,464.1
2025-09-28,Olive & Ember Riverside,Management,10,240
2025-09-29,Olive & Ember Riverside,Kitchen,20.17,356.5
2025-09-29,Olive & Ember Riverside,Front of house,23.95,359.25
2025-09-29,Olive & Ember Riverside,Management,10,240
2025-09-30,Olive & Ember Riverside,Kitchen,18.51,327.16
2025-09-30,Olive & Ember Riverside,Front of house,25.67,385.05
2025-09-30,Olive & Ember Riverside,Management,10,240
2025-10-01,Olive & Ember Riverside,Kitchen,17.27,305.25
2025-10-01,Olive & Ember Riverside,Front of house,22.33,334.95
2025-10-01,Olive & Ember Riverside,Management,10,240
2025-10-02,Olive & Ember Riverside,Kitchen,22.91,404.93
2025-10-02,Olive & Ember Riverside,Front of house,27.81,417.15
2025-10-02,Olive & Ember Riverside,Management,10,240
2025-10-03,Olive & Ember Riverside,Kitchen,25.33,447.71
2025-10-03,Olive & Ember Riverside,Front of house,32.53,487.95
2025-10-03,Olive & Ember Riverside,Management,10,240
2025-10-04,Olive & Ember Riverside,Kitchen,24.15,426.85
2025-10-04,Olive & Ember Riverside,Front of house,31.41,471.15
2025-10-04,Olive & Ember Riverside,Management,10,240
2025-10-05,Olive & Ember Riverside,Kitchen,21.14,373.65
2025-10-05,Olive & Ember Riverside,Front of house,27.38,410.7
2025-10-05,Olive & Ember Riverside,Management,10,240
2025-10-06,Olive & Ember Riverside,Kitchen,16.66,294.47
2025-10-06,Olive & Ember Riverside,Front of house,21,315
2025-10-06,Olive & Ember Riverside,Management,10,240
2025-10-07,Olive & Ember Riverside,Kitchen,18.11,320.09
2025-10-07,Olive & Ember Riverside,Front of house,24.94,374.1
2025-10-07,Olive & Ember Riverside,Management,10,240
2025-10-08,Olive & Ember Riverside,Kitchen,19.47,344.13
2025-10-08,Olive & Ember Riverside,Front of house,23.1,346.5
2025-10-08,Olive & Ember Riverside,Management,10,240
2025-10-09,Olive & Ember Riverside,Kitchen,24.42,431.62
2025-10-09,Olive & Ember Riverside,Front of house,29.13,436.95
2025-10-09,Olive & Ember Riverside,Management,10,240
2025-10-10,Olive & Ember Riverside,Kitchen,21.43,378.78
2025-10-10,Olive & Ember Riverside,Front of house,27.24,408.6
2025-10-10,Olive & Ember Riverside,Management,10,240
2025-10-11,Olive & Ember Riverside,Kitchen,25.79,455.84
2025-10-11,Olive & Ember Riverside,Front of house,35.8,537
2025-10-11,Olive & Ember Riverside,Management,10,240
2025-10-12,Olive & Ember Riverside,Kitchen,23.76,419.96
2025-10-12,Olive & Ember Riverside,Front of house,28.47,427.05
2025-10-12,Olive & Ember Riverside,Management,10,240
2025-10-13,Olive & Ember Riverside,Kitchen,19.08,337.24
2025-10-13,Olive & Ember Riverside,Front of house,23.17,347.55
2025-10-13,Olive & Ember Riverside,Management,10,240
2025-10-14,Olive & Ember Riverside,Kitchen,17.44,308.25
2025-10-14,Olive & Ember Riverside,Front of house,22.26,333.9
2025-10-14,Olive & Ember Riverside,Management,10,240
2025-10-15,Olive & Ember Riverside,Kitchen,21.09,372.77
2025-10-15,Olive & Ember Riverside,Front of house,27.54,413.1
2025-10-15,Olive & Ember Riverside,Management,10,240
2025-10-16,Olive & Ember Riverside,Kitchen,23.32,412.18
2025-10-16,Olive & Ember Riverside,Front of house,29.72,445.8
2025-10-16,Olive & Ember Riverside,Management,10,240
2025-10-17,Olive & Ember Riverside,Kitchen,25.21,445.59
2025-10-17,Olive & Ember Riverside,Front of house,30.93,463.95
2025-10-17,Olive & Ember Riverside,Management,10,240
2025-10-18,Olive & Ember Riverside,Kitchen,24.84,439.05
2025-10-18,Olive & Ember Riverside,Front of house,30.27,454.05
2025-10-18,Olive & Ember Riverside,Management,10,240
2025-10-19,Olive & Ember Riverside,Kitchen,23.75,419.78
2025-10-19,Olive & Ember Riverside,Front of house,30.41,456.15
2025-10-19,Olive & Ember Riverside,Management,10,240
2025-10-20,Olive & Ember Riverside,Kitchen,17.78,314.26
2025-10-20,Olive & Ember Riverside,Front of house,23.46,351.9
2025-10-20,Olive & Ember Riverside,Management,10,240
2025-10-21,Olive & Ember Riverside,Kitchen,19.44,343.6
2025-10-21,Olive & Ember Riverside,Front of house,23.25,348.75
2025-10-21,Olive & Ember Riverside,Management,10,240
2025-10-22,Olive & Ember Riverside,Kitchen,17.19,303.83
2025-10-22,Olive & Ember Riverside,Front of house,22.6,339
2025-10-22,Olive & Ember Riverside,Management,10,240
2025-10-23,Olive & Ember Riverside,Kitchen,18.18,321.33
2025-10-23,Olive & Ember Riverside,Front of house,24.08,361.2
2025-10-23,Olive & Ember Riverside,Management,10,240
2025-10-24,Olive & Ember Riverside,Kitchen,22.29,393.98
2025-10-24,Olive & Ember Riverside,Front of house,30.03,450.45
2025-10-24,Olive & Ember Riverside,Management,10,240
2025-10-25,Olive & Ember Riverside,Kitchen,24.11,426.14
2025-10-25,Olive & Ember Riverside,Front of house,33.26,498.9
2025-10-25,Olive & Ember Riverside,Management,10,240
2025-10-26,Olive & Ember Riverside,Kitchen,25.25,446.29
2025-10-26,Olive & Ember Riverside,Front of house,34.71,520.65
2025-10-26,Olive & Ember Riverside,Management,10,240
2025-10-27,Olive & Ember Riverside,Kitchen,17.51,309.49
2025-10-27,Olive & Ember Riverside,Front of house,21.49,322.35
2025-10-27,Olive & Ember Riverside,Management,10,240
2025-10-28,Olive & Ember Riverside,Kitchen,17.33,306.31
2025-10-28,Olive & Ember Riverside,Front of house,22.45,336.75
2025-10-28,Olive & Ember Riverside,Management,10,240
2025-10-29,Olive & Ember Riverside,Kitchen,19.93,352.26
2025-10-29,Olive & Ember Riverside,Front of house,26.09,391.35
2025-10-29,Olive & Ember Riverside,Management,10,240
2025-10-30,Olive & Ember Riverside,Kitchen,23.15,409.18
2025-10-30,Olive & Ember Riverside,Front of house,29.66,444.9
2025-10-30,Olive & Ember Riverside,Management,10,240
2025-10-31,Olive & Ember Riverside,Kitchen,28.13,497.2
2025-10-31,Olive & Ember Riverside,Front of house,33.11,496.65
2025-10-31,Olive & Ember Riverside,Management,10,240
2025-11-01,Olive & Ember Riverside,Kitchen,29.93,529.01
2025-11-01,Olive & Ember Riverside,Front of house,38.01,570.15
2025-11-01,Olive & Ember Riverside,Management,10,240
2025-11-02,Olive & Ember Riverside,Kitchen,20.75,366.76
2025-11-02,Olive & Ember Riverside,Front of house,27.32,409.8
2025-11-02,Olive & Ember Riverside,Management,10,240
2025-11-03,Olive & Ember Riverside,Kitchen,15.56,275.02
2025-11-03,Olive & Ember Riverside,Front of house,21.22,318.3
2025-11-03,Olive & Ember Riverside,Management,10,240
2025-11-04,Olive & Ember Riverside,Kitchen,17.77,314.08
2025-11-04,Olive & Ember Riverside,Front of house,22.24,333.6
2025-11-04,Olive & Ember Riverside,Management,10,240
2025-11-05,Olive & Ember Riverside,Kitchen,21.12,373.3
2025-11-05,Olive & Ember Riverside,Front of house,27.81,417.15
2025-11-05,Olive & Ember Riverside,Management,10,240
2025-11-06,Olive & Ember Riverside,Kitchen,17.66,312.14
2025-11-06,Olive & Ember Riverside,Front of house,22.29,334.35
2025-11-06,Olive & Ember Riverside,Management,10,240
2025-11-07,Olive & Ember Riverside,Kitchen,23.6,417.13
2025-11-07,Olive & Ember Riverside,Front of house,32.51,487.65
2025-11-07,Olive & Ember Riverside,Management,10,240
2025-11-08,Olive & Ember Riverside,Kitchen,22.84,403.7
2025-11-08,Olive & Ember Riverside,Front of house,30.43,456.45
2025-11-08,Olive & Ember Riverside,Management,10,240
2025-11-09,Olive & Ember Riverside,Kitchen,20.75,366.76
2025-11-09,Olive & Ember Riverside,Front of house,25.45,381.75
2025-11-09,Olive & Ember Riverside,Management,10,240
2025-11-10,Olive & Ember Riverside,Kitchen,16.46,290.93
2025-11-10,Olive & Ember Riverside,Front of house,21,315
2025-11-10,Olive & Ember Riverside,Management,10,240
2025-11-11,Olive & Ember Riverside,Kitchen,16.77,296.41
2025-11-11,Olive & Ember Riverside,Front of house,21.96,329.4
2025-11-11,Olive & Ember Riverside,Management,10,240
2025-11-12,Olive & Ember Riverside,Kitchen,19.1,337.59
2025-11-12,Olive & Ember Riverside,Front of house,24.5,367.5
2025-11-12,Olive & Ember Riverside,Management,10,240
2025-11-13,Olive & Ember Riverside,Kitchen,19.27,340.6
2025-11-13,Olive & Ember Riverside,Front of house,23.24,348.6
2025-11-13,Olive & Ember Riverside,Management,10,240
2025-11-14,Olive & Ember Riverside,Kitchen,26.83,474.22
2025-11-14,Olive & Ember Riverside,Front of house,33.61,504.15
2025-11-14,Olive & Ember Riverside,Management,10,240
2025-11-15,Olive & Ember Riverside,Kitchen,25.87,457.25
2025-11-15,Olive & Ember Riverside,Front of house,31.21,468.15
2025-11-15,Olive & Ember Riverside,Management,10,240
2025-11-16,Olive & Ember Riverside,Kitchen,22.35,395.04
2025-11-16,Olive & Ember Riverside,Front of house,27.77,416.55
2025-11-16,Olive & Ember Riverside,Management,10,240
2025-11-17,Olive & Ember Riverside,Kitchen,16.88,298.35
2025-11-17,Olive & Ember Riverside,Front of house,22.43,336.45
2025-11-17,Olive & Ember Riverside,Management,10,240
2025-11-18,Olive & Ember Riverside,Kitchen,17.66,312.14
2025-11-18,Olive & Ember Riverside,Front of house,23.3,349.5
2025-11-18,Olive & Ember Riverside,Management,10,240
2025-11-19,Olive & Ember Riverside,Kitchen,17.94,317.09
2025-11-19,Olive & Ember Riverside,Front of house,22.75,341.25
2025-11-19,Olive & Ember Riverside,Management,10,240
2025-11-20,Olive & Ember Riverside,Kitchen,17.27,305.25
2025-11-20,Olive & Ember Riverside,Front of house,21.26,318.9
2025-11-20,Olive & Ember Riverside,Management,10,240
2025-11-21,Olive & Ember Riverside,Kitchen,24.45,432.15
2025-11-21,Olive & Ember Riverside,Front of house,31.44,471.6
2025-11-21,Olive & Ember Riverside,Management,10,240
2025-11-22,Olive & Ember Riverside,Kitchen,24.81,438.52
2025-11-22,Olive & Ember Riverside,Front of house,32.46,486.9
2025-11-22,Olive & Ember Riverside,Management,10,240
2025-11-23,Olive & Ember Riverside,Kitchen,21.61,381.96
2025-11-23,Olive & Ember Riverside,Front of house,25.33,379.95
2025-11-23,Olive & Ember Riverside,Management,10,240
2025-11-24,Olive & Ember Riverside,Kitchen,17.55,310.2
2025-11-24,Olive & Ember Riverside,Front of house,22.23,333.45
2025-11-24,Olive & Ember Riverside,Management,10,240
2025-11-25,Olive & Ember Riverside,Kitchen,17.76,313.91
2025-11-25,Olive & Ember Riverside,Front of house,22.58,338.7
2025-11-25,Olive & Ember Riverside,Management,10,240
2025-11-26,Olive & Ember Riverside,Kitchen,20.1,355.27
2025-11-26,Olive & Ember Riverside,Front of house,24.67,370.05
2025-11-26,Olive & Ember Riverside,Management,10,240
2025-11-27,Olive & Ember Riverside,Kitchen,19.18,339.01
2025-11-27,Olive & Ember Riverside,Front of house,24.21,363.15
2025-11-27,Olive & Ember Riverside,Management,10,240
2025-11-28,Olive & Ember Riverside,Kitchen,25.19,445.23
2025-11-28,Olive & Ember Riverside,Front of house,30.81,462.15
2025-11-28,Olive & Ember Riverside,Management,10,240
2025-11-29,Olive & Ember Riverside,Kitchen,24.16,427.03
2025-11-29,Olive & Ember Riverside,Front of house,29.68,445.2
2025-11-29,Olive & Ember Riverside,Management,10,240
2025-11-30,Olive & Ember Riverside,Kitchen,20.53,362.87
2025-11-30,Olive & Ember Riverside,Front of house,26.42,396.3
2025-11-30,Olive & Ember Riverside,Management,10,240
2025-12-01,Olive & Ember Riverside,Kitchen,18.9,334.06
2025-12-01,Olive & Ember Riverside,Front of house,26.45,396.75
2025-12-01,Olive & Ember Riverside,Management,10,240
2025-12-02,Olive & Ember Riverside,Kitchen,21.11,373.12
2025-12-02,Olive & Ember Riverside,Front of house,24.74,371.1
2025-12-02,Olive & Ember Riverside,Management,10,240
2025-12-03,Olive & Ember Riverside,Kitchen,19.61,346.61
2025-12-03,Olive & Ember Riverside,Front of house,25.87,388.05
2025-12-03,Olive & Ember Riverside,Management,10,240
2025-12-04,Olive & Ember Riverside,Kitchen,19.31,341.3
2025-12-04,Olive & Ember Riverside,Front of house,24.35,365.25
2025-12-04,Olive & Ember Riverside,Management,10,240
2025-12-05,Olive & Ember Riverside,Kitchen,27.26,481.82
2025-12-05,Olive & Ember Riverside,Front of house,37.66,564.9
2025-12-05,Olive & Ember Riverside,Management,10,240
2025-12-06,Olive & Ember Riverside,Kitchen,30.06,531.31
2025-12-06,Olive & Ember Riverside,Front of house,36.33,544.95
2025-12-06,Olive & Ember Riverside,Management,10,240
2025-12-07,Olive & Ember Riverside,Kitchen,24.73,437.1
2025-12-07,Olive & Ember Riverside,Front of house,28.93,433.95
2025-12-07,Olive & Ember Riverside,Management,10,240
2025-12-08,Olive & Ember Riverside,Kitchen,18.02,318.5
2025-12-08,Olive & Ember Riverside,Front of house,22.67,340.05
2025-12-08,Olive & Ember Riverside,Management,10,240
2025-12-09,Olive & Ember Riverside,Kitchen,19.16,338.65
2025-12-09,Olive & Ember Riverside,Front of house,25.96,389.4
2025-12-09,Olive & Ember Riverside,Management,10,240
2025-12-10,Olive & Ember Riverside,Kitchen,17.18,303.66
2025-12-10,Olive & Ember Riverside,Front of house,23.74,356.1
2025-12-10,Olive & Ember Riverside,Management,10,240
2025-12-11,Olive & Ember Riverside,Kitchen,20.47,361.81
2025-12-11,Olive & Ember Riverside,Front of house,27.54,413.1
2025-12-11,Olive & Ember Riverside,Management,10,240
2025-12-12,Olive & Ember Riverside,Kitchen,26.96,476.52
2025-12-12,Olive & Ember Riverside,Front of house,33.86,507.9
2025-12-12,Olive & Ember Riverside,Management,10,240
2025-12-13,Olive & Ember Riverside,Kitchen,26.43,467.15
2025-12-13,Olive & Ember Riverside,Front of house,35.2,528
2025-12-13,Olive & Ember Riverside,Management,10,240
2025-12-14,Olive & Ember Riverside,Kitchen,26.11,461.49
2025-12-14,Olive & Ember Riverside,Front of house,30.65,459.75
2025-12-14,Olive & Ember Riverside,Management,10,240
2025-12-15,Olive & Ember Riverside,Kitchen,21.06,372.24
2025-12-15,Olive & Ember Riverside,Front of house,25.64,384.6
2025-12-15,Olive & Ember Riverside,Management,10,240
2025-12-16,Olive & Ember Riverside,Kitchen,17.93,316.91
2025-12-16,Olive & Ember Riverside,Front of house,23.33,349.95
2025-12-16,Olive & Ember Riverside,Management,10,240
2025-12-17,Olive & Ember Riverside,Kitchen,18.92,334.41
2025-12-17,Olive & Ember Riverside,Front of house,23.63,354.45
2025-12-17,Olive & Ember Riverside,Management,10,240
2025-12-18,Olive & Ember Riverside,Kitchen,22.04,389.56
2025-12-18,Olive & Ember Riverside,Front of house,28.53,427.95
2025-12-18,Olive & Ember Riverside,Management,10,240
2025-12-19,Olive & Ember Riverside,Kitchen,26.14,462.02
2025-12-19,Olive & Ember Riverside,Front of house,34.18,512.7
2025-12-19,Olive & Ember Riverside,Management,10,240
2025-12-20,Olive & Ember Riverside,Kitchen,23.56,416.42
2025-12-20,Olive & Ember Riverside,Front of house,31.69,475.35
2025-12-20,Olive & Ember Riverside,Management,10,240
2025-12-21,Olive & Ember Riverside,Kitchen,26.56,469.45
2025-12-21,Olive & Ember Riverside,Front of house,31.06,465.9
2025-12-21,Olive & Ember Riverside,Management,10,240
2025-12-22,Olive & Ember Riverside,Kitchen,16.71,295.35
2025-12-22,Olive & Ember Riverside,Front of house,20.46,306.9
2025-12-22,Olive & Ember Riverside,Management,10,240
2025-12-23,Olive & Ember Riverside,Kitchen,17.6,311.08
2025-12-23,Olive & Ember Riverside,Front of house,22.84,342.6
2025-12-23,Olive & Ember Riverside,Management,10,240
2025-12-24,Olive & Ember Riverside,Kitchen,19.75,349.08
2025-12-24,Olive & Ember Riverside,Front of house,27.13,406.95
2025-12-24,Olive & Ember Riverside,Management,10,240
2025-12-25,Olive & Ember Riverside,Kitchen,22.61,399.63
2025-12-25,Olive & Ember Riverside,Front of house,28.92,433.8
2025-12-25,Olive & Ember Riverside,Management,10,240
2025-12-26,Olive & Ember Riverside,Kitchen,26.32,465.21
2025-12-26,Olive & Ember Riverside,Front of house,34.92,523.8
2025-12-26,Olive & Ember Riverside,Management,10,240
2025-12-27,Olive & Ember Riverside,Kitchen,28.33,500.73
2025-12-27,Olive & Ember Riverside,Front of house,35.74,536.1
2025-12-27,Olive & Ember Riverside,Management,10,240
2025-12-28,Olive & Ember Riverside,Kitchen,21.56,381.07
2025-12-28,Olive & Ember Riverside,Front of house,26.72,400.8
2025-12-28,Olive & Ember Riverside,Management,10,240
2025-12-29,Olive & Ember Riverside,Kitchen,20.2,357.04
2025-12-29,Olive & Ember Riverside,Front of house,25.63,384.45
2025-12-29,Olive & Ember Riverside,Management,10,240
2025-12-30,Olive & Ember Riverside,Kitchen,18.45,326.1
2025-12-30,Olive & Ember Riverside,Front of house,21.43,321.45
2025-12-30,Olive & Ember Riverside,Management,10,240
2025-12-31,Olive & Ember Riverside,Kitchen,20.64,364.81
2025-12-31,Olive & Ember Riverside,Front of house,27.06,405.9
2025-12-31,Olive & Ember Riverside,Management,10,240
2026-01-01,Olive & Ember Riverside,Kitchen,18.94,334.76
2026-01-01,Olive & Ember Riverside,Front of house,25.54,383.1
2026-01-01,Olive & Ember Riverside,Management,10,240
2026-01-02,Olive & Ember Riverside,Kitchen,22.98,406.17
2026-01-02,Olive & Ember Riverside,Front of house,28.91,433.65
2026-01-02,Olive & Ember Riverside,Management,10,240
2026-01-03,Olive & Ember Riverside,Kitchen,29.09,514.17
2026-01-03,Olive & Ember Riverside,Front of house,35.41,531.15
2026-01-03,Olive & Ember Riverside,Management,10,240
2026-01-04,Olive & Ember Riverside,Kitchen,20.93,369.94
2026-01-04,Olive & Ember Riverside,Front of house,25.71,385.65
2026-01-04,Olive & Ember Riverside,Management,10,240
2026-01-05,Olive & Ember Riverside,Kitchen,14.09,249.04
2026-01-05,Olive & Ember Riverside,Front of house,19.88,298.2
2026-01-05,Olive & Ember Riverside,Management,10,240
2026-01-06,Olive & Ember Riverside,Kitchen,16.11,284.74
2026-01-06,Olive & Ember Riverside,Front of house,22.48,337.2
2026-01-06,Olive & Ember Riverside,Management,10,240
2026-01-07,Olive & Ember Riverside,Kitchen,17.34,306.48
2026-01-07,Olive & Ember Riverside,Front of house,22.15,332.25
2026-01-07,Olive & Ember Riverside,Management,10,240
2026-01-08,Olive & Ember Riverside,Kitchen,18.78,331.94
2026-01-08,Olive & Ember Riverside,Front of house,23.51,352.65
2026-01-08,Olive & Ember Riverside,Management,10,240
2026-01-09,Olive & Ember Riverside,Kitchen,22.52,398.04
2026-01-09,Olive & Ember Riverside,Front of house,29.37,440.55
2026-01-09,Olive & Ember Riverside,Management,10,240
2026-01-10,Olive & Ember Riverside,Kitchen,25.84,456.72
2026-01-10,Olive & Ember Riverside,Front of house,32.11,481.65
2026-01-10,Olive & Ember Riverside,Management,10,240
2026-01-11,Olive & Ember Riverside,Kitchen,21.6,381.78
2026-01-11,Olive & Ember Riverside,Front of house,29.29,439.35
2026-01-11,Olive & Ember Riverside,Management,10,240
2026-01-12,Olive & Ember Riverside,Kitchen,16.33,288.63
2026-01-12,Olive & Ember Riverside,Front of house,20.49,307.35
2026-01-12,Olive & Ember Riverside,Management,10,240
2026-01-13,Olive & Ember Riverside,Kitchen,16.83,297.47
2026-01-13,Olive & Ember Riverside,Front of house,22.4,336
2026-01-13,Olive & Ember Riverside,Management,10,240
2026-01-14,Olive & Ember Riverside,Kitchen,16.9,298.71
2026-01-14,Olive & Ember Riverside,Front of house,21,315
2026-01-14,Olive & Ember Riverside,Management,10,240
2026-01-15,Olive & Ember Riverside,Kitchen,18.6,328.76
2026-01-15,Olive & Ember Riverside,Front of house,22.28,334.2
2026-01-15,Olive & Ember Riverside,Management,10,240
2026-01-16,Olive & Ember Riverside,Kitchen,20.92,369.76
2026-01-16,Olive & Ember Riverside,Front of house,26.16,392.4
2026-01-16,Olive & Ember Riverside,Management,10,240
2026-01-17,Olive & Ember Riverside,Kitchen,25.9,457.78
2026-01-17,Olive & Ember Riverside,Front of house,35.26,528.9
2026-01-17,Olive & Ember Riverside,Management,10,240
2026-01-18,Olive & Ember Riverside,Kitchen,19.31,341.3
2026-01-18,Olive & Ember Riverside,Front of house,25.94,389.1
2026-01-18,Olive & Ember Riverside,Management,10,240
2026-01-19,Olive & Ember Riverside,Kitchen,15,265.13
2026-01-19,Olive & Ember Riverside,Front of house,18.92,283.8
2026-01-19,Olive & Ember Riverside,Management,10,240
2026-01-20,Olive & Ember Riverside,Kitchen,15.25,269.54
2026-01-20,Olive & Ember Riverside,Front of house,19.2,288
2026-01-20,Olive & Ember Riverside,Management,10,240
2026-01-21,Olive & Ember Riverside,Kitchen,19.27,340.6
2026-01-21,Olive & Ember Riverside,Front of house,26.52,397.8
2026-01-21,Olive & Ember Riverside,Management,10,240
2026-01-22,Olive & Ember Riverside,Kitchen,18.78,331.94
2026-01-22,Olive & Ember Riverside,Front of house,22.78,341.7
2026-01-22,Olive & Ember Riverside,Management,10,240
2026-01-23,Olive & Ember Riverside,Kitchen,20.54,363.04
2026-01-23,Olive & Ember Riverside,Front of house,27.3,409.5
2026-01-23,Olive & Ember Riverside,Management,10,240
2026-01-24,Olive & Ember Riverside,Kitchen,23.04,407.23
2026-01-24,Olive & Ember Riverside,Front of house,30.36,455.4
2026-01-24,Olive & Ember Riverside,Management,10,240
2026-01-25,Olive & Ember Riverside,Kitchen,23.19,409.88
2026-01-25,Olive & Ember Riverside,Front of house,28.65,429.75
2026-01-25,Olive & Ember Riverside,Management,10,240
2026-01-26,Olive & Ember Riverside,Kitchen,15.91,281.21
2026-01-26,Olive & Ember Riverside,Front of house,19.84,297.6
2026-01-26,Olive & Ember Riverside,Management,10,240
2026-01-27,Olive & Ember Riverside,Kitchen,16.95,299.59
2026-01-27,Olive & Ember Riverside,Front of house,20.94,314.1
2026-01-27,Olive & Ember Riverside,Management,10,240
2026-01-28,Olive & Ember Riverside,Kitchen,17.3,305.78
2026-01-28,Olive & Ember Riverside,Front of house,21.82,327.3
2026-01-28,Olive & Ember Riverside,Management,10,240
2026-01-29,Olive & Ember Riverside,Kitchen,20.04,354.21
2026-01-29,Olive & Ember Riverside,Front of house,25.69,385.35
2026-01-29,Olive & Ember Riverside,Management,10,240
2026-01-30,Olive & Ember Riverside,Kitchen,23.43,414.13
2026-01-30,Olive & Ember Riverside,Front of house,27.53,412.95
2026-01-30,Olive & Ember Riverside,Management,10,240
2026-01-31,Olive & Ember Riverside,Kitchen,26.44,467.33
2026-01-31,Olive & Ember Riverside,Front of house,32.67,490.05
2026-01-31,Olive & Ember Riverside,Management,10,240
2026-02-01,Olive & Ember Riverside,Kitchen,24.06,425.26
2026-02-01,Olive & Ember Riverside,Front of house,30.45,456.75
2026-02-01,Olive & Ember Riverside,Management,10,240
2026-02-02,Olive & Ember Riverside,Kitchen,19.24,340.07
2026-02-02,Olive & Ember Riverside,Front of house,23.19,347.85
2026-02-02,Olive & Ember Riverside,Management,10,240
2026-02-03,Olive & Ember Riverside,Kitchen,16.61,293.58
2026-02-03,Olive & Ember Riverside,Front of house,21.05,315.75
2026-02-03,Olive & Ember Riverside,Management,10,240
2026-02-04,Olive & Ember Riverside,Kitchen,18.71,330.7
2026-02-04,Olive & Ember Riverside,Front of house,24.75,371.25
2026-02-04,Olive & Ember Riverside,Management,10,240
2026-02-05,Olive & Ember Riverside,Kitchen,19.5,344.66
2026-02-05,Olive & Ember Riverside,Front of house,24.55,368.25
2026-02-05,Olive & Ember Riverside,Management,10,240
2026-02-06,Olive & Ember Riverside,Kitchen,25.45,449.83
2026-02-06,Olive & Ember Riverside,Front of house,33.41,501.15
2026-02-06,Olive & Ember Riverside,Management,10,240
2026-02-07,Olive & Ember Riverside,Kitchen,24.13,426.5
2026-02-07,Olive & Ember Riverside,Front of house,29.59,443.85
2026-02-07,Olive & Ember Riverside,Management,10,240
2026-02-08,Olive & Ember Riverside,Kitchen,21.75,384.43
2026-02-08,Olive & Ember Riverside,Front of house,28.75,431.25
2026-02-08,Olive & Ember Riverside,Management,10,240
2026-02-09,Olive & Ember Riverside,Kitchen,15.29,270.25
2026-02-09,Olive & Ember Riverside,Front of house,19.67,295.05
2026-02-09,Olive & Ember Riverside,Management,10,240
2026-02-10,Olive & Ember Riverside,Kitchen,17.81,314.79
2026-02-10,Olive & Ember Riverside,Front of house,21.36,320.4
2026-02-10,Olive & Ember Riverside,Management,10,240
2026-02-11,Olive & Ember Riverside,Kitchen,18.23,322.22
2026-02-11,Olive & Ember Riverside,Front of house,24.49,367.35
2026-02-11,Olive & Ember Riverside,Management,10,240
2026-02-12,Olive & Ember Riverside,Kitchen,21.07,372.41
2026-02-12,Olive & Ember Riverside,Front of house,26.09,391.35
2026-02-12,Olive & Ember Riverside,Management,10,240
2026-02-13,Olive & Ember Riverside,Kitchen,23.52,415.72
2026-02-13,Olive & Ember Riverside,Front of house,29.41,441.15
2026-02-13,Olive & Ember Riverside,Management,10,240
2026-02-14,Olive & Ember Riverside,Kitchen,25.43,449.48
2026-02-14,Olive & Ember Riverside,Front of house,31.67,475.05
2026-02-14,Olive & Ember Riverside,Management,10,240
2026-02-15,Olive & Ember Riverside,Kitchen,20.61,364.28
2026-02-15,Olive & Ember Riverside,Front of house,25.97,389.55
2026-02-15,Olive & Ember Riverside,Management,10,240
2026-02-16,Olive & Ember Riverside,Kitchen,16.35,288.99
2026-02-16,Olive & Ember Riverside,Front of house,19.69,295.35
2026-02-16,Olive & Ember Riverside,Management,10,240
2026-02-17,Olive & Ember Riverside,Kitchen,16.04,283.51
2026-02-17,Olive & Ember Riverside,Front of house,20.68,310.2
2026-02-17,Olive & Ember Riverside,Management,10,240
2026-02-18,Olive & Ember Riverside,Kitchen,17.58,310.73
2026-02-18,Olive & Ember Riverside,Front of house,21.22,318.3
2026-02-18,Olive & Ember Riverside,Management,10,240
2026-02-19,Olive & Ember Riverside,Kitchen,21.17,374.18
2026-02-19,Olive & Ember Riverside,Front of house,27.99,419.85
2026-02-19,Olive & Ember Riverside,Management,10,240
2026-02-20,Olive & Ember Riverside,Kitchen,22.91,404.93
2026-02-20,Olive & Ember Riverside,Front of house,29.87,448.05
2026-02-20,Olive & Ember Riverside,Management,10,240
2026-02-21,Olive & Ember Riverside,Kitchen,26.7,471.92
2026-02-21,Olive & Ember Riverside,Front of house,34.25,513.75
2026-02-21,Olive & Ember Riverside,Management,10,240
2026-02-22,Olive & Ember Riverside,Kitchen,20.28,358.45
2026-02-22,Olive & Ember Riverside,Front of house,26.78,401.7
2026-02-22,Olive & Ember Riverside,Management,10,240
2026-02-23,Olive & Ember Riverside,Kitchen,17.82,314.97
2026-02-23,Olive & Ember Riverside,Front of house,22.62,339.3
2026-02-23,Olive & Ember Riverside,Management,10,240
2026-02-24,Olive & Ember Riverside,Kitchen,15.06,266.19
2026-02-24,Olive & Ember Riverside,Front of house,20.01,300.15
2026-02-24,Olive & Ember Riverside,Management,10,240
2026-02-25,Olive & Ember Riverside,Kitchen,16.53,292.17
2026-02-25,Olive & Ember Riverside,Front of house,22.72,340.8
2026-02-25,Olive & Ember Riverside,Management,10,240
2026-02-26,Olive & Ember Riverside,Kitchen,20.24,357.74
2026-02-26,Olive & Ember Riverside,Front of house,26.21,393.15
2026-02-26,Olive & Ember Riverside,Management,10,240
2026-02-27,Olive & Ember Riverside,Kitchen,23.22,410.41
2026-02-27,Olive & Ember Riverside,Front of house,31.75,476.25
2026-02-27,Olive & Ember Riverside,Management,10,240
2026-02-28,Olive & Ember Riverside,Kitchen,26.01,459.73
2026-02-28,Olive & Ember Riverside,Front of house,31.77,476.55
2026-02-28,Olive & Ember Riverside,Management,10,240
2026-03-01,Olive & Ember Riverside,Kitchen,21.42,378.6
2026-03-01,Olive & Ember Riverside,Front of house,28.74,431.1
2026-03-01,Olive & Ember Riverside,Management,10,240
2026-03-02,Olive & Ember Riverside,Kitchen,16.86,298
2026-03-02,Olive & Ember Riverside,Front of house,22.03,330.45
2026-03-02,Olive & Ember Riverside,Management,10,240
2026-03-03,Olive & Ember Riverside,Kitchen,17.84,315.32
2026-03-03,Olive & Ember Riverside,Front of house,21.46,321.9
2026-03-03,Olive & Ember Riverside,Management,10,240
2026-03-04,Olive & Ember Riverside,Kitchen,16.85,297.82
2026-03-04,Olive & Ember Riverside,Front of house,20.65,309.75
2026-03-04,Olive & Ember Riverside,Management,10,240
2026-03-05,Olive & Ember Riverside,Kitchen,19.44,343.6
2026-03-05,Olive & Ember Riverside,Front of house,24.89,373.35
2026-03-05,Olive & Ember Riverside,Management,10,240
2026-03-06,Olive & Ember Riverside,Kitchen,27.42,484.65
2026-03-06,Olive & Ember Riverside,Front of house,34.99,524.85
2026-03-06,Olive & Ember Riverside,Management,10,240
2026-03-07,Olive & Ember Riverside,Kitchen,24.53,433.57
2026-03-07,Olive & Ember Riverside,Front of house,32.09,481.35
2026-03-07,Olive & Ember Riverside,Management,10,240
2026-03-08,Olive & Ember Riverside,Kitchen,21.32,376.83
2026-03-08,Olive & Ember Riverside,Front of house,28.16,422.4
2026-03-08,Olive & Ember Riverside,Management,10,240
2026-03-09,Olive & Ember Riverside,Kitchen,15.08,266.54
2026-03-09,Olive & Ember Riverside,Front of house,20.07,301.05
2026-03-09,Olive & Ember Riverside,Management,10,240
2026-03-10,Olive & Ember Riverside,Kitchen,19.28,340.77
2026-03-10,Olive & Ember Riverside,Front of house,24.27,364.05
2026-03-10,Olive & Ember Riverside,Management,10,240
2026-03-11,Olive & Ember Riverside,Kitchen,19.27,340.6
2026-03-11,Olive & Ember Riverside,Front of house,24.28,364.2
2026-03-11,Olive & Ember Riverside,Management,10,240
2026-03-12,Olive & Ember Riverside,Kitchen,20.82,367.99
2026-03-12,Olive & Ember Riverside,Front of house,26.89,403.35
2026-03-12,Olive & Ember Riverside,Management,10,240
2026-03-13,Olive & Ember Riverside,Kitchen,23.55,416.25
2026-03-13,Olive & Ember Riverside,Front of house,28.83,432.45
2026-03-13,Olive & Ember Riverside,Management,10,240
2026-03-14,Olive & Ember Riverside,Kitchen,26.04,460.26
2026-03-14,Olive & Ember Riverside,Front of house,32.17,482.55
2026-03-14,Olive & Ember Riverside,Management,10,240
2026-03-15,Olive & Ember Riverside,Kitchen,23.12,408.65
2026-03-15,Olive & Ember Riverside,Front of house,29.16,437.4
2026-03-15,Olive & Ember Riverside,Management,10,240
2026-03-16,Olive & Ember Riverside,Kitchen,15.6,275.73
2026-03-16,Olive & Ember Riverside,Front of house,20.5,307.5
2026-03-16,Olive & Ember Riverside,Management,10,240
2026-03-17,Olive & Ember Riverside,Kitchen,17.69,312.67
2026-03-17,Olive & Ember Riverside,Front of house,23.22,348.3
2026-03-17,Olive & Ember Riverside,Management,10,240
2026-03-18,Olive & Ember Riverside,Kitchen,19.14,338.3
2026-03-18,Olive & Ember Riverside,Front of house,25.59,383.85
2026-03-18,Olive & Ember Riverside,Management,10,240
2026-03-19,Olive & Ember Riverside,Kitchen,21.1,372.94
2026-03-19,Olive & Ember Riverside,Front of house,27.33,409.95
2026-03-19,Olive & Ember Riverside,Management,10,240
2026-03-20,Olive & Ember Riverside,Kitchen,27.72,489.95
2026-03-20,Olive & Ember Riverside,Front of house,37.32,559.8
2026-03-20,Olive & Ember Riverside,Management,10,240
2026-03-21,Olive & Ember Riverside,Kitchen,26.22,463.44
2026-03-21,Olive & Ember Riverside,Front of house,36.1,541.5
2026-03-21,Olive & Ember Riverside,Management,10,240
2026-03-22,Olive & Ember Riverside,Kitchen,22.81,403.17
2026-03-22,Olive & Ember Riverside,Front of house,28.91,433.65
2026-03-22,Olive & Ember Riverside,Management,10,240
2026-03-23,Olive & Ember Riverside,Kitchen,16.33,288.63
2026-03-23,Olive & Ember Riverside,Front of house,22.25,333.75
2026-03-23,Olive & Ember Riverside,Management,10,240
2026-03-24,Olive & Ember Riverside,Kitchen,17.1,302.24
2026-03-24,Olive & Ember Riverside,Front of house,22.09,331.35
2026-03-24,Olive & Ember Riverside,Management,10,240
2026-03-25,Olive & Ember Riverside,Kitchen,19.87,351.2
2026-03-25,Olive & Ember Riverside,Front of house,24.16,362.4
2026-03-25,Olive & Ember Riverside,Management,10,240
2026-03-26,Olive & Ember Riverside,Kitchen,23,406.53
2026-03-26,Olive & Ember Riverside,Front of house,27.72,415.8
2026-03-26,Olive & Ember Riverside,Management,10,240
2026-03-27,Olive & Ember Riverside,Kitchen,23.03,407.06
2026-03-27,Olive & Ember Riverside,Front of house,29.55,443.25
2026-03-27,Olive & Ember Riverside,Management,10,240
2026-03-28,Olive & Ember Riverside,Kitchen,29.89,528.31
2026-03-28,Olive & Ember Riverside,Front of house,37.73,565.95
2026-03-28,Olive & Ember Riverside,Management,10,240
2026-03-29,Olive & Ember Riverside,Kitchen,23.4,413.6
2026-03-29,Olive & Ember Riverside,Front of house,31.11,466.65
2026-03-29,Olive & Ember Riverside,Management,10,240
2026-03-30,Olive & Ember Riverside,Kitchen,18.18,321.33
2026-03-30,Olive & Ember Riverside,Front of house,23.97,359.55
2026-03-30,Olive & Ember Riverside,Management,10,240
2026-03-31,Olive & Ember Riverside,Kitchen,20.33,359.33
2026-03-31,Olive & Ember Riverside,Front of house,25.47,382.05
2026-03-31,Olive & Ember Riverside,Management,10,240
2026-04-01,Olive & Ember Riverside,Kitchen,23.16,429.82
2026-04-01,Olive & Ember Riverside,Front of house,27.22,428.72
2026-04-01,Olive & Ember Riverside,Management,10,252
2026-04-02,Olive & Ember Riverside,Kitchen,22.79,422.95
2026-04-02,Olive & Ember Riverside,Front of house,28.15,443.36
2026-04-02,Olive & Ember Riverside,Management,10,252
2026-04-03,Olive & Ember Riverside,Kitchen,25.49,473.06
2026-04-03,Olive & Ember Riverside,Front of house,33.14,521.96
2026-04-03,Olive & Ember Riverside,Management,10,252
2026-04-04,Olive & Ember Riverside,Kitchen,28.57,530.22
2026-04-04,Olive & Ember Riverside,Front of house,36.22,570.47
2026-04-04,Olive & Ember Riverside,Management,10,252
2026-04-05,Olive & Ember Riverside,Kitchen,23.47,435.57
2026-04-05,Olive & Ember Riverside,Front of house,31.84,501.48
2026-04-05,Olive & Ember Riverside,Management,10,252
2026-04-06,Olive & Ember Riverside,Kitchen,18.37,340.92
2026-04-06,Olive & Ember Riverside,Front of house,22.72,357.84
2026-04-06,Olive & Ember Riverside,Management,10,252
2026-04-07,Olive & Ember Riverside,Kitchen,21.84,405.32
2026-04-07,Olive & Ember Riverside,Front of house,28.68,451.71
2026-04-07,Olive & Ember Riverside,Management,10,252
2026-04-08,Olive & Ember Riverside,Kitchen,21.1,391.59
2026-04-08,Olive & Ember Riverside,Front of house,25.34,399.11
2026-04-08,Olive & Ember Riverside,Management,10,252
2026-04-09,Olive & Ember Riverside,Kitchen,24.44,453.58
2026-04-09,Olive & Ember Riverside,Front of house,31.43,495.02
2026-04-09,Olive & Ember Riverside,Management,10,252
2026-04-10,Olive & Ember Riverside,Kitchen,27.53,510.92
2026-04-10,Olive & Ember Riverside,Front of house,35.12,553.14
2026-04-10,Olive & Ember Riverside,Management,10,252
2026-04-11,Olive & Ember Riverside,Kitchen,28.99,538.02
2026-04-11,Olive & Ember Riverside,Front of house,40,630
2026-04-11,Olive & Ember Riverside,Management,10,252
2026-04-12,Olive & Ember Riverside,Kitchen,24.29,450.79
2026-04-12,Olive & Ember Riverside,Front of house,29.82,469.67
2026-04-12,Olive & Ember Riverside,Management,10,252
2026-04-13,Olive & Ember Riverside,Kitchen,18.71,347.23
2026-04-13,Olive & Ember Riverside,Front of house,22.63,356.42
2026-04-13,Olive & Ember Riverside,Management,10,252
2026-04-14,Olive & Ember Riverside,Kitchen,20.92,388.25
2026-04-14,Olive & Ember Riverside,Front of house,26.86,423.05
2026-04-14,Olive & Ember Riverside,Management,10,252
2026-04-15,Olive & Ember Riverside,Kitchen,20.33,377.3
2026-04-15,Olive & Ember Riverside,Front of house,27.2,428.4
2026-04-15,Olive & Ember Riverside,Management,10,252
2026-04-16,Olive & Ember Riverside,Kitchen,21.83,405.14
2026-04-16,Olive & Ember Riverside,Front of house,29.24,460.53
2026-04-16,Olive & Ember Riverside,Management,10,252
2026-04-17,Olive & Ember Riverside,Kitchen,26.33,488.65
2026-04-17,Olive & Ember Riverside,Front of house,32.15,506.36
2026-04-17,Olive & Ember Riverside,Management,10,252
2026-04-18,Olive & Ember Riverside,Kitchen,31.22,579.4
2026-04-18,Olive & Ember Riverside,Front of house,38,598.5
2026-04-18,Olive & Ember Riverside,Management,10,252
2026-04-19,Olive & Ember Riverside,Kitchen,26.13,484.94
2026-04-19,Olive & Ember Riverside,Front of house,31.97,503.53
2026-04-19,Olive & Ember Riverside,Management,10,252
2026-04-20,Olive & Ember Riverside,Kitchen,20.04,371.92
2026-04-20,Olive & Ember Riverside,Front of house,25.91,408.08
2026-04-20,Olive & Ember Riverside,Management,10,252
2026-04-21,Olive & Ember Riverside,Kitchen,19.55,362.82
2026-04-21,Olive & Ember Riverside,Front of house,24.16,380.52
2026-04-21,Olive & Ember Riverside,Management,10,252
2026-04-22,Olive & Ember Riverside,Kitchen,21.41,397.34
2026-04-22,Olive & Ember Riverside,Front of house,27.91,439.58
2026-04-22,Olive & Ember Riverside,Management,10,252
2026-04-23,Olive & Ember Riverside,Kitchen,20.42,378.97
2026-04-23,Olive & Ember Riverside,Front of house,25,393.75
2026-04-23,Olive & Ember Riverside,Management,10,252
2026-04-24,Olive & Ember Riverside,Kitchen,26.73,496.08
2026-04-24,Olive & Ember Riverside,Front of house,33.96,534.87
2026-04-24,Olive & Ember Riverside,Management,10,252
2026-04-25,Olive & Ember Riverside,Kitchen,28.55,529.85
2026-04-25,Olive & Ember Riverside,Front of house,37.15,585.11
2026-04-25,Olive & Ember Riverside,Management,10,252
2026-04-26,Olive & Ember Riverside,Kitchen,24.57,455.99
2026-04-26,Olive & Ember Riverside,Front of house,29.92,471.24
2026-04-26,Olive & Ember Riverside,Management,10,252
2026-04-27,Olive & Ember Riverside,Kitchen,16.81,311.97
2026-04-27,Olive & Ember Riverside,Front of house,20.97,330.28
2026-04-27,Olive & Ember Riverside,Management,10,252
2026-04-28,Olive & Ember Riverside,Kitchen,20.43,379.16
2026-04-28,Olive & Ember Riverside,Front of house,27.64,435.33
2026-04-28,Olive & Ember Riverside,Management,10,252
2026-04-29,Olive & Ember Riverside,Kitchen,18.71,347.23
2026-04-29,Olive & Ember Riverside,Front of house,25.65,403.99
2026-04-29,Olive & Ember Riverside,Management,10,252
2026-04-30,Olive & Ember Riverside,Kitchen,21.21,393.63
2026-04-30,Olive & Ember Riverside,Front of house,28.02,441.32
2026-04-30,Olive & Ember Riverside,Management,10,252
2026-05-01,Olive & Ember Riverside,Kitchen,28.09,521.32
2026-05-01,Olive & Ember Riverside,Front of house,35.55,559.91
2026-05-01,Olive & Ember Riverside,Management,10,252
2026-05-02,Olive & Ember Riverside,Kitchen,29.47,546.93
2026-05-02,Olive & Ember Riverside,Front of house,36.28,571.41
2026-05-02,Olive & Ember Riverside,Management,10,252
2026-05-03,Olive & Ember Riverside,Kitchen,28.69,532.45
2026-05-03,Olive & Ember Riverside,Front of house,37.54,591.26
2026-05-03,Olive & Ember Riverside,Management,10,252
2026-05-04,Olive & Ember Riverside,Kitchen,19.64,364.49
2026-05-04,Olive & Ember Riverside,Front of house,25.77,405.88
2026-05-04,Olive & Ember Riverside,Management,10,252
2026-05-05,Olive & Ember Riverside,Kitchen,21.38,396.79
2026-05-05,Olive & Ember Riverside,Front of house,26.34,414.86
2026-05-05,Olive & Ember Riverside,Management,10,252
2026-05-06,Olive & Ember Riverside,Kitchen,21.23,394
2026-05-06,Olive & Ember Riverside,Front of house,28.05,441.79
2026-05-06,Olive & Ember Riverside,Management,10,252
2026-05-07,Olive & Ember Riverside,Kitchen,21.73,403.28
2026-05-07,Olive & Ember Riverside,Front of house,27.75,437.06
2026-05-07,Olive & Ember Riverside,Management,10,252
2026-05-08,Olive & Ember Riverside,Kitchen,24.33,451.53
2026-05-08,Olive & Ember Riverside,Front of house,32.4,510.3
2026-05-08,Olive & Ember Riverside,Management,10,252
2026-05-09,Olive & Ember Riverside,Kitchen,34.79,645.66
2026-05-09,Olive & Ember Riverside,Front of house,47.12,742.14
2026-05-09,Olive & Ember Riverside,Management,10,252
2026-05-10,Olive & Ember Riverside,Kitchen,25.86,479.93
2026-05-10,Olive & Ember Riverside,Front of house,33.16,522.27
2026-05-10,Olive & Ember Riverside,Management,10,252
2026-05-11,Olive & Ember Riverside,Kitchen,21.94,407.18
2026-05-11,Olive & Ember Riverside,Front of house,28.69,451.87
2026-05-11,Olive & Ember Riverside,Management,10,252
2026-05-12,Olive & Ember Riverside,Kitchen,19.5,361.9
2026-05-12,Olive & Ember Riverside,Front of house,26,409.5
2026-05-12,Olive & Ember Riverside,Management,10,252
2026-05-13,Olive & Ember Riverside,Kitchen,21.55,399.94
2026-05-13,Olive & Ember Riverside,Front of house,26.39,415.64
2026-05-13,Olive & Ember Riverside,Management,10,252
2026-05-14,Olive & Ember Riverside,Kitchen,24.45,453.76
2026-05-14,Olive & Ember Riverside,Front of house,30.98,487.94
2026-05-14,Olive & Ember Riverside,Management,10,252
2026-05-15,Olive & Ember Riverside,Kitchen,30.91,573.65
2026-05-15,Olive & Ember Riverside,Front of house,39.09,615.67
2026-05-15,Olive & Ember Riverside,Management,10,252
2026-05-16,Olive & Ember Riverside,Kitchen,31.94,592.77
2026-05-16,Olive & Ember Riverside,Front of house,36.95,581.96
2026-05-16,Olive & Ember Riverside,Management,10,252
2026-05-17,Olive & Ember Riverside,Kitchen,32.54,603.9
2026-05-17,Olive & Ember Riverside,Front of house,39.5,622.13
2026-05-17,Olive & Ember Riverside,Management,10,252
2026-05-18,Olive & Ember Riverside,Kitchen,19.15,355.4
2026-05-18,Olive & Ember Riverside,Front of house,25.87,407.45
2026-05-18,Olive & Ember Riverside,Management,10,252
2026-05-19,Olive & Ember Riverside,Kitchen,18.82,349.28
2026-05-19,Olive & Ember Riverside,Front of house,23.3,366.98
2026-05-19,Olive & Ember Riverside,Management,10,252
2026-05-20,Olive & Ember Riverside,Kitchen,24.91,462.3
2026-05-20,Olive & Ember Riverside,Front of house,31.62,498.02
2026-05-20,Olive & Ember Riverside,Management,10,252
2026-05-21,Olive & Ember Riverside,Kitchen,23.63,438.54
2026-05-21,Olive & Ember Riverside,Front of house,30.96,487.62
2026-05-21,Olive & Ember Riverside,Management,10,252
2026-05-22,Olive & Ember Riverside,Kitchen,28.03,520.2
2026-05-22,Olive & Ember Riverside,Front of house,36.09,568.42
2026-05-22,Olive & Ember Riverside,Management,10,252
2026-05-23,Olive & Ember Riverside,Kitchen,29.01,538.39
2026-05-23,Olive & Ember Riverside,Front of house,38.47,605.9
2026-05-23,Olive & Ember Riverside,Management,10,252
2026-05-24,Olive & Ember Riverside,Kitchen,28.66,531.89
2026-05-24,Olive & Ember Riverside,Front of house,34.63,545.42
2026-05-24,Olive & Ember Riverside,Management,10,252
2026-05-25,Olive & Ember Riverside,Kitchen,20.74,384.91
2026-05-25,Olive & Ember Riverside,Front of house,26.27,413.75
2026-05-25,Olive & Ember Riverside,Management,10,252
2026-05-26,Olive & Ember Riverside,Kitchen,20.04,371.92
2026-05-26,Olive & Ember Riverside,Front of house,26.79,421.94
2026-05-26,Olive & Ember Riverside,Management,10,252
2026-05-27,Olive & Ember Riverside,Kitchen,26,482.53
2026-05-27,Olive & Ember Riverside,Front of house,31.41,494.71
2026-05-27,Olive & Ember Riverside,Management,10,252
2026-05-28,Olive & Ember Riverside,Kitchen,25.46,472.51
2026-05-28,Olive & Ember Riverside,Front of house,30.23,476.12
2026-05-28,Olive & Ember Riverside,Management,10,252
2026-05-29,Olive & Ember Riverside,Kitchen,28.74,533.38
2026-05-29,Olive & Ember Riverside,Front of house,38.24,602.28
2026-05-29,Olive & Ember Riverside,Management,10,252
2026-05-30,Olive & Ember Riverside,Kitchen,33.43,620.42
2026-05-30,Olive & Ember Riverside,Front of house,40.85,643.39
2026-05-30,Olive & Ember Riverside,Management,10,252
2026-05-31,Olive & Ember Riverside,Kitchen,26.95,500.16
2026-05-31,Olive & Ember Riverside,Front of house,34.13,537.55
2026-05-31,Olive & Ember Riverside,Management,10,252
2026-06-01,Olive & Ember Riverside,Kitchen,20.48,380.08
2026-06-01,Olive & Ember Riverside,Front of house,26.06,410.45
2026-06-01,Olive & Ember Riverside,Management,10,252
2026-06-02,Olive & Ember Riverside,Kitchen,22.77,422.58
2026-06-02,Olive & Ember Riverside,Front of house,29,456.75
2026-06-02,Olive & Ember Riverside,Management,10,252
2026-06-03,Olive & Ember Riverside,Kitchen,26.17,485.68
2026-06-03,Olive & Ember Riverside,Front of house,30.67,483.05
2026-06-03,Olive & Ember Riverside,Management,10,252
2026-06-04,Olive & Ember Riverside,Kitchen,26.23,486.8
2026-06-04,Olive & Ember Riverside,Front of house,36.5,574.88
2026-06-04,Olive & Ember Riverside,Management,10,252
2026-06-05,Olive & Ember Riverside,Kitchen,32.4,601.3
2026-06-05,Olive & Ember Riverside,Front of house,44.6,702.45
2026-06-05,Olive & Ember Riverside,Management,10,252
2026-06-06,Olive & Ember Riverside,Kitchen,36.85,683.89
2026-06-06,Olive & Ember Riverside,Front of house,45.4,715.05
2026-06-06,Olive & Ember Riverside,Management,10,252
2026-06-07,Olive & Ember Riverside,Kitchen,29.25,542.84
2026-06-07,Olive & Ember Riverside,Front of house,36.19,569.99
2026-06-07,Olive & Ember Riverside,Management,10,252
2026-06-08,Olive & Ember Riverside,Kitchen,21.33,395.86
2026-06-08,Olive & Ember Riverside,Front of house,26.8,422.1
2026-06-08,Olive & Ember Riverside,Management,10,252
2026-06-09,Olive & Ember Riverside,Kitchen,18.36,340.74
2026-06-09,Olive & Ember Riverside,Front of house,23.23,365.87
2026-06-09,Olive & Ember Riverside,Management,10,252
2026-06-10,Olive & Ember Riverside,Kitchen,21.28,394.93
2026-06-10,Olive & Ember Riverside,Front of house,26.63,419.42
2026-06-10,Olive & Ember Riverside,Management,10,252
2026-06-11,Olive & Ember Riverside,Kitchen,26.93,499.79
2026-06-11,Olive & Ember Riverside,Front of house,32.69,514.87
2026-06-11,Olive & Ember Riverside,Management,10,252
2026-06-12,Olive & Ember Riverside,Kitchen,34.32,636.94
2026-06-12,Olive & Ember Riverside,Front of house,42.13,663.55
2026-06-12,Olive & Ember Riverside,Management,10,252
2026-06-13,Olive & Ember Riverside,Kitchen,34.09,632.67
2026-06-13,Olive & Ember Riverside,Front of house,45.47,716.15
2026-06-13,Olive & Ember Riverside,Management,10,252
2026-06-14,Olive & Ember Riverside,Kitchen,32.48,602.79
2026-06-14,Olive & Ember Riverside,Front of house,39.72,625.59
2026-06-14,Olive & Ember Riverside,Management,10,252
2026-06-15,Olive & Ember Riverside,Kitchen,20.94,388.62
2026-06-15,Olive & Ember Riverside,Front of house,26.08,410.76
2026-06-15,Olive & Ember Riverside,Management,10,252
2026-06-16,Olive & Ember Riverside,Kitchen,25.98,482.16
2026-06-16,Olive & Ember Riverside,Front of house,33.02,520.07
2026-06-16,Olive & Ember Riverside,Management,10,252
2026-06-17,Olive & Ember Riverside,Kitchen,23.14,429.45
2026-06-17,Olive & Ember Riverside,Front of house,30.01,472.66
2026-06-17,Olive & Ember Riverside,Management,10,252
2026-06-18,Olive & Ember Riverside,Kitchen,27.76,515.19
2026-06-18,Olive & Ember Riverside,Front of house,34.6,544.95
2026-06-18,Olive & Ember Riverside,Management,10,252
2026-06-19,Olive & Ember Riverside,Kitchen,30.86,572.72
2026-06-19,Olive & Ember Riverside,Front of house,42.37,667.33
2026-06-19,Olive & Ember Riverside,Management,10,252
2026-06-20,Olive & Ember Riverside,Kitchen,34.19,634.52
2026-06-20,Olive & Ember Riverside,Front of house,42.76,673.47
2026-06-20,Olive & Ember Riverside,Management,10,252
2026-06-21,Olive & Ember Riverside,Kitchen,31.5,584.6
2026-06-21,Olive & Ember Riverside,Front of house,39.58,623.39
2026-06-21,Olive & Ember Riverside,Management,10,252
2026-06-22,Olive & Ember Riverside,Kitchen,23.69,439.66
2026-06-22,Olive & Ember Riverside,Front of house,31.4,494.55
2026-06-22,Olive & Ember Riverside,Management,10,252
2026-06-23,Olive & Ember Riverside,Kitchen,24.17,448.56
2026-06-23,Olive & Ember Riverside,Front of house,29.07,457.85
2026-06-23,Olive & Ember Riverside,Management,10,252
2026-06-24,Olive & Ember Riverside,Kitchen,21.26,394.56
2026-06-24,Olive & Ember Riverside,Front of house,26.03,409.97
2026-06-24,Olive & Ember Riverside,Management,10,252
2026-06-25,Olive & Ember Riverside,Kitchen,27.92,518.16
2026-06-25,Olive & Ember Riverside,Front of house,35.44,558.18
2026-06-25,Olive & Ember Riverside,Management,10,252
2026-06-26,Olive & Ember Riverside,Kitchen,29.41,545.81
2026-06-26,Olive & Ember Riverside,Front of house,35.74,562.91
2026-06-26,Olive & Ember Riverside,Management,10,252
2026-06-27,Olive & Ember Riverside,Kitchen,35.76,663.66
2026-06-27,Olive & Ember Riverside,Front of house,43.38,683.24
2026-06-27,Olive & Ember Riverside,Management,10,252
2026-06-28,Olive & Ember Riverside,Kitchen,30.67,569.2
2026-06-28,Olive & Ember Riverside,Front of house,39.23,617.87
2026-06-28,Olive & Ember Riverside,Management,10,252
2026-06-29,Olive & Ember Riverside,Kitchen,21.99,408.11
2026-06-29,Olive & Ember Riverside,Front of house,26.16,412.02
2026-06-29,Olive & Ember Riverside,Management,10,252
2026-06-30,Olive & Ember Riverside,Kitchen,21.73,403.28
2026-06-30,Olive & Ember Riverside,Front of house,26.72,420.84
2026-06-30,Olive & Ember Riverside,Management,10,252
2026-07-01,Olive & Ember Riverside,Kitchen,23.39,434.09
2026-07-01,Olive & Ember Riverside,Front of house,30.37,478.33
2026-07-01,Olive & Ember Riverside,Management,10,252
2026-07-02,Olive & Ember Riverside,Kitchen,27.31,506.84
2026-07-02,Olive & Ember Riverside,Front of house,37.52,590.94
2026-07-02,Olive & Ember Riverside,Management,10,252
2026-07-03,Olive & Ember Riverside,Kitchen,34.79,645.66
2026-07-03,Olive & Ember Riverside,Front of house,42.66,671.9
2026-07-03,Olive & Ember Riverside,Management,10,252
2026-07-04,Olive & Ember Riverside,Kitchen,34.92,648.07
2026-07-04,Olive & Ember Riverside,Front of house,42.99,677.09
2026-07-04,Olive & Ember Riverside,Management,10,252
2026-07-05,Olive & Ember Riverside,Kitchen,32.39,601.12
2026-07-05,Olive & Ember Riverside,Front of house,43.22,680.72
2026-07-05,Olive & Ember Riverside,Management,10,252
2026-07-06,Olive & Ember Riverside,Kitchen,23.47,435.57
2026-07-06,Olive & Ember Riverside,Front of house,29.6,466.2
2026-07-06,Olive & Ember Riverside,Management,10,252
2026-07-07,Olive & Ember Riverside,Kitchen,23.21,430.75
2026-07-07,Olive & Ember Riverside,Front of house,31.6,497.7
2026-07-07,Olive & Ember Riverside,Management,10,252
2026-07-08,Olive & Ember Riverside,Kitchen,24.82,460.63
2026-07-08,Olive & Ember Riverside,Front of house,31.26,492.35
2026-07-08,Olive & Ember Riverside,Management,10,252
2026-07-09,Olive & Ember Riverside,Kitchen,28.22,523.73
2026-07-09,Olive & Ember Riverside,Front of house,34.05,536.29
2026-07-09,Olive & Ember Riverside,Management,10,252
2026-07-10,Olive & Ember Riverside,Kitchen,34.65,643.06
2026-07-10,Olive & Ember Riverside,Front of house,43.35,682.76
2026-07-10,Olive & Ember Riverside,Management,10,252
2026-07-11,Olive & Ember Riverside,Kitchen,38.3,710.8
2026-07-11,Olive & Ember Riverside,Front of house,45.97,724.03
2026-07-11,Olive & Ember Riverside,Management,10,252
2026-07-12,Olive & Ember Riverside,Kitchen,30.5,566.04
2026-07-12,Olive & Ember Riverside,Front of house,39.25,618.19
2026-07-12,Olive & Ember Riverside,Management,10,252
2026-07-13,Olive & Ember Riverside,Kitchen,19.03,353.17
2026-07-13,Olive & Ember Riverside,Front of house,25.32,398.79
2026-07-13,Olive & Ember Riverside,Management,10,252
2026-07-14,Olive & Ember Riverside,Kitchen,21.92,406.81
2026-07-14,Olive & Ember Riverside,Front of house,28.17,443.68
2026-07-14,Olive & Ember Riverside,Management,10,252
2026-07-15,Olive & Ember Riverside,Kitchen,27.82,516.3
2026-07-15,Olive & Ember Riverside,Front of house,35.17,553.93
2026-07-15,Olive & Ember Riverside,Management,10,252
2026-07-16,Olive & Ember Riverside,Kitchen,29.73,551.75
2026-07-16,Olive & Ember Riverside,Front of house,35.96,566.37
2026-07-16,Olive & Ember Riverside,Management,10,252
2026-07-17,Olive & Ember Riverside,Kitchen,33.51,621.9
2026-07-17,Olive & Ember Riverside,Front of house,39.81,627.01
2026-07-17,Olive & Ember Riverside,Management,10,252
2026-07-18,Olive & Ember Riverside,Kitchen,36.25,672.75
2026-07-18,Olive & Ember Riverside,Front of house,46.2,727.65
2026-07-18,Olive & Ember Riverside,Management,10,252
2026-07-19,Olive & Ember Riverside,Kitchen,32.47,602.6
2026-07-19,Olive & Ember Riverside,Front of house,39.26,618.35
2026-07-19,Olive & Ember Riverside,Management,10,252
2026-07-20,Olive & Ember Riverside,Kitchen,21.43,397.71
2026-07-20,Olive & Ember Riverside,Front of house,27.7,436.28
2026-07-20,Olive & Ember Riverside,Management,10,252
2026-07-21,Olive & Ember Riverside,Kitchen,23.5,436.13
2026-07-21,Olive & Ember Riverside,Front of house,30.84,485.73
2026-07-21,Olive & Ember Riverside,Management,10,252
2026-07-22,Olive & Ember Riverside,Kitchen,25.15,466.75
2026-07-22,Olive & Ember Riverside,Front of house,33.04,520.38
2026-07-22,Olive & Ember Riverside,Management,10,252
2026-07-23,Olive & Ember Riverside,Kitchen,26.35,489.02
2026-07-23,Olive & Ember Riverside,Front of house,33.09,521.17
2026-07-23,Olive & Ember Riverside,Management,10,252
2026-07-24,Olive & Ember Riverside,Kitchen,33.33,618.56
2026-07-24,Olive & Ember Riverside,Front of house,44.51,701.03
2026-07-24,Olive & Ember Riverside,Management,10,252
2026-07-25,Olive & Ember Riverside,Kitchen,35.85,665.33
2026-07-25,Olive & Ember Riverside,Front of house,46.84,737.73
2026-07-25,Olive & Ember Riverside,Management,10,252
2026-07-26,Olive & Ember Riverside,Kitchen,30.99,575.14
2026-07-26,Olive & Ember Riverside,Front of house,39.2,617.4
2026-07-26,Olive & Ember Riverside,Management,10,252
2026-07-27,Olive & Ember Riverside,Kitchen,21.5,399.01
2026-07-27,Olive & Ember Riverside,Front of house,25.18,396.59
2026-07-27,Olive & Ember Riverside,Management,10,252
2026-07-28,Olive & Ember Riverside,Kitchen,24.21,449.31
2026-07-28,Olive & Ember Riverside,Front of house,32.59,513.29
2026-07-28,Olive & Ember Riverside,Management,10,252
2026-07-29,Olive & Ember Riverside,Kitchen,24.37,452.28
2026-07-29,Olive & Ember Riverside,Front of house,30.99,488.09
2026-07-29,Olive & Ember Riverside,Management,10,252
2026-07-30,Olive & Ember Riverside,Kitchen,29.52,547.85
2026-07-30,Olive & Ember Riverside,Front of house,38.18,601.34
2026-07-30,Olive & Ember Riverside,Management,10,252
2026-07-31,Olive & Ember Riverside,Kitchen,37,686.67
2026-07-31,Olive & Ember Riverside,Front of house,43.58,686.39
2026-07-31,Olive & Ember Riverside,Management,10,252
2026-08-01,Olive & Ember Riverside,Kitchen,33.42,620.23
2026-08-01,Olive & Ember Riverside,Front of house,43.7,688.28
2026-08-01,Olive & Ember Riverside,Management,10,252
2026-08-02,Olive & Ember Riverside,Kitchen,26.57,493.11
2026-08-02,Olive & Ember Riverside,Front of house,35.69,562.12
2026-08-02,Olive & Ember Riverside,Management,10,252
2026-08-03,Olive & Ember Riverside,Kitchen,19.75,366.54
2026-08-03,Olive & Ember Riverside,Front of house,25.26,397.85
2026-08-03,Olive & Ember Riverside,Management,10,252
2026-08-04,Olive & Ember Riverside,Kitchen,22.02,408.66
2026-08-04,Olive & Ember Riverside,Front of house,28.02,441.32
2026-08-04,Olive & Ember Riverside,Management,10,252
2026-08-05,Olive & Ember Riverside,Kitchen,25.44,472.13
2026-08-05,Olive & Ember Riverside,Front of house,33.79,532.19
2026-08-05,Olive & Ember Riverside,Management,10,252
2026-08-06,Olive & Ember Riverside,Kitchen,25.12,466.2
2026-08-06,Olive & Ember Riverside,Front of house,31.39,494.39
2026-08-06,Olive & Ember Riverside,Management,10,252
2026-08-07,Olive & Ember Riverside,Kitchen,34.84,646.59
2026-08-07,Olive & Ember Riverside,Front of house,41.5,653.63
2026-08-07,Olive & Ember Riverside,Management,10,252
2026-08-08,Olive & Ember Riverside,Kitchen,36.23,672.38
2026-08-08,Olive & Ember Riverside,Front of house,43.83,690.32
2026-08-08,Olive & Ember Riverside,Management,10,252
2026-08-09,Olive & Ember Riverside,Kitchen,29.14,540.8
2026-08-09,Olive & Ember Riverside,Front of house,37.17,585.43
2026-08-09,Olive & Ember Riverside,Management,10,252
2026-08-10,Olive & Ember Riverside,Kitchen,24.61,456.73
2026-08-10,Olive & Ember Riverside,Front of house,31.87,501.95
2026-08-10,Olive & Ember Riverside,Management,10,252
2026-08-11,Olive & Ember Riverside,Kitchen,24.33,451.53
2026-08-11,Olive & Ember Riverside,Front of house,31.02,488.57
2026-08-11,Olive & Ember Riverside,Management,10,252
2026-08-12,Olive & Ember Riverside,Kitchen,24.29,450.79
2026-08-12,Olive & Ember Riverside,Front of house,29.67,467.3
2026-08-12,Olive & Ember Riverside,Management,10,252
2026-08-13,Olive & Ember Riverside,Kitchen,28.44,527.81
2026-08-13,Olive & Ember Riverside,Front of house,37.99,598.34
2026-08-13,Olive & Ember Riverside,Management,10,252
2026-08-14,Olive & Ember Riverside,Kitchen,32.43,601.86
2026-08-14,Olive & Ember Riverside,Front of house,41.47,653.15
2026-08-14,Olive & Ember Riverside,Management,10,252
2026-08-15,Olive & Ember Riverside,Kitchen,36.33,674.24
2026-08-15,Olive & Ember Riverside,Front of house,43.92,691.74
2026-08-15,Olive & Ember Riverside,Management,10,252
2026-08-16,Olive & Ember Riverside,Kitchen,29.68,550.82
2026-08-16,Olive & Ember Riverside,Front of house,38.42,605.12
2026-08-16,Olive & Ember Riverside,Management,10,252
2026-08-17,Olive & Ember Riverside,Kitchen,22.09,409.96
2026-08-17,Olive & Ember Riverside,Front of house,26.24,413.28
2026-08-17,Olive & Ember Riverside,Management,10,252
2026-08-18,Olive & Ember Riverside,Kitchen,24.6,456.55
2026-08-18,Olive & Ember Riverside,Front of house,31.41,494.71
2026-08-18,Olive & Ember Riverside,Management,10,252
2026-08-19,Olive & Ember Riverside,Kitchen,25.46,472.51
2026-08-19,Olive & Ember Riverside,Front of house,34.07,536.6
2026-08-19,Olive & Ember Riverside,Management,10,252
2026-08-20,Olive & Ember Riverside,Kitchen,22.72,421.65
2026-08-20,Olive & Ember Riverside,Front of house,28.75,452.81
2026-08-20,Olive & Ember Riverside,Management,10,252
2026-08-21,Olive & Ember Riverside,Kitchen,30.73,570.31
2026-08-21,Olive & Ember Riverside,Front of house,40.08,631.26
2026-08-21,Olive & Ember Riverside,Management,10,252
2026-08-22,Olive & Ember Riverside,Kitchen,34.09,632.67
2026-08-22,Olive & Ember Riverside,Front of house,46.64,734.58
2026-08-22,Olive & Ember Riverside,Management,10,252
2026-08-23,Olive & Ember Riverside,Kitchen,30.84,572.35
2026-08-23,Olive & Ember Riverside,Front of house,39.69,625.12
2026-08-23,Olive & Ember Riverside,Management,10,252
2026-08-24,Olive & Ember Riverside,Kitchen,23.54,436.87
2026-08-24,Olive & Ember Riverside,Front of house,27.78,437.54
2026-08-24,Olive & Ember Riverside,Management,10,252
2026-08-25,Olive & Ember Riverside,Kitchen,23.87,443
2026-08-25,Olive & Ember Riverside,Front of house,31.32,493.29
2026-08-25,Olive & Ember Riverside,Management,10,252
2026-08-26,Olive & Ember Riverside,Kitchen,25.97,481.97
2026-08-26,Olive & Ember Riverside,Front of house,30.7,483.53
2026-08-26,Olive & Ember Riverside,Management,10,252
2026-08-27,Olive & Ember Riverside,Kitchen,30.33,562.89
2026-08-27,Olive & Ember Riverside,Front of house,36.6,576.45
2026-08-27,Olive & Ember Riverside,Management,10,252
2026-08-28,Olive & Ember Riverside,Kitchen,29.84,553.79
2026-08-28,Olive & Ember Riverside,Front of house,39,614.25
2026-08-28,Olive & Ember Riverside,Management,10,252
2026-08-29,Olive & Ember Riverside,Kitchen,35.97,667.56
2026-08-29,Olive & Ember Riverside,Front of house,43.77,689.38
2026-08-29,Olive & Ember Riverside,Management,10,252
2026-08-30,Olive & Ember Riverside,Kitchen,28.98,537.83
2026-08-30,Olive & Ember Riverside,Front of house,36.78,579.29
2026-08-30,Olive & Ember Riverside,Management,10,252
2026-08-31,Olive & Ember Riverside,Kitchen,23.66,439.1
2026-08-31,Olive & Ember Riverside,Front of house,29.76,468.72
2026-08-31,Olive & Ember Riverside,Management,10,252
2025-01-01,Olive & Ember Airport,Kitchen,19.57,345.9
2025-01-01,Olive & Ember Airport,Front of house,24.27,364.05
2025-01-01,Olive & Ember Airport,Management,10,240
2025-01-02,Olive & Ember Airport,Kitchen,18.71,330.7
2025-01-02,Olive & Ember Airport,Front of house,24.33,364.95
2025-01-02,Olive & Ember Airport,Management,10,240
2025-01-03,Olive & Ember Airport,Kitchen,23.13,408.82
2025-01-03,Olive & Ember Airport,Front of house,29.75,446.25
2025-01-03,Olive & Ember Airport,Management,10,240
2025-01-04,Olive & Ember Airport,Kitchen,18.66,329.82
2025-01-04,Olive & Ember Airport,Front of house,25.16,377.4
2025-01-04,Olive & Ember Airport,Management,10,240
2025-01-05,Olive & Ember Airport,Kitchen,21.02,371.53
2025-01-05,Olive & Ember Airport,Front of house,25.85,387.75
2025-01-05,Olive & Ember Airport,Management,10,240
2025-01-06,Olive & Ember Airport,Kitchen,19.72,348.55
2025-01-06,Olive & Ember Airport,Front of house,23.73,355.95
2025-01-06,Olive & Ember Airport,Management,10,240
2025-01-07,Olive & Ember Airport,Kitchen,19.33,341.66
2025-01-07,Olive & Ember Airport,Front of house,24.62,369.3
2025-01-07,Olive & Ember Airport,Management,10,240
2025-01-08,Olive & Ember Airport,Kitchen,19.31,341.3
2025-01-08,Olive & Ember Airport,Front of house,24.45,366.75
2025-01-08,Olive & Ember Airport,Management,10,240
2025-01-09,Olive & Ember Airport,Kitchen,19.97,352.97
2025-01-09,Olive & Ember Airport,Front of house,26.48,397.2
2025-01-09,Olive & Ember Airport,Management,10,240
2025-01-10,Olive & Ember Airport,Kitchen,21.68,383.19
2025-01-10,Olive & Ember Airport,Front of house,27.73,415.95
2025-01-10,Olive & Ember Airport,Management,10,240
2025-01-11,Olive & Ember Airport,Kitchen,19.76,349.26
2025-01-11,Olive & Ember Airport,Front of house,23.92,358.8
2025-01-11,Olive & Ember Airport,Management,10,240
2025-01-12,Olive & Ember Airport,Kitchen,17.36,306.84
2025-01-12,Olive & Ember Airport,Front of house,22.32,334.8
2025-01-12,Olive & Ember Airport,Management,10,240
2025-01-13,Olive & Ember Airport,Kitchen,17.17,303.48
2025-01-13,Olive & Ember Airport,Front of house,22.06,330.9
2025-01-13,Olive & Ember Airport,Management,10,240
2025-01-14,Olive & Ember Airport,Kitchen,19.18,339.01
2025-01-14,Olive & Ember Airport,Front of house,24.15,362.25
2025-01-14,Olive & Ember Airport,Management,10,240
2025-01-15,Olive & Ember Airport,Kitchen,16.95,299.59
2025-01-15,Olive & Ember Airport,Front of house,22.02,330.3
2025-01-15,Olive & Ember Airport,Management,10,240
2025-01-16,Olive & Ember Airport,Kitchen,20.06,354.56
2025-01-16,Olive & Ember Airport,Front of house,24.34,365.1
2025-01-16,Olive & Ember Airport,Management,10,240
2025-01-17,Olive & Ember Airport,Kitchen,19.46,343.96
2025-01-17,Olive & Ember Airport,Front of house,24.67,370.05
2025-01-17,Olive & Ember Airport,Management,10,240
2025-01-18,Olive & Ember Airport,Kitchen,18.24,322.39
2025-01-18,Olive & Ember Airport,Front of house,23.64,354.6
2025-01-18,Olive & Ember Airport,Management,10,240
2025-01-19,Olive & Ember Airport,Kitchen,18.71,330.7
2025-01-19,Olive & Ember Airport,Front of house,24.77,371.55
2025-01-19,Olive & Ember Airport,Management,10,240
2025-01-20,Olive & Ember Airport,Kitchen,18.97,335.29
2025-01-20,Olive & Ember Airport,Front of house,23.9,358.5
2025-01-20,Olive & Ember Airport,Management,10,240
2025-01-21,Olive & Ember Airport,Kitchen,19.84,350.67
2025-01-21,Olive & Ember Airport,Front of house,24.93,373.95
2025-01-21,Olive & Ember Airport,Management,10,240
2025-01-22,Olive & Ember Airport,Kitchen,19.8,349.97
2025-01-22,Olive & Ember Airport,Front of house,24.69,370.35
2025-01-22,Olive & Ember Airport,Management,10,240
2025-01-23,Olive & Ember Airport,Kitchen,19.6,346.43
2025-01-23,Olive & Ember Airport,Front of house,25.18,377.7
2025-01-23,Olive & Ember Airport,Management,10,240
2025-01-24,Olive & Ember Airport,Kitchen,19.12,337.95
2025-01-24,Olive & Ember Airport,Front of house,24.33,364.95
2025-01-24,Olive & Ember Airport,Management,10,240
2025-01-25,Olive & Ember Airport,Kitchen,19.82,350.32
2025-01-25,Olive & Ember Airport,Front of house,24.94,374.1
2025-01-25,Olive & Ember Airport,Management,10,240
2025-01-26,Olive & Ember Airport,Kitchen,21.27,375.95
2025-01-26,Olive & Ember Airport,Front of house,25.54,383.1
2025-01-26,Olive & Ember Airport,Management,10,240
2025-01-27,Olive & Ember Airport,Kitchen,18.25,322.57
2025-01-27,Olive & Ember Airport,Front of house,23.17,347.55
2025-01-27,Olive & Ember Airport,Management,10,240
2025-01-28,Olive & Ember Airport,Kitchen,19.47,344.13
2025-01-28,Olive & Ember Airport,Front of house,23.63,354.45
2025-01-28,Olive & Ember Airport,Management,10,240
2025-01-29,Olive & Ember Airport,Kitchen,21.24,375.42
2025-01-29,Olive & Ember Airport,Front of house,25.67,385.05
2025-01-29,Olive & Ember Airport,Management,10,240
2025-01-30,Olive & Ember Airport,Kitchen,17.7,312.85
2025-01-30,Olive & Ember Airport,Front of house,21.95,329.25
2025-01-30,Olive & Ember Airport,Management,10,240
2025-01-31,Olive & Ember Airport,Kitchen,20.34,359.51
2025-01-31,Olive & Ember Airport,Front of house,24.57,368.55
2025-01-31,Olive & Ember Airport,Management,10,240
2025-02-01,Olive & Ember Airport,Kitchen,19.27,340.6
2025-02-01,Olive & Ember Airport,Front of house,23.68,355.2
2025-02-01,Olive & Ember Airport,Management,10,240
2025-02-02,Olive & Ember Airport,Kitchen,16.87,298.18
2025-02-02,Olive & Ember Airport,Front of house,20.47,307.05
2025-02-02,Olive & Ember Airport,Management,10,240
2025-02-03,Olive & Ember Airport,Kitchen,18.49,326.81
2025-02-03,Olive & Ember Airport,Front of house,22.96,344.4
2025-02-03,Olive & Ember Airport,Management,10,240
2025-02-04,Olive & Ember Airport,Kitchen,16.58,293.05
2025-02-04,Olive & Ember Airport,Front of house,22.3,334.5
2025-02-04,Olive & Ember Airport,Management,10,240
2025-02-05,Olive & Ember Airport,Kitchen,18.78,331.94
2025-02-05,Olive & Ember Airport,Front of house,24.58,368.7
2025-02-05,Olive & Ember Airport,Management,10,240
2025-02-06,Olive & Ember Airport,Kitchen,19.58,346.08
2025-02-06,Olive & Ember Airport,Front of house,23.9,358.5
2025-02-06,Olive & Ember Airport,Management,10,240
2025-02-07,Olive & Ember Airport,Kitchen,17.58,310.73
2025-02-07,Olive & Ember Airport,Front of house,21.93,328.95
2025-02-07,Olive & Ember Airport,Management,10,240
2025-02-08,Olive & Ember Airport,Kitchen,19.42,343.25
2025-02-08,Olive & Ember Airport,Front of house,23.69,355.35
2025-02-08,Olive & Ember Airport,Management,10,240
2025-02-09,Olive & Ember Airport,Kitchen,18.48,326.63
2025-02-09,Olive & Ember Airport,Front of house,23.57,353.55
2025-02-09,Olive & Ember Airport,Management,10,240
2025-02-10,Olive & Ember Airport,Kitchen,19.01,336
2025-02-10,Olive & Ember Airport,Front of house,22.78,341.7
2025-02-10,Olive & Ember Airport,Management,10,240
2025-02-11,Olive & Ember Airport,Kitchen,19.99,353.32
2025-02-11,Olive & Ember Airport,Front of house,25.31,379.65
2025-02-11,Olive & Ember Airport,Management,10,240
2025-02-12,Olive & Ember Airport,Kitchen,16.56,292.7
2025-02-12,Olive & Ember Airport,Front of house,22.26,333.9
2025-02-12,Olive & Ember Airport,Management,10,240
2025-02-13,Olive & Ember Airport,Kitchen,18.02,318.5
2025-02-13,Olive & Ember Airport,Front of house,22.31,334.65
2025-02-13,Olive & Ember Airport,Management,10,240
2025-02-14,Olive & Ember Airport,Kitchen,21.28,376.12
2025-02-14,Olive & Ember Airport,Front of house,25,375
2025-02-14,Olive & Ember Airport,Management,10,240
2025-02-15,Olive & Ember Airport,Kitchen,17.72,313.2
2025-02-15,Olive & Ember Airport,Front of house,22.79,341.85
2025-02-15,Olive & Ember Airport,Management,10,240
2025-02-16,Olive & Ember Airport,Kitchen,16.11,284.74
2025-02-16,Olive & Ember Airport,Front of house,21.47,322.05
2025-02-16,Olive & Ember Airport,Management,10,240
2025-02-17,Olive & Ember Airport,Kitchen,18.57,328.22
2025-02-17,Olive & Ember Airport,Front of house,24.74,371.1
2025-02-17,Olive & Ember Airport,Management,10,240
2025-02-18,Olive & Ember Airport,Kitchen,17.38,307.19
2025-02-18,Olive & Ember Airport,Front of house,23.33,349.95
2025-02-18,Olive & Ember Airport,Management,10,240
2025-02-19,Olive & Ember Airport,Kitchen,18.98,335.47
2025-02-19,Olive & Ember Airport,Front of house,24.44,366.6
2025-02-19,Olive & Ember Airport,Management,10,240
2025-02-20,Olive & Ember Airport,Kitchen,20.29,358.63
2025-02-20,Olive & Ember Airport,Front of house,25.61,384.15
2025-02-20,Olive & Ember Airport,Management,10,240
2025-02-21,Olive & Ember Airport,Kitchen,15.88,280.68
2025-02-21,Olive & Ember Airport,Front of house,21.38,320.7
2025-02-21,Olive & Ember Airport,Management,10,240
2025-02-22,Olive & Ember Airport,Kitchen,21.64,382.49
2025-02-22,Olive & Ember Airport,Front of house,26.43,396.45
2025-02-22,Olive & Ember Airport,Management,10,240
2025-02-23,Olive & Ember Airport,Kitchen,20.54,363.04
2025-02-23,Olive & Ember Airport,Front of house,24.61,369.15
2025-02-23,Olive & Ember Airport,Management,10,240
2025-02-24,Olive & Ember Airport,Kitchen,17.96,317.44
2025-02-24,Olive & Ember Airport,Front of house,23.19,347.85
2025-02-24,Olive & Ember Airport,Management,10,240
2025-02-25,Olive & Ember Airport,Kitchen,18.34,324.16
2025-02-25,Olive & Ember Airport,Front of house,23.55,353.25
2025-02-25,Olive & Ember Airport,Management,10,240
2025-02-26,Olive & Ember Airport,Kitchen,17.55,310.2
2025-02-26,Olive & Ember Airport,Front of house,22.75,341.25
2025-02-26,Olive & Ember Airport,Management,10,240
2025-02-27,Olive & Ember Airport,Kitchen,18.98,335.47
2025-02-27,Olive & Ember Airport,Front of house,24.85,372.75
2025-02-27,Olive & Ember Airport,Management,10,240
2025-02-28,Olive & Ember Airport,Kitchen,16.6,293.41
2025-02-28,Olive & Ember Airport,Front of house,20.55,308.25
2025-02-28,Olive & Ember Airport,Management,10,240
2025-03-01,Olive & Ember Airport,Kitchen,18.08,319.56
2025-03-01,Olive & Ember Airport,Front of house,24.56,368.4
2025-03-01,Olive & Ember Airport,Management,10,240
2025-03-02,Olive & Ember Airport,Kitchen,21.1,372.94
2025-03-02,Olive & Ember Airport,Front of house,27.58,413.7
2025-03-02,Olive & Ember Airport,Management,10,240
2025-03-03,Olive & Ember Airport,Kitchen,20.91,369.58
2025-03-03,Olive & Ember Airport,Front of house,26.88,403.2
2025-03-03,Olive & Ember Airport,Management,10,240
2025-03-04,Olive & Ember Airport,Kitchen,17.27,305.25
2025-03-04,Olive & Ember Airport,Front of house,21.87,328.05
2025-03-04,Olive & Ember Airport,Management,10,240
2025-03-05,Olive & Ember Airport,Kitchen,18.79,332.11
2025-03-05,Olive & Ember Airport,Front of house,24,360
2025-03-05,Olive & Ember Airport,Management,10,240
2025-03-06,Olive & Ember Airport,Kitchen,17.92,316.74
2025-03-06,Olive & Ember Airport,Front of house,22.04,330.6
2025-03-06,Olive & Ember Airport,Management,10,240
2025-03-07,Olive & Ember Airport,Kitchen,22.34,394.86
2025-03-07,Olive & Ember Airport,Front of house,28.05,420.75
2025-03-07,Olive & Ember Airport,Management,10,240
2025-03-08,Olive & Ember Airport,Kitchen,20.97,370.64
2025-03-08,Olive & Ember Airport,Front of house,26.62,399.3
2025-03-08,Olive & Ember Airport,Management,10,240
2025-03-09,Olive & Ember Airport,Kitchen,20.05,354.38
2025-03-09,Olive & Ember Airport,Front of house,24.8,372
2025-03-09,Olive & Ember Airport,Management,10,240
2025-03-10,Olive & Ember Airport,Kitchen,19.1,337.59
2025-03-10,Olive & Ember Airport,Front of house,25.25,378.75
2025-03-10,Olive & Ember Airport,Management,10,240
2025-03-11,Olive & Ember Airport,Kitchen,18.07,319.39
2025-03-11,Olive & Ember Airport,Front of house,23.91,358.65
2025-03-11,Olive & Ember Airport,Management,10,240
2025-03-12,Olive & Ember Airport,Kitchen,17.97,317.62
2025-03-12,Olive & Ember Airport,Front of house,24.22,363.3
2025-03-12,Olive & Ember Airport,Management,10,240
2025-03-13,Olive & Ember Airport,Kitchen,18.61,328.93
2025-03-13,Olive & Ember Airport,Front of house,22.83,342.45
2025-03-13,Olive & Ember Airport,Management,10,240
2025-03-14,Olive & Ember Airport,Kitchen,21.31,376.65
2025-03-14,Olive & Ember Airport,Front of house,25.83,387.45
2025-03-14,Olive & Ember Airport,Management,10,240
2025-03-15,Olive & Ember Airport,Kitchen,18.07,319.39
2025-03-15,Olive & Ember Airport,Front of house,22.91,343.65
2025-03-15,Olive & Ember Airport,Management,10,240
2025-03-16,Olive & Ember Airport,Kitchen,20.5,362.34
2025-03-16,Olive & Ember Airport,Front of house,26.16,392.4
2025-03-16,Olive & Ember Airport,Management,10,240
2025-03-17,Olive & Ember Airport,Kitchen,20.78,367.29
2025-03-17,Olive & Ember Airport,Front of house,27.05,405.75
2025-03-17,Olive & Ember Airport,Management,10,240
2025-03-18,Olive & Ember Airport,Kitchen,15.19,268.48
2025-03-18,Olive & Ember Airport,Front of house,19.54,293.1
2025-03-18,Olive & Ember Airport,Management,10,240
2025-03-19,Olive & Ember Airport,Kitchen,21.22,375.06
2025-03-19,Olive & Ember Airport,Front of house,27.54,413.1
2025-03-19,Olive & Ember Airport,Management,10,240
2025-03-20,Olive & Ember Airport,Kitchen,19.64,347.14
2025-03-20,Olive & Ember Airport,Front of house,24.49,367.35
2025-03-20,Olive & Ember Airport,Management,10,240
2025-03-21,Olive & Ember Airport,Kitchen,20.46,361.63
2025-03-21,Olive & Ember Airport,Front of house,25.56,383.4
2025-03-21,Olive & Ember Airport,Management,10,240
2025-03-22,Olive & Ember Airport,Kitchen,20.06,354.56
2025-03-22,Olive & Ember Airport,Front of house,25.72,385.8
2025-03-22,Olive & Ember Airport,Management,10,240
2025-03-23,Olive & Ember Airport,Kitchen,19.05,336.71
2025-03-23,Olive & Ember Airport,Front of house,25.34,380.1
2025-03-23,Olive & Ember Airport,Management,10,240
2025-03-24,Olive & Ember Airport,Kitchen,18.68,330.17
2025-03-24,Olive & Ember Airport,Front of house,25.04,375.6
2025-03-24,Olive & Ember Airport,Management,10,240
2025-03-25,Olive & Ember Airport,Kitchen,20.87,368.88
2025-03-25,Olive & Ember Airport,Front of house,24.71,370.65
2025-03-25,Olive & Ember Airport,Management,10,240
2025-03-26,Olive & Ember Airport,Kitchen,18.03,318.68
2025-03-26,Olive & Ember Airport,Front of house,23.43,351.45
2025-03-26,Olive & Ember Airport,Management,10,240
2025-03-27,Olive & Ember Airport,Kitchen,19.05,336.71
2025-03-27,Olive & Ember Airport,Front of house,25.33,379.95
2025-03-27,Olive & Ember Airport,Management,10,240
2025-03-28,Olive & Ember Airport,Kitchen,22.71,401.4
2025-03-28,Olive & Ember Airport,Front of house,27.2,408
2025-03-28,Olive & Ember Airport,Management,10,240
2025-03-29,Olive & Ember Airport,Kitchen,17.5,309.31
2025-03-29,Olive & Ember Airport,Front of house,23.41,351.15
2025-03-29,Olive & Ember Airport,Management,10,240
2025-03-30,Olive & Ember Airport,Kitchen,20,353.5
2025-03-30,Olive & Ember Airport,Front of house,24.53,367.95
2025-03-30,Olive & Ember Airport,Management,10,240
2025-03-31,Olive & Ember Airport,Kitchen,19.63,346.96
2025-03-31,Olive & Ember Airport,Front of house,22.97,344.55
2025-03-31,Olive & Ember Airport,Management,10,240
2025-04-01,Olive & Ember Airport,Kitchen,18.88,333.7
2025-04-01,Olive & Ember Airport,Front of house,24.4,366
2025-04-01,Olive & Ember Airport,Management,10,240
2025-04-02,Olive & Ember Airport,Kitchen,21.2,374.71
2025-04-02,Olive & Ember Airport,Front of house,27.07,406.05
2025-04-02,Olive & Ember Airport,Management,10,240
2025-04-03,Olive & Ember Airport,Kitchen,21.61,381.96
2025-04-03,Olive & Ember Airport,Front of house,25.78,386.7
2025-04-03,Olive & Ember Airport,Management,10,240
2025-04-04,Olive & Ember Airport,Kitchen,18.31,323.63
2025-04-04,Olive & Ember Airport,Front of house,23.44,351.6
2025-04-04,Olive & Ember Airport,Management,10,240
2025-04-05,Olive & Ember Airport,Kitchen,20.82,367.99
2025-04-05,Olive & Ember Airport,Front of house,25.01,375.15
2025-04-05,Olive & Ember Airport,Management,10,240
2025-04-06,Olive & Ember Airport,Kitchen,19.98,353.15
2025-04-06,Olive & Ember Airport,Front of house,26.4,396
2025-04-06,Olive & Ember Airport,Management,10,240
2025-04-07,Olive & Ember Airport,Kitchen,20.05,354.38
2025-04-07,Olive & Ember Airport,Front of house,23.59,353.85
2025-04-07,Olive & Ember Airport,Management,10,240
2025-04-08,Olive & Ember Airport,Kitchen,19.9,351.73
2025-04-08,Olive & Ember Airport,Front of house,26.44,396.6
2025-04-08,Olive & Ember Airport,Management,10,240
2025-04-09,Olive & Ember Airport,Kitchen,20.01,353.68
2025-04-09,Olive & Ember Airport,Front of house,24.43,366.45
2025-04-09,Olive & Ember Airport,Management,10,240
2025-04-10,Olive & Ember Airport,Kitchen,20.44,361.28
2025-04-10,Olive & Ember Airport,Front of house,25.22,378.3
2025-04-10,Olive & Ember Airport,Management,10,240
2025-04-11,Olive & Ember Airport,Kitchen,20.21,357.21
2025-04-11,Olive & Ember Airport,Front of house,26.64,399.6
2025-04-11,Olive & Ember Airport,Management,10,240
2025-04-12,Olive & Ember Airport,Kitchen,22.2,392.39
2025-04-12,Olive & Ember Airport,Front of house,27.85,417.75
2025-04-12,Olive & Ember Airport,Management,10,240
2025-04-13,Olive & Ember Airport,Kitchen,21.59,381.6
2025-04-13,Olive & Ember Airport,Front of house,26.45,396.75
2025-04-13,Olive & Ember Airport,Management,10,240
2025-04-14,Olive & Ember Airport,Kitchen,18.14,320.62
2025-04-14,Olive & Ember Airport,Front of house,23.54,353.1
2025-04-14,Olive & Ember Airport,Management,10,240
2025-04-15,Olive & Ember Airport,Kitchen,17.68,312.49
2025-04-15,Olive & Ember Airport,Front of house,22.78,341.7
2025-04-15,Olive & Ember Airport,Management,10,240
2025-04-16,Olive & Ember Airport,Kitchen,19.68,347.84
2025-04-16,Olive & Ember Airport,Front of house,24.26,363.9
2025-04-16,Olive & Ember Airport,Management,10,240
2025-04-17,Olive & Ember Airport,Kitchen,21.9,387.08
2025-04-17,Olive & Ember Airport,Front of house,26.96,404.4
2025-04-17,Olive & Ember Airport,Management,10,240
2025-04-18,Olive & Ember Airport,Kitchen,20.57,363.57
2025-04-18,Olive & Ember Airport,Front of house,26.83,402.45
2025-04-18,Olive & Ember Airport,Management,10,240
2025-04-19,Olive & Ember Airport,Kitchen,21.38,377.89
2025-04-19,Olive & Ember Airport,Front of house,25.66,384.9
2025-04-19,Olive & Ember Airport,Management,10,240
2025-04-20,Olive & Ember Airport,Kitchen,21.45,379.13
2025-04-20,Olive & Ember Airport,Front of house,28.32,424.8
2025-04-20,Olive & Ember Airport,Management,10,240
2025-04-21,Olive & Ember Airport,Kitchen,19.82,350.32
2025-04-21,Olive & Ember Airport,Front of house,25.27,379.05
2025-04-21,Olive & Ember Airport,Management,10,240
2025-04-22,Olive & Ember Airport,Kitchen,20.59,363.93
2025-04-22,Olive & Ember Airport,Front of house,25.97,389.55
2025-04-22,Olive & Ember Airport,Management,10,240
2025-04-23,Olive & Ember Airport,Kitchen,22.85,403.87
2025-04-23,Olive & Ember Airport,Front of house,28.53,427.95
2025-04-23,Olive & Ember Airport,Management,10,240
2025-04-24,Olive & Ember Airport,Kitchen,19.96,352.79
2025-04-24,Olive & Ember Airport,Front of house,23.23,348.45
2025-04-24,Olive & Ember Airport,Management,10,240
2025-04-25,Olive & Ember Airport,Kitchen,19.34,341.83
2025-04-25,Olive & Ember Airport,Front of house,24.27,364.05
2025-04-25,Olive & Ember Airport,Management,10,240
2025-04-26,Olive & Ember Airport,Kitchen,19.46,343.96
2025-04-26,Olive & Ember Airport,Front of house,23.66,354.9
2025-04-26,Olive & Ember Airport,Management,10,240
2025-04-27,Olive & Ember Airport,Kitchen,21.64,382.49
2025-04-27,Olive & Ember Airport,Front of house,28.21,423.15
2025-04-27,Olive & Ember Airport,Management,10,240
2025-04-28,Olive & Ember Airport,Kitchen,18.03,318.68
2025-04-28,Olive & Ember Airport,Front of house,23.57,353.55
2025-04-28,Olive & Ember Airport,Management,10,240
2025-04-29,Olive & Ember Airport,Kitchen,18.73,331.05
2025-04-29,Olive & Ember Airport,Front of house,22.52,337.8
2025-04-29,Olive & Ember Airport,Management,10,240
2025-04-30,Olive & Ember Airport,Kitchen,20.39,360.39
2025-04-30,Olive & Ember Airport,Front of house,25.42,381.3
2025-04-30,Olive & Ember Airport,Management,10,240
2025-05-01,Olive & Ember Airport,Kitchen,20.55,363.22
2025-05-01,Olive & Ember Airport,Front of house,26.5,397.5
2025-05-01,Olive & Ember Airport,Management,10,240
2025-05-02,Olive & Ember Airport,Kitchen,24.08,425.61
2025-05-02,Olive & Ember Airport,Front of house,28.96,434.4
2025-05-02,Olive & Ember Airport,Management,10,240
2025-05-03,Olive & Ember Airport,Kitchen,21.08,372.59
2025-05-03,Olive & Ember Airport,Front of house,26.46,396.9
2025-05-03,Olive & Ember Airport,Management,10,240
2025-05-04,Olive & Ember Airport,Kitchen,23.18,409.71
2025-05-04,Olive & Ember Airport,Front of house,29.54,443.1
2025-05-04,Olive & Ember Airport,Management,10,240
2025-05-05,Olive & Ember Airport,Kitchen,19.57,345.9
2025-05-05,Olive & Ember Airport,Front of house,26.73,400.95
2025-05-05,Olive & Ember Airport,Management,10,240
2025-05-06,Olive & Ember Airport,Kitchen,18.92,334.41
2025-05-06,Olive & Ember Airport,Front of house,24.21,363.15
2025-05-06,Olive & Ember Airport,Management,10,240
2025-05-07,Olive & Ember Airport,Kitchen,19.1,337.59
2025-05-07,Olive & Ember Airport,Front of house,25.15,377.25
2025-05-07,Olive & Ember Airport,Management,10,240
2025-05-08,Olive & Ember Airport,Kitchen,19.81,350.14
2025-05-08,Olive & Ember Airport,Front of house,24.43,366.45
2025-05-08,Olive & Ember Airport,Management,10,240
2025-05-09,Olive & Ember Airport,Kitchen,20.95,370.29
2025-05-09,Olive & Ember Airport,Front of house,26.31,394.65
2025-05-09,Olive & Ember Airport,Management,10,240
2025-05-10,Olive & Ember Airport,Kitchen,20.09,355.09
2025-05-10,Olive & Ember Airport,Front of house,27.21,408.15
2025-05-10,Olive & Ember Airport,Management,10,240
2025-05-11,Olive & Ember Airport,Kitchen,20.17,356.5
2025-05-11,Olive & Ember Airport,Front of house,26.27,394.05
2025-05-11,Olive & Ember Airport,Management,10,240
2025-05-12,Olive & Ember Airport,Kitchen,19.85,350.85
2025-05-12,Olive & Ember Airport,Front of house,23.43,351.45
2025-05-12,Olive & Ember Airport,Management,10,240
2025-05-13,Olive & Ember Airport,Kitchen,19.68,347.84
2025-05-13,Olive & Ember Airport,Front of house,26.75,401.25
2025-05-13,Olive & Ember Airport,Management,10,240
2025-05-14,Olive & Ember Airport,Kitchen,19.26,340.42
2025-05-14,Olive & Ember Airport,Front of house,23.72,355.8
2025-05-14,Olive & Ember Airport,Management,10,240
2025-05-15,Olive & Ember Airport,Kitchen,21.51,380.19
2025-05-15,Olive & Ember Airport,Front of house,27.34,410.1
2025-05-15,Olive & Ember Airport,Management,10,240
2025-05-16,Olive & Ember Airport,Kitchen,19.87,351.2
2025-05-16,Olive & Ember Airport,Front of house,24.84,372.6
2025-05-16,Olive & Ember Airport,Management,10,240
2025-05-17,Olive & Ember Airport,Kitchen,19.63,346.96
2025-05-17,Olive & Ember Airport,Front of house,25.38,380.7
2025-05-17,Olive & Ember Airport,Management,10,240
2025-05-18,Olive & Ember Airport,Kitchen,20.81,367.82
2025-05-18,Olive & Ember Airport,Front of house,25.42,381.3
2025-05-18,Olive & Ember Airport,Management,10,240
2025-05-19,Olive & Ember Airport,Kitchen,19.23,339.89
2025-05-19,Olive & Ember Airport,Front of house,25.6,384
2025-05-19,Olive & Ember Airport,Management,10,240
2025-05-20,Olive & Ember Airport,Kitchen,18.41,325.4
2025-05-20,Olive & Ember Airport,Front of house,24.6,369
2025-05-20,Olive & Ember Airport,Management,10,240
2025-05-21,Olive & Ember Airport,Kitchen,18.38,324.87
2025-05-21,Olive & Ember Airport,Front of house,23.54,353.1
2025-05-21,Olive & Ember Airport,Management,10,240
2025-05-22,Olive & Ember Airport,Kitchen,18.87,333.53
2025-05-22,Olive & Ember Airport,Front of house,25.57,383.55
2025-05-22,Olive & Ember Airport,Management,10,240
2025-05-23,Olive & Ember Airport,Kitchen,18.96,335.12
2025-05-23,Olive & Ember Airport,Front of house,23.07,346.05
2025-05-23,Olive & Ember Airport,Management,10,240
2025-05-24,Olive & Ember Airport,Kitchen,22.45,396.8
2025-05-24,Olive & Ember Airport,Front of house,30.01,450.15
2025-05-24,Olive & Ember Airport,Management,10,240
2025-05-25,Olive & Ember Airport,Kitchen,19.02,336.18
2025-05-25,Olive & Ember Airport,Front of house,26.38,395.7
2025-05-25,Olive & Ember Airport,Management,10,240
2025-05-26,Olive & Ember Airport,Kitchen,17.36,306.84
2025-05-26,Olive & Ember Airport,Front of house,21.9,328.5
2025-05-26,Olive & Ember Airport,Management,10,240
2025-05-27,Olive & Ember Airport,Kitchen,20.03,354.03
2025-05-27,Olive & Ember Airport,Front of house,24.8,372
2025-05-27,Olive & Ember Airport,Management,10,240
2025-05-28,Olive & Ember Airport,Kitchen,19.7,348.2
2025-05-28,Olive & Ember Airport,Front of house,24.21,363.15
2025-05-28,Olive & Ember Airport,Management,10,240
2025-05-29,Olive & Ember Airport,Kitchen,19.95,352.62
2025-05-29,Olive & Ember Airport,Front of house,25.76,386.4
2025-05-29,Olive & Ember Airport,Management,10,240
2025-05-30,Olive & Ember Airport,Kitchen,21.42,378.6
2025-05-30,Olive & Ember Airport,Front of house,25.45,381.75
2025-05-30,Olive & Ember Airport,Management,10,240
2025-05-31,Olive & Ember Airport,Kitchen,20.93,369.94
2025-05-31,Olive & Ember Airport,Front of house,25.97,389.55
2025-05-31,Olive & Ember Airport,Management,10,240
2025-06-01,Olive & Ember Airport,Kitchen,22.19,392.21
2025-06-01,Olive & Ember Airport,Front of house,26.67,400.05
2025-06-01,Olive & Ember Airport,Management,10,240
2025-06-02,Olive & Ember Airport,Kitchen,21.35,377.36
2025-06-02,Olive & Ember Airport,Front of house,28.85,432.75
2025-06-02,Olive & Ember Airport,Management,10,240
2025-06-03,Olive & Ember Airport,Kitchen,19.97,352.97
2025-06-03,Olive & Ember Airport,Front of house,27.26,408.9
2025-06-03,Olive & Ember Airport,Management,10,240
2025-06-04,Olive & Ember Airport,Kitchen,20.98,370.82
2025-06-04,Olive & Ember Airport,Front of house,28.18,422.7
2025-06-04,Olive & Ember Airport,Management,10,240
2025-06-05,Olive & Ember Airport,Kitchen,21.83,385.85
2025-06-05,Olive & Ember Airport,Front of house,28.31,424.65
2025-06-05,Olive & Ember Airport,Management,10,240
2025-06-06,Olive & Ember Airport,Kitchen,20.34,359.51
2025-06-06,Olive & Ember Airport,Front of house,26.06,390.9
2025-06-06,Olive & Ember Airport,Management,10,240
2025-06-07,Olive & Ember Airport,Kitchen,22.07,390.09
2025-06-07,Olive & Ember Airport,Front of house,27.97,419.55
2025-06-07,Olive & Ember Airport,Management,10,240
2025-06-08,Olive & Ember Airport,Kitchen,23.75,419.78
2025-06-08,Olive & Ember Airport,Front of house,30.46,456.9
2025-06-08,Olive & Ember Airport,Management,10,240
2025-06-09,Olive & Ember Airport,Kitchen,19.28,340.77
2025-06-09,Olive & Ember Airport,Front of house,24.5,367.5
2025-06-09,Olive & Ember Airport,Management,10,240
2025-06-10,Olive & Ember Airport,Kitchen,21.48,379.66
2025-06-10,Olive & Ember Airport,Front of house,26.31,394.65
2025-06-10,Olive & Ember Airport,Management,10,240
2025-06-11,Olive & Ember Airport,Kitchen,20.91,369.58
2025-06-11,Olive & Ember Airport,Front of house,25.82,387.3
2025-06-11,Olive & Ember Airport,Management,10,240
2025-06-12,Olive & Ember Airport,Kitchen,19.39,342.72
2025-06-12,Olive & Ember Airport,Front of house,26.64,399.6
2025-06-12,Olive & Ember Airport,Management,10,240
2025-06-13,Olive & Ember Airport,Kitchen,21.89,386.91
2025-06-13,Olive & Ember Airport,Front of house,29.53,442.95
2025-06-13,Olive & Ember Airport,Management,10,240
2025-06-14,Olive & Ember Airport,Kitchen,23.29,411.65
2025-06-14,Olive & Ember Airport,Front of house,29.12,436.8
2025-06-14,Olive & Ember Airport,Management,10,240
2025-06-15,Olive & Ember Airport,Kitchen,19.92,352.09
2025-06-15,Olive & Ember Airport,Front of house,26.98,404.7
2025-06-15,Olive & Ember Airport,Management,10,240
2025-06-16,Olive & Ember Airport,Kitchen,18.92,334.41
2025-06-16,Olive & Ember Airport,Front of house,24.25,363.75
2025-06-16,Olive & Ember Airport,Management,10,240
2025-06-17,Olive & Ember Airport,Kitchen,20.47,361.81
2025-06-17,Olive & Ember Airport,Front of house,26.71,400.65
2025-06-17,Olive & Ember Airport,Management,10,240
2025-06-18,Olive & Ember Airport,Kitchen,21.26,375.77
2025-06-18,Olive & Ember Airport,Front of house,27.24,408.6
2025-06-18,Olive & Ember Airport,Management,10,240
2025-06-19,Olive & Ember Airport,Kitchen,21.99,388.67
2025-06-19,Olive & Ember Airport,Front of house,27.91,418.65
2025-06-19,Olive & Ember Airport,Management,10,240
2025-06-20,Olive & Ember Airport,Kitchen,22.36,395.21
2025-06-20,Olive & Ember Airport,Front of house,28.9,433.5
2025-06-20,Olive & Ember Airport,Management,10,240
2025-06-21,Olive & Ember Airport,Kitchen,21.29,376.3
2025-06-21,Olive & Ember Airport,Front of house,26.36,395.4
2025-06-21,Olive & Ember Airport,Management,10,240
2025-06-22,Olive & Ember Airport,Kitchen,20.36,359.86
2025-06-22,Olive & Ember Airport,Front of house,25.68,385.2
2025-06-22,Olive & Ember Airport,Management,10,240
2025-06-23,Olive & Ember Airport,Kitchen,20.16,356.33
2025-06-23,Olive & Ember Airport,Front of house,24.94,374.1
2025-06-23,Olive & Ember Airport,Management,10,240
2025-06-24,Olive & Ember Airport,Kitchen,21.32,376.83
2025-06-24,Olive & Ember Airport,Front of house,25.89,388.35
2025-06-24,Olive & Ember Airport,Management,10,240
2025-06-25,Olive & Ember Airport,Kitchen,20.62,364.46
2025-06-25,Olive & Ember Airport,Front of house,24.13,361.95
2025-06-25,Olive & Ember Airport,Management,10,240
2025-06-26,Olive & Ember Airport,Kitchen,22.35,395.04
2025-06-26,Olive & Ember Airport,Front of house,28.89,433.35
2025-06-26,Olive & Ember Airport,Management,10,240
2025-06-27,Olive & Ember Airport,Kitchen,25.24,446.12
2025-06-27,Olive & Ember Airport,Front of house,30.94,464.1
2025-06-27,Olive & Ember Airport,Management,10,240
2025-06-28,Olive & Ember Airport,Kitchen,22.66,400.52
2025-06-28,Olive & Ember Airport,Front of house,29.42,441.3
2025-06-28,Olive & Ember Airport,Management,10,240
2025-06-29,Olive & Ember Airport,Kitchen,19.43,343.43
2025-06-29,Olive & Ember Airport,Front of house,25.41,381.15
2025-06-29,Olive & Ember Airport,Management,10,240
2025-06-30,Olive & Ember Airport,Kitchen,23.87,421.9
2025-06-30,Olive & Ember Airport,Front of house,28.7,430.5
2025-06-30,Olive & Ember Airport,Management,10,240
2025-07-01,Olive & Ember Airport,Kitchen,21.49,379.84
2025-07-01,Olive & Ember Airport,Front of house,27.83,417.45
2025-07-01,Olive & Ember Airport,Management,10,240
2025-07-02,Olive & Ember Airport,Kitchen,23.28,411.47
2025-07-02,Olive & Ember Airport,Front of house,29.03,435.45
2025-07-02,Olive & Ember Airport,Management,10,240
2025-07-03,Olive & Ember Airport,Kitchen,20.72,366.23
2025-07-03,Olive & Ember Airport,Front of house,26.64,399.6
2025-07-03,Olive & Ember Airport,Management,10,240
2025-07-04,Olive & Ember Airport,Kitchen,21.81,385.49
2025-07-04,Olive & Ember Airport,Front of house,29.19,437.85
2025-07-04,Olive & Ember Airport,Management,10,240
2025-07-05,Olive & Ember Airport,Kitchen,23.09,408.12
2025-07-05,Olive & Ember Airport,Front of house,29.7,445.5
2025-07-05,Olive & Ember Airport,Management,10,240
2025-07-06,Olive & Ember Airport,Kitchen,20.92,369.76
2025-07-06,Olive & Ember Airport,Front of house,27.4,411
2025-07-06,Olive & Ember Airport,Management,10,240
2025-07-07,Olive & Ember Airport,Kitchen,21.45,379.13
2025-07-07,Olive & Ember Airport,Front of house,27.35,410.25
2025-07-07,Olive & Ember Airport,Management,10,240
2025-07-08,Olive & Ember Airport,Kitchen,21.06,372.24
2025-07-08,Olive & Ember Airport,Front of house,25.86,387.9
2025-07-08,Olive & Ember Airport,Management,10,240
2025-07-09,Olive & Ember Airport,Kitchen,22.31,394.33
2025-07-09,Olive & Ember Airport,Front of house,29.99,449.85
2025-07-09,Olive & Ember Airport,Management,10,240
2025-07-10,Olive & Ember Airport,Kitchen,24.69,436.4
2025-07-10,Olive & Ember Airport,Front of house,30.26,453.9
2025-07-10,Olive & Ember Airport,Management,10,240
2025-07-11,Olive & Ember Airport,Kitchen,23.31,412
2025-07-11,Olive & Ember Airport,Front of house,30.52,457.8
2025-07-11,Olive & Ember Airport,Management,10,240
2025-07-12,Olive & Ember Airport,Kitchen,21.4,378.25
2025-07-12,Olive & Ember Airport,Front of house,27.82,417.3
2025-07-12,Olive & Ember Airport,Management,10,240
2025-07-13,Olive & Ember Airport,Kitchen,24.01,424.38
2025-07-13,Olive & Ember Airport,Front of house,29.72,445.8
2025-07-13,Olive & Ember Airport,Management,10,240
2025-07-14,Olive & Ember Airport,Kitchen,22.42,396.27
2025-07-14,Olive & Ember Airport,Front of house,28.67,430.05
2025-07-14,Olive & Ember Airport,Management,10,240
2025-07-15,Olive & Ember Airport,Kitchen,21.96,388.14
2025-07-15,Olive & Ember Airport,Front of house,27.81,417.15
2025-07-15,Olive & Ember Airport,Management,10,240
2025-07-16,Olive & Ember Airport,Kitchen,19.82,350.32
2025-07-16,Olive & Ember Airport,Front of house,25.35,380.25
2025-07-16,Olive & Ember Airport,Management,10,240
2025-07-17,Olive & Ember Airport,Kitchen,23.51,415.54
2025-07-17,Olive & Ember Airport,Front of house,30.75,461.25
2025-07-17,Olive & Ember Airport,Management,10,240
2025-07-18,Olive & Ember Airport,Kitchen,22.8,402.99
2025-07-18,Olive & Ember Airport,Front of house,28.9,433.5
2025-07-18,Olive & Ember Airport,Management,10,240
2025-07-19,Olive & Ember Airport,Kitchen,22.58,399.1
2025-07-19,Olive & Ember Airport,Front of house,30.83,462.45
2025-07-19,Olive & Ember Airport,Management,10,240
2025-07-20,Olive & Ember Airport,Kitchen,23.67,418.37
2025-07-20,Olive & Ember Airport,Front of house,30.34,455.1
2025-07-20,Olive & Ember Airport,Management,10,240
2025-07-21,Olive & Ember Airport,Kitchen,21.6,381.78
2025-07-21,Olive & Ember Airport,Front of house,27.33,409.95
2025-07-21,Olive & Ember Airport,Management,10,240
2025-07-22,Olive & Ember Airport,Kitchen,22.1,390.62
2025-07-22,Olive & Ember Airport,Front of house,29.01,435.15
2025-07-22,Olive & Ember Airport,Management,10,240
2025-07-23,Olive & Ember Airport,Kitchen,25.68,453.89
2025-07-23,Olive & Ember Airport,Front of house,32.21,483.15
2025-07-23,Olive & Ember Airport,Management,10,240
2025-07-24,Olive & Ember Airport,Kitchen,23.27,411.3
2025-07-24,Olive & Ember Airport,Front of house,29.47,442.05
2025-07-24,Olive & Ember Airport,Management,10,240
2025-07-25,Olive & Ember Airport,Kitchen,22.88,404.4
2025-07-25,Olive & Ember Airport,Front of house,30.53,457.95
2025-07-25,Olive & Ember Airport,Management,10,240
2025-07-26,Olive & Ember Airport,Kitchen,25.67,453.72
2025-07-26,Olive & Ember Airport,Front of house,32.18,482.7
2025-07-26,Olive & Ember Airport,Management,10,240
2025-07-27,Olive & Ember Airport,Kitchen,21.76,384.61
2025-07-27,Olive & Ember Airport,Front of house,25.64,384.6
2025-07-27,Olive & Ember Airport,Management,10,240
2025-07-28,Olive & Ember Airport,Kitchen,22.83,403.52
2025-07-28,Olive & Ember Airport,Front of house,29.22,438.3
2025-07-28,Olive & Ember Airport,Management,10,240
2025-07-29,Olive & Ember Airport,Kitchen,22.62,399.81
2025-07-29,Olive & Ember Airport,Front of house,28.96,434.4
2025-07-29,Olive & Ember Airport,Management,10,240
2025-07-30,Olive & Ember Airport,Kitchen,21.28,376.12
2025-07-30,Olive & Ember Airport,Front of house,26.67,400.05
2025-07-30,Olive & Ember Airport,Management,10,240
2025-07-31,Olive & Ember Airport,Kitchen,22.34,394.86
2025-07-31,Olive & Ember Airport,Front of house,26.33,394.95
2025-07-31,Olive & Ember Airport,Management,10,240
2025-08-01,Olive & Ember Airport,Kitchen,23.84,421.37
2025-08-01,Olive & Ember Airport,Front of house,31.45,471.75
2025-08-01,Olive & Ember Airport,Management,10,240
2025-08-02,Olive & Ember Airport,Kitchen,24.84,439.05
2025-08-02,Olive & Ember Airport,Front of house,33.45,501.75
2025-08-02,Olive & Ember Airport,Management,10,240
2025-08-03,Olive & Ember Airport,Kitchen,21.44,378.95
2025-08-03,Olive & Ember Airport,Front of house,29.54,443.1
2025-08-03,Olive & Ember Airport,Management,10,240
2025-08-04,Olive & Ember Airport,Kitchen,23.17,409.53
2025-08-04,Olive & Ember Airport,Front of house,28.79,431.85
2025-08-04,Olive & Ember Airport,Management,10,240
2025-08-05,Olive & Ember Airport,Kitchen,21.22,375.06
2025-08-05,Olive & Ember Airport,Front of house,27.86,417.9
2025-08-05,Olive & Ember Airport,Management,10,240
2025-08-06,Olive & Ember Airport,Kitchen,20.68,365.52
2025-08-06,Olive & Ember Airport,Front of house,26.27,394.05
2025-08-06,Olive & Ember Airport,Management,10,240
2025-08-07,Olive & Ember Airport,Kitchen,20.65,364.99
2025-08-07,Olive & Ember Airport,Front of house,25.1,376.5
2025-08-07,Olive & Ember Airport,Management,10,240
2025-08-08,Olive & Ember Airport,Kitchen,22.36,395.21
2025-08-08,Olive & Ember Airport,Front of house,30.09,451.35
2025-08-08,Olive & Ember Airport,Management,10,240
2025-08-09,Olive & Ember Airport,Kitchen,23.76,419.96
2025-08-09,Olive & Ember Airport,Front of house,28.8,432
2025-08-09,Olive & Ember Airport,Management,10,240
2025-08-10,Olive & Ember Airport,Kitchen,22.28,393.8
2025-08-10,Olive & Ember Airport,Front of house,28.9,433.5
2025-08-10,Olive & Ember Airport,Management,10,240
2025-08-11,Olive & Ember Airport,Kitchen,22.08,390.26
2025-08-11,Olive & Ember Airport,Front of house,28.2,423
2025-08-11,Olive & Ember Airport,Management,10,240
2025-08-12,Olive & Ember Airport,Kitchen,19.95,352.62
2025-08-12,Olive & Ember Airport,Front of house,27.2,408
2025-08-12,Olive & Ember Airport,Management,10,240
2025-08-13,Olive & Ember Airport,Kitchen,21.26,375.77
2025-08-13,Olive & Ember Airport,Front of house,26.53,397.95
2025-08-13,Olive & Ember Airport,Management,10,240
2025-08-14,Olive & Ember Airport,Kitchen,22.77,402.46
2025-08-14,Olive & Ember Airport,Front of house,28.74,431.1
2025-08-14,Olive & Ember Airport,Management,10,240
2025-08-15,Olive & Ember Airport,Kitchen,24.22,428.09
2025-08-15,Olive & Ember Airport,Front of house,30.07,451.05
2025-08-15,Olive & Ember Airport,Management,10,240
2025-08-16,Olive & Ember Airport,Kitchen,21.41,378.42
2025-08-16,Olive & Ember Airport,Front of house,28.64,429.6
2025-08-16,Olive & Ember Airport,Management,10,240
2025-08-17,Olive & Ember Airport,Kitchen,22.36,395.21
2025-08-17,Olive & Ember Airport,Front of house,29.03,435.45
2025-08-17,Olive & Ember Airport,Management,10,240
2025-08-18,Olive & Ember Airport,Kitchen,19.87,351.2
2025-08-18,Olive & Ember Airport,Front of house,25.84,387.6
2025-08-18,Olive & Ember Airport,Management,10,240
2025-08-19,Olive & Ember Airport,Kitchen,19.03,336.36
2025-08-19,Olive & Ember Airport,Front of house,24.94,374.1
2025-08-19,Olive & Ember Airport,Management,10,240
2025-08-20,Olive & Ember Airport,Kitchen,22.32,394.51
2025-08-20,Olive & Ember Airport,Front of house,30.33,454.95
2025-08-20,Olive & Ember Airport,Management,10,240
2025-08-21,Olive & Ember Airport,Kitchen,20.45,361.45
2025-08-21,Olive & Ember Airport,Front of house,26.43,396.45
2025-08-21,Olive & Ember Airport,Management,10,240
2025-08-22,Olive & Ember Airport,Kitchen,26.79,473.51
2025-08-22,Olive & Ember Airport,Front of house,32.28,484.2
2025-08-22,Olive & Ember Airport,Management,10,240
2025-08-23,Olive & Ember Airport,Kitchen,24.59,434.63
2025-08-23,Olive & Ember Airport,Front of house,29.36,440.4
2025-08-23,Olive & Ember Airport,Management,10,240
2025-08-24,Olive & Ember Airport,Kitchen,25.33,447.71
2025-08-24,Olive & Ember Airport,Front of house,29.99,449.85
2025-08-24,Olive & Ember Airport,Management,10,240
2025-08-25,Olive & Ember Airport,Kitchen,23.74,419.6
2025-08-25,Olive & Ember Airport,Front of house,29.72,445.8
2025-08-25,Olive & Ember Airport,Management,10,240
2025-08-26,Olive & Ember Airport,Kitchen,21.72,383.9
2025-08-26,Olive & Ember Airport,Front of house,27.03,405.45
2025-08-26,Olive & Ember Airport,Management,10,240
2025-08-27,Olive & Ember Airport,Kitchen,22.19,392.21
2025-08-27,Olive & Ember Airport,Front of house,28.23,423.45
2025-08-27,Olive & Ember Airport,Management,10,240
2025-08-28,Olive & Ember Airport,Kitchen,21.33,377.01
2025-08-28,Olive & Ember Airport,Front of house,27.6,414
2025-08-28,Olive & Ember Airport,Management,10,240
2025-08-29,Olive & Ember Airport,Kitchen,22.48,397.33
2025-08-29,Olive & Ember Airport,Front of house,28.32,424.8
2025-08-29,Olive & Ember Airport,Management,10,240
2025-08-30,Olive & Ember Airport,Kitchen,23.63,417.66
2025-08-30,Olive & Ember Airport,Front of house,30.69,460.35
2025-08-30,Olive & Ember Airport,Management,10,240
2025-08-31,Olive & Ember Airport,Kitchen,23.48,415.01
2025-08-31,Olive & Ember Airport,Front of house,29.15,437.25
2025-08-31,Olive & Ember Airport,Management,10,240
2025-09-01,Olive & Ember Airport,Kitchen,20.34,359.51
2025-09-01,Olive & Ember Airport,Front of house,26.61,399.15
2025-09-01,Olive & Ember Airport,Management,10,240
2025-09-02,Olive & Ember Airport,Kitchen,19.25,340.24
2025-09-02,Olive & Ember Airport,Front of house,22.82,342.3
2025-09-02,Olive & Ember Airport,Management,10,240
2025-09-03,Olive & Ember Airport,Kitchen,19.65,347.31
2025-09-03,Olive & Ember Airport,Front of house,25.08,376.2
2025-09-03,Olive & Ember Airport,Management,10,240
2025-09-04,Olive & Ember Airport,Kitchen,19.52,345.02
2025-09-04,Olive & Ember Airport,Front of house,26.55,398.25
2025-09-04,Olive & Ember Airport,Management,10,240
2025-09-05,Olive & Ember Airport,Kitchen,22.29,393.98
2025-09-05,Olive & Ember Airport,Front of house,28.8,432
2025-09-05,Olive & Ember Airport,Management,10,240
2025-09-06,Olive & Ember Airport,Kitchen,18.26,322.75
2025-09-06,Olive & Ember Airport,Front of house,24.63,369.45
2025-09-06,Olive & Ember Airport,Management,10,240
2025-09-07,Olive & Ember Airport,Kitchen,17.93,316.91
2025-09-07,Olive & Ember Airport,Front of house,22.04,330.6
2025-09-07,Olive & Ember Airport,Management,10,240
2025-09-08,Olive & Ember Airport,Kitchen,21.29,376.3
2025-09-08,Olive & Ember Airport,Front of house,25.71,385.65
2025-09-08,Olive & Ember Airport,Management,10,240
2025-09-09,Olive & Ember Airport,Kitchen,17.98,317.8
2025-09-09,Olive & Ember Airport,Front of house,23.43,351.45
2025-09-09,Olive & Ember Airport,Management,10,240
2025-09-10,Olive & Ember Airport,Kitchen,16.96,299.77
2025-09-10,Olive & Ember Airport,Front of house,21.17,317.55
2025-09-10,Olive & Ember Airport,Management,10,240
2025-09-11,Olive & Ember Airport,Kitchen,21.92,387.44
2025-09-11,Olive & Ember Airport,Front of house,26.19,392.85
2025-09-11,Olive & Ember Airport,Management,10,240
2025-09-12,Olive & Ember Airport,Kitchen,18.83,332.82
2025-09-12,Olive & Ember Airport,Front of house,24.11,361.65
2025-09-12,Olive & Ember Airport,Management,10,240
2025-09-13,Olive & Ember Airport,Kitchen,17.79,314.44
2025-09-13,Olive & Ember Airport,Front of house,23.77,356.55
2025-09-13,Olive & Ember Airport,Management,10,240
2025-09-14,Olive & Ember Airport,Kitchen,19.01,336
2025-09-14,Olive & Ember Airport,Front of house,24.21,363.15
2025-09-14,Olive & Ember Airport,Management,10,240
2025-09-15,Olive & Ember Airport,Kitchen,19.91,351.91
2025-09-15,Olive & Ember Airport,Front of house,25.74,386.1
2025-09-15,Olive & Ember Airport,Management,10,240
2025-09-16,Olive & Ember Airport,Kitchen,20.36,359.86
2025-09-16,Olive & Ember Airport,Front of house,27.28,409.2
2025-09-16,Olive & Ember Airport,Management,10,240
2025-09-17,Olive & Ember Airport,Kitchen,21.28,376.12
2025-09-17,Olive & Ember Airport,Front of house,25.35,380.25
2025-09-17,Olive & Ember Airport,Management,10,240
2025-09-18,Olive & Ember Airport,Kitchen,18.53,327.52
2025-09-18,Olive & Ember Airport,Front of house,24.31,364.65
2025-09-18,Olive & Ember Airport,Management,10,240
2025-09-19,Olive & Ember Airport,Kitchen,22.11,390.79
2025-09-19,Olive & Ember Airport,Front of house,28.17,422.55
2025-09-19,Olive & Ember Airport,Management,10,240
2025-09-20,Olive & Ember Airport,Kitchen,20.15,356.15
2025-09-20,Olive & Ember Airport,Front of house,25.43,381.45
2025-09-20,Olive & Ember Airport,Management,10,240
2025-09-21,Olive & Ember Airport,Kitchen,19.01,336
2025-09-21,Olive & Ember Airport,Front of house,26.05,390.75
2025-09-21,Olive & Ember Airport,Management,10,240
2025-09-22,Olive & Ember Airport,Kitchen,18.78,331.94
2025-09-22,Olive & Ember Airport,Front of house,23.82,357.3
2025-09-22,Olive & Ember Airport,Management,10,240
2025-09-23,Olive & Ember Airport,Kitchen,18.8,332.29
2025-09-23,Olive & Ember Airport,Front of house,24.05,360.75
2025-09-23,Olive & Ember Airport,Management,10,240
2025-09-24,Olive & Ember Airport,Kitchen,20.72,366.23
2025-09-24,Olive & Ember Airport,Front of house,25.07,376.05
2025-09-24,Olive & Ember Airport,Management,10,240
2025-09-25,Olive & Ember Airport,Kitchen,21.05,372.06
2025-09-25,Olive & Ember Airport,Front of house,25.4,381
2025-09-25,Olive & Ember Airport,Management,10,240
2025-09-26,Olive & Ember Airport,Kitchen,20.85,368.52
2025-09-26,Olive & Ember Airport,Front of house,26.31,394.65
2025-09-26,Olive & Ember Airport,Management,10,240
2025-09-27,Olive & Ember Airport,Kitchen,22.93,405.29
2025-09-27,Olive & Ember Airport,Front of house,27.12,406.8
2025-09-27,Olive & Ember Airport,Management,10,240
2025-09-28,Olive & Ember Airport,Kitchen,21,371.18
2025-09-28,Olive & Ember Airport,Front of house,28.33,424.95
2025-09-28,Olive & Ember Airport,Management,10,240
2025-09-29,Olive & Ember Airport,Kitchen,18.44,325.93
2025-09-29,Olive & Ember Airport,Front of house,23.07,346.05
2025-09-29,Olive & Ember Airport,Management,10,240
2025-09-30,Olive & Ember Airport,Kitchen,20.1,355.27
2025-09-30,Olive & Ember Airport,Front of house,24.84,372.6
2025-09-30,Olive & Ember Airport,Management,10,240
2025-10-01,Olive & Ember Airport,Kitchen,21.41,378.42
2025-10-01,Olive & Ember Airport,Front of house,25.18,377.7
2025-10-01,Olive & Ember Airport,Management,10,240
2025-10-02,Olive & Ember Airport,Kitchen,18.04,318.86
2025-10-02,Olive & Ember Airport,Front of house,22.02,330.3
2025-10-02,Olive & Ember Airport,Management,10,240
2025-10-03,Olive & Ember Airport,Kitchen,19.13,338.12
2025-10-03,Olive & Ember Airport,Front of house,26.18,392.7
2025-10-03,Olive & Ember Airport,Management,10,240
2025-10-04,Olive & Ember Airport,Kitchen,21.13,373.47
2025-10-04,Olive & Ember Airport,Front of house,27.73,415.95
2025-10-04,Olive & Ember Airport,Management,10,240
2025-10-05,Olive & Ember Airport,Kitchen,20.1,355.27
2025-10-05,Olive & Ember Airport,Front of house,25.35,380.25
2025-10-05,Olive & Ember Airport,Management,10,240
2025-10-06,Olive & Ember Airport,Kitchen,21.42,378.6
2025-10-06,Olive & Ember Airport,Front of house,26.34,395.1
2025-10-06,Olive & Ember Airport,Management,10,240
2025-10-07,Olive & Ember Airport,Kitchen,18.99,335.65
2025-10-07,Olive & Ember Airport,Front of house,24.3,364.5
2025-10-07,Olive & Ember Airport,Management,10,240
2025-10-08,Olive & Ember Airport,Kitchen,21.19,374.53
2025-10-08,Olive & Ember Airport,Front of house,28.17,422.55
2025-10-08,Olive & Ember Airport,Management,10,240
2025-10-09,Olive & Ember Airport,Kitchen,19.57,345.9
2025-10-09,Olive & Ember Airport,Front of house,23.25,348.75
2025-10-09,Olive & Ember Airport,Management,10,240
2025-10-10,Olive & Ember Airport,Kitchen,18.9,334.06
2025-10-10,Olive & Ember Airport,Front of house,25.33,379.95
2025-10-10,Olive & Ember Airport,Management,10,240
2025-10-11,Olive & Ember Airport,Kitchen,16.99,300.3
2025-10-11,Olive & Ember Airport,Front of house,22.56,338.4
2025-10-11,Olive & Ember Airport,Management,10,240
2025-10-12,Olive & Ember Airport,Kitchen,18.59,328.58
2025-10-12,Olive & Ember Airport,Front of house,24.81,372.15
2025-10-12,Olive & Ember Airport,Management,10,240
2025-10-13,Olive & Ember Airport,Kitchen,20.16,356.33
2025-10-13,Olive & Ember Airport,Front of house,25.33,379.95
2025-10-13,Olive & Ember Airport,Management,10,240
2025-10-14,Olive & Ember Airport,Kitchen,19.34,341.83
2025-10-14,Olive & Ember Airport,Front of house,23.61,354.15
2025-10-14,Olive & Ember Airport,Management,10,240
2025-10-15,Olive & Ember Airport,Kitchen,19.64,347.14
2025-10-15,Olive & Ember Airport,Front of house,25.3,379.5
2025-10-15,Olive & Ember Airport,Management,10,240
2025-10-16,Olive & Ember Airport,Kitchen,20.47,361.81
2025-10-16,Olive & Ember Airport,Front of house,24.83,372.45
2025-10-16,Olive & Ember Airport,Management,10,240
2025-10-17,Olive & Ember Airport,Kitchen,18.64,329.46
2025-10-17,Olive & Ember Airport,Front of house,24.59,368.85
2025-10-17,Olive & Ember Airport,Management,10,240
2025-10-18,Olive & Ember Airport,Kitchen,21.53,380.54
2025-10-18,Olive & Ember Airport,Front of house,27.6,414
2025-10-18,Olive & Ember Airport,Management,10,240
2025-10-19,Olive & Ember Airport,Kitchen,20.51,362.51
2025-10-19,Olive & Ember Airport,Front of house,25.55,383.25
2025-10-19,Olive & Ember Airport,Management,10,240
2025-10-20,Olive & Ember Airport,Kitchen,17.99,317.97
2025-10-20,Olive & Ember Airport,Front of house,21.95,329.25
2025-10-20,Olive & Ember Airport,Management,10,240
2025-10-21,Olive & Ember Airport,Kitchen,22.79,402.81
2025-10-21,Olive & Ember Airport,Front of house,27.1,406.5
2025-10-21,Olive & Ember Airport,Management,10,240
2025-10-22,Olive & Ember Airport,Kitchen,18.26,322.75
2025-10-22,Olive & Ember Airport,Front of house,22.88,343.2
2025-10-22,Olive & Ember Airport,Management,10,240
2025-10-23,Olive & Ember Airport,Kitchen,19,335.83
2025-10-23,Olive & Ember Airport,Front of house,24.63,369.45
2025-10-23,Olive & Ember Airport,Management,10,240
2025-10-24,Olive & Ember Airport,Kitchen,20.53,362.87
2025-10-24,Olive & Ember Airport,Front of house,23.91,358.65
2025-10-24,Olive & Ember Airport,Management,10,240
2025-10-25,Olive & Ember Airport,Kitchen,21.18,374.36
2025-10-25,Olive & Ember Airport,Front of house,27.47,412.05
2025-10-25,Olive & Ember Airport,Management,10,240
2025-10-26,Olive & Ember Airport,Kitchen,19.37,342.36
2025-10-26,Olive & Ember Airport,Front of house,23.32,349.8
2025-10-26,Olive & Ember Airport,Management,10,240
2025-10-27,Olive & Ember Airport,Kitchen,20.18,356.68
2025-10-27,Olive & Ember Airport,Front of house,25.62,384.3
2025-10-27,Olive & Ember Airport,Management,10,240
2025-10-28,Olive & Ember Airport,Kitchen,18.41,325.4
2025-10-28,Olive & Ember Airport,Front of house,23.74,356.1
2025-10-28,Olive & Ember Airport,Management,10,240
2025-10-29,Olive & Ember Airport,Kitchen,17.57,310.55
2025-10-29,Olive & Ember Airport,Front of house,21.34,320.1
2025-10-29,Olive & Ember Airport,Management,10,240
2025-10-30,Olive & Ember Airport,Kitchen,18.06,319.21
2025-10-30,Olive & Ember Airport,Front of house,22.06,330.9
2025-10-30,Olive & Ember Airport,Management,10,240
2025-10-31,Olive & Ember Airport,Kitchen,20.89,369.23
2025-10-31,Olive & Ember Airport,Front of house,26.16,392.4
2025-10-31,Olive & Ember Airport,Management,10,240
2025-11-01,Olive & Ember Airport,Kitchen,19.26,340.42
2025-11-01,Olive & Ember Airport,Front of house,24.74,371.1
2025-11-01,Olive & Ember Airport,Management,10,240
2025-11-02,Olive & Ember Airport,Kitchen,21.39,378.07
2025-11-02,Olive & Ember Airport,Front of house,24.98,374.7
2025-11-02,Olive & Ember Airport,Management,10,240
2025-11-03,Olive & Ember Airport,Kitchen,16.98,300.12
2025-11-03,Olive & Ember Airport,Front of house,22.07,331.05
2025-11-03,Olive & Ember Airport,Management,10,240
2025-11-04,Olive & Ember Airport,Kitchen,19.29,340.95
2025-11-04,Olive & Ember Airport,Front of house,24.38,365.7
2025-11-04,Olive & Ember Airport,Management,10,240
2025-11-05,Olive & Ember Airport,Kitchen,19.44,343.6
2025-11-05,Olive & Ember Airport,Front of house,23.72,355.8
2025-11-05,Olive & Ember Airport,Management,10,240
2025-11-06,Olive & Ember Airport,Kitchen,20.42,360.92
2025-11-06,Olive & Ember Airport,Front of house,25.91,388.65
2025-11-06,Olive & Ember Airport,Management,10,240
2025-11-07,Olive & Ember Airport,Kitchen,20.98,370.82
2025-11-07,Olive & Ember Airport,Front of house,27.3,409.5
2025-11-07,Olive & Ember Airport,Management,10,240
2025-11-08,Olive & Ember Airport,Kitchen,21.01,371.35
2025-11-08,Olive & Ember Airport,Front of house,26.99,404.85
2025-11-08,Olive & Ember Airport,Management,10,240
2025-11-09,Olive & Ember Airport,Kitchen,17.69,312.67
2025-11-09,Olive & Ember Airport,Front of house,22.46,336.9
2025-11-09,Olive & Ember Airport,Management,10,240
2025-11-10,Olive & Ember Airport,Kitchen,15.77,278.73
2025-11-10,Olive & Ember Airport,Front of house,20.63,309.45
2025-11-10,Olive & Ember Airport,Management,10,240
2025-11-11,Olive & Ember Airport,Kitchen,18.92,334.41
2025-11-11,Olive & Ember Airport,Front of house,25.27,379.05
2025-11-11,Olive & Ember Airport,Management,10,240
2025-11-12,Olive & Ember Airport,Kitchen,19.32,341.48
2025-11-12,Olive & Ember Airport,Front of house,24.09,361.35
2025-11-12,Olive & Ember Airport,Management,10,240
2025-11-13,Olive & Ember Airport,Kitchen,18.41,325.4
2025-11-13,Olive & Ember Airport,Front of house,23.2,348
2025-11-13,Olive & Ember Airport,Management,10,240
2025-11-14,Olive & Ember Airport,Kitchen,19.63,346.96
2025-11-14,Olive & Ember Airport,Front of house,25.63,384.45
2025-11-14,Olive & Ember Airport,Management,10,240
2025-11-15,Olive & Ember Airport,Kitchen,19.78,349.61
2025-11-15,Olive & Ember Airport,Front of house,25.66,384.9
2025-11-15,Olive & Ember Airport,Management,10,240
2025-11-16,Olive & Ember Airport,Kitchen,16.44,290.58
2025-11-16,Olive & Ember Airport,Front of house,21.67,325.05
2025-11-16,Olive & Ember Airport,Management,10,240
2025-11-17,Olive & Ember Airport,Kitchen,19.04,336.53
2025-11-17,Olive & Ember Airport,Front of house,25.31,379.65
2025-11-17,Olive & Ember Airport,Management,10,240
2025-11-18,Olive & Ember Airport,Kitchen,17.14,302.95
2025-11-18,Olive & Ember Airport,Front of house,21.44,321.6
2025-11-18,Olive & Ember Airport,Management,10,240
2025-11-19,Olive & Ember Airport,Kitchen,18.7,330.52
2025-11-19,Olive & Ember Airport,Front of house,22.67,340.05
2025-11-19,Olive & Ember Airport,Management,10,240
2025-11-20,Olive & Ember Airport,Kitchen,20.28,358.45
2025-11-20,Olive & Ember Airport,Front of house,25.16,377.4
2025-11-20,Olive & Ember Airport,Management,10,240
2025-11-21,Olive & Ember Airport,Kitchen,22.52,398.04
2025-11-21,Olive & Ember Airport,Front of house,26.3,394.5
2025-11-21,Olive & Ember Airport,Management,10,240
2025-11-22,Olive & Ember Airport,Kitchen,17.93,316.91
2025-11-22,Olive & Ember Airport,Front of house,22.18,332.7
2025-11-22,Olive & Ember Airport,Management,10,240
2025-11-23,Olive & Ember Airport,Kitchen,20.25,357.92
2025-11-23,Olive & Ember Airport,Front of house,27.04,405.6
2025-11-23,Olive & Ember Airport,Management,10,240
2025-11-24,Olive & Ember Airport,Kitchen,16.84,297.65
2025-11-24,Olive & Ember Airport,Front of house,21.47,322.05
2025-11-24,Olive & Ember Airport,Management,10,240
2025-11-25,Olive & Ember Airport,Kitchen,18.54,327.69
2025-11-25,Olive & Ember Airport,Front of house,22.88,343.2
2025-11-25,Olive & Ember Airport,Management,10,240
2025-11-26,Olive & Ember Airport,Kitchen,18.66,329.82
2025-11-26,Olive & Ember Airport,Front of house,25.49,382.35
2025-11-26,Olive & Ember Airport,Management,10,240
2025-11-27,Olive & Ember Airport,Kitchen,19.77,349.43
2025-11-27,Olive & Ember Airport,Front of house,27.36,410.4
2025-11-27,Olive & Ember Airport,Management,10,240
2025-11-28,Olive & Ember Airport,Kitchen,21.37,377.71
2025-11-28,Olive & Ember Airport,Front of house,27.91,418.65
2025-11-28,Olive & Ember Airport,Management,10,240
2025-11-29,Olive & Ember Airport,Kitchen,19.56,345.72
2025-11-29,Olive & Ember Airport,Front of house,24.19,362.85
2025-11-29,Olive & Ember Airport,Management,10,240
2025-11-30,Olive & Ember Airport,Kitchen,20.95,370.29
2025-11-30,Olive & Ember Airport,Front of house,25.49,382.35
2025-11-30,Olive & Ember Airport,Management,10,240
2025-12-01,Olive & Ember Airport,Kitchen,22.16,391.68
2025-12-01,Olive & Ember Airport,Front of house,29.04,435.6
2025-12-01,Olive & Ember Airport,Management,10,240
2025-12-02,Olive & Ember Airport,Kitchen,19.8,349.97
2025-12-02,Olive & Ember Airport,Front of house,24.83,372.45
2025-12-02,Olive & Ember Airport,Management,10,240
2025-12-03,Olive & Ember Airport,Kitchen,19.09,337.42
2025-12-03,Olive & Ember Airport,Front of house,22.88,343.2
2025-12-03,Olive & Ember Airport,Management,10,240
2025-12-04,Olive & Ember Airport,Kitchen,20.14,355.97
2025-12-04,Olive & Ember Airport,Front of house,27.39,410.85
2025-12-04,Olive & Ember Airport,Management,10,240
2025-12-05,Olive & Ember Airport,Kitchen,20.57,363.57
2025-12-05,Olive & Ember Airport,Front of house,25.89,388.35
2025-12-05,Olive & Ember Airport,Management,10,240
2025-12-06,Olive & Ember Airport,Kitchen,22.71,401.4
2025-12-06,Olive & Ember Airport,Front of house,30.41,456.15
2025-12-06,Olive & Ember Airport,Management,10,240
2025-12-07,Olive & Ember Airport,Kitchen,20.15,356.15
2025-12-07,Olive & Ember Airport,Front of house,26.26,393.9
2025-12-07,Olive & Ember Airport,Management,10,240
2025-12-08,Olive & Ember Airport,Kitchen,20.64,364.81
2025-12-08,Olive & Ember Airport,Front of house,27.15,407.25
2025-12-08,Olive & Ember Airport,Management,10,240
2025-12-09,Olive & Ember Airport,Kitchen,22.56,398.75
2025-12-09,Olive & Ember Airport,Front of house,28.03,420.45
2025-12-09,Olive & Ember Airport,Management,10,240
2025-12-10,Olive & Ember Airport,Kitchen,19.9,351.73
2025-12-10,Olive & Ember Airport,Front of house,23.18,347.7
2025-12-10,Olive & Ember Airport,Management,10,240
2025-12-11,Olive & Ember Airport,Kitchen,19.7,348.2
2025-12-11,Olive & Ember Airport,Front of house,25.27,379.05
2025-12-11,Olive & Ember Airport,Management,10,240
2025-12-12,Olive & Ember Airport,Kitchen,22.65,400.34
2025-12-12,Olive & Ember Airport,Front of house,29.07,436.05
2025-12-12,Olive & Ember Airport,Management,10,240
2025-12-13,Olive & Ember Airport,Kitchen,20.28,358.45
2025-12-13,Olive & Ember Airport,Front of house,25.29,379.35
2025-12-13,Olive & Ember Airport,Management,10,240
2025-12-14,Olive & Ember Airport,Kitchen,21.66,382.84
2025-12-14,Olive & Ember Airport,Front of house,26.52,397.8
2025-12-14,Olive & Ember Airport,Management,10,240
2025-12-15,Olive & Ember Airport,Kitchen,20.26,358.1
2025-12-15,Olive & Ember Airport,Front of house,25.23,378.45
2025-12-15,Olive & Ember Airport,Management,10,240
2025-12-16,Olive & Ember Airport,Kitchen,20.17,356.5
2025-12-16,Olive & Ember Airport,Front of house,26.72,400.8
2025-12-16,Olive & Ember Airport,Management,10,240
2025-12-17,Olive & Ember Airport,Kitchen,20.49,362.16
2025-12-17,Olive & Ember Airport,Front of house,25.54,383.1
2025-12-17,Olive & Ember Airport,Management,10,240
2025-12-18,Olive & Ember Airport,Kitchen,21.12,373.3
2025-12-18,Olive & Ember Airport,Front of house,27.6,414
2025-12-18,Olive & Ember Airport,Management,10,240
2025-12-19,Olive & Ember Airport,Kitchen,20.65,364.99
2025-12-19,Olive & Ember Airport,Front of house,25.5,382.5
2025-12-19,Olive & Ember Airport,Management,10,240
2025-12-20,Olive & Ember Airport,Kitchen,23.18,409.71
2025-12-20,Olive & Ember Airport,Front of house,30.53,457.95
2025-12-20,Olive & Ember Airport,Management,10,240
2025-12-21,Olive & Ember Airport,Kitchen,22.31,394.33
2025-12-21,Olive & Ember Airport,Front of house,26.27,394.05
2025-12-21,Olive & Ember Airport,Management,10,240
2025-12-22,Olive & Ember Airport,Kitchen,19.23,339.89
2025-12-22,Olive & Ember Airport,Front of house,26.49,397.35
2025-12-22,Olive & Ember Airport,Management,10,240
2025-12-23,Olive & Ember Airport,Kitchen,17.53,309.84
2025-12-23,Olive & Ember Airport,Front of house,22.54,338.1
2025-12-23,Olive & Ember Airport,Management,10,240
2025-12-24,Olive & Ember Airport,Kitchen,19.23,339.89
2025-12-24,Olive & Ember Airport,Front of house,25.42,381.3
2025-12-24,Olive & Ember Airport,Management,10,240
2025-12-25,Olive & Ember Airport,Kitchen,21.29,376.3
2025-12-25,Olive & Ember Airport,Front of house,27.85,417.75
2025-12-25,Olive & Ember Airport,Management,10,240
2025-12-26,Olive & Ember Airport,Kitchen,23.64,417.84
2025-12-26,Olive & Ember Airport,Front of house,30.08,451.2
2025-12-26,Olive & Ember Airport,Management,10,240
2025-12-27,Olive & Ember Airport,Kitchen,21.41,378.42
2025-12-27,Olive & Ember Airport,Front of house,28.07,421.05
2025-12-27,Olive & Ember Airport,Management,10,240
2025-12-28,Olive & Ember Airport,Kitchen,23.5,415.36
2025-12-28,Olive & Ember Airport,Front of house,29.76,446.4
2025-12-28,Olive & Ember Airport,Management,10,240
2025-12-29,Olive & Ember Airport,Kitchen,19.29,340.95
2025-12-29,Olive & Ember Airport,Front of house,22.98,344.7
2025-12-29,Olive & Ember Airport,Management,10,240
2025-12-30,Olive & Ember Airport,Kitchen,19.77,349.43
2025-12-30,Olive & Ember Airport,Front of house,24.28,364.2
2025-12-30,Olive & Ember Airport,Management,10,240
2025-12-31,Olive & Ember Airport,Kitchen,20.38,360.22
2025-12-31,Olive & Ember Airport,Front of house,26.38,395.7
2025-12-31,Olive & Ember Airport,Management,10,240
2026-01-01,Olive & Ember Airport,Kitchen,21.02,371.53
2026-01-01,Olive & Ember Airport,Front of house,24.72,370.8
2026-01-01,Olive & Ember Airport,Management,10,240
2026-01-02,Olive & Ember Airport,Kitchen,22.83,403.52
2026-01-02,Olive & Ember Airport,Front of house,28.9,433.5
2026-01-02,Olive & Ember Airport,Management,10,240
2026-01-03,Olive & Ember Airport,Kitchen,21.33,377.01
2026-01-03,Olive & Ember Airport,Front of house,27,405
2026-01-03,Olive & Ember Airport,Management,10,240
2026-01-04,Olive & Ember Airport,Kitchen,19.92,352.09
2026-01-04,Olive & Ember Airport,Front of house,24.52,367.8
2026-01-04,Olive & Ember Airport,Management,10,240
2026-01-05,Olive & Ember Airport,Kitchen,19.91,351.91
2026-01-05,Olive & Ember Airport,Front of house,24.07,361.05
2026-01-05,Olive & Ember Airport,Management,10,240
2026-01-06,Olive & Ember Airport,Kitchen,17.78,314.26
2026-01-06,Olive & Ember Airport,Front of house,24.08,361.2
2026-01-06,Olive & Ember Airport,Management,10,240
2026-01-07,Olive & Ember Airport,Kitchen,18.44,325.93
2026-01-07,Olive & Ember Airport,Front of house,23.05,345.75
2026-01-07,Olive & Ember Airport,Management,10,240
2026-01-08,Olive & Ember Airport,Kitchen,19.65,347.31
2026-01-08,Olive & Ember Airport,Front of house,25.07,376.05
2026-01-08,Olive & Ember Airport,Management,10,240
2026-01-09,Olive & Ember Airport,Kitchen,20.39,360.39
2026-01-09,Olive & Ember Airport,Front of house,25.86,387.9
2026-01-09,Olive & Ember Airport,Management,10,240
2026-01-10,Olive & Ember Airport,Kitchen,20.7,365.87
2026-01-10,Olive & Ember Airport,Front of house,27.77,416.55
2026-01-10,Olive & Ember Airport,Management,10,240
2026-01-11,Olive & Ember Airport,Kitchen,21.13,373.47
2026-01-11,Olive & Ember Airport,Front of house,25.51,382.65
2026-01-11,Olive & Ember Airport,Management,10,240
2026-01-12,Olive & Ember Airport,Kitchen,21.68,383.19
2026-01-12,Olive & Ember Airport,Front of house,26.91,403.65
2026-01-12,Olive & Ember Airport,Management,10,240
2026-01-13,Olive & Ember Airport,Kitchen,19.3,341.13
2026-01-13,Olive & Ember Airport,Front of house,23.96,359.4
2026-01-13,Olive & Ember Airport,Management,10,240
2026-01-14,Olive & Ember Airport,Kitchen,19.35,342.01
2026-01-14,Olive & Ember Airport,Front of house,24.93,373.95
2026-01-14,Olive & Ember Airport,Management,10,240
2026-01-15,Olive & Ember Airport,Kitchen,19.53,345.19
2026-01-15,Olive & Ember Airport,Front of house,25.95,389.25
2026-01-15,Olive & Ember Airport,Management,10,240
2026-01-16,Olive & Ember Airport,Kitchen,22.75,402.11
2026-01-16,Olive & Ember Airport,Front of house,30.28,454.2
2026-01-16,Olive & Ember Airport,Management,10,240
2026-01-17,Olive & Ember Airport,Kitchen,22.28,393.8
2026-01-17,Olive & Ember Airport,Front of house,28.08,421.2
2026-01-17,Olive & Ember Airport,Management,10,240
2026-01-18,Olive & Ember Airport,Kitchen,23.87,421.9
2026-01-18,Olive & Ember Airport,Front of house,29.21,438.15
2026-01-18,Olive & Ember Airport,Management,10,240
2026-01-19,Olive & Ember Airport,Kitchen,21.27,375.95
2026-01-19,Olive & Ember Airport,Front of house,27.86,417.9
2026-01-19,Olive & Ember Airport,Management,10,240
2026-01-20,Olive & Ember Airport,Kitchen,18.81,332.47
2026-01-20,Olive & Ember Airport,Front of house,25.06,375.9
2026-01-20,Olive & Ember Airport,Management,10,240
2026-01-21,Olive & Ember Airport,Kitchen,21.33,377.01
2026-01-21,Olive & Ember Airport,Front of house,26.59,398.85
2026-01-21,Olive & Ember Airport,Management,10,240
2026-01-22,Olive & Ember Airport,Kitchen,20.92,369.76
2026-01-22,Olive & Ember Airport,Front of house,27.55,413.25
2026-01-22,Olive & Ember Airport,Management,10,240
2026-01-23,Olive & Ember Airport,Kitchen,18.75,331.41
2026-01-23,Olive & Ember Airport,Front of house,22.8,342
2026-01-23,Olive & Ember Airport,Management,10,240
2026-01-24,Olive & Ember Airport,Kitchen,19.13,338.12
2026-01-24,Olive & Ember Airport,Front of house,23.43,351.45
2026-01-24,Olive & Ember Airport,Management,10,240
2026-01-25,Olive & Ember Airport,Kitchen,20.9,369.41
2026-01-25,Olive & Ember Airport,Front of house,27.63,414.45
2026-01-25,Olive & Ember Airport,Management,10,240
2026-01-26,Olive & Ember Airport,Kitchen,20.57,363.57
2026-01-26,Olive & Ember Airport,Front of house,26.52,397.8
2026-01-26,Olive & Ember Airport,Management,10,240
2026-01-27,Olive & Ember Airport,Kitchen,19.64,347.14
2026-01-27,Olive & Ember Airport,Front of house,23.66,354.9
2026-01-27,Olive & Ember Airport,Management,10,240
2026-01-28,Olive & Ember Airport,Kitchen,20.09,355.09
2026-01-28,Olive & Ember Airport,Front of house,24.75,371.25
2026-01-28,Olive & Ember Airport,Management,10,240
2026-01-29,Olive & Ember Airport,Kitchen,18.98,335.47
2026-01-29,Olive & Ember Airport,Front of house,24.1,361.5
2026-01-29,Olive & Ember Airport,Management,10,240
2026-01-30,Olive & Ember Airport,Kitchen,21.39,378.07
2026-01-30,Olive & Ember Airport,Front of house,25.97,389.55
2026-01-30,Olive & Ember Airport,Management,10,240
2026-01-31,Olive & Ember Airport,Kitchen,22.4,395.92
2026-01-31,Olive & Ember Airport,Front of house,28.78,431.7
2026-01-31,Olive & Ember Airport,Management,10,240
2026-02-01,Olive & Ember Airport,Kitchen,19.71,348.37
2026-02-01,Olive & Ember Airport,Front of house,26.54,398.1
2026-02-01,Olive & Ember Airport,Management,10,240
2026-02-02,Olive & Ember Airport,Kitchen,20.22,357.39
2026-02-02,Olive & Ember Airport,Front of house,26.79,401.85
2026-02-02,Olive & Ember Airport,Management,10,240
2026-02-03,Olive & Ember Airport,Kitchen,18.72,330.88
2026-02-03,Olive & Ember Airport,Front of house,22.65,339.75
2026-02-03,Olive & Ember Airport,Management,10,240
2026-02-04,Olive & Ember Airport,Kitchen,17.02,300.83
2026-02-04,Olive & Ember Airport,Front of house,22.72,340.8
2026-02-04,Olive & Ember Airport,Management,10,240
2026-02-05,Olive & Ember Airport,Kitchen,19.15,338.48
2026-02-05,Olive & Ember Airport,Front of house,25.28,379.2
2026-02-05,Olive & Ember Airport,Management,10,240
2026-02-06,Olive & Ember Airport,Kitchen,20.29,358.63
2026-02-06,Olive & Ember Airport,Front of house,24.15,362.25
2026-02-06,Olive & Ember Airport,Management,10,240
2026-02-07,Olive & Ember Airport,Kitchen,19.49,344.49
2026-02-07,Olive & Ember Airport,Front of house,25.25,378.75
2026-02-07,Olive & Ember Airport,Management,10,240
2026-02-08,Olive & Ember Airport,Kitchen,18.1,319.92
2026-02-08,Olive & Ember Airport,Front of house,23.09,346.35
2026-02-08,Olive & Ember Airport,Management,10,240
2026-02-09,Olive & Ember Airport,Kitchen,21.24,375.42
2026-02-09,Olive & Ember Airport,Front of house,26.08,391.2
2026-02-09,Olive & Ember Airport,Management,10,240
2026-02-10,Olive & Ember Airport,Kitchen,19.02,336.18
2026-02-10,Olive & Ember Airport,Front of house,24.1,361.5
2026-02-10,Olive & Ember Airport,Management,10,240
2026-02-11,Olive & Ember Airport,Kitchen,19.93,352.26
2026-02-11,Olive & Ember Airport,Front of house,26.25,393.75
2026-02-11,Olive & Ember Airport,Management,10,240
2026-02-12,Olive & Ember Airport,Kitchen,20.03,354.03
2026-02-12,Olive & Ember Airport,Front of house,25.53,382.95
2026-02-12,Olive & Ember Airport,Management,10,240
2026-02-13,Olive & Ember Airport,Kitchen,21.5,380.01
2026-02-13,Olive & Ember Airport,Front of house,28.02,420.3
2026-02-13,Olive & Ember Airport,Management,10,240
2026-02-14,Olive & Ember Airport,Kitchen,18.46,326.28
2026-02-14,Olive & Ember Airport,Front of house,25.38,380.7
2026-02-14,Olive & Ember Airport,Management,10,240
2026-02-15,Olive & Ember Airport,Kitchen,24.02,424.55
2026-02-15,Olive & Ember Airport,Front of house,30.87,463.05
2026-02-15,Olive & Ember Airport,Management,10,240
2026-02-16,Olive & Ember Airport,Kitchen,17.37,307.01
2026-02-16,Olive & Ember Airport,Front of house,23.25,348.75
2026-02-16,Olive & Ember Airport,Management,10,240
2026-02-17,Olive & Ember Airport,Kitchen,20.33,359.33
2026-02-17,Olive & Ember Airport,Front of house,24.36,365.4
2026-02-17,Olive & Ember Airport,Management,10,240
2026-02-18,Olive & Ember Airport,Kitchen,18.81,332.47
2026-02-18,Olive & Ember Airport,Front of house,24.86,372.9
2026-02-18,Olive & Ember Airport,Management,10,240
2026-02-19,Olive & Ember Airport,Kitchen,19.49,344.49
2026-02-19,Olive & Ember Airport,Front of house,24.88,373.2
2026-02-19,Olive & Ember Airport,Management,10,240
2026-02-20,Olive & Ember Airport,Kitchen,22.26,393.45
2026-02-20,Olive & Ember Airport,Front of house,28.09,421.35
2026-02-20,Olive & Ember Airport,Management,10,240
2026-02-21,Olive & Ember Airport,Kitchen,22.57,398.92
2026-02-21,Olive & Ember Airport,Front of house,30.32,454.8
2026-02-21,Olive & Ember Airport,Management,10,240
2026-02-22,Olive & Ember Airport,Kitchen,19.67,347.67
2026-02-22,Olive & Ember Airport,Front of house,24.43,366.45
2026-02-22,Olive & Ember Airport,Management,10,240
2026-02-23,Olive & Ember Airport,Kitchen,19.82,350.32
2026-02-23,Olive & Ember Airport,Front of house,26.39,395.85
2026-02-23,Olive & Ember Airport,Management,10,240
2026-02-24,Olive & Ember Airport,Kitchen,19.77,349.43
2026-02-24,Olive & Ember Airport,Front of house,25.56,383.4
2026-02-24,Olive & Ember Airport,Management,10,240
2026-02-25,Olive & Ember Airport,Kitchen,19.57,345.9
2026-02-25,Olive & Ember Airport,Front of house,24.4,366
2026-02-25,Olive & Ember Airport,Management,10,240
2026-02-26,Olive & Ember Airport,Kitchen,21.86,386.38
2026-02-26,Olive & Ember Airport,Front of house,27.39,410.85
2026-02-26,Olive & Ember Airport,Management,10,240
2026-02-27,Olive & Ember Airport,Kitchen,19.08,337.24
2026-02-27,Olive & Ember Airport,Front of house,24.85,372.75
2026-02-27,Olive & Ember Airport,Management,10,240
2026-02-28,Olive & Ember Airport,Kitchen,19.78,349.61
2026-02-28,Olive & Ember Airport,Front of house,25.4,381
2026-02-28,Olive & Ember Airport,Management,10,240
2026-03-01,Olive & Ember Airport,Kitchen,20.38,360.22
2026-03-01,Olive & Ember Airport,Front of house,27.9,418.5
2026-03-01,Olive & Ember Airport,Management,10,240
2026-03-02,Olive & Ember Airport,Kitchen,23,406.53
2026-03-02,Olive & Ember Airport,Front of house,28.16,422.4
2026-03-02,Olive & Ember Airport,Management,10,240
2026-03-03,Olive & Ember Airport,Kitchen,22.19,392.21
2026-03-03,Olive & Ember Airport,Front of house,27.59,413.85
2026-03-03,Olive & Ember Airport,Management,10,240
2026-03-04,Olive & Ember Airport,Kitchen,20.45,361.45
2026-03-04,Olive & Ember Airport,Front of house,27.64,414.6
2026-03-04,Olive & Ember Airport,Management,10,240
2026-03-05,Olive & Ember Airport,Kitchen,21.65,382.66
2026-03-05,Olive & Ember Airport,Front of house,26.62,399.3
2026-03-05,Olive & Ember Airport,Management,10,240
2026-03-06,Olive & Ember Airport,Kitchen,22.42,396.27
2026-03-06,Olive & Ember Airport,Front of house,27.7,415.5
2026-03-06,Olive & Ember Airport,Management,10,240
2026-03-07,Olive & Ember Airport,Kitchen,21.32,376.83
2026-03-07,Olive & Ember Airport,Front of house,27.84,417.6
2026-03-07,Olive & Ember Airport,Management,10,240
2026-03-08,Olive & Ember Airport,Kitchen,20.8,367.64
2026-03-08,Olive & Ember Airport,Front of house,27.34,410.1
2026-03-08,Olive & Ember Airport,Management,10,240
2026-03-09,Olive & Ember Airport,Kitchen,19.16,338.65
2026-03-09,Olive & Ember Airport,Front of house,24.64,369.6
2026-03-09,Olive & Ember Airport,Management,10,240
2026-03-10,Olive & Ember Airport,Kitchen,20.87,368.88
2026-03-10,Olive & Ember Airport,Front of house,27.49,412.35
2026-03-10,Olive & Ember Airport,Management,10,240
2026-03-11,Olive & Ember Airport,Kitchen,16.68,294.82
2026-03-11,Olive & Ember Airport,Front of house,21.67,325.05
2026-03-11,Olive & Ember Airport,Management,10,240
2026-03-12,Olive & Ember Airport,Kitchen,23.17,409.53
2026-03-12,Olive & Ember Airport,Front of house,27.32,409.8
2026-03-12,Olive & Ember Airport,Management,10,240
2026-03-13,Olive & Ember Airport,Kitchen,21.02,371.53
2026-03-13,Olive & Ember Airport,Front of house,25.98,389.7
2026-03-13,Olive & Ember Airport,Management,10,240
2026-03-14,Olive & Ember Airport,Kitchen,21.2,374.71
2026-03-14,Olive & Ember Airport,Front of house,28.25,423.75
2026-03-14,Olive & Ember Airport,Management,10,240
2026-03-15,Olive & Ember Airport,Kitchen,19.93,352.26
2026-03-15,Olive & Ember Airport,Front of house,27.11,406.65
2026-03-15,Olive & Ember Airport,Management,10,240
2026-03-16,Olive & Ember Airport,Kitchen,18.93,334.59
2026-03-16,Olive & Ember Airport,Front of house,23.56,353.4
2026-03-16,Olive & Ember Airport,Management,10,240
2026-03-17,Olive & Ember Airport,Kitchen,18.44,325.93
2026-03-17,Olive & Ember Airport,Front of house,23.35,350.25
2026-03-17,Olive & Ember Airport,Management,10,240
2026-03-18,Olive & Ember Airport,Kitchen,21.84,386.02
2026-03-18,Olive & Ember Airport,Front of house,28.16,422.4
2026-03-18,Olive & Ember Airport,Management,10,240
2026-03-19,Olive & Ember Airport,Kitchen,20.6,364.11
2026-03-19,Olive & Ember Airport,Front of house,26.19,392.85
2026-03-19,Olive & Ember Airport,Management,10,240
2026-03-20,Olive & Ember Airport,Kitchen,20.97,370.64
2026-03-20,Olive & Ember Airport,Front of house,26.66,399.9
2026-03-20,Olive & Ember Airport,Management,10,240
2026-03-21,Olive & Ember Airport,Kitchen,20.29,358.63
2026-03-21,Olive & Ember Airport,Front of house,26.12,391.8
2026-03-21,Olive & Ember Airport,Management,10,240
2026-03-22,Olive & Ember Airport,Kitchen,21.45,379.13
2026-03-22,Olive & Ember Airport,Front of house,27.6,414
2026-03-22,Olive & Ember Airport,Management,10,240
2026-03-23,Olive & Ember Airport,Kitchen,22.13,391.15
2026-03-23,Olive & Ember Airport,Front of house,25.99,389.85
2026-03-23,Olive & Ember Airport,Management,10,240
2026-03-24,Olive & Ember Airport,Kitchen,19.61,346.61
2026-03-24,Olive & Ember Airport,Front of house,25.57,383.55
2026-03-24,Olive & Ember Airport,Management,10,240
2026-03-25,Olive & Ember Airport,Kitchen,20.13,355.8
2026-03-25,Olive & Ember Airport,Front of house,24.43,366.45
2026-03-25,Olive & Ember Airport,Management,10,240
2026-03-26,Olive & Ember Airport,Kitchen,22.8,402.99
2026-03-26,Olive & Ember Airport,Front of house,28.53,427.95
2026-03-26,Olive & Ember Airport,Management,10,240
2026-03-27,Olive & Ember Airport,Kitchen,21.59,381.6
2026-03-27,Olive & Ember Airport,Front of house,27.52,412.8
2026-03-27,Olive & Ember Airport,Management,10,240
2026-03-28,Olive & Ember Airport,Kitchen,26.04,460.26
2026-03-28,Olive & Ember Airport,Front of house,33.2,498
2026-03-28,Olive & Ember Airport,Management,10,240
2026-03-29,Olive & Ember Airport,Kitchen,21.51,380.19
2026-03-29,Olive & Ember Airport,Front of house,26.77,401.55
2026-03-29,Olive & Ember Airport,Management,10,240
2026-03-30,Olive & Ember Airport,Kitchen,19.77,349.43
2026-03-30,Olive & Ember Airport,Front of house,25.86,387.9
2026-03-30,Olive & Ember Airport,Management,10,240
2026-03-31,Olive & Ember Airport,Kitchen,19.97,352.97
2026-03-31,Olive & Ember Airport,Front of house,27.22,408.3
2026-03-31,Olive & Ember Airport,Management,10,240
2026-04-01,Olive & Ember Airport,Kitchen,19.08,354.1
2026-04-01,Olive & Ember Airport,Front of house,23.73,373.75
2026-04-01,Olive & Ember Airport,Management,10,252
2026-04-02,Olive & Ember Airport,Kitchen,19.12,354.84
2026-04-02,Olive & Ember Airport,Front of house,23.52,370.44
2026-04-02,Olive & Ember Airport,Management,10,252
2026-04-03,Olive & Ember Airport,Kitchen,21.57,400.31
2026-04-03,Olive & Ember Airport,Front of house,27.08,426.51
2026-04-03,Olive & Ember Airport,Management,10,252
2026-04-04,Olive & Ember Airport,Kitchen,19.26,357.44
2026-04-04,Olive & Ember Airport,Front of house,24.57,386.98
2026-04-04,Olive & Ember Airport,Management,10,252
2026-04-05,Olive & Ember Airport,Kitchen,20.78,385.65
2026-04-05,Olive & Ember Airport,Front of house,27.51,433.28
2026-04-05,Olive & Ember Airport,Management,10,252
2026-04-06,Olive & Ember Airport,Kitchen,21.02,390.1
2026-04-06,Olive & Ember Airport,Front of house,27.52,433.44
2026-04-06,Olive & Ember Airport,Management,10,252
2026-04-07,Olive & Ember Airport,Kitchen,20.82,386.39
2026-04-07,Olive & Ember Airport,Front of house,26.15,411.86
2026-04-07,Olive & Ember Airport,Management,10,252
2026-04-08,Olive & Ember Airport,Kitchen,20.96,388.99
2026-04-08,Olive & Ember Airport,Front of house,26.44,416.43
2026-04-08,Olive & Ember Airport,Management,10,252
2026-04-09,Olive & Ember Airport,Kitchen,22.12,410.52
2026-04-09,Olive & Ember Airport,Front of house,29.33,461.95
2026-04-09,Olive & Ember Airport,Management,10,252
2026-04-10,Olive & Ember Airport,Kitchen,23.62,438.36
2026-04-10,Olive & Ember Airport,Front of house,30.12,474.39
2026-04-10,Olive & Ember Airport,Management,10,252
2026-04-11,Olive & Ember Airport,Kitchen,20.91,388.06
2026-04-11,Olive & Ember Airport,Front of house,25.22,397.22
2026-04-11,Olive & Ember Airport,Management,10,252
2026-04-12,Olive & Ember Airport,Kitchen,21.35,396.23
2026-04-12,Olive & Ember Airport,Front of house,27.41,431.71
2026-04-12,Olive & Ember Airport,Management,10,252
2026-04-13,Olive & Ember Airport,Kitchen,21.51,399.2
2026-04-13,Olive & Ember Airport,Front of house,27.26,429.35
2026-04-13,Olive & Ember Airport,Management,10,252
2026-04-14,Olive & Ember Airport,Kitchen,19.19,356.14
2026-04-14,Olive & Ember Airport,Front of house,26.01,409.66
2026-04-14,Olive & Ember Airport,Management,10,252
2026-04-15,Olive & Ember Airport,Kitchen,19.7,365.61
2026-04-15,Olive & Ember Airport,Front of house,23.28,366.66
2026-04-15,Olive & Ember Airport,Management,10,252
2026-04-16,Olive & Ember Airport,Kitchen,23.32,432.79
2026-04-16,Olive & Ember Airport,Front of house,28.72,452.34
2026-04-16,Olive & Ember Airport,Management,10,252
2026-04-17,Olive & Ember Airport,Kitchen,23.13,429.26
2026-04-17,Olive & Ember Airport,Front of house,27.68,435.96
2026-04-17,Olive & Ember Airport,Management,10,252
2026-04-18,Olive & Ember Airport,Kitchen,20.48,380.08
2026-04-18,Olive & Ember Airport,Front of house,27,425.25
2026-04-18,Olive & Ember Airport,Management,10,252
2026-04-19,Olive & Ember Airport,Kitchen,20.59,382.12
2026-04-19,Olive & Ember Airport,Front of house,27.63,435.17
2026-04-19,Olive & Ember Airport,Management,10,252
2026-04-20,Olive & Ember Airport,Kitchen,19,352.62
2026-04-20,Olive & Ember Airport,Front of house,24.22,381.47
2026-04-20,Olive & Ember Airport,Management,10,252
2026-04-21,Olive & Ember Airport,Kitchen,20.19,374.7
2026-04-21,Olive & Ember Airport,Front of house,24.85,391.39
2026-04-21,Olive & Ember Airport,Management,10,252
2026-04-22,Olive & Ember Airport,Kitchen,19.02,352.99
2026-04-22,Olive & Ember Airport,Front of house,24.1,379.58
2026-04-22,Olive & Ember Airport,Management,10,252
2026-04-23,Olive & Ember Airport,Kitchen,21.26,394.56
2026-04-23,Olive & Ember Airport,Front of house,27.67,435.8
2026-04-23,Olive & Ember Airport,Management,10,252
2026-04-24,Olive & Ember Airport,Kitchen,24.59,456.36
2026-04-24,Olive & Ember Airport,Front of house,30.2,475.65
2026-04-24,Olive & Ember Airport,Management,10,252
2026-04-25,Olive & Ember Airport,Kitchen,22.17,411.45
2026-04-25,Olive & Ember Airport,Front of house,26.16,412.02
2026-04-25,Olive & Ember Airport,Management,10,252
2026-04-26,Olive & Ember Airport,Kitchen,19.93,369.88
2026-04-26,Olive & Ember Airport,Front of house,25.07,394.85
2026-04-26,Olive & Ember Airport,Management,10,252
2026-04-27,Olive & Ember Airport,Kitchen,19.52,362.27
2026-04-27,Olive & Ember Airport,Front of house,26.73,421
2026-04-27,Olive & Ember Airport,Management,10,252
2026-04-28,Olive & Ember Airport,Kitchen,19.19,356.14
2026-04-28,Olive & Ember Airport,Front of house,24.44,384.93
2026-04-28,Olive & Ember Airport,Management,10,252
2026-04-29,Olive & Ember Airport,Kitchen,21.65,401.8
2026-04-29,Olive & Ember Airport,Front of house,26.11,411.23
2026-04-29,Olive & Ember Airport,Management,10,252
2026-04-30,Olive & Ember Airport,Kitchen,22.54,418.31
2026-04-30,Olive & Ember Airport,Front of house,28.46,448.25
2026-04-30,Olive & Ember Airport,Management,10,252
2026-05-01,Olive & Ember Airport,Kitchen,23.33,432.98
2026-05-01,Olive & Ember Airport,Front of house,29.58,465.89
2026-05-01,Olive & Ember Airport,Management,10,252
2026-05-02,Olive & Ember Airport,Kitchen,19.23,356.88
2026-05-02,Olive & Ember Airport,Front of house,26.42,416.12
2026-05-02,Olive & Ember Airport,Management,10,252
2026-05-03,Olive & Ember Airport,Kitchen,24.05,446.34
2026-05-03,Olive & Ember Airport,Front of house,29.67,467.3
2026-05-03,Olive & Ember Airport,Management,10,252
2026-05-04,Olive & Ember Airport,Kitchen,18.44,342.22
2026-05-04,Olive & Ember Airport,Front of house,23.3,366.98
2026-05-04,Olive & Ember Airport,Management,10,252
2026-05-05,Olive & Ember Airport,Kitchen,17.95,333.13
2026-05-05,Olive & Ember Airport,Front of house,23.44,369.18
2026-05-05,Olive & Ember Airport,Management,10,252
2026-05-06,Olive & Ember Airport,Kitchen,23.26,431.68
2026-05-06,Olive & Ember Airport,Front of house,28.27,445.25
2026-05-06,Olive & Ember Airport,Management,10,252
2026-05-07,Olive & Ember Airport,Kitchen,25,463.97
2026-05-07,Olive & Ember Airport,Front of house,31.76,500.22
2026-05-07,Olive & Ember Airport,Management,10,252
2026-05-08,Olive & Ember Airport,Kitchen,23.33,432.98
2026-05-08,Olive & Ember Airport,Front of house,29.44,463.68
2026-05-08,Olive & Ember Airport,Management,10,252
2026-05-09,Olive & Ember Airport,Kitchen,21.52,399.38
2026-05-09,Olive & Ember Airport,Front of house,28.14,443.21
2026-05-09,Olive & Ember Airport,Management,10,252
2026-05-10,Olive & Ember Airport,Kitchen,22.66,420.54
2026-05-10,Olive & Ember Airport,Front of house,28.77,453.13
2026-05-10,Olive & Ember Airport,Management,10,252
2026-05-11,Olive & Ember Airport,Kitchen,20.65,383.24
2026-05-11,Olive & Ember Airport,Front of house,27.07,426.35
2026-05-11,Olive & Ember Airport,Management,10,252
2026-05-12,Olive & Ember Airport,Kitchen,19.96,370.43
2026-05-12,Olive & Ember Airport,Front of house,25.49,401.47
2026-05-12,Olive & Ember Airport,Management,10,252
2026-05-13,Olive & Ember Airport,Kitchen,20.1,373.03
2026-05-13,Olive & Ember Airport,Front of house,27.06,426.2
2026-05-13,Olive & Ember Airport,Management,10,252
2026-05-14,Olive & Ember Airport,Kitchen,23.28,432.05
2026-05-14,Olive & Ember Airport,Front of house,29.6,466.2
2026-05-14,Olive & Ember Airport,Management,10,252
2026-05-15,Olive & Ember Airport,Kitchen,23.71,440.03
2026-05-15,Olive & Ember Airport,Front of house,29.36,462.42
2026-05-15,Olive & Ember Airport,Management,10,252
2026-05-16,Olive & Ember Airport,Kitchen,20.33,377.3
2026-05-16,Olive & Ember Airport,Front of house,23.9,376.43
2026-05-16,Olive & Ember Airport,Management,10,252
2026-05-17,Olive & Ember Airport,Kitchen,24.51,454.87
2026-05-17,Olive & Ember Airport,Front of house,29.7,467.78
2026-05-17,Olive & Ember Airport,Management,10,252
2026-05-18,Olive & Ember Airport,Kitchen,19.95,370.25
2026-05-18,Olive & Ember Airport,Front of house,26.52,417.69
2026-05-18,Olive & Ember Airport,Management,10,252
2026-05-19,Olive & Ember Airport,Kitchen,22.2,412
2026-05-19,Olive & Ember Airport,Front of house,29.06,457.7
2026-05-19,Olive & Ember Airport,Management,10,252
2026-05-20,Olive & Ember Airport,Kitchen,20.51,380.64
2026-05-20,Olive & Ember Airport,Front of house,28.04,441.63
2026-05-20,Olive & Ember Airport,Management,10,252
2026-05-21,Olive & Ember Airport,Kitchen,20.1,373.03
2026-05-21,Olive & Ember Airport,Front of house,27.14,427.46
2026-05-21,Olive & Ember Airport,Management,10,252
2026-05-22,Olive & Ember Airport,Kitchen,26.88,498.86
2026-05-22,Olive & Ember Airport,Front of house,31.86,501.8
2026-05-22,Olive & Ember Airport,Management,10,252
2026-05-23,Olive & Ember Airport,Kitchen,22.34,414.6
2026-05-23,Olive & Ember Airport,Front of house,28.07,442.1
2026-05-23,Olive & Ember Airport,Management,10,252
2026-05-24,Olive & Ember Airport,Kitchen,20.6,382.31
2026-05-24,Olive & Ember Airport,Front of house,26.01,409.66
2026-05-24,Olive & Ember Airport,Management,10,252
2026-05-25,Olive & Ember Airport,Kitchen,22.25,412.93
2026-05-25,Olive & Ember Airport,Front of house,29.9,470.93
2026-05-25,Olive & Ember Airport,Management,10,252
2026-05-26,Olive & Ember Airport,Kitchen,22.75,422.21
2026-05-26,Olive & Ember Airport,Front of house,29.92,471.24
2026-05-26,Olive & Ember Airport,Management,10,252
2026-05-27,Olive & Ember Airport,Kitchen,19.27,357.63
2026-05-27,Olive & Ember Airport,Front of house,24.69,388.87
2026-05-27,Olive & Ember Airport,Management,10,252
2026-05-28,Olive & Ember Airport,Kitchen,21.6,400.87
2026-05-28,Olive & Ember Airport,Front of house,28.81,453.76
2026-05-28,Olive & Ember Airport,Management,10,252
2026-05-29,Olive & Ember Airport,Kitchen,24.1,447.27
2026-05-29,Olive & Ember Airport,Front of house,30.02,472.82
2026-05-29,Olive & Ember Airport,Management,10,252
2026-05-30,Olive & Ember Airport,Kitchen,24.61,456.73
2026-05-30,Olive & Ember Airport,Front of house,29.61,466.36
2026-05-30,Olive & Ember Airport,Management,10,252
2026-05-31,Olive & Ember Airport,Kitchen,22.18,411.63
2026-05-31,Olive & Ember Airport,Front of house,29.06,457.7
2026-05-31,Olive & Ember Airport,Management,10,252
2026-06-01,Olive & Ember Airport,Kitchen,21.58,420.32
2026-06-01,Olive & Ember Airport,Front of house,28.43,447.77
2026-06-01,Olive & Ember Airport,Management,10,252
2026-06-02,Olive & Ember Airport,Kitchen,20.22,393.84
2026-06-02,Olive & Ember Airport,Front of house,26.38,415.49
2026-06-02,Olive & Ember Airport,Management,10,252
2026-06-03,Olive & Ember Airport,Kitchen,21.79,424.41
2026-06-03,Olive & Ember Airport,Front of house,27.43,432.02
2026-06-03,Olive & Ember Airport,Management,10,252
2026-06-04,Olive & Ember Airport,Kitchen,22.64,440.97
2026-06-04,Olive & Ember Airport,Front of house,27.92,439.74
2026-06-04,Olive & Ember Airport,Management,10,252
2026-06-05,Olive & Ember Airport,Kitchen,24.07,468.82
2026-06-05,Olive & Ember Airport,Front of house,31.08,489.51
2026-06-05,Olive & Ember Airport,Management,10,252
2026-06-06,Olive & Ember Airport,Kitchen,23.56,458.89
2026-06-06,Olive & Ember Airport,Front of house,29.28,461.16
2026-06-06,Olive & Ember Airport,Management,10,252
2026-06-07,Olive & Ember Airport,Kitchen,23.63,460.25
2026-06-07,Olive & Ember Airport,Front of house,31.11,489.98
2026-06-07,Olive & Ember Airport,Management,10,252
2026-06-08,Olive & Ember Airport,Kitchen,23.54,458.5
2026-06-08,Olive & Ember Airport,Front of house,29.47,464.15
2026-06-08,Olive & Ember Airport,Management,10,252
2026-06-09,Olive & Ember Airport,Kitchen,20.85,406.11
2026-06-09,Olive & Ember Airport,Front of house,26.21,412.81
2026-06-09,Olive & Ember Airport,Management,10,252
2026-06-10,Olive & Ember Airport,Kitchen,22.85,445.06
2026-06-10,Olive & Ember Airport,Front of house,27.99,440.84
2026-06-10,Olive & Ember Airport,Management,10,252
2026-06-11,Olive & Ember Airport,Kitchen,21.2,412.92
2026-06-11,Olive & Ember Airport,Front of house,26.79,421.94
2026-06-11,Olive & Ember Airport,Management,10,252
2026-06-12,Olive & Ember Airport,Kitchen,27.41,533.88
2026-06-12,Olive & Ember Airport,Front of house,33.7,530.78
2026-06-12,Olive & Ember Airport,Management,10,252
2026-06-13,Olive & Ember Airport,Kitchen,21.37,416.23
2026-06-13,Olive & Ember Airport,Front of house,28.73,452.5
2026-06-13,Olive & Ember Airport,Management,10,252
2026-06-14,Olive & Ember Airport,Kitchen,24.11,469.6
2026-06-14,Olive & Ember Airport,Front of house,31.24,492.03
2026-06-14,Olive & Ember Airport,Management,10,252
2026-06-15,Olive & Ember Airport,Kitchen,20.13,392.08
2026-06-15,Olive & Ember Airport,Front of house,26.8,422.1
2026-06-15,Olive & Ember Airport,Management,10,252
2026-06-16,Olive & Ember Airport,Kitchen,21.39,416.62
2026-06-16,Olive & Ember Airport,Front of house,27.35,430.76
2026-06-16,Olive & Ember Airport,Management,10,252
2026-06-17,Olive & Ember Airport,Kitchen,22.88,445.65
2026-06-17,Olive & Ember Airport,Front of house,31.26,492.35
2026-06-17,Olive & Ember Airport,Management,10,252
2026-06-18,Olive & Ember Airport,Kitchen,22.8,444.09
2026-06-18,Olive & Ember Airport,Front of house,30.14,474.71
2026-06-18,Olive & Ember Airport,Management,10,252
2026-06-19,Olive & Ember Airport,Kitchen,25.78,502.13
2026-06-19,Olive & Ember Airport,Front of house,30.41,478.96
2026-06-19,Olive & Ember Airport,Management,10,252
2026-06-20,Olive & Ember Airport,Kitchen,22.19,432.21
2026-06-20,Olive & Ember Airport,Front of house,28.75,452.81
2026-06-20,Olive & Ember Airport,Management,10,252
2026-06-21,Olive & Ember Airport,Kitchen,20.31,395.59
2026-06-21,Olive & Ember Airport,Front of house,28.27,445.25
2026-06-21,Olive & Ember Airport,Management,10,252
2026-06-22,Olive & Ember Airport,Kitchen,20.17,392.86
2026-06-22,Olive & Ember Airport,Front of house,26.35,415.01
2026-06-22,Olive & Ember Airport,Management,10,252
2026-06-23,Olive & Ember Airport,Kitchen,18.38,358
2026-06-23,Olive & Ember Airport,Front of house,23.19,365.24
2026-06-23,Olive & Ember Airport,Management,10,252
2026-06-24,Olive & Ember Airport,Kitchen,23.93,466.1
2026-06-24,Olive & Ember Airport,Front of house,28.79,453.44
2026-06-24,Olive & Ember Airport,Management,10,252
2026-06-25,Olive & Ember Airport,Kitchen,21.78,424.22
2026-06-25,Olive & Ember Airport,Front of house,27.67,435.8
2026-06-25,Olive & Ember Airport,Management,10,252
2026-06-26,Olive & Ember Airport,Kitchen,22.79,443.89
2026-06-26,Olive & Ember Airport,Front of house,30.57,481.48
2026-06-26,Olive & Ember Airport,Management,10,252
2026-06-27,Olive & Ember Airport,Kitchen,23.98,467.07
2026-06-27,Olive & Ember Airport,Front of house,28.66,451.4
2026-06-27,Olive & Ember Airport,Management,10,252
2026-06-28,Olive & Ember Airport,Kitchen,26.01,506.61
2026-06-28,Olive & Ember Airport,Front of house,33.48,527.31
2026-06-28,Olive & Ember Airport,Management,10,252
2026-06-29,Olive & Ember Airport,Kitchen,21.85,425.58
2026-06-29,Olive & Ember Airport,Front of house,28.04,441.63
2026-06-29,Olive & Ember Airport,Management,10,252
2026-06-30,Olive & Ember Airport,Kitchen,21.12,411.36
2026-06-30,Olive & Ember Airport,Front of house,25.98,409.19
2026-06-30,Olive & Ember Airport,Management,10,252
2026-07-01,Olive & Ember Airport,Kitchen,25.4,494.73
2026-07-01,Olive & Ember Airport,Front of house,33.81,532.51
2026-07-01,Olive & Ember Airport,Management,10,252
2026-07-02,Olive & Ember Airport,Kitchen,21.53,419.35
2026-07-02,Olive & Ember Airport,Front of house,29.22,460.22
2026-07-02,Olive & Ember Airport,Management,10,252
2026-07-03,Olive & Ember Airport,Kitchen,23.64,460.45
2026-07-03,Olive & Ember Airport,Front of house,31.47,495.65
2026-07-03,Olive & Ember Airport,Management,10,252
2026-07-04,Olive & Ember Airport,Kitchen,23.05,448.96
2026-07-04,Olive & Ember Airport,Front of house,29.61,466.36
2026-07-04,Olive & Ember Airport,Management,10,252
2026-07-05,Olive & Ember Airport,Kitchen,25.34,493.56
2026-07-05,Olive & Ember Airport,Front of house,29.55,465.41
2026-07-05,Olive & Ember Airport,Management,10,252
2026-07-06,Olive & Ember Airport,Kitchen,20.11,391.69
2026-07-06,Olive & Ember Airport,Front of house,26.06,410.45
2026-07-06,Olive & Ember Airport,Management,10,252
2026-07-07,Olive & Ember Airport,Kitchen,24.6,479.15
2026-07-07,Olive & Ember Airport,Front of house,30.72,483.84
2026-07-07,Olive & Ember Airport,Management,10,252
2026-07-08,Olive & Ember Airport,Kitchen,23.57,459.08
2026-07-08,Olive & Ember Airport,Front of house,31.02,488.57
2026-07-08,Olive & Ember Airport,Management,10,252
2026-07-09,Olive & Ember Airport,Kitchen,20.8,405.13
2026-07-09,Olive & Ember Airport,Front of house,27.42,431.87
2026-07-09,Olive & Ember Airport,Management,10,252
2026-07-10,Olive & Ember Airport,Kitchen,25.43,495.31
2026-07-10,Olive & Ember Airport,Front of house,31.98,503.69
2026-07-10,Olive & Ember Airport,Management,10,252
2026-07-11,Olive & Ember Airport,Kitchen,23.3,453.83
2026-07-11,Olive & Ember Airport,Front of house,27.13,427.3
2026-07-11,Olive & Ember Airport,Management,10,252
2026-07-12,Olive & Ember Airport,Kitchen,23.07,449.35
2026-07-12,Olive & Ember Airport,Front of house,29.05,457.54
2026-07-12,Olive & Ember Airport,Management,10,252
2026-07-13,Olive & Ember Airport,Kitchen,25.2,490.83
2026-07-13,Olive & Ember Airport,Front of house,32.98,519.43
2026-07-13,Olive & Ember Airport,Management,10,252
2026-07-14,Olive & Ember Airport,Kitchen,22.34,435.13
2026-07-14,Olive & Ember Airport,Front of house,28.3,445.73
2026-07-14,Olive & Ember Airport,Management,10,252
2026-07-15,Olive & Ember Airport,Kitchen,23.94,466.29
2026-07-15,Olive & Ember Airport,Front of house,30.79,484.94
2026-07-15,Olive & Ember Airport,Management,10,252
2026-07-16,Olive & Ember Airport,Kitchen,23.65,460.64
2026-07-16,Olive & Ember Airport,Front of house,29.14,458.96
2026-07-16,Olive & Ember Airport,Management,10,252
2026-07-17,Olive & Ember Airport,Kitchen,25.44,495.51
2026-07-17,Olive & Ember Airport,Front of house,29.85,470.14
2026-07-17,Olive & Ember Airport,Management,10,252
2026-07-18,Olive & Ember Airport,Kitchen,24.52,477.59
2026-07-18,Olive & Ember Airport,Front of house,33.14,521.96
2026-07-18,Olive & Ember Airport,Management,10,252
2026-07-19,Olive & Ember Airport,Kitchen,19.88,387.21
2026-07-19,Olive & Ember Airport,Front of house,26.35,415.01
2026-07-19,Olive & Ember Airport,Management,10,252
2026-07-20,Olive & Ember Airport,Kitchen,25.39,494.53
2026-07-20,Olive & Ember Airport,Front of house,30.72,483.84
2026-07-20,Olive & Ember Airport,Management,10,252
2026-07-21,Olive & Ember Airport,Kitchen,25.26,492
2026-07-21,Olive & Ember Airport,Front of house,30.42,479.12
2026-07-21,Olive & Ember Airport,Management,10,252
2026-07-22,Olive & Ember Airport,Kitchen,20.43,397.93
2026-07-22,Olive & Ember Airport,Front of house,25.72,405.09
2026-07-22,Olive & Ember Airport,Management,10,252
2026-07-23,Olive & Ember Airport,Kitchen,23.92,465.9
2026-07-23,Olive & Ember Airport,Front of house,31.04,488.88
2026-07-23,Olive & Ember Airport,Management,10,252
2026-07-24,Olive & Ember Airport,Kitchen,27.39,533.49
2026-07-24,Olive & Ember Airport,Front of house,33.95,534.71
2026-07-24,Olive & Ember Airport,Management,10,252
2026-07-25,Olive & Ember Airport,Kitchen,23.55,458.7
2026-07-25,Olive & Ember Airport,Front of house,31.22,491.72
2026-07-25,Olive & Ember Airport,Management,10,252
2026-07-26,Olive & Ember Airport,Kitchen,24.46,476.42
2026-07-26,Olive & Ember Airport,Front of house,31.65,498.49
2026-07-26,Olive & Ember Airport,Management,10,252
2026-07-27,Olive & Ember Airport,Kitchen,24.15,470.38
2026-07-27,Olive & Ember Airport,Front of house,31.44,495.18
2026-07-27,Olive & Ember Airport,Management,10,252
2026-07-28,Olive & Ember Airport,Kitchen,22.69,441.94
2026-07-28,Olive & Ember Airport,Front of house,28.75,452.81
2026-07-28,Olive & Ember Airport,Management,10,252
2026-07-29,Olive & Ember Airport,Kitchen,24.08,469.02
2026-07-29,Olive & Ember Airport,Front of house,29.8,469.35
2026-07-29,Olive & Ember Airport,Management,10,252
2026-07-30,Olive & Ember Airport,Kitchen,26.41,514.4
2026-07-30,Olive & Ember Airport,Front of house,31.72,499.59
2026-07-30,Olive & Ember Airport,Management,10,252
2026-07-31,Olive & Ember Airport,Kitchen,25.16,490.05
2026-07-31,Olive & Ember Airport,Front of house,29.77,468.88
2026-07-31,Olive & Ember Airport,Management,10,252
2026-08-01,Olive & Ember Airport,Kitchen,20.29,395.2
2026-08-01,Olive & Ember Airport,Front of house,26.63,419.42
2026-08-01,Olive & Ember Airport,Management,10,252
2026-08-02,Olive & Ember Airport,Kitchen,23.48,457.33
2026-08-02,Olive & Ember Airport,Front of house,30.06,473.45
2026-08-02,Olive & Ember Airport,Management,10,252
2026-08-03,Olive & Ember Airport,Kitchen,23.73,462.2
2026-08-03,Olive & Ember Airport,Front of house,30.15,474.86
2026-08-03,Olive & Ember Airport,Management,10,252
2026-08-04,Olive & Ember Airport,Kitchen,21.97,427.92
2026-08-04,Olive & Ember Airport,Front of house,29.21,460.06
2026-08-04,Olive & Ember Airport,Management,10,252
2026-08-05,Olive & Ember Airport,Kitchen,21.46,417.99
2026-08-05,Olive & Ember Airport,Front of house,27.36,430.92
2026-08-05,Olive & Ember Airport,Management,10,252
2026-08-06,Olive & Ember Airport,Kitchen,24.95,485.96
2026-08-06,Olive & Ember Airport,Front of house,32.49,511.72
2026-08-06,Olive & Ember Airport,Management,10,252
2026-08-07,Olive & Ember Airport,Kitchen,26.31,512.45
2026-08-07,Olive & Ember Airport,Front of house,33.24,523.53
2026-08-07,Olive & Ember Airport,Management,10,252
2026-08-08,Olive & Ember Airport,Kitchen,26.94,524.72
2026-08-08,Olive & Ember Airport,Front of house,31.85,501.64
2026-08-08,Olive & Ember Airport,Management,10,252
2026-08-09,Olive & Ember Airport,Kitchen,22.33,434.93
2026-08-09,Olive & Ember Airport,Front of house,29.04,457.38
2026-08-09,Olive & Ember Airport,Management,10,252
2026-08-10,Olive & Ember Airport,Kitchen,19.97,388.97
2026-08-10,Olive & Ember Airport,Front of house,25.07,394.85
2026-08-10,Olive & Ember Airport,Management,10,252
2026-08-11,Olive & Ember Airport,Kitchen,24.92,485.38
2026-08-11,Olive & Ember Airport,Front of house,32.19,506.99
2026-08-11,Olive & Ember Airport,Management,10,252
2026-08-12,Olive & Ember Airport,Kitchen,23.8,463.56
2026-08-12,Olive & Ember Airport,Front of house,31.57,497.23
2026-08-12,Olive & Ember Airport,Management,10,252
2026-08-13,Olive & Ember Airport,Kitchen,24.96,486.16
2026-08-13,Olive & Ember Airport,Front of house,32.8,516.6
2026-08-13,Olive & Ember Airport,Management,10,252
2026-08-14,Olive & Ember Airport,Kitchen,26.43,514.79
2026-08-14,Olive & Ember Airport,Front of house,34.26,539.6
2026-08-14,Olive & Ember Airport,Management,10,252
2026-08-15,Olive & Ember Airport,Kitchen,26.32,512.65
2026-08-15,Olive & Ember Airport,Front of house,32.6,513.45
2026-08-15,Olive & Ember Airport,Management,10,252
2026-08-16,Olive & Ember Airport,Kitchen,24.04,468.24
2026-08-16,Olive & Ember Airport,Front of house,29.19,459.74
2026-08-16,Olive & Ember Airport,Management,10,252
2026-08-17,Olive & Ember Airport,Kitchen,23.38,455.38
2026-08-17,Olive & Ember Airport,Front of house,29.14,458.96
2026-08-17,Olive & Ember Airport,Management,10,252
2026-08-18,Olive & Ember Airport,Kitchen,22.35,435.32
2026-08-18,Olive & Ember Airport,Front of house,29.69,467.62
2026-08-18,Olive & Ember Airport,Management,10,252
2026-08-19,Olive & Ember Airport,Kitchen,18.97,369.49
2026-08-19,Olive & Ember Airport,Front of house,24.67,388.55
2026-08-19,Olive & Ember Airport,Management,10,252
2026-08-20,Olive & Ember Airport,Kitchen,25.31,492.98
2026-08-20,Olive & Ember Airport,Front of house,33.09,521.17
2026-08-20,Olive & Ember Airport,Management,10,252
2026-08-21,Olive & Ember Airport,Kitchen,26.73,520.63
2026-08-21,Olive & Ember Airport,Front of house,35.13,553.3
2026-08-21,Olive & Ember Airport,Management,10,252
2026-08-22,Olive & Ember Airport,Kitchen,27.15,528.81
2026-08-22,Olive & Ember Airport,Front of house,35.15,553.61
2026-08-22,Olive & Ember Airport,Management,10,252
2026-08-23,Olive & Ember Airport,Kitchen,24.08,469.02
2026-08-23,Olive & Ember Airport,Front of house,28.56,449.82
2026-08-23,Olive & Ember Airport,Management,10,252
2026-08-24,Olive & Ember Airport,Kitchen,21.41,417.01
2026-08-24,Olive & Ember Airport,Front of house,27.31,430.13
2026-08-24,Olive & Ember Airport,Management,10,252
2026-08-25,Olive & Ember Airport,Kitchen,25.89,504.27
2026-08-25,Olive & Ember Airport,Front of house,32.55,512.66
2026-08-25,Olive & Ember Airport,Management,10,252
2026-08-26,Olive & Ember Airport,Kitchen,22.4,436.3
2026-08-26,Olive & Ember Airport,Front of house,30.17,475.18
2026-08-26,Olive & Ember Airport,Management,10,252
2026-08-27,Olive & Ember Airport,Kitchen,22.02,428.89
2026-08-27,Olive & Ember Airport,Front of house,26.26,413.6
2026-08-27,Olive & Ember Airport,Management,10,252
2026-08-28,Olive & Ember Airport,Kitchen,23.4,455.77
2026-08-28,Olive & Ember Airport,Front of house,29.57,465.73
2026-08-28,Olive & Ember Airport,Management,10,252
2026-08-29,Olive & Ember Airport,Kitchen,25.86,503.69
2026-08-29,Olive & Ember Airport,Front of house,33.43,526.52
2026-08-29,Olive & Ember Airport,Management,10,252
2026-08-30,Olive & Ember Airport,Kitchen,26.63,518.69
2026-08-30,Olive & Ember Airport,Front of house,33.09,521.17
2026-08-30,Olive & Ember Airport,Management,10,252
2026-08-31,Olive & Ember Airport,Kitchen,22.83,444.67
2026-08-31,Olive & Ember Airport,Front of house,27.15,427.61
2026-08-31,Olive & Ember Airport,Management,10,252
