Date,Restaurant,Ingredient,Qty,Unit,Reason
2025-01-05,Olive & Ember Downtown,Beef mince,0.83,kg,Dropped/damaged
2025-01-05,Olive & Ember Downtown,Ribeye steak,0.24,kg,Expired
2025-01-05,Olive & Ember Downtown,Chicken breast,0.4,kg,Over-prepared
2025-01-05,Olive & Ember Downtown,Pork sausage,0.36,kg,Expired
2025-01-05,Olive & Ember Downtown,Lamb shoulder,0.14,kg,Over-prepared
2025-01-05,Olive & Ember Downtown,Salmon fillet,0.3,kg,Over-prepared
2025-01-05,Olive & Ember Downtown,Prawns,0.37,kg,Expired
2025-01-05,Olive & Ember Downtown,Calamari,0.58,kg,Expired
2025-01-05,Olive & Ember Downtown,Mozzarella,1.52,kg,Expired
2025-01-05,Olive & Ember Downtown,Parmesan,0.12,kg,Expired
2025-01-05,Olive & Ember Downtown,Butter,0.35,kg,Spoiled
2025-01-05,Olive & Ember Downtown,Cream,0.07,l,Expired
2025-01-05,Olive & Ember Downtown,Milk,1.51,l,Spoiled
2025-01-05,Olive & Ember Downtown,Eggs,10,each,Dropped/damaged
2025-01-05,Olive & Ember Downtown,Mascarpone,0.2,kg,Spoiled
2025-01-05,Olive & Ember Downtown,Tomatoes,3.05,kg,Spoiled
2025-01-05,Olive & Ember Downtown,Lettuce,1.13,kg,Spoiled
2025-01-05,Olive & Ember Downtown,Onions,0.36,kg,Spoiled
2025-01-05,Olive & Ember Downtown,Potatoes,6.53,kg,Expired
2025-01-05,Olive & Ember Downtown,Mushrooms,0.64,kg,Over-prepared
2025-01-05,Olive & Ember Downtown,Lemons,0.64,kg,Spoiled
2025-01-05,Olive & Ember Downtown,Garlic,0.08,kg,Over-prepared
2025-01-05,Olive & Ember Downtown,Pizza flour,0.38,kg,Expired
2025-01-05,Olive & Ember Downtown,Olive oil,0.05,l,Spoiled
2025-01-05,Olive & Ember Downtown,Sugar,0.05,kg,Expired
2025-01-12,Olive & Ember Downtown,Beef mince,1.02,kg,Expired
2025-01-12,Olive & Ember Downtown,Ribeye steak,0.34,kg,Over-prepared
2025-01-12,Olive & Ember Downtown,Chicken breast,0.4,kg,Expired
2025-01-12,Olive & Ember Downtown,Pork sausage,0.42,kg,Over-prepared
2025-01-12,Olive & Ember Downtown,Lamb shoulder,0.19,kg,Dropped/damaged
2025-01-12,Olive & Ember Downtown,Salmon fillet,0.55,kg,Expired
2025-01-12,Olive & Ember Downtown,Prawns,0.67,kg,Dropped/damaged
2025-01-12,Olive & Ember Downtown,Calamari,0.57,kg,Over-prepared
2025-01-12,Olive & Ember Downtown,Mozzarella,1.98,kg,Expired
2025-01-12,Olive & Ember Downtown,Parmesan,0.14,kg,Spoiled
2025-01-12,Olive & Ember Downtown,Butter,0.5,kg,Expired
2025-01-12,Olive & Ember Downtown,Cream,0.12,l,Spoiled
2025-01-12,Olive & Ember Downtown,Milk,2.05,l,Expired
2025-01-12,Olive & Ember Downtown,Eggs,12,each,Expired
2025-01-12,Olive & Ember Downtown,Mascarpone,0.26,kg,Dropped/damaged
2025-01-12,Olive & Ember Downtown,Tomatoes,3.63,kg,Expired
2025-01-12,Olive & Ember Downtown,Lettuce,1.61,kg,Spoiled
2025-01-12,Olive & Ember Downtown,Onions,0.41,kg,Expired
2025-01-12,Olive & Ember Downtown,Potatoes,9.11,kg,Spoiled
2025-01-12,Olive & Ember Downtown,Mushrooms,1.02,kg,Spoiled
2025-01-12,Olive & Ember Downtown,Lemons,0.96,kg,Expired
2025-01-12,Olive & Ember Downtown,Basil,0.07,kg,Spoiled
2025-01-12,Olive & Ember Downtown,Garlic,0.13,kg,Expired
2025-01-12,Olive & Ember Downtown,Pizza flour,0.45,kg,Expired
2025-01-12,Olive & Ember Downtown,Pasta,0.08,kg,Spoiled
2025-01-12,Olive & Ember Downtown,Olive oil,0.08,l,Spoiled
2025-01-12,Olive & Ember Downtown,Sugar,0.06,kg,Expired
2025-01-12,Olive & Ember Downtown,Coffee beans,0.05,kg,Spoiled
2025-01-12,Olive & Ember Downtown,Lemonade syrup,0.07,l,Expired
2025-01-19,Olive & Ember Downtown,Beef mince,1.17,kg,Over-prepared
2025-01-19,Olive & Ember Downtown,Ribeye steak,0.44,kg,Expired
2025-01-19,Olive & Ember Downtown,Chicken breast,0.53,kg,Expired
2025-01-19,Olive & Ember Downtown,Pork sausage,0.46,kg,Dropped/damaged
2025-01-19,Olive & Ember Downtown,Lamb shoulder,0.16,kg,Over-prepared
2025-01-19,Olive & Ember Downtown,Salmon fillet,0.57,kg,Expired
2025-01-19,Olive & Ember Downtown,Prawns,0.57,kg,Dropped/damaged
2025-01-19,Olive & Ember Downtown,Calamari,0.59,kg,Expired
2025-01-19,Olive & Ember Downtown,Mozzarella,1.54,kg,Expired
2025-01-19,Olive & Ember Downtown,Parmesan,0.16,kg,Expired
2025-01-19,Olive & Ember Downtown,Butter,0.55,kg,Spoiled
2025-01-19,Olive & Ember Downtown,Cream,0.15,l,Expired
2025-01-19,Olive & Ember Downtown,Milk,2.09,l,Expired
2025-01-19,Olive & Ember Downtown,Eggs,13,each,Dropped/damaged
2025-01-19,Olive & Ember Downtown,Mascarpone,0.26,kg,Spoiled
2025-01-19,Olive & Ember Downtown,Tomatoes,3.71,kg,Expired
2025-01-19,Olive & Ember Downtown,Lettuce,1.51,kg,Expired
2025-01-19,Olive & Ember Downtown,Onions,0.52,kg,Spoiled
2025-01-19,Olive & Ember Downtown,Potatoes,8.34,kg,Over-prepared
2025-01-19,Olive & Ember Downtown,Mushrooms,1.06,kg,Spoiled
2025-01-19,Olive & Ember Downtown,Lemons,1.11,kg,Over-prepared
2025-01-19,Olive & Ember Downtown,Garlic,0.12,kg,Spoiled
2025-01-19,Olive & Ember Downtown,Pizza flour,0.46,kg,Spoiled
2025-01-19,Olive & Ember Downtown,Pasta,0.07,kg,Spoiled
2025-01-19,Olive & Ember Downtown,Olive oil,0.06,l,Expired
2025-01-19,Olive & Ember Downtown,Burger buns,1,each,Expired
2025-01-19,Olive & Ember Downtown,Sugar,0.09,kg,Dropped/damaged
2025-01-19,Olive & Ember Downtown,Lemonade syrup,0.06,l,Expired
2025-01-26,Olive & Ember Downtown,Beef mince,0.95,kg,Expired
2025-01-26,Olive & Ember Downtown,Ribeye steak,0.37,kg,Dropped/damaged
2025-01-26,Olive & Ember Downtown,Chicken breast,0.36,kg,Over-prepared
2025-01-26,Olive & Ember Downtown,Pork sausage,0.32,kg,Over-prepared
2025-01-26,Olive & Ember Downtown,Lamb shoulder,0.2,kg,Expired
2025-01-26,Olive & Ember Downtown,Salmon fillet,0.53,kg,Over-prepared
2025-01-26,Olive & Ember Downtown,Prawns,0.51,kg,Dropped/damaged
2025-01-26,Olive & Ember Downtown,Calamari,0.62,kg,Over-prepared
2025-01-26,Olive & Ember Downtown,Mozzarella,1.82,kg,Expired
2025-01-26,Olive & Ember Downtown,Parmesan,0.17,kg,Dropped/damaged
2025-01-26,Olive & Ember Downtown,Butter,0.46,kg,Dropped/damaged
2025-01-26,Olive & Ember Downtown,Cream,0.13,l,Spoiled
2025-01-26,Olive & Ember Downtown,Milk,1.92,l,Dropped/damaged
2025-01-26,Olive & Ember Downtown,Eggs,11,each,Dropped/damaged
2025-01-26,Olive & Ember Downtown,Mascarpone,0.33,kg,Spoiled
2025-01-26,Olive & Ember Downtown,Tomatoes,3.87,kg,Spoiled
2025-01-26,Olive & Ember Downtown,Lettuce,1.49,kg,Spoiled
2025-01-26,Olive & Ember Downtown,Onions,0.43,kg,Spoiled
2025-01-26,Olive & Ember Downtown,Potatoes,8.01,kg,Spoiled
2025-01-26,Olive & Ember Downtown,Mushrooms,1.04,kg,Spoiled
2025-01-26,Olive & Ember Downtown,Lemons,0.83,kg,Over-prepared
2025-01-26,Olive & Ember Downtown,Basil,0.06,kg,Over-prepared
2025-01-26,Olive & Ember Downtown,Garlic,0.16,kg,Over-prepared
2025-01-26,Olive & Ember Downtown,Pizza flour,0.5,kg,Dropped/damaged
2025-01-26,Olive & Ember Downtown,Pasta,0.07,kg,Spoiled
2025-01-26,Olive & Ember Downtown,Olive oil,0.07,l,Dropped/damaged
2025-01-26,Olive & Ember Downtown,Burger buns,1,each,Expired
2025-01-26,Olive & Ember Downtown,Sugar,0.07,kg,Expired
2025-01-26,Olive & Ember Downtown,Coffee beans,0.06,kg,Expired
2025-01-26,Olive & Ember Downtown,Lemonade syrup,0.07,l,Expired
2025-02-02,Olive & Ember Downtown,Beef mince,1.03,kg,Over-prepared
2025-02-02,Olive & Ember Downtown,Ribeye steak,0.34,kg,Expired
2025-02-02,Olive & Ember Downtown,Chicken breast,0.5,kg,Over-prepared
2025-02-02,Olive & Ember Downtown,Pork sausage,0.56,kg,Expired
2025-02-02,Olive & Ember Downtown,Lamb shoulder,0.18,kg,Expired
2025-02-02,Olive & Ember Downtown,Salmon fillet,0.52,kg,Dropped/damaged
2025-02-02,Olive & Ember Downtown,Prawns,0.53,kg,Over-prepared
2025-02-02,Olive & Ember Downtown,Calamari,0.55,kg,Expired
2025-02-02,Olive & Ember Downtown,Mozzarella,1.94,kg,Spoiled
2025-02-02,Olive & Ember Downtown,Parmesan,0.13,kg,Spoiled
2025-02-02,Olive & Ember Downtown,Butter,0.53,kg,Expired
2025-02-02,Olive & Ember Downtown,Cream,0.11,l,Expired
2025-02-02,Olive & Ember Downtown,Milk,2.17,l,Expired
2025-02-02,Olive & Ember Downtown,Eggs,13,each,Expired
2025-02-02,Olive & Ember Downtown,Mascarpone,0.34,kg,Dropped/damaged
2025-02-02,Olive & Ember Downtown,Tomatoes,3.82,kg,Spoiled
2025-02-02,Olive & Ember Downtown,Lettuce,1.79,kg,Expired
2025-02-02,Olive & Ember Downtown,Onions,0.52,kg,Spoiled
2025-02-02,Olive & Ember Downtown,Potatoes,9.05,kg,Expired
2025-02-02,Olive & Ember Downtown,Mushrooms,1.01,kg,Spoiled
2025-02-02,Olive & Ember Downtown,Lemons,0.8,kg,Spoiled
2025-02-02,Olive & Ember Downtown,Basil,0.07,kg,Over-prepared
2025-02-02,Olive & Ember Downtown,Garlic,0.14,kg,Expired
2025-02-02,Olive & Ember Downtown,Pizza flour,0.5,kg,Dropped/damaged
2025-02-02,Olive & Ember Downtown,Pasta,0.07,kg,Expired
2025-02-02,Olive & Ember Downtown,Olive oil,0.07,l,Expired
2025-02-02,Olive & Ember Downtown,Burger buns,1,each,Spoiled
2025-02-02,Olive & Ember Downtown,Sugar,0.09,kg,Spoiled
2025-02-02,Olive & Ember Downtown,Coffee beans,0.05,kg,Expired
2025-02-02,Olive & Ember Downtown,Lemonade syrup,0.07,l,Spoiled
2025-02-09,Olive & Ember Downtown,Beef mince,1.09,kg,Dropped/damaged
2025-02-09,Olive & Ember Downtown,Ribeye steak,0.38,kg,Over-prepared
2025-02-09,Olive & Ember Downtown,Chicken breast,0.48,kg,Over-prepared
2025-02-09,Olive & Ember Downtown,Pork sausage,0.46,kg,Expired
2025-02-09,Olive & Ember Downtown,Lamb shoulder,0.16,kg,Over-prepared
2025-02-09,Olive & Ember Downtown,Salmon fillet,0.53,kg,Expired
2025-02-09,Olive & Ember Downtown,Prawns,0.64,kg,Expired
2025-02-09,Olive & Ember Downtown,Calamari,0.59,kg,Expired
2025-02-09,Olive & Ember Downtown,Mozzarella,2.06,kg,Expired
2025-02-09,Olive & Ember Downtown,Parmesan,0.13,kg,Expired
2025-02-09,Olive & Ember Downtown,Butter,0.48,kg,Spoiled
2025-02-09,Olive & Ember Downtown,Cream,0.13,l,Spoiled
2025-02-09,Olive & Ember Downtown,Milk,2.08,l,Expired
2025-02-09,Olive & Ember Downtown,Eggs,13,each,Expired
2025-02-09,Olive & Ember Downtown,Mascarpone,0.33,kg,Expired
2025-02-09,Olive & Ember Downtown,Tomatoes,4.1,kg,Over-prepared
2025-02-09,Olive & Ember Downtown,Lettuce,1.83,kg,Spoiled
2025-02-09,Olive & Ember Downtown,Onions,0.44,kg,Spoiled
2025-02-09,Olive & Ember Downtown,Potatoes,8.21,kg,Spoiled
2025-02-09,Olive & Ember Downtown,Mushrooms,0.99,kg,Spoiled
2025-02-09,Olive & Ember Downtown,Lemons,0.82,kg,Spoiled
2025-02-09,Olive & Ember Downtown,Basil,0.07,kg,Spoiled
2025-02-09,Olive & Ember Downtown,Garlic,0.18,kg,Over-prepared
2025-02-09,Olive & Ember Downtown,Pizza flour,0.48,kg,Spoiled
2025-02-09,Olive & Ember Downtown,Pasta,0.08,kg,Spoiled
2025-02-09,Olive & Ember Downtown,Olive oil,0.08,l,Spoiled
2025-02-09,Olive & Ember Downtown,Burger buns,1,each,Spoiled
2025-02-09,Olive & Ember Downtown,Sugar,0.08,kg,Spoiled
2025-02-09,Olive & Ember Downtown,Coffee beans,0.06,kg,Dropped/damaged
2025-02-09,Olive & Ember Downtown,Lemonade syrup,0.07,l,Expired
2025-02-16,Olive & Ember Downtown,Beef mince,0.97,kg,Expired
2025-02-16,Olive & Ember Downtown,Ribeye steak,0.33,kg,Expired
2025-02-16,Olive & Ember Downtown,Chicken breast,0.39,kg,Over-prepared
2025-02-16,Olive & Ember Downtown,Pork sausage,0.43,kg,Over-prepared
2025-02-16,Olive & Ember Downtown,Lamb shoulder,0.2,kg,Over-prepared
2025-02-16,Olive & Ember Downtown,Salmon fillet,0.7,kg,Over-prepared
2025-02-16,Olive & Ember Downtown,Prawns,0.6,kg,Over-prepared
2025-02-16,Olive & Ember Downtown,Calamari,0.57,kg,Expired
2025-02-16,Olive & Ember Downtown,Mozzarella,1.94,kg,Dropped/damaged
2025-02-16,Olive & Ember Downtown,Parmesan,0.13,kg,Expired
2025-02-16,Olive & Ember Downtown,Butter,0.54,kg,Spoiled
2025-02-16,Olive & Ember Downtown,Cream,0.12,l,Expired
2025-02-16,Olive & Ember Downtown,Milk,2.14,l,Expired
2025-02-16,Olive & Ember Downtown,Eggs,10,each,Expired
2025-02-16,Olive & Ember Downtown,Mascarpone,0.31,kg,Spoiled
2025-02-16,Olive & Ember Downtown,Tomatoes,3.61,kg,Spoiled
2025-02-16,Olive & Ember Downtown,Lettuce,1.64,kg,Spoiled
2025-02-16,Olive & Ember Downtown,Onions,0.41,kg,Spoiled
2025-02-16,Olive & Ember Downtown,Potatoes,7.39,kg,Expired
2025-02-16,Olive & Ember Downtown,Mushrooms,0.94,kg,Spoiled
2025-02-16,Olive & Ember Downtown,Lemons,0.87,kg,Spoiled
2025-02-16,Olive & Ember Downtown,Basil,0.07,kg,Over-prepared
2025-02-16,Olive & Ember Downtown,Garlic,0.13,kg,Spoiled
2025-02-16,Olive & Ember Downtown,Pizza flour,0.51,kg,Dropped/damaged
2025-02-16,Olive & Ember Downtown,Pasta,0.08,kg,Expired
2025-02-16,Olive & Ember Downtown,Olive oil,0.08,l,Spoiled
2025-02-16,Olive & Ember Downtown,Sugar,0.08,kg,Expired
2025-02-16,Olive & Ember Downtown,Coffee beans,0.05,kg,Spoiled
2025-02-16,Olive & Ember Downtown,Lemonade syrup,0.08,l,Expired
2025-02-23,Olive & Ember Downtown,Beef mince,0.94,kg,Expired
2025-02-23,Olive & Ember Downtown,Ribeye steak,0.44,kg,Over-prepared
2025-02-23,Olive & Ember Downtown,Chicken breast,0.46,kg,Over-prepared
2025-02-23,Olive & Ember Downtown,Pork sausage,0.5,kg,Over-prepared
2025-02-23,Olive & Ember Downtown,Lamb shoulder,0.16,kg,Expired
2025-02-23,Olive & Ember Downtown,Salmon fillet,0.65,kg,Expired
2025-02-23,Olive & Ember Downtown,Prawns,0.6,kg,Over-prepared
2025-02-23,Olive & Ember Downtown,Calamari,0.54,kg,Dropped/damaged
2025-02-23,Olive & Ember Downtown,Mozzarella,2.11,kg,Expired
2025-02-23,Olive & Ember Downtown,Parmesan,0.17,kg,Spoiled
2025-02-23,Olive & Ember Downtown,Butter,0.45,kg,Expired
2025-02-23,Olive & Ember Downtown,Cream,0.15,l,Spoiled
2025-02-23,Olive & Ember Downtown,Milk,2.12,l,Spoiled
2025-02-23,Olive & Ember Downtown,Eggs,12,each,Dropped/damaged
2025-02-23,Olive & Ember Downtown,Mascarpone,0.28,kg,Spoiled
2025-02-23,Olive & Ember Downtown,Tomatoes,3.43,kg,Over-prepared
2025-02-23,Olive & Ember Downtown,Lettuce,1.57,kg,Over-prepared
2025-02-23,Olive & Ember Downtown,Onions,0.51,kg,Spoiled
2025-02-23,Olive & Ember Downtown,Potatoes,8.55,kg,Over-prepared
2025-02-23,Olive & Ember Downtown,Mushrooms,1.15,kg,Over-prepared
2025-02-23,Olive & Ember Downtown,Lemons,0.84,kg,Over-prepared
2025-02-23,Olive & Ember Downtown,Basil,0.07,kg,Over-prepared
2025-02-23,Olive & Ember Downtown,Garlic,0.14,kg,Over-prepared
2025-02-23,Olive & Ember Downtown,Pizza flour,0.5,kg,Spoiled
2025-02-23,Olive & Ember Downtown,Pasta,0.08,kg,Expired
2025-02-23,Olive & Ember Downtown,Olive oil,0.06,l,Expired
2025-02-23,Olive & Ember Downtown,Burger buns,1,each,Dropped/damaged
2025-02-23,Olive & Ember Downtown,Sugar,0.07,kg,Expired
2025-02-23,Olive & Ember Downtown,Coffee beans,0.06,kg,Dropped/damaged
2025-02-23,Olive & Ember Downtown,Lemonade syrup,0.06,l,Expired
2025-03-02,Olive & Ember Downtown,Beef mince,0.87,kg,Over-prepared
2025-03-02,Olive & Ember Downtown,Ribeye steak,0.37,kg,Dropped/damaged
2025-03-02,Olive & Ember Downtown,Chicken breast,0.49,kg,Over-prepared
2025-03-02,Olive & Ember Downtown,Pork sausage,0.45,kg,Over-prepared
2025-03-02,Olive & Ember Downtown,Lamb shoulder,0.2,kg,Over-prepared
2025-03-02,Olive & Ember Downtown,Salmon fillet,0.52,kg,Expired
2025-03-02,Olive & Ember Downtown,Prawns,0.59,kg,Over-prepared
2025-03-02,Olive & Ember Downtown,Calamari,0.68,kg,Expired
2025-03-02,Olive & Ember Downtown,Mozzarella,2.2,kg,Expired
2025-03-02,Olive & Ember Downtown,Parmesan,0.13,kg,Expired
2025-03-02,Olive & Ember Downtown,Butter,0.54,kg,Dropped/damaged
2025-03-02,Olive & Ember Downtown,Cream,0.16,l,Dropped/damaged
2025-03-02,Olive & Ember Downtown,Milk,1.94,l,Expired
2025-03-02,Olive & Ember Downtown,Eggs,15,each,Dropped/damaged
2025-03-02,Olive & Ember Downtown,Mascarpone,0.31,kg,Spoiled
2025-03-02,Olive & Ember Downtown,Tomatoes,4.16,kg,Spoiled
2025-03-02,Olive & Ember Downtown,Lettuce,1.83,kg,Expired
2025-03-02,Olive & Ember Downtown,Onions,0.43,kg,Expired
2025-03-02,Olive & Ember Downtown,Potatoes,8.13,kg,Over-prepared
2025-03-02,Olive & Ember Downtown,Mushrooms,1.1,kg,Over-prepared
2025-03-02,Olive & Ember Downtown,Lemons,0.97,kg,Spoiled
2025-03-02,Olive & Ember Downtown,Basil,0.07,kg,Expired
2025-03-02,Olive & Ember Downtown,Garlic,0.15,kg,Over-prepared
2025-03-02,Olive & Ember Downtown,Pizza flour,0.46,kg,Expired
2025-03-02,Olive & Ember Downtown,Pasta,0.06,kg,Expired
2025-03-02,Olive & Ember Downtown,Olive oil,0.09,l,Expired
2025-03-02,Olive & Ember Downtown,Burger buns,1,each,Expired
2025-03-02,Olive & Ember Downtown,Sugar,0.07,kg,Spoiled
2025-03-02,Olive & Ember Downtown,Chocolate,0.05,kg,Spoiled
2025-03-02,Olive & Ember Downtown,Coffee beans,0.06,kg,Spoiled
2025-03-02,Olive & Ember Downtown,Lemonade syrup,0.07,l,Expired
2025-03-09,Olive & Ember Downtown,Beef mince,1.09,kg,Expired
2025-03-09,Olive & Ember Downtown,Ribeye steak,0.45,kg,Over-prepared
2025-03-09,Olive & Ember Downtown,Chicken breast,0.45,kg,Over-prepared
2025-03-09,Olive & Ember Downtown,Pork sausage,0.55,kg,Expired
2025-03-09,Olive & Ember Downtown,Lamb shoulder,0.21,kg,Dropped/damaged
2025-03-09,Olive & Ember Downtown,Salmon fillet,0.7,kg,Expired
2025-03-09,Olive & Ember Downtown,Prawns,0.57,kg,Expired
2025-03-09,Olive & Ember Downtown,Calamari,0.7,kg,Expired
2025-03-09,Olive & Ember Downtown,Mozzarella,2.32,kg,Spoiled
2025-03-09,Olive & Ember Downtown,Parmesan,0.16,kg,Expired
2025-03-09,Olive & Ember Downtown,Butter,0.47,kg,Spoiled
2025-03-09,Olive & Ember Downtown,Cream,0.13,l,Expired
2025-03-09,Olive & Ember Downtown,Milk,1.74,l,Spoiled
2025-03-09,Olive & Ember Downtown,Eggs,13,each,Spoiled
2025-03-09,Olive & Ember Downtown,Mascarpone,0.31,kg,Dropped/damaged
2025-03-09,Olive & Ember Downtown,Tomatoes,4.08,kg,Spoiled
2025-03-09,Olive & Ember Downtown,Lettuce,1.7,kg,Spoiled
2025-03-09,Olive & Ember Downtown,Onions,0.5,kg,Expired
2025-03-09,Olive & Ember Downtown,Potatoes,10.59,kg,Expired
2025-03-09,Olive & Ember Downtown,Mushrooms,1.03,kg,Over-prepared
2025-03-09,Olive & Ember Downtown,Lemons,1.09,kg,Over-prepared
2025-03-09,Olive & Ember Downtown,Basil,0.08,kg,Over-prepared
2025-03-09,Olive & Ember Downtown,Garlic,0.18,kg,Expired
2025-03-09,Olive & Ember Downtown,Pizza flour,0.46,kg,Spoiled
2025-03-09,Olive & Ember Downtown,Pasta,0.06,kg,Expired
2025-03-09,Olive & Ember Downtown,Olive oil,0.09,l,Expired
2025-03-09,Olive & Ember Downtown,Burger buns,1,each,Spoiled
2025-03-09,Olive & Ember Downtown,Sugar,0.09,kg,Spoiled
2025-03-09,Olive & Ember Downtown,Coffee beans,0.06,kg,Expired
2025-03-09,Olive & Ember Downtown,Lemonade syrup,0.07,l,Expired
2025-03-16,Olive & Ember Downtown,Beef mince,1.17,kg,Over-prepared
2025-03-16,Olive & Ember Downtown,Ribeye steak,0.37,kg,Over-prepared
2025-03-16,Olive & Ember Downtown,Chicken breast,0.44,kg,Expired
2025-03-16,Olive & Ember Downtown,Pork sausage,0.57,kg,Over-prepared
2025-03-16,Olive & Ember Downtown,Lamb shoulder,0.24,kg,Expired
2025-03-16,Olive & Ember Downtown,Salmon fillet,0.57,kg,Over-prepared
2025-03-16,Olive & Ember Downtown,Prawns,0.63,kg,Expired
2025-03-16,Olive & Ember Downtown,Calamari,0.8,kg,Expired
2025-03-16,Olive & Ember Downtown,Mozzarella,2.27,kg,Expired
2025-03-16,Olive & Ember Downtown,Parmesan,0.15,kg,Expired
2025-03-16,Olive & Ember Downtown,Butter,0.57,kg,Spoiled
2025-03-16,Olive & Ember Downtown,Cream,0.15,l,Spoiled
2025-03-16,Olive & Ember Downtown,Milk,2.18,l,Spoiled
2025-03-16,Olive & Ember Downtown,Eggs,14,each,Spoiled
2025-03-16,Olive & Ember Downtown,Mascarpone,0.27,kg,Expired
2025-03-16,Olive & Ember Downtown,Tomatoes,4.05,kg,Spoiled
2025-03-16,Olive & Ember Downtown,Lettuce,1.55,kg,Over-prepared
2025-03-16,Olive & Ember Downtown,Onions,0.5,kg,Spoiled
2025-03-16,Olive & Ember Downtown,Potatoes,10.3,kg,Expired
2025-03-16,Olive & Ember Downtown,Mushrooms,1.04,kg,Spoiled
2025-03-16,Olive & Ember Downtown,Lemons,1.05,kg,Spoiled
2025-03-16,Olive & Ember Downtown,Basil,0.07,kg,Over-prepared
2025-03-16,Olive & Ember Downtown,Garlic,0.17,kg,Over-prepared
2025-03-16,Olive & Ember Downtown,Pizza flour,0.6,kg,Expired
2025-03-16,Olive & Ember Downtown,Pasta,0.1,kg,Expired
2025-03-16,Olive & Ember Downtown,Olive oil,0.09,l,Dropped/damaged
2025-03-16,Olive & Ember Downtown,Sugar,0.09,kg,Expired
2025-03-16,Olive & Ember Downtown,Coffee beans,0.06,kg,Spoiled
2025-03-16,Olive & Ember Downtown,Lemonade syrup,0.07,l,Expired
2025-03-23,Olive & Ember Downtown,Beef mince,0.9,kg,Dropped/damaged
2025-03-23,Olive & Ember Downtown,Ribeye steak,0.37,kg,Over-prepared
2025-03-23,Olive & Ember Downtown,Chicken breast,0.46,kg,Dropped/damaged
2025-03-23,Olive & Ember Downtown,Pork sausage,0.41,kg,Expired
2025-03-23,Olive & Ember Downtown,Lamb shoulder,0.24,kg,Over-prepared
2025-03-23,Olive & Ember Downtown,Salmon fillet,0.45,kg,Expired
2025-03-23,Olive & Ember Downtown,Prawns,0.65,kg,Over-prepared
2025-03-23,Olive & Ember Downtown,Calamari,0.7,kg,Over-prepared
2025-03-23,Olive & Ember Downtown,Mozzarella,1.97,kg,Expired
2025-03-23,Olive & Ember Downtown,Parmesan,0.16,kg,Expired
2025-03-23,Olive & Ember Downtown,Butter,0.53,kg,Expired
2025-03-23,Olive & Ember Downtown,Cream,0.14,l,Expired
2025-03-23,Olive & Ember Downtown,Milk,1.82,l,Spoiled
2025-03-23,Olive & Ember Downtown,Eggs,15,each,Expired
2025-03-23,Olive & Ember Downtown,Mascarpone,0.34,kg,Expired
2025-03-23,Olive & Ember Downtown,Tomatoes,3.87,kg,Spoiled
2025-03-23,Olive & Ember Downtown,Lettuce,1.94,kg,Expired
2025-03-23,Olive & Ember Downtown,Onions,0.39,kg,Spoiled
2025-03-23,Olive & Ember Downtown,Potatoes,9.41,kg,Spoiled
2025-03-23,Olive & Ember Downtown,Mushrooms,0.97,kg,Spoiled
2025-03-23,Olive & Ember Downtown,Lemons,1,kg,Spoiled
2025-03-23,Olive & Ember Downtown,Basil,0.07,kg,Spoiled
2025-03-23,Olive & Ember Downtown,Garlic,0.16,kg,Over-prepared
2025-03-23,Olive & Ember Downtown,Pizza flour,0.48,kg,Dropped/damaged
2025-03-23,Olive & Ember Downtown,Pasta,0.11,kg,Expired
2025-03-23,Olive & Ember Downtown,Olive oil,0.08,l,Spoiled
2025-03-23,Olive & Ember Downtown,Sugar,0.08,kg,Expired
2025-03-23,Olive & Ember Downtown,Coffee beans,0.06,kg,Spoiled
2025-03-23,Olive & Ember Downtown,Lemonade syrup,0.08,l,Spoiled
2025-03-30,Olive & Ember Downtown,Beef mince,1.08,kg,Over-prepared
2025-03-30,Olive & Ember Downtown,Ribeye steak,0.51,kg,Over-prepared
2025-03-30,Olive & Ember Downtown,Chicken breast,0.48,kg,Dropped/damaged
2025-03-30,Olive & Ember Downtown,Pork sausage,0.58,kg,Expired
2025-03-30,Olive & Ember Downtown,Lamb shoulder,0.26,kg,Expired
2025-03-30,Olive & Ember Downtown,Salmon fillet,0.64,kg,Over-prepared
2025-03-30,Olive & Ember Downtown,Prawns,0.66,kg,Expired
2025-03-30,Olive & Ember Downtown,Calamari,0.62,kg,Over-prepared
2025-03-30,Olive & Ember Downtown,Mozzarella,2.24,kg,Spoiled
2025-03-30,Olive & Ember Downtown,Parmesan,0.17,kg,Expired
2025-03-30,Olive & Ember Downtown,Butter,0.58,kg,Expired
2025-03-30,Olive & Ember Downtown,Cream,0.16,l,Dropped/damaged
2025-03-30,Olive & Ember Downtown,Milk,2.12,l,Spoiled
2025-03-30,Olive & Ember Downtown,Eggs,17,each,Expired
2025-03-30,Olive & Ember Downtown,Mascarpone,0.34,kg,Expired
2025-03-30,Olive & Ember Downtown,Tomatoes,4.33,kg,Spoiled
2025-03-30,Olive & Ember Downtown,Lettuce,1.57,kg,Expired
2025-03-30,Olive & Ember Downtown,Onions,0.5,kg,Over-prepared
2025-03-30,Olive & Ember Downtown,Potatoes,9.8,kg,Expired
2025-03-30,Olive & Ember Downtown,Mushrooms,1.08,kg,Spoiled
2025-03-30,Olive & Ember Downtown,Lemons,0.88,kg,Over-prepared
2025-03-30,Olive & Ember Downtown,Basil,0.07,kg,Expired
2025-03-30,Olive & Ember Downtown,Garlic,0.16,kg,Spoiled
2025-03-30,Olive & Ember Downtown,Pizza flour,0.48,kg,Expired
2025-03-30,Olive & Ember Downtown,Pasta,0.09,kg,Expired
2025-03-30,Olive & Ember Downtown,Olive oil,0.08,l,Spoiled
2025-03-30,Olive & Ember Downtown,Burger buns,1,each,Expired
2025-03-30,Olive & Ember Downtown,Sugar,0.1,kg,Expired
2025-03-30,Olive & Ember Downtown,Coffee beans,0.07,kg,Dropped/damaged
2025-03-30,Olive & Ember Downtown,Lemonade syrup,0.07,l,Spoiled
2025-04-06,Olive & Ember Downtown,Beef mince,1.36,kg,Over-prepared
2025-04-06,Olive & Ember Downtown,Ribeye steak,0.38,kg,Over-prepared
2025-04-06,Olive & Ember Downtown,Chicken breast,0.51,kg,Over-prepared
2025-04-06,Olive & Ember Downtown,Pork sausage,0.54,kg,Over-prepared
2025-04-06,Olive & Ember Downtown,Lamb shoulder,0.17,kg,Over-prepared
2025-04-06,Olive & Ember Downtown,Salmon fillet,0.67,kg,Expired
2025-04-06,Olive & Ember Downtown,Prawns,0.64,kg,Over-prepared
2025-04-06,Olive & Ember Downtown,Calamari,0.61,kg,Expired
2025-04-06,Olive & Ember Downtown,Mozzarella,2.55,kg,Dropped/damaged
2025-04-06,Olive & Ember Downtown,Parmesan,0.16,kg,Expired
2025-04-06,Olive & Ember Downtown,Butter,0.58,kg,Spoiled
2025-04-06,Olive & Ember Downtown,Cream,0.16,l,Spoiled
2025-04-06,Olive & Ember Downtown,Milk,2.14,l,Spoiled
2025-04-06,Olive & Ember Downtown,Eggs,15,each,Spoiled
2025-04-06,Olive & Ember Downtown,Mascarpone,0.33,kg,Spoiled
2025-04-06,Olive & Ember Downtown,Tomatoes,3.9,kg,Over-prepared
2025-04-06,Olive & Ember Downtown,Lettuce,1.63,kg,Over-prepared
2025-04-06,Olive & Ember Downtown,Onions,0.58,kg,Over-prepared
2025-04-06,Olive & Ember Downtown,Potatoes,9.52,kg,Spoiled
2025-04-06,Olive & Ember Downtown,Mushrooms,1.04,kg,Spoiled
2025-04-06,Olive & Ember Downtown,Lemons,0.98,kg,Expired
2025-04-06,Olive & Ember Downtown,Basil,0.07,kg,Expired
2025-04-06,Olive & Ember Downtown,Garlic,0.14,kg,Spoiled
2025-04-06,Olive & Ember Downtown,Pizza flour,0.61,kg,Expired
2025-04-06,Olive & Ember Downtown,Pasta,0.08,kg,Expired
2025-04-06,Olive & Ember Downtown,Olive oil,0.1,l,Spoiled
2025-04-06,Olive & Ember Downtown,Burger buns,1,each,Expired
2025-04-06,Olive & Ember Downtown,Sugar,0.09,kg,Spoiled
2025-04-06,Olive & Ember Downtown,Coffee beans,0.06,kg,Expired
2025-04-06,Olive & Ember Downtown,Lemonade syrup,0.08,l,Dropped/damaged
2025-04-13,Olive & Ember Downtown,Beef mince,1.01,kg,Expired
2025-04-13,Olive & Ember Downtown,Ribeye steak,0.53,kg,Over-prepared
2025-04-13,Olive & Ember Downtown,Chicken breast,0.55,kg,Over-prepared
2025-04-13,Olive & Ember Downtown,Pork sausage,0.52,kg,Over-prepared
2025-04-13,Olive & Ember Downtown,Lamb shoulder,0.19,kg,Over-prepared
2025-04-13,Olive & Ember Downtown,Salmon fillet,0.72,kg,Expired
2025-04-13,Olive & Ember Downtown,Prawns,0.73,kg,Over-prepared
2025-04-13,Olive & Ember Downtown,Calamari,0.74,kg,Over-prepared
2025-04-13,Olive & Ember Downtown,Mozzarella,2.04,kg,Spoiled
2025-04-13,Olive & Ember Downtown,Parmesan,0.19,kg,Expired
2025-04-13,Olive & Ember Downtown,Butter,0.53,kg,Expired
2025-04-13,Olive & Ember Downtown,Cream,0.14,l,Expired
2025-04-13,Olive & Ember Downtown,Milk,2.42,l,Expired
2025-04-13,Olive & Ember Downtown,Eggs,15,each,Expired
2025-04-13,Olive & Ember Downtown,Mascarpone,0.43,kg,Expired
2025-04-13,Olive & Ember Downtown,Tomatoes,3.86,kg,Spoiled
2025-04-13,Olive & Ember Downtown,Lettuce,1.75,kg,Over-prepared
2025-04-13,Olive & Ember Downtown,Onions,0.56,kg,Spoiled
2025-04-13,Olive & Ember Downtown,Potatoes,11.59,kg,Spoiled
2025-04-13,Olive & Ember Downtown,Mushrooms,1.02,kg,Spoiled
2025-04-13,Olive & Ember Downtown,Lemons,1.05,kg,Spoiled
2025-04-13,Olive & Ember Downtown,Basil,0.08,kg,Expired
2025-04-13,Olive & Ember Downtown,Garlic,0.16,kg,Spoiled
2025-04-13,Olive & Ember Downtown,Pizza flour,0.6,kg,Dropped/damaged
2025-04-13,Olive & Ember Downtown,Pasta,0.08,kg,Dropped/damaged
2025-04-13,Olive & Ember Downtown,Olive oil,0.09,l,Spoiled
2025-04-13,Olive & Ember Downtown,Burger buns,1,each,Expired
2025-04-13,Olive & Ember Downtown,Sugar,0.07,kg,Expired
2025-04-13,Olive & Ember Downtown,Coffee beans,0.06,kg,Expired
2025-04-13,Olive & Ember Downtown,Lemonade syrup,0.08,l,Expired
2025-04-20,Olive & Ember Downtown,Beef mince,1.23,kg,Over-prepared
2025-04-20,Olive & Ember Downtown,Ribeye steak,0.46,kg,Over-prepared
2025-04-20,Olive & Ember Downtown,Chicken breast,0.49,kg,Expired
2025-04-20,Olive & Ember Downtown,Pork sausage,0.47,kg,Expired
2025-04-20,Olive & Ember Downtown,Lamb shoulder,0.14,kg,Dropped/damaged
2025-04-20,Olive & Ember Downtown,Salmon fillet,0.55,kg,Expired
2025-04-20,Olive & Ember Downtown,Prawns,0.66,kg,Expired
2025-04-20,Olive & Ember Downtown,Calamari,0.54,kg,Expired
2025-04-20,Olive & Ember Downtown,Mozzarella,2.15,kg,Expired
2025-04-20,Olive & Ember Downtown,Parmesan,0.17,kg,Expired
2025-04-20,Olive & Ember Downtown,Butter,0.58,kg,Dropped/damaged
2025-04-20,Olive & Ember Downtown,Cream,0.14,l,Expired
2025-04-20,Olive & Ember Downtown,Milk,2.15,l,Expired
2025-04-20,Olive & Ember Downtown,Eggs,13,each,Dropped/damaged
2025-04-20,Olive & Ember Downtown,Mascarpone,0.28,kg,Spoiled
2025-04-20,Olive & Ember Downtown,Tomatoes,4.15,kg,Over-prepared
2025-04-20,Olive & Ember Downtown,Lettuce,1.71,kg,Over-prepared
2025-04-20,Olive & Ember Downtown,Onions,0.47,kg,Spoiled
2025-04-20,Olive & Ember Downtown,Potatoes,8.77,kg,Over-prepared
2025-04-20,Olive & Ember Downtown,Mushrooms,1.27,kg,Expired
2025-04-20,Olive & Ember Downtown,Lemons,1.18,kg,Spoiled
2025-04-20,Olive & Ember Downtown,Basil,0.08,kg,Spoiled
2025-04-20,Olive & Ember Downtown,Garlic,0.17,kg,Over-prepared
2025-04-20,Olive & Ember Downtown,Pizza flour,0.55,kg,Expired
2025-04-20,Olive & Ember Downtown,Pasta,0.07,kg,Expired
2025-04-20,Olive & Ember Downtown,Olive oil,0.08,l,Dropped/damaged
2025-04-20,Olive & Ember Downtown,Burger buns,1,each,Expired
2025-04-20,Olive & Ember Downtown,Sugar,0.09,kg,Dropped/damaged
2025-04-20,Olive & Ember Downtown,Coffee beans,0.07,kg,Expired
2025-04-20,Olive & Ember Downtown,Lemonade syrup,0.09,l,Expired
2025-04-27,Olive & Ember Downtown,Beef mince,1.4,kg,Expired
2025-04-27,Olive & Ember Downtown,Ribeye steak,0.33,kg,Over-prepared
2025-04-27,Olive & Ember Downtown,Chicken breast,0.45,kg,Dropped/damaged
2025-04-27,Olive & Ember Downtown,Pork sausage,0.54,kg,Expired
2025-04-27,Olive & Ember Downtown,Lamb shoulder,0.19,kg,Expired
2025-04-27,Olive & Ember Downtown,Salmon fillet,0.69,kg,Over-prepared
2025-04-27,Olive & Ember Downtown,Prawns,0.65,kg,Expired
2025-04-27,Olive & Ember Downtown,Calamari,0.63,kg,Over-prepared
2025-04-27,Olive & Ember Downtown,Mozzarella,2.37,kg,Spoiled
2025-04-27,Olive & Ember Downtown,Parmesan,0.15,kg,Spoiled
2025-04-27,Olive & Ember Downtown,Butter,0.51,kg,Expired
2025-04-27,Olive & Ember Downtown,Cream,0.14,l,Expired
2025-04-27,Olive & Ember Downtown,Milk,2.53,l,Expired
2025-04-27,Olive & Ember Downtown,Eggs,15,each,Expired
2025-04-27,Olive & Ember Downtown,Mascarpone,0.27,kg,Expired
2025-04-27,Olive & Ember Downtown,Tomatoes,3.86,kg,Spoiled
2025-04-27,Olive & Ember Downtown,Lettuce,1.63,kg,Spoiled
2025-04-27,Olive & Ember Downtown,Onions,0.57,kg,Over-prepared
2025-04-27,Olive & Ember Downtown,Potatoes,10.01,kg,Over-prepared
2025-04-27,Olive & Ember Downtown,Mushrooms,1.3,kg,Spoiled
2025-04-27,Olive & Ember Downtown,Lemons,0.99,kg,Expired
2025-04-27,Olive & Ember Downtown,Basil,0.08,kg,Spoiled
2025-04-27,Olive & Ember Downtown,Garlic,0.18,kg,Over-prepared
2025-04-27,Olive & Ember Downtown,Pizza flour,0.61,kg,Expired
2025-04-27,Olive & Ember Downtown,Pasta,0.08,kg,Expired
2025-04-27,Olive & Ember Downtown,Olive oil,0.09,l,Expired
2025-04-27,Olive & Ember Downtown,Burger buns,1,each,Expired
2025-04-27,Olive & Ember Downtown,Sugar,0.08,kg,Expired
2025-04-27,Olive & Ember Downtown,Coffee beans,0.08,kg,Expired
2025-04-27,Olive & Ember Downtown,Lemonade syrup,0.07,l,Expired
2025-05-04,Olive & Ember Downtown,Beef mince,1,kg,Expired
2025-05-04,Olive & Ember Downtown,Ribeye steak,0.3,kg,Expired
2025-05-04,Olive & Ember Downtown,Chicken breast,0.61,kg,Expired
2025-05-04,Olive & Ember Downtown,Pork sausage,0.55,kg,Expired
2025-05-04,Olive & Ember Downtown,Lamb shoulder,0.25,kg,Over-prepared
2025-05-04,Olive & Ember Downtown,Salmon fillet,0.45,kg,Over-prepared
2025-05-04,Olive & Ember Downtown,Prawns,0.52,kg,Expired
2025-05-04,Olive & Ember Downtown,Calamari,0.64,kg,Expired
2025-05-04,Olive & Ember Downtown,Mozzarella,2.16,kg,Dropped/damaged
2025-05-04,Olive & Ember Downtown,Parmesan,0.18,kg,Spoiled
2025-05-04,Olive & Ember Downtown,Butter,0.51,kg,Expired
2025-05-04,Olive & Ember Downtown,Cream,0.16,l,Expired
2025-05-04,Olive & Ember Downtown,Milk,2.22,l,Spoiled
2025-05-04,Olive & Ember Downtown,Eggs,17,each,Dropped/damaged
2025-05-04,Olive & Ember Downtown,Mascarpone,0.34,kg,Spoiled
2025-05-04,Olive & Ember Downtown,Tomatoes,3.63,kg,Expired
2025-05-04,Olive & Ember Downtown,Lettuce,1.54,kg,Over-prepared
2025-05-04,Olive & Ember Downtown,Onions,0.45,kg,Spoiled
2025-05-04,Olive & Ember Downtown,Potatoes,7.69,kg,Spoiled
2025-05-04,Olive & Ember Downtown,Mushrooms,0.91,kg,Spoiled
2025-05-04,Olive & Ember Downtown,Lemons,0.96,kg,Over-prepared
2025-05-04,Olive & Ember Downtown,Basil,0.07,kg,Expired
2025-05-04,Olive & Ember Downtown,Garlic,0.15,kg,Spoiled
2025-05-04,Olive & Ember Downtown,Pizza flour,0.5,kg,Spoiled
2025-05-04,Olive & Ember Downtown,Pasta,0.06,kg,Dropped/damaged
2025-05-04,Olive & Ember Downtown,Olive oil,0.08,l,Spoiled
2025-05-04,Olive & Ember Downtown,Sugar,0.09,kg,Spoiled
2025-05-04,Olive & Ember Downtown,Coffee beans,0.06,kg,Expired
2025-05-04,Olive & Ember Downtown,Lemonade syrup,0.07,l,Expired
2025-05-11,Olive & Ember Downtown,Beef mince,1.16,kg,Over-prepared
2025-05-11,Olive & Ember Downtown,Ribeye steak,0.46,kg,Expired
2025-05-11,Olive & Ember Downtown,Chicken breast,0.55,kg,Over-prepared
2025-05-11,Olive & Ember Downtown,Pork sausage,0.45,kg,Over-prepared
2025-05-11,Olive & Ember Downtown,Lamb shoulder,0.19,kg,Over-prepared
2025-05-11,Olive & Ember Downtown,Salmon fillet,0.6,kg,Expired
2025-05-11,Olive & Ember Downtown,Prawns,0.78,kg,Dropped/damaged
2025-05-11,Olive & Ember Downtown,Calamari,0.66,kg,Over-prepared
2025-05-11,Olive & Ember Downtown,Mozzarella,2.05,kg,Expired
2025-05-11,Olive & Ember Downtown,Parmesan,0.18,kg,Expired
2025-05-11,Olive & Ember Downtown,Butter,0.46,kg,Spoiled
2025-05-11,Olive & Ember Downtown,Cream,0.1,l,Expired
2025-05-11,Olive & Ember Downtown,Milk,2.15,l,Spoiled
2025-05-11,Olive & Ember Downtown,Eggs,15,each,Spoiled
2025-05-11,Olive & Ember Downtown,Mascarpone,0.33,kg,Expired
2025-05-11,Olive & Ember Downtown,Tomatoes,5.27,kg,Spoiled
2025-05-11,Olive & Ember Downtown,Lettuce,1.96,kg,Spoiled
2025-05-11,Olive & Ember Downtown,Onions,0.6,kg,Expired
2025-05-11,Olive & Ember Downtown,Potatoes,8.53,kg,Expired
2025-05-11,Olive & Ember Downtown,Mushrooms,1.12,kg,Spoiled
2025-05-11,Olive & Ember Downtown,Lemons,0.92,kg,Over-prepared
2025-05-11,Olive & Ember Downtown,Basil,0.08,kg,Spoiled
2025-05-11,Olive & Ember Downtown,Garlic,0.14,kg,Spoiled
2025-05-11,Olive & Ember Downtown,Pizza flour,0.55,kg,Expired
2025-05-11,Olive & Ember Downtown,Pasta,0.09,kg,Spoiled
2025-05-11,Olive & Ember Downtown,Olive oil,0.08,l,Expired
2025-05-11,Olive & Ember Downtown,Burger buns,1,each,Expired
2025-05-11,Olive & Ember Downtown,Sugar,0.08,kg,Expired
2025-05-11,Olive & Ember Downtown,Coffee beans,0.06,kg,Dropped/damaged
2025-05-11,Olive & Ember Downtown,Lemonade syrup,0.09,l,Expired
2025-05-18,Olive & Ember Downtown,Beef mince,1.15,kg,Over-prepared
2025-05-18,Olive & Ember Downtown,Ribeye steak,0.47,kg,Over-prepared
2025-05-18,Olive & Ember Downtown,Chicken breast,0.53,kg,Over-prepared
2025-05-18,Olive & Ember Downtown,Pork sausage,0.56,kg,Dropped/damaged
2025-05-18,Olive & Ember Downtown,Lamb shoulder,0.15,kg,Expired
2025-05-18,Olive & Ember Downtown,Salmon fillet,0.64,kg,Over-prepared
2025-05-18,Olive & Ember Downtown,Prawns,0.51,kg,Expired
2025-05-18,Olive & Ember Downtown,Calamari,0.78,kg,Over-prepared
2025-05-18,Olive & Ember Downtown,Mozzarella,1.97,kg,Spoiled
2025-05-18,Olive & Ember Downtown,Parmesan,0.18,kg,Spoiled
2025-05-18,Olive & Ember Downtown,Butter,0.66,kg,Spoiled
2025-05-18,Olive & Ember Downtown,Cream,0.18,l,Expired
2025-05-18,Olive & Ember Downtown,Milk,2.16,l,Dropped/damaged
2025-05-18,Olive & Ember Downtown,Eggs,15,each,Expired
2025-05-18,Olive & Ember Downtown,Mascarpone,0.3,kg,Expired
2025-05-18,Olive & Ember Downtown,Tomatoes,3.75,kg,Spoiled
2025-05-18,Olive & Ember Downtown,Lettuce,1.63,kg,Spoiled
2025-05-18,Olive & Ember Downtown,Onions,0.54,kg,Expired
2025-05-18,Olive & Ember Downtown,Potatoes,10.44,kg,Spoiled
2025-05-18,Olive & Ember Downtown,Mushrooms,0.98,kg,Spoiled
2025-05-18,Olive & Ember Downtown,Lemons,0.99,kg,Over-prepared
2025-05-18,Olive & Ember Downtown,Basil,0.08,kg,Expired
2025-05-18,Olive & Ember Downtown,Garlic,0.17,kg,Spoiled
2025-05-18,Olive & Ember Downtown,Pizza flour,0.54,kg,Spoiled
2025-05-18,Olive & Ember Downtown,Pasta,0.07,kg,Expired
2025-05-18,Olive & Ember Downtown,Olive oil,0.08,l,Expired
2025-05-18,Olive & Ember Downtown,Burger buns,1,each,Expired
2025-05-18,Olive & Ember Downtown,Sugar,0.08,kg,Spoiled
2025-05-18,Olive & Ember Downtown,Coffee beans,0.07,kg,Expired
2025-05-18,Olive & Ember Downtown,Lemonade syrup,0.08,l,Expired
2025-05-25,Olive & Ember Downtown,Beef mince,1,kg,Dropped/damaged
2025-05-25,Olive & Ember Downtown,Ribeye steak,0.29,kg,Over-prepared
2025-05-25,Olive & Ember Downtown,Chicken breast,0.49,kg,Over-prepared
2025-05-25,Olive & Ember Downtown,Pork sausage,0.39,kg,Expired
2025-05-25,Olive & Ember Downtown,Lamb shoulder,0.17,kg,Over-prepared
2025-05-25,Olive & Ember Downtown,Salmon fillet,0.49,kg,Over-prepared
2025-05-25,Olive & Ember Downtown,Prawns,0.65,kg,Over-prepared
2025-05-25,Olive & Ember Downtown,Calamari,0.75,kg,Over-prepared
2025-05-25,Olive & Ember Downtown,Mozzarella,1.86,kg,Spoiled
2025-05-25,Olive & Ember Downtown,Parmesan,0.17,kg,Expired
2025-05-25,Olive & Ember Downtown,Butter,0.52,kg,Dropped/damaged
2025-05-25,Olive & Ember Downtown,Cream,0.14,l,Dropped/damaged
2025-05-25,Olive & Ember Downtown,Milk,2.48,l,Expired
2025-05-25,Olive & Ember Downtown,Eggs,15,each,Expired
2025-05-25,Olive & Ember Downtown,Mascarpone,0.27,kg,Expired
2025-05-25,Olive & Ember Downtown,Tomatoes,3.46,kg,Over-prepared
2025-05-25,Olive & Ember Downtown,Lettuce,1.7,kg,Spoiled
2025-05-25,Olive & Ember Downtown,Onions,0.41,kg,Spoiled
2025-05-25,Olive & Ember Downtown,Potatoes,10.12,kg,Expired
2025-05-25,Olive & Ember Downtown,Mushrooms,1.02,kg,Expired
2025-05-25,Olive & Ember Downtown,Lemons,0.89,kg,Spoiled
2025-05-25,Olive & Ember Downtown,Basil,0.07,kg,Over-prepared
2025-05-25,Olive & Ember Downtown,Garlic,0.17,kg,Over-prepared
2025-05-25,Olive & Ember Downtown,Pizza flour,0.47,kg,Expired
2025-05-25,Olive & Ember Downtown,Pasta,0.08,kg,Expired
2025-05-25,Olive & Ember Downtown,Olive oil,0.08,l,Expired
2025-05-25,Olive & Ember Downtown,Sugar,0.08,kg,Spoiled
2025-05-25,Olive & Ember Downtown,Coffee beans,0.06,kg,Spoiled
2025-05-25,Olive & Ember Downtown,Lemonade syrup,0.08,l,Expired
2025-06-01,Olive & Ember Downtown,Beef mince,1.36,kg,Over-prepared
2025-06-01,Olive & Ember Downtown,Ribeye steak,0.38,kg,Dropped/damaged
2025-06-01,Olive & Ember Downtown,Chicken breast,0.43,kg,Expired
2025-06-01,Olive & Ember Downtown,Pork sausage,0.46,kg,Expired
2025-06-01,Olive & Ember Downtown,Lamb shoulder,0.19,kg,Expired
2025-06-01,Olive & Ember Downtown,Salmon fillet,0.58,kg,Expired
2025-06-01,Olive & Ember Downtown,Prawns,0.6,kg,Over-prepared
2025-06-01,Olive & Ember Downtown,Calamari,0.65,kg,Expired
2025-06-01,Olive & Ember Downtown,Mozzarella,2.17,kg,Expired
2025-06-01,Olive & Ember Downtown,Parmesan,0.17,kg,Expired
2025-06-01,Olive & Ember Downtown,Butter,0.46,kg,Expired
2025-06-01,Olive & Ember Downtown,Cream,0.13,l,Dropped/damaged
2025-06-01,Olive & Ember Downtown,Milk,2.63,l,Spoiled
2025-06-01,Olive & Ember Downtown,Eggs,14,each,Spoiled
2025-06-01,Olive & Ember Downtown,Mascarpone,0.29,kg,Spoiled
2025-06-01,Olive & Ember Downtown,Tomatoes,3.9,kg,Spoiled
2025-06-01,Olive & Ember Downtown,Lettuce,1.5,kg,Spoiled
2025-06-01,Olive & Ember Downtown,Onions,0.5,kg,Spoiled
2025-06-01,Olive & Ember Downtown,Potatoes,11.54,kg,Spoiled
2025-06-01,Olive & Ember Downtown,Mushrooms,1.15,kg,Over-prepared
2025-06-01,Olive & Ember Downtown,Lemons,1.01,kg,Expired
2025-06-01,Olive & Ember Downtown,Basil,0.06,kg,Expired
2025-06-01,Olive & Ember Downtown,Garlic,0.19,kg,Over-prepared
2025-06-01,Olive & Ember Downtown,Pizza flour,0.53,kg,Expired
2025-06-01,Olive & Ember Downtown,Pasta,0.08,kg,Dropped/damaged
2025-06-01,Olive & Ember Downtown,Olive oil,0.08,l,Expired
2025-06-01,Olive & Ember Downtown,Burger buns,1,each,Expired
2025-06-01,Olive & Ember Downtown,Sugar,0.08,kg,Spoiled
2025-06-01,Olive & Ember Downtown,Coffee beans,0.07,kg,Expired
2025-06-01,Olive & Ember Downtown,Lemonade syrup,0.07,l,Expired
2025-06-08,Olive & Ember Downtown,Beef mince,1.03,kg,Over-prepared
2025-06-08,Olive & Ember Downtown,Ribeye steak,0.43,kg,Over-prepared
2025-06-08,Olive & Ember Downtown,Chicken breast,0.51,kg,Over-prepared
2025-06-08,Olive & Ember Downtown,Pork sausage,0.7,kg,Expired
2025-06-08,Olive & Ember Downtown,Lamb shoulder,0.19,kg,Over-prepared
2025-06-08,Olive & Ember Downtown,Salmon fillet,0.52,kg,Expired
2025-06-08,Olive & Ember Downtown,Prawns,0.68,kg,Dropped/damaged
2025-06-08,Olive & Ember Downtown,Calamari,0.66,kg,Over-prepared
2025-06-08,Olive & Ember Downtown,Mozzarella,2.22,kg,Spoiled
2025-06-08,Olive & Ember Downtown,Parmesan,0.15,kg,Expired
2025-06-08,Olive & Ember Downtown,Butter,0.55,kg,Expired
2025-06-08,Olive & Ember Downtown,Cream,0.16,l,Expired
2025-06-08,Olive & Ember Downtown,Milk,2.08,l,Expired
2025-06-08,Olive & Ember Downtown,Eggs,14,each,Dropped/damaged
2025-06-08,Olive & Ember Downtown,Mascarpone,0.35,kg,Expired
2025-06-08,Olive & Ember Downtown,Tomatoes,4.19,kg,Spoiled
2025-06-08,Olive & Ember Downtown,Lettuce,1.59,kg,Over-prepared
2025-06-08,Olive & Ember Downtown,Onions,0.56,kg,Expired
2025-06-08,Olive & Ember Downtown,Potatoes,10.64,kg,Spoiled
2025-06-08,Olive & Ember Downtown,Mushrooms,1.01,kg,Expired
2025-06-08,Olive & Ember Downtown,Lemons,1.16,kg,Spoiled
2025-06-08,Olive & Ember Downtown,Basil,0.09,kg,Over-prepared
2025-06-08,Olive & Ember Downtown,Garlic,0.17,kg,Spoiled
2025-06-08,Olive & Ember Downtown,Pizza flour,0.54,kg,Expired
2025-06-08,Olive & Ember Downtown,Pasta,0.08,kg,Expired
2025-06-08,Olive & Ember Downtown,Olive oil,0.09,l,Expired
2025-06-08,Olive & Ember Downtown,Burger buns,1,each,Expired
2025-06-08,Olive & Ember Downtown,Sugar,0.09,kg,Expired
2025-06-08,Olive & Ember Downtown,Coffee beans,0.07,kg,Spoiled
2025-06-08,Olive & Ember Downtown,Lemonade syrup,0.09,l,Expired
2025-06-15,Olive & Ember Downtown,Beef mince,1.31,kg,Expired
2025-06-15,Olive & Ember Downtown,Ribeye steak,0.44,kg,Expired
2025-06-15,Olive & Ember Downtown,Chicken breast,0.5,kg,Expired
2025-06-15,Olive & Ember Downtown,Pork sausage,0.46,kg,Over-prepared
2025-06-15,Olive & Ember Downtown,Lamb shoulder,0.2,kg,Dropped/damaged
2025-06-15,Olive & Ember Downtown,Salmon fillet,0.52,kg,Over-prepared
2025-06-15,Olive & Ember Downtown,Prawns,0.66,kg,Over-prepared
2025-06-15,Olive & Ember Downtown,Calamari,0.55,kg,Over-prepared
2025-06-15,Olive & Ember Downtown,Mozzarella,2.22,kg,Expired
2025-06-15,Olive & Ember Downtown,Parmesan,0.19,kg,Expired
2025-06-15,Olive & Ember Downtown,Butter,0.57,kg,Expired
2025-06-15,Olive & Ember Downtown,Cream,0.17,l,Expired
2025-06-15,Olive & Ember Downtown,Milk,2.11,l,Expired
2025-06-15,Olive & Ember Downtown,Eggs,16,each,Dropped/damaged
2025-06-15,Olive & Ember Downtown,Mascarpone,0.34,kg,Spoiled
2025-06-15,Olive & Ember Downtown,Tomatoes,4.93,kg,Spoiled
2025-06-15,Olive & Ember Downtown,Lettuce,2.13,kg,Spoiled
2025-06-15,Olive & Ember Downtown,Onions,0.45,kg,Spoiled
2025-06-15,Olive & Ember Downtown,Potatoes,10.95,kg,Over-prepared
2025-06-15,Olive & Ember Downtown,Mushrooms,1.3,kg,Over-prepared
2025-06-15,Olive & Ember Downtown,Lemons,1.16,kg,Expired
2025-06-15,Olive & Ember Downtown,Basil,0.07,kg,Over-prepared
2025-06-15,Olive & Ember Downtown,Garlic,0.15,kg,Spoiled
2025-06-15,Olive & Ember Downtown,Pizza flour,0.54,kg,Expired
2025-06-15,Olive & Ember Downtown,Pasta,0.08,kg,Expired
2025-06-15,Olive & Ember Downtown,Olive oil,0.08,l,Expired
2025-06-15,Olive & Ember Downtown,Burger buns,1,each,Expired
2025-06-15,Olive & Ember Downtown,Sugar,0.09,kg,Expired
2025-06-15,Olive & Ember Downtown,Chocolate,0.06,kg,Expired
2025-06-15,Olive & Ember Downtown,Coffee beans,0.06,kg,Expired
2025-06-15,Olive & Ember Downtown,Lemonade syrup,0.08,l,Expired
2025-06-22,Olive & Ember Downtown,Beef mince,1.15,kg,Over-prepared
2025-06-22,Olive & Ember Downtown,Ribeye steak,0.38,kg,Over-prepared
2025-06-22,Olive & Ember Downtown,Chicken breast,0.54,kg,Expired
2025-06-22,Olive & Ember Downtown,Pork sausage,0.44,kg,Expired
2025-06-22,Olive & Ember Downtown,Lamb shoulder,0.16,kg,Expired
2025-06-22,Olive & Ember Downtown,Salmon fillet,0.72,kg,Over-prepared
2025-06-22,Olive & Ember Downtown,Prawns,0.68,kg,Expired
2025-06-22,Olive & Ember Downtown,Calamari,0.63,kg,Over-prepared
2025-06-22,Olive & Ember Downtown,Mozzarella,2.22,kg,Spoiled
2025-06-22,Olive & Ember Downtown,Parmesan,0.16,kg,Expired
2025-06-22,Olive & Ember Downtown,Butter,0.58,kg,Expired
2025-06-22,Olive & Ember Downtown,Cream,0.16,l,Spoiled
2025-06-22,Olive & Ember Downtown,Milk,2.13,l,Spoiled
2025-06-22,Olive & Ember Downtown,Eggs,18,each,Expired
2025-06-22,Olive & Ember Downtown,Mascarpone,0.4,kg,Spoiled
2025-06-22,Olive & Ember Downtown,Tomatoes,3.93,kg,Spoiled
2025-06-22,Olive & Ember Downtown,Lettuce,1.78,kg,Spoiled
2025-06-22,Olive & Ember Downtown,Onions,0.48,kg,Expired
2025-06-22,Olive & Ember Downtown,Potatoes,9.67,kg,Spoiled
2025-06-22,Olive & Ember Downtown,Mushrooms,1.15,kg,Spoiled
2025-06-22,Olive & Ember Downtown,Lemons,0.95,kg,Over-prepared
2025-06-22,Olive & Ember Downtown,Basil,0.06,kg,Spoiled
2025-06-22,Olive & Ember Downtown,Garlic,0.16,kg,Expired
2025-06-22,Olive & Ember Downtown,Pizza flour,0.59,kg,Spoiled
2025-06-22,Olive & Ember Downtown,Pasta,0.07,kg,Expired
2025-06-22,Olive & Ember Downtown,Olive oil,0.08,l,Expired
2025-06-22,Olive & Ember Downtown,Sugar,0.07,kg,Spoiled
2025-06-22,Olive & Ember Downtown,Coffee beans,0.06,kg,Expired
2025-06-22,Olive & Ember Downtown,Lemonade syrup,0.06,l,Dropped/damaged
2025-06-29,Olive & Ember Downtown,Beef mince,0.98,kg,Expired
2025-06-29,Olive & Ember Downtown,Ribeye steak,0.39,kg,Expired
2025-06-29,Olive & Ember Downtown,Chicken breast,0.45,kg,Dropped/damaged
2025-06-29,Olive & Ember Downtown,Pork sausage,0.42,kg,Over-prepared
2025-06-29,Olive & Ember Downtown,Lamb shoulder,0.26,kg,Expired
2025-06-29,Olive & Ember Downtown,Salmon fillet,0.74,kg,Over-prepared
2025-06-29,Olive & Ember Downtown,Prawns,0.59,kg,Expired
2025-06-29,Olive & Ember Downtown,Calamari,0.61,kg,Expired
2025-06-29,Olive & Ember Downtown,Mozzarella,2.06,kg,Spoiled
2025-06-29,Olive & Ember Downtown,Parmesan,0.19,kg,Spoiled
2025-06-29,Olive & Ember Downtown,Butter,0.61,kg,Spoiled
2025-06-29,Olive & Ember Downtown,Cream,0.14,l,Expired
2025-06-29,Olive & Ember Downtown,Milk,2.51,l,Spoiled
2025-06-29,Olive & Ember Downtown,Eggs,14,each,Expired
2025-06-29,Olive & Ember Downtown,Mascarpone,0.33,kg,Expired
2025-06-29,Olive & Ember Downtown,Tomatoes,4.34,kg,Spoiled
2025-06-29,Olive & Ember Downtown,Lettuce,1.76,kg,Spoiled
2025-06-29,Olive & Ember Downtown,Onions,0.54,kg,Spoiled
2025-06-29,Olive & Ember Downtown,Potatoes,10.2,kg,Expired
2025-06-29,Olive & Ember Downtown,Mushrooms,1.02,kg,Over-prepared
2025-06-29,Olive & Ember Downtown,Lemons,1.06,kg,Spoiled
2025-06-29,Olive & Ember Downtown,Basil,0.07,kg,Spoiled
2025-06-29,Olive & Ember Downtown,Garlic,0.16,kg,Spoiled
2025-06-29,Olive & Ember Downtown,Pizza flour,0.53,kg,Spoiled
2025-06-29,Olive & Ember Downtown,Pasta,0.1,kg,Expired
2025-06-29,Olive & Ember Downtown,Olive oil,0.08,l,Expired
2025-06-29,Olive & Ember Downtown,Burger buns,1,each,Spoiled
2025-06-29,Olive & Ember Downtown,Sugar,0.09,kg,Dropped/damaged
2025-06-29,Olive & Ember Downtown,Coffee beans,0.06,kg,Expired
2025-06-29,Olive & Ember Downtown,Lemonade syrup,0.08,l,Expired
2025-07-06,Olive & Ember Downtown,Beef mince,1.06,kg,Over-prepared
2025-07-06,Olive & Ember Downtown,Ribeye steak,0.42,kg,Expired
2025-07-06,Olive & Ember Downtown,Chicken breast,0.41,kg,Dropped/damaged
2025-07-06,Olive & Ember Downtown,Pork sausage,0.46,kg,Expired
2025-07-06,Olive & Ember Downtown,Lamb shoulder,0.16,kg,Over-prepared
2025-07-06,Olive & Ember Downtown,Salmon fillet,0.56,kg,Dropped/damaged
2025-07-06,Olive & Ember Downtown,Prawns,0.63,kg,Expired
2025-07-06,Olive & Ember Downtown,Calamari,0.52,kg,Expired
2025-07-06,Olive & Ember Downtown,Mozzarella,2.05,kg,Spoiled
2025-07-06,Olive & Ember Downtown,Parmesan,0.15,kg,Spoiled
2025-07-06,Olive & Ember Downtown,Butter,0.46,kg,Expired
2025-07-06,Olive & Ember Downtown,Cream,0.15,l,Expired
2025-07-06,Olive & Ember Downtown,Milk,2.13,l,Expired
2025-07-06,Olive & Ember Downtown,Eggs,12,each,Expired
2025-07-06,Olive & Ember Downtown,Mascarpone,0.32,kg,Expired
2025-07-06,Olive & Ember Downtown,Tomatoes,3.59,kg,Spoiled
2025-07-06,Olive & Ember Downtown,Lettuce,1.39,kg,Spoiled
2025-07-06,Olive & Ember Downtown,Onions,0.53,kg,Spoiled
2025-07-06,Olive & Ember Downtown,Potatoes,8.93,kg,Over-prepared
2025-07-06,Olive & Ember Downtown,Mushrooms,0.9,kg,Spoiled
2025-07-06,Olive & Ember Downtown,Lemons,0.85,kg,Expired
2025-07-06,Olive & Ember Downtown,Basil,0.07,kg,Over-prepared
2025-07-06,Olive & Ember Downtown,Garlic,0.14,kg,Spoiled
2025-07-06,Olive & Ember Downtown,Pizza flour,0.49,kg,Spoiled
2025-07-06,Olive & Ember Downtown,Pasta,0.06,kg,Spoiled
2025-07-06,Olive & Ember Downtown,Olive oil,0.08,l,Spoiled
2025-07-06,Olive & Ember Downtown,Burger buns,1,each,Spoiled
2025-07-06,Olive & Ember Downtown,Sugar,0.07,kg,Spoiled
2025-07-06,Olive & Ember Downtown,Coffee beans,0.06,kg,Expired
2025-07-06,Olive & Ember Downtown,Lemonade syrup,0.08,l,Spoiled
2025-07-13,Olive & Ember Downtown,Beef mince,1.16,kg,Expired
2025-07-13,Olive & Ember Downtown,Ribeye steak,0.3,kg,Over-prepared
2025-07-13,Olive & Ember Downtown,Chicken breast,0.41,kg,Expired
2025-07-13,Olive & Ember Downtown,Pork sausage,0.48,kg,Expired
2025-07-13,Olive & Ember Downtown,Lamb shoulder,0.21,kg,Expired
2025-07-13,Olive & Ember Downtown,Salmon fillet,0.56,kg,Over-prepared
2025-07-13,Olive & Ember Downtown,Prawns,0.65,kg,Expired
2025-07-13,Olive & Ember Downtown,Calamari,0.6,kg,Over-prepared
2025-07-13,Olive & Ember Downtown,Mozzarella,2.05,kg,Spoiled
2025-07-13,Olive & Ember Downtown,Parmesan,0.17,kg,Dropped/damaged
2025-07-13,Olive & Ember Downtown,Butter,0.52,kg,Expired
2025-07-13,Olive & Ember Downtown,Cream,0.13,l,Expired
2025-07-13,Olive & Ember Downtown,Milk,2.15,l,Expired
2025-07-13,Olive & Ember Downtown,Eggs,13,each,Expired
2025-07-13,Olive & Ember Downtown,Mascarpone,0.3,kg,Expired
2025-07-13,Olive & Ember Downtown,Tomatoes,4.06,kg,Spoiled
2025-07-13,Olive & Ember Downtown,Lettuce,1.69,kg,Over-prepared
2025-07-13,Olive & Ember Downtown,Onions,0.39,kg,Spoiled
2025-07-13,Olive & Ember Downtown,Potatoes,8.93,kg,Over-prepared
2025-07-13,Olive & Ember Downtown,Mushrooms,1.12,kg,Over-prepared
2025-07-13,Olive & Ember Downtown,Lemons,1.07,kg,Spoiled
2025-07-13,Olive & Ember Downtown,Basil,0.07,kg,Spoiled
2025-07-13,Olive & Ember Downtown,Garlic,0.15,kg,Over-prepared
2025-07-13,Olive & Ember Downtown,Pizza flour,0.48,kg,Spoiled
2025-07-13,Olive & Ember Downtown,Pasta,0.08,kg,Expired
2025-07-13,Olive & Ember Downtown,Olive oil,0.08,l,Spoiled
2025-07-13,Olive & Ember Downtown,Burger buns,1,each,Expired
2025-07-13,Olive & Ember Downtown,Sugar,0.06,kg,Dropped/damaged
2025-07-13,Olive & Ember Downtown,Coffee beans,0.06,kg,Spoiled
2025-07-13,Olive & Ember Downtown,Lemonade syrup,0.06,l,Spoiled
2025-07-20,Olive & Ember Downtown,Beef mince,1.16,kg,Expired
2025-07-20,Olive & Ember Downtown,Ribeye steak,0.44,kg,Over-prepared
2025-07-20,Olive & Ember Downtown,Chicken breast,0.53,kg,Expired
2025-07-20,Olive & Ember Downtown,Pork sausage,0.51,kg,Dropped/damaged
2025-07-20,Olive & Ember Downtown,Lamb shoulder,0.18,kg,Expired
2025-07-20,Olive & Ember Downtown,Salmon fillet,0.46,kg,Over-prepared
2025-07-20,Olive & Ember Downtown,Prawns,0.7,kg,Expired
2025-07-20,Olive & Ember Downtown,Calamari,0.57,kg,Dropped/damaged
2025-07-20,Olive & Ember Downtown,Mozzarella,2.04,kg,Spoiled
2025-07-20,Olive & Ember Downtown,Parmesan,0.17,kg,Expired
2025-07-20,Olive & Ember Downtown,Butter,0.55,kg,Expired
2025-07-20,Olive & Ember Downtown,Cream,0.15,l,Expired
2025-07-20,Olive & Ember Downtown,Milk,2.89,l,Expired
2025-07-20,Olive & Ember Downtown,Eggs,14,each,Spoiled
2025-07-20,Olive & Ember Downtown,Mascarpone,0.31,kg,Expired
2025-07-20,Olive & Ember Downtown,Tomatoes,4.16,kg,Spoiled
2025-07-20,Olive & Ember Downtown,Lettuce,2.12,kg,Spoiled
2025-07-20,Olive & Ember Downtown,Onions,0.56,kg,Over-prepared
2025-07-20,Olive & Ember Downtown,Potatoes,9.94,kg,Expired
2025-07-20,Olive & Ember Downtown,Mushrooms,1.12,kg,Spoiled
2025-07-20,Olive & Ember Downtown,Lemons,0.9,kg,Spoiled
2025-07-20,Olive & Ember Downtown,Basil,0.06,kg,Spoiled
2025-07-20,Olive & Ember Downtown,Garlic,0.17,kg,Spoiled
2025-07-20,Olive & Ember Downtown,Pizza flour,0.57,kg,Spoiled
2025-07-20,Olive & Ember Downtown,Pasta,0.08,kg,Spoiled
2025-07-20,Olive & Ember Downtown,Olive oil,0.08,l,Spoiled
2025-07-20,Olive & Ember Downtown,Burger buns,1,each,Expired
2025-07-20,Olive & Ember Downtown,Sugar,0.07,kg,Expired
2025-07-20,Olive & Ember Downtown,Coffee beans,0.06,kg,Spoiled
2025-07-20,Olive & Ember Downtown,Lemonade syrup,0.07,l,Expired
2025-07-27,Olive & Ember Downtown,Beef mince,1.27,kg,Expired
2025-07-27,Olive & Ember Downtown,Ribeye steak,0.52,kg,Dropped/damaged
2025-07-27,Olive & Ember Downtown,Chicken breast,0.42,kg,Over-prepared
2025-07-27,Olive & Ember Downtown,Pork sausage,0.45,kg,Over-prepared
2025-07-27,Olive & Ember Downtown,Lamb shoulder,0.24,kg,Expired
2025-07-27,Olive & Ember Downtown,Salmon fillet,0.61,kg,Expired
2025-07-27,Olive & Ember Downtown,Prawns,0.67,kg,Dropped/damaged
2025-07-27,Olive & Ember Downtown,Calamari,0.62,kg,Expired
2025-07-27,Olive & Ember Downtown,Mozzarella,2.23,kg,Dropped/damaged
2025-07-27,Olive & Ember Downtown,Parmesan,0.16,kg,Expired
2025-07-27,Olive & Ember Downtown,Butter,0.59,kg,Spoiled
2025-07-27,Olive & Ember Downtown,Cream,0.13,l,Spoiled
2025-07-27,Olive & Ember Downtown,Milk,2.58,l,Expired
2025-07-27,Olive & Ember Downtown,Eggs,16,each,Expired
2025-07-27,Olive & Ember Downtown,Mascarpone,0.35,kg,Expired
2025-07-27,Olive & Ember Downtown,Tomatoes,4.35,kg,Spoiled
2025-07-27,Olive & Ember Downtown,Lettuce,1.48,kg,Over-prepared
2025-07-27,Olive & Ember Downtown,Onions,0.54,kg,Expired
2025-07-27,Olive & Ember Downtown,Potatoes,10.09,kg,Spoiled
2025-07-27,Olive & Ember Downtown,Mushrooms,0.75,kg,Spoiled
2025-07-27,Olive & Ember Downtown,Lemons,0.93,kg,Over-prepared
2025-07-27,Olive & Ember Downtown,Basil,0.08,kg,Spoiled
2025-07-27,Olive & Ember Downtown,Garlic,0.19,kg,Spoiled
2025-07-27,Olive & Ember Downtown,Pizza flour,0.47,kg,Expired
2025-07-27,Olive & Ember Downtown,Pasta,0.09,kg,Spoiled
2025-07-27,Olive & Ember Downtown,Olive oil,0.1,l,Spoiled
2025-07-27,Olive & Ember Downtown,Burger buns,1,each,Spoiled
2025-07-27,Olive & Ember Downtown,Sugar,0.07,kg,Expired
2025-07-27,Olive & Ember Downtown,Coffee beans,0.06,kg,Expired
2025-07-27,Olive & Ember Downtown,Lemonade syrup,0.07,l,Expired
2025-08-03,Olive & Ember Downtown,Beef mince,1.06,kg,Over-prepared
2025-08-03,Olive & Ember Downtown,Ribeye steak,0.32,kg,Expired
2025-08-03,Olive & Ember Downtown,Chicken breast,0.42,kg,Over-prepared
2025-08-03,Olive & Ember Downtown,Pork sausage,0.36,kg,Expired
2025-08-03,Olive & Ember Downtown,Lamb shoulder,0.24,kg,Expired
2025-08-03,Olive & Ember Downtown,Salmon fillet,0.44,kg,Expired
2025-08-03,Olive & Ember Downtown,Prawns,0.59,kg,Over-prepared
2025-08-03,Olive & Ember Downtown,Calamari,0.55,kg,Expired
2025-08-03,Olive & Ember Downtown,Mozzarella,2.12,kg,Expired
2025-08-03,Olive & Ember Downtown,Parmesan,0.15,kg,Spoiled
2025-08-03,Olive & Ember Downtown,Butter,0.46,kg,Expired
2025-08-03,Olive & Ember Downtown,Cream,0.16,l,Expired
2025-08-03,Olive & Ember Downtown,Milk,2.07,l,Expired
2025-08-03,Olive & Ember Downtown,Eggs,13,each,Spoiled
2025-08-03,Olive & Ember Downtown,Mascarpone,0.25,kg,Spoiled
2025-08-03,Olive & Ember Downtown,Tomatoes,3.24,kg,Expired
2025-08-03,Olive & Ember Downtown,Lettuce,1.29,kg,Spoiled
2025-08-03,Olive & Ember Downtown,Onions,0.52,kg,Spoiled
2025-08-03,Olive & Ember Downtown,Potatoes,7.01,kg,Expired
2025-08-03,Olive & Ember Downtown,Mushrooms,1.06,kg,Spoiled
2025-08-03,Olive & Ember Downtown,Lemons,0.78,kg,Spoiled
2025-08-03,Olive & Ember Downtown,Basil,0.07,kg,Spoiled
2025-08-03,Olive & Ember Downtown,Garlic,0.16,kg,Spoiled
2025-08-03,Olive & Ember Downtown,Pizza flour,0.45,kg,Spoiled
2025-08-03,Olive & Ember Downtown,Pasta,0.06,kg,Expired
2025-08-03,Olive & Ember Downtown,Olive oil,0.07,l,Expired
2025-08-03,Olive & Ember Downtown,Burger buns,1,each,Spoiled
2025-08-03,Olive & Ember Downtown,Sugar,0.07,kg,Expired
2025-08-03,Olive & Ember Downtown,Coffee beans,0.06,kg,Spoiled
2025-08-03,Olive & Ember Downtown,Lemonade syrup,0.07,l,Expired
2025-08-10,Olive & Ember Downtown,Beef mince,0.95,kg,Expired
2025-08-10,Olive & Ember Downtown,Ribeye steak,0.34,kg,Expired
2025-08-10,Olive & Ember Downtown,Chicken breast,0.52,kg,Expired
2025-08-10,Olive & Ember Downtown,Pork sausage,0.47,kg,Expired
2025-08-10,Olive & Ember Downtown,Lamb shoulder,0.14,kg,Expired
2025-08-10,Olive & Ember Downtown,Salmon fillet,0.41,kg,Expired
2025-08-10,Olive & Ember Downtown,Prawns,0.57,kg,Over-prepared
2025-08-10,Olive & Ember Downtown,Calamari,0.58,kg,Over-prepared
2025-08-10,Olive & Ember Downtown,Mozzarella,2.03,kg,Expired
2025-08-10,Olive & Ember Downtown,Parmesan,0.13,kg,Expired
2025-08-10,Olive & Ember Downtown,Butter,0.51,kg,Spoiled
2025-08-10,Olive & Ember Downtown,Cream,0.14,l,Expired
2025-08-10,Olive & Ember Downtown,Milk,1.89,l,Spoiled
2025-08-10,Olive & Ember Downtown,Eggs,15,each,Spoiled
2025-08-10,Olive & Ember Downtown,Mascarpone,0.37,kg,Spoiled
2025-08-10,Olive & Ember Downtown,Tomatoes,3.52,kg,Spoiled
2025-08-10,Olive & Ember Downtown,Lettuce,1.64,kg,Spoiled
2025-08-10,Olive & Ember Downtown,Onions,0.47,kg,Over-prepared
2025-08-10,Olive & Ember Downtown,Potatoes,9.11,kg,Expired
2025-08-10,Olive & Ember Downtown,Mushrooms,0.88,kg,Spoiled
2025-08-10,Olive & Ember Downtown,Lemons,0.96,kg,Expired
2025-08-10,Olive & Ember Downtown,Basil,0.06,kg,Spoiled
2025-08-10,Olive & Ember Downtown,Garlic,0.13,kg,Over-prepared
2025-08-10,Olive & Ember Downtown,Pizza flour,0.41,kg,Dropped/damaged
2025-08-10,Olive & Ember Downtown,Pasta,0.08,kg,Spoiled
2025-08-10,Olive & Ember Downtown,Olive oil,0.09,l,Spoiled
2025-08-10,Olive & Ember Downtown,Burger buns,1,each,Expired
2025-08-10,Olive & Ember Downtown,Sugar,0.07,kg,Expired
2025-08-10,Olive & Ember Downtown,Coffee beans,0.06,kg,Expired
2025-08-10,Olive & Ember Downtown,Lemonade syrup,0.07,l,Expired
2025-08-17,Olive & Ember Downtown,Beef mince,0.93,kg,Expired
2025-08-17,Olive & Ember Downtown,Ribeye steak,0.28,kg,Expired
2025-08-17,Olive & Ember Downtown,Chicken breast,0.51,kg,Dropped/damaged
2025-08-17,Olive & Ember Downtown,Pork sausage,0.43,kg,Over-prepared
2025-08-17,Olive & Ember Downtown,Lamb shoulder,0.13,kg,Over-prepared
2025-08-17,Olive & Ember Downtown,Salmon fillet,0.52,kg,Expired
2025-08-17,Olive & Ember Downtown,Prawns,0.51,kg,Expired
2025-08-17,Olive & Ember Downtown,Calamari,0.54,kg,Over-prepared
2025-08-17,Olive & Ember Downtown,Mozzarella,1.88,kg,Spoiled
2025-08-17,Olive & Ember Downtown,Parmesan,0.13,kg,Expired
2025-08-17,Olive & Ember Downtown,Butter,0.45,kg,Spoiled
2025-08-17,Olive & Ember Downtown,Cream,0.13,l,Expired
2025-08-17,Olive & Ember Downtown,Milk,1.43,l,Dropped/damaged
2025-08-17,Olive & Ember Downtown,Eggs,10,each,Dropped/damaged
2025-08-17,Olive & Ember Downtown,Mascarpone,0.33,kg,Spoiled
2025-08-17,Olive & Ember Downtown,Tomatoes,3.11,kg,Over-prepared
2025-08-17,Olive & Ember Downtown,Lettuce,1.38,kg,Over-prepared
2025-08-17,Olive & Ember Downtown,Onions,0.47,kg,Over-prepared
2025-08-17,Olive & Ember Downtown,Potatoes,9.25,kg,Over-prepared
2025-08-17,Olive & Ember Downtown,Mushrooms,0.77,kg,Spoiled
2025-08-17,Olive & Ember Downtown,Lemons,0.84,kg,Spoiled
2025-08-17,Olive & Ember Downtown,Garlic,0.12,kg,Over-prepared
2025-08-17,Olive & Ember Downtown,Pizza flour,0.51,kg,Expired
2025-08-17,Olive & Ember Downtown,Pasta,0.07,kg,Dropped/damaged
2025-08-17,Olive & Ember Downtown,Olive oil,0.08,l,Expired
2025-08-17,Olive & Ember Downtown,Burger buns,1,each,Expired
2025-08-17,Olive & Ember Downtown,Sugar,0.07,kg,Expired
2025-08-17,Olive & Ember Downtown,Coffee beans,0.05,kg,Expired
2025-08-17,Olive & Ember Downtown,Lemonade syrup,0.06,l,Expired
2025-08-24,Olive & Ember Downtown,Beef mince,1.05,kg,Dropped/damaged
2025-08-24,Olive & Ember Downtown,Ribeye steak,0.36,kg,Expired
2025-08-24,Olive & Ember Downtown,Chicken breast,0.46,kg,Expired
2025-08-24,Olive & Ember Downtown,Pork sausage,0.38,kg,Over-prepared
2025-08-24,Olive & Ember Downtown,Lamb shoulder,0.18,kg,Over-prepared
2025-08-24,Olive & Ember Downtown,Salmon fillet,0.51,kg,Expired
2025-08-24,Olive & Ember Downtown,Prawns,0.5,kg,Over-prepared
2025-08-24,Olive & Ember Downtown,Calamari,0.49,kg,Expired
2025-08-24,Olive & Ember Downtown,Mozzarella,2.07,kg,Expired
2025-08-24,Olive & Ember Downtown,Parmesan,0.16,kg,Spoiled
2025-08-24,Olive & Ember Downtown,Butter,0.48,kg,Expired
2025-08-24,Olive & Ember Downtown,Cream,0.14,l,Expired
2025-08-24,Olive & Ember Downtown,Milk,2.26,l,Expired
2025-08-24,Olive & Ember Downtown,Eggs,12,each,Spoiled
2025-08-24,Olive & Ember Downtown,Mascarpone,0.31,kg,Expired
2025-08-24,Olive & Ember Downtown,Tomatoes,4.1,kg,Over-prepared
2025-08-24,Olive & Ember Downtown,Lettuce,1.46,kg,Over-prepared
2025-08-24,Olive & Ember Downtown,Onions,0.47,kg,Over-prepared
2025-08-24,Olive & Ember Downtown,Potatoes,9.86,kg,Expired
2025-08-24,Olive & Ember Downtown,Mushrooms,1.19,kg,Over-prepared
2025-08-24,Olive & Ember Downtown,Lemons,1.04,kg,Expired
2025-08-24,Olive & Ember Downtown,Basil,0.07,kg,Spoiled
2025-08-24,Olive & Ember Downtown,Garlic,0.15,kg,Over-prepared
2025-08-24,Olive & Ember Downtown,Pizza flour,0.47,kg,Spoiled
2025-08-24,Olive & Ember Downtown,Pasta,0.06,kg,Spoiled
2025-08-24,Olive & Ember Downtown,Olive oil,0.09,l,Expired
2025-08-24,Olive & Ember Downtown,Sugar,0.07,kg,Spoiled
2025-08-24,Olive & Ember Downtown,Coffee beans,0.06,kg,Expired
2025-08-24,Olive & Ember Downtown,Lemonade syrup,0.07,l,Dropped/damaged
2025-08-31,Olive & Ember Downtown,Beef mince,0.98,kg,Expired
2025-08-31,Olive & Ember Downtown,Ribeye steak,0.4,kg,Expired
2025-08-31,Olive & Ember Downtown,Chicken breast,0.55,kg,Over-prepared
2025-08-31,Olive & Ember Downtown,Pork sausage,0.43,kg,Over-prepared
2025-08-31,Olive & Ember Downtown,Lamb shoulder,0.2,kg,Over-prepared
2025-08-31,Olive & Ember Downtown,Salmon fillet,0.39,kg,Over-prepared
2025-08-31,Olive & Ember Downtown,Prawns,0.67,kg,Over-prepared
2025-08-31,Olive & Ember Downtown,Calamari,0.55,kg,Over-prepared
2025-08-31,Olive & Ember Downtown,Mozzarella,1.79,kg,Spoiled
2025-08-31,Olive & Ember Downtown,Parmesan,0.16,kg,Spoiled
2025-08-31,Olive & Ember Downtown,Butter,0.54,kg,Expired
2025-08-31,Olive & Ember Downtown,Cream,0.14,l,Dropped/damaged
2025-08-31,Olive & Ember Downtown,Milk,2.07,l,Expired
2025-08-31,Olive & Ember Downtown,Eggs,15,each,Spoiled
2025-08-31,Olive & Ember Downtown,Mascarpone,0.27,kg,Expired
2025-08-31,Olive & Ember Downtown,Tomatoes,3.71,kg,Over-prepared
2025-08-31,Olive & Ember Downtown,Lettuce,1.83,kg,Expired
2025-08-31,Olive & Ember Downtown,Onions,0.38,kg,Spoiled
2025-08-31,Olive & Ember Downtown,Potatoes,10.01,kg,Spoiled
2025-08-31,Olive & Ember Downtown,Mushrooms,0.72,kg,Spoiled
2025-08-31,Olive & Ember Downtown,Lemons,0.9,kg,Over-prepared
2025-08-31,Olive & Ember Downtown,Basil,0.08,kg,Over-prepared
2025-08-31,Olive & Ember Downtown,Garlic,0.16,kg,Spoiled
2025-08-31,Olive & Ember Downtown,Pizza flour,0.57,kg,Expired
2025-08-31,Olive & Ember Downtown,Pasta,0.08,kg,Spoiled
2025-08-31,Olive & Ember Downtown,Olive oil,0.08,l,Dropped/damaged
2025-08-31,Olive & Ember Downtown,Burger buns,1,each,Expired
2025-08-31,Olive & Ember Downtown,Sugar,0.07,kg,Expired
2025-08-31,Olive & Ember Downtown,Lemonade syrup,0.07,l,Spoiled
2025-09-07,Olive & Ember Downtown,Beef mince,1.17,kg,Dropped/damaged
2025-09-07,Olive & Ember Downtown,Ribeye steak,0.36,kg,Expired
2025-09-07,Olive & Ember Downtown,Chicken breast,0.59,kg,Over-prepared
2025-09-07,Olive & Ember Downtown,Pork sausage,0.59,kg,Expired
2025-09-07,Olive & Ember Downtown,Lamb shoulder,0.19,kg,Expired
2025-09-07,Olive & Ember Downtown,Salmon fillet,0.51,kg,Over-prepared
2025-09-07,Olive & Ember Downtown,Prawns,0.55,kg,Expired
2025-09-07,Olive & Ember Downtown,Calamari,0.63,kg,Expired
2025-09-07,Olive & Ember Downtown,Mozzarella,2.4,kg,Spoiled
2025-09-07,Olive & Ember Downtown,Parmesan,0.16,kg,Spoiled
2025-09-07,Olive & Ember Downtown,Butter,0.64,kg,Spoiled
2025-09-07,Olive & Ember Downtown,Cream,0.13,l,Expired
2025-09-07,Olive & Ember Downtown,Milk,2.62,l,Spoiled
2025-09-07,Olive & Ember Downtown,Eggs,17,each,Expired
2025-09-07,Olive & Ember Downtown,Mascarpone,0.36,kg,Spoiled
2025-09-07,Olive & Ember Downtown,Tomatoes,4.53,kg,Spoiled
2025-09-07,Olive & Ember Downtown,Lettuce,1.83,kg,Spoiled
2025-09-07,Olive & Ember Downtown,Onions,0.47,kg,Expired
2025-09-07,Olive & Ember Downtown,Potatoes,9.69,kg,Over-prepared
2025-09-07,Olive & Ember Downtown,Mushrooms,1.19,kg,Over-prepared
2025-09-07,Olive & Ember Downtown,Lemons,0.92,kg,Over-prepared
2025-09-07,Olive & Ember Downtown,Basil,0.09,kg,Spoiled
2025-09-07,Olive & Ember Downtown,Garlic,0.16,kg,Spoiled
2025-09-07,Olive & Ember Downtown,Pizza flour,0.59,kg,Spoiled
2025-09-07,Olive & Ember Downtown,Pasta,0.1,kg,Expired
2025-09-07,Olive & Ember Downtown,Olive oil,0.1,l,Expired
2025-09-07,Olive & Ember Downtown,Burger buns,1,each,Spoiled
2025-09-07,Olive & Ember Downtown,Sugar,0.08,kg,Expired
2025-09-07,Olive & Ember Downtown,Coffee beans,0.08,kg,Spoiled
2025-09-07,Olive & Ember Downtown,Lemonade syrup,0.07,l,Spoiled
2025-09-14,Olive & Ember Downtown,Beef mince,1.18,kg,Dropped/damaged
2025-09-14,Olive & Ember Downtown,Ribeye steak,0.48,kg,Dropped/damaged
2025-09-14,Olive & Ember Downtown,Chicken breast,0.57,kg,Over-prepared
2025-09-14,Olive & Ember Downtown,Pork sausage,0.55,kg,Over-prepared
2025-09-14,Olive & Ember Downtown,Lamb shoulder,0.14,kg,Expired
2025-09-14,Olive & Ember Downtown,Salmon fillet,0.49,kg,Expired
2025-09-14,Olive & Ember Downtown,Prawns,0.61,kg,Over-prepared
2025-09-14,Olive & Ember Downtown,Calamari,0.67,kg,Over-prepared
2025-09-14,Olive & Ember Downtown,Mozzarella,2.26,kg,Expired
2025-09-14,Olive & Ember Downtown,Parmesan,0.18,kg,Expired
2025-09-14,Olive & Ember Downtown,Butter,0.43,kg,Expired
2025-09-14,Olive & Ember Downtown,Cream,0.11,l,Expired
2025-09-14,Olive & Ember Downtown,Milk,2.21,l,Dropped/damaged
2025-09-14,Olive & Ember Downtown,Eggs,15,each,Expired
2025-09-14,Olive & Ember Downtown,Mascarpone,0.34,kg,Expired
2025-09-14,Olive & Ember Downtown,Tomatoes,3.58,kg,Spoiled
2025-09-14,Olive & Ember Downtown,Lettuce,1.9,kg,Spoiled
2025-09-14,Olive & Ember Downtown,Onions,0.45,kg,Over-prepared
2025-09-14,Olive & Ember Downtown,Potatoes,9.67,kg,Over-prepared
2025-09-14,Olive & Ember Downtown,Mushrooms,1.09,kg,Spoiled
2025-09-14,Olive & Ember Downtown,Lemons,0.99,kg,Over-prepared
2025-09-14,Olive & Ember Downtown,Basil,0.07,kg,Spoiled
2025-09-14,Olive & Ember Downtown,Garlic,0.18,kg,Spoiled
2025-09-14,Olive & Ember Downtown,Pizza flour,0.51,kg,Expired
2025-09-14,Olive & Ember Downtown,Pasta,0.08,kg,Spoiled
2025-09-14,Olive & Ember Downtown,Olive oil,0.09,l,Expired
2025-09-14,Olive & Ember Downtown,Burger buns,1,each,Spoiled
2025-09-14,Olive & Ember Downtown,Sugar,0.1,kg,Expired
2025-09-14,Olive & Ember Downtown,Coffee beans,0.07,kg,Spoiled
2025-09-14,Olive & Ember Downtown,Lemonade syrup,0.07,l,Spoiled
2025-09-21,Olive & Ember Downtown,Beef mince,1.12,kg,Over-prepared
2025-09-21,Olive & Ember Downtown,Ribeye steak,0.36,kg,Expired
2025-09-21,Olive & Ember Downtown,Chicken breast,0.51,kg,Expired
2025-09-21,Olive & Ember Downtown,Pork sausage,0.42,kg,Over-prepared
2025-09-21,Olive & Ember Downtown,Lamb shoulder,0.22,kg,Over-prepared
2025-09-21,Olive & Ember Downtown,Salmon fillet,0.7,kg,Expired
2025-09-21,Olive & Ember Downtown,Prawns,0.76,kg,Over-prepared
2025-09-21,Olive & Ember Downtown,Calamari,0.73,kg,Over-prepared
2025-09-21,Olive & Ember Downtown,Mozzarella,1.86,kg,Expired
2025-09-21,Olive & Ember Downtown,Parmesan,0.17,kg,Spoiled
2025-09-21,Olive & Ember Downtown,Butter,0.47,kg,Expired
2025-09-21,Olive & Ember Downtown,Cream,0.16,l,Expired
2025-09-21,Olive & Ember Downtown,Milk,1.92,l,Spoiled
2025-09-21,Olive & Ember Downtown,Eggs,15,each,Expired
2025-09-21,Olive & Ember Downtown,Mascarpone,0.38,kg,Expired
2025-09-21,Olive & Ember Downtown,Tomatoes,4.13,kg,Spoiled
2025-09-21,Olive & Ember Downtown,Lettuce,1.91,kg,Expired
2025-09-21,Olive & Ember Downtown,Onions,0.45,kg,Spoiled
2025-09-21,Olive & Ember Downtown,Potatoes,10.55,kg,Spoiled
2025-09-21,Olive & Ember Downtown,Mushrooms,0.86,kg,Spoiled
2025-09-21,Olive & Ember Downtown,Lemons,0.9,kg,Over-prepared
2025-09-21,Olive & Ember Downtown,Basil,0.07,kg,Over-prepared
2025-09-21,Olive & Ember Downtown,Garlic,0.18,kg,Over-prepared
2025-09-21,Olive & Ember Downtown,Pizza flour,0.48,kg,Spoiled
2025-09-21,Olive & Ember Downtown,Pasta,0.09,kg,Spoiled
2025-09-21,Olive & Ember Downtown,Olive oil,0.09,l,Spoiled
2025-09-21,Olive & Ember Downtown,Sugar,0.08,kg,Spoiled
2025-09-21,Olive & Ember Downtown,Coffee beans,0.07,kg,Expired
2025-09-21,Olive & Ember Downtown,Lemonade syrup,0.07,l,Expired
2025-09-28,Olive & Ember Downtown,Beef mince,1.2,kg,Expired
2025-09-28,Olive & Ember Downtown,Ribeye steak,0.42,kg,Dropped/damaged
2025-09-28,Olive & Ember Downtown,Chicken breast,0.55,kg,Expired
2025-09-28,Olive & Ember Downtown,Pork sausage,0.56,kg,Over-prepared
2025-09-28,Olive & Ember Downtown,Lamb shoulder,0.22,kg,Expired
2025-09-28,Olive & Ember Downtown,Salmon fillet,0.64,kg,Dropped/damaged
2025-09-28,Olive & Ember Downtown,Prawns,0.95,kg,Over-prepared
2025-09-28,Olive & Ember Downtown,Calamari,0.68,kg,Expired
2025-09-28,Olive & Ember Downtown,Mozzarella,2.4,kg,Expired
2025-09-28,Olive & Ember Downtown,Parmesan,0.17,kg,Spoiled
2025-09-28,Olive & Ember Downtown,Butter,0.51,kg,Spoiled
2025-09-28,Olive & Ember Downtown,Cream,0.17,l,Dropped/damaged
2025-09-28,Olive & Ember Downtown,Milk,1.85,l,Expired
2025-09-28,Olive & Ember Downtown,Eggs,14,each,Dropped/damaged
2025-09-28,Olive & Ember Downtown,Mascarpone,0.29,kg,Expired
2025-09-28,Olive & Ember Downtown,Tomatoes,4.77,kg,Spoiled
2025-09-28,Olive & Ember Downtown,Lettuce,1.62,kg,Expired
2025-09-28,Olive & Ember Downtown,Onions,0.48,kg,Over-prepared
2025-09-28,Olive & Ember Downtown,Potatoes,9.42,kg,Spoiled
2025-09-28,Olive & Ember Downtown,Mushrooms,1.18,kg,Over-prepared
2025-09-28,Olive & Ember Downtown,Lemons,0.98,kg,Spoiled
2025-09-28,Olive & Ember Downtown,Basil,0.06,kg,Spoiled
2025-09-28,Olive & Ember Downtown,Garlic,0.17,kg,Expired
2025-09-28,Olive & Ember Downtown,Pizza flour,0.58,kg,Expired
2025-09-28,Olive & Ember Downtown,Pasta,0.08,kg,Expired
2025-09-28,Olive & Ember Downtown,Olive oil,0.07,l,Expired
2025-09-28,Olive & Ember Downtown,Burger buns,1,each,Dropped/damaged
2025-09-28,Olive & Ember Downtown,Sugar,0.1,kg,Expired
2025-09-28,Olive & Ember Downtown,Coffee beans,0.06,kg,Expired
2025-09-28,Olive & Ember Downtown,Lemonade syrup,0.09,l,Spoiled
2025-10-05,Olive & Ember Downtown,Beef mince,1.07,kg,Expired
2025-10-05,Olive & Ember Downtown,Ribeye steak,0.49,kg,Expired
2025-10-05,Olive & Ember Downtown,Chicken breast,0.4,kg,Dropped/damaged
2025-10-05,Olive & Ember Downtown,Pork sausage,0.59,kg,Expired
2025-10-05,Olive & Ember Downtown,Lamb shoulder,0.22,kg,Over-prepared
2025-10-05,Olive & Ember Downtown,Salmon fillet,0.57,kg,Over-prepared
2025-10-05,Olive & Ember Downtown,Prawns,0.71,kg,Expired
2025-10-05,Olive & Ember Downtown,Calamari,0.58,kg,Over-prepared
2025-10-05,Olive & Ember Downtown,Mozzarella,2.56,kg,Expired
2025-10-05,Olive & Ember Downtown,Parmesan,0.13,kg,Expired
2025-10-05,Olive & Ember Downtown,Butter,0.52,kg,Expired
2025-10-05,Olive & Ember Downtown,Cream,0.13,l,Expired
2025-10-05,Olive & Ember Downtown,Milk,2.63,l,Expired
2025-10-05,Olive & Ember Downtown,Eggs,11,each,Dropped/damaged
2025-10-05,Olive & Ember Downtown,Mascarpone,0.37,kg,Expired
2025-10-05,Olive & Ember Downtown,Tomatoes,4.02,kg,Spoiled
2025-10-05,Olive & Ember Downtown,Lettuce,1.52,kg,Spoiled
2025-10-05,Olive & Ember Downtown,Onions,0.5,kg,Spoiled
2025-10-05,Olive & Ember Downtown,Potatoes,9.29,kg,Spoiled
2025-10-05,Olive & Ember Downtown,Mushrooms,1.1,kg,Expired
2025-10-05,Olive & Ember Downtown,Lemons,0.98,kg,Spoiled
2025-10-05,Olive & Ember Downtown,Basil,0.07,kg,Spoiled
2025-10-05,Olive & Ember Downtown,Garlic,0.19,kg,Over-prepared
2025-10-05,Olive & Ember Downtown,Pizza flour,0.51,kg,Dropped/damaged
2025-10-05,Olive & Ember Downtown,Pasta,0.09,kg,Expired
2025-10-05,Olive & Ember Downtown,Olive oil,0.08,l,Expired
2025-10-05,Olive & Ember Downtown,Burger buns,1,each,Expired
2025-10-05,Olive & Ember Downtown,Sugar,0.07,kg,Expired
2025-10-05,Olive & Ember Downtown,Coffee beans,0.06,kg,Spoiled
2025-10-05,Olive & Ember Downtown,Lemonade syrup,0.08,l,Spoiled
2025-10-12,Olive & Ember Downtown,Beef mince,0.98,kg,Over-prepared
2025-10-12,Olive & Ember Downtown,Ribeye steak,0.47,kg,Expired
2025-10-12,Olive & Ember Downtown,Chicken breast,0.57,kg,Expired
2025-10-12,Olive & Ember Downtown,Pork sausage,0.53,kg,Dropped/damaged
2025-10-12,Olive & Ember Downtown,Lamb shoulder,0.15,kg,Expired
2025-10-12,Olive & Ember Downtown,Salmon fillet,0.66,kg,Expired
2025-10-12,Olive & Ember Downtown,Prawns,0.74,kg,Dropped/damaged
2025-10-12,Olive & Ember Downtown,Calamari,0.61,kg,Over-prepared
2025-10-12,Olive & Ember Downtown,Mozzarella,2.24,kg,Expired
2025-10-12,Olive & Ember Downtown,Parmesan,0.16,kg,Spoiled
2025-10-12,Olive & Ember Downtown,Butter,0.5,kg,Expired
2025-10-12,Olive & Ember Downtown,Cream,0.14,l,Expired
2025-10-12,Olive & Ember Downtown,Milk,1.94,l,Expired
2025-10-12,Olive & Ember Downtown,Eggs,16,each,Spoiled
2025-10-12,Olive & Ember Downtown,Mascarpone,0.32,kg,Expired
2025-10-12,Olive & Ember Downtown,Tomatoes,4.21,kg,Over-prepared
2025-10-12,Olive & Ember Downtown,Lettuce,1.78,kg,Spoiled
2025-10-12,Olive & Ember Downtown,Onions,0.41,kg,Expired
2025-10-12,Olive & Ember Downtown,Potatoes,9.88,kg,Expired
2025-10-12,Olive & Ember Downtown,Mushrooms,1.36,kg,Spoiled
2025-10-12,Olive & Ember Downtown,Lemons,0.94,kg,Expired
2025-10-12,Olive & Ember Downtown,Basil,0.07,kg,Spoiled
2025-10-12,Olive & Ember Downtown,Garlic,0.19,kg,Expired
2025-10-12,Olive & Ember Downtown,Pizza flour,0.54,kg,Expired
2025-10-12,Olive & Ember Downtown,Pasta,0.09,kg,Dropped/damaged
2025-10-12,Olive & Ember Downtown,Olive oil,0.07,l,Dropped/damaged
2025-10-12,Olive & Ember Downtown,Burger buns,1,each,Spoiled
2025-10-12,Olive & Ember Downtown,Sugar,0.08,kg,Expired
2025-10-12,Olive & Ember Downtown,Coffee beans,0.06,kg,Expired
2025-10-12,Olive & Ember Downtown,Lemonade syrup,0.07,l,Spoiled
2025-10-19,Olive & Ember Downtown,Beef mince,1.05,kg,Over-prepared
2025-10-19,Olive & Ember Downtown,Ribeye steak,0.42,kg,Expired
2025-10-19,Olive & Ember Downtown,Chicken breast,0.52,kg,Over-prepared
2025-10-19,Olive & Ember Downtown,Pork sausage,0.53,kg,Over-prepared
2025-10-19,Olive & Ember Downtown,Lamb shoulder,0.21,kg,Expired
2025-10-19,Olive & Ember Downtown,Salmon fillet,0.49,kg,Dropped/damaged
2025-10-19,Olive & Ember Downtown,Prawns,0.7,kg,Expired
2025-10-19,Olive & Ember Downtown,Calamari,0.81,kg,Over-prepared
2025-10-19,Olive & Ember Downtown,Mozzarella,2.03,kg,Spoiled
2025-10-19,Olive & Ember Downtown,Parmesan,0.17,kg,Expired
2025-10-19,Olive & Ember Downtown,Butter,0.61,kg,Spoiled
2025-10-19,Olive & Ember Downtown,Cream,0.13,l,Expired
2025-10-19,Olive & Ember Downtown,Milk,2.06,l,Expired
2025-10-19,Olive & Ember Downtown,Eggs,15,each,Spoiled
2025-10-19,Olive & Ember Downtown,Mascarpone,0.32,kg,Expired
2025-10-19,Olive & Ember Downtown,Tomatoes,4.31,kg,Spoiled
2025-10-19,Olive & Ember Downtown,Lettuce,1.94,kg,Spoiled
2025-10-19,Olive & Ember Downtown,Onions,0.5,kg,Spoiled
2025-10-19,Olive & Ember Downtown,Potatoes,9.07,kg,Expired
2025-10-19,Olive & Ember Downtown,Mushrooms,0.92,kg,Spoiled
2025-10-19,Olive & Ember Downtown,Lemons,0.97,kg,Over-prepared
2025-10-19,Olive & Ember Downtown,Basil,0.08,kg,Over-prepared
2025-10-19,Olive & Ember Downtown,Garlic,0.17,kg,Spoiled
2025-10-19,Olive & Ember Downtown,Pizza flour,0.52,kg,Expired
2025-10-19,Olive & Ember Downtown,Pasta,0.1,kg,Dropped/damaged
2025-10-19,Olive & Ember Downtown,Olive oil,0.09,l,Expired
2025-10-19,Olive & Ember Downtown,Burger buns,1,each,Spoiled
2025-10-19,Olive & Ember Downtown,Sugar,0.09,kg,Spoiled
2025-10-19,Olive & Ember Downtown,Coffee beans,0.07,kg,Expired
2025-10-19,Olive & Ember Downtown,Lemonade syrup,0.08,l,Expired
2025-10-26,Olive & Ember Downtown,Beef mince,1.39,kg,Over-prepared
2025-10-26,Olive & Ember Downtown,Ribeye steak,0.38,kg,Over-prepared
2025-10-26,Olive & Ember Downtown,Chicken breast,0.62,kg,Expired
2025-10-26,Olive & Ember Downtown,Pork sausage,0.43,kg,Over-prepared
2025-10-26,Olive & Ember Downtown,Lamb shoulder,0.25,kg,Expired
2025-10-26,Olive & Ember Downtown,Salmon fillet,0.59,kg,Over-prepared
2025-10-26,Olive & Ember Downtown,Prawns,0.67,kg,Expired
2025-10-26,Olive & Ember Downtown,Calamari,0.64,kg,Over-prepared
2025-10-26,Olive & Ember Downtown,Mozzarella,2.09,kg,Dropped/damaged
2025-10-26,Olive & Ember Downtown,Parmesan,0.18,kg,Spoiled
2025-10-26,Olive & Ember Downtown,Butter,0.49,kg,Expired
2025-10-26,Olive & Ember Downtown,Cream,0.17,l,Spoiled
2025-10-26,Olive & Ember Downtown,Milk,2.63,l,Spoiled
2025-10-26,Olive & Ember Downtown,Eggs,15,each,Expired
2025-10-26,Olive & Ember Downtown,Mascarpone,0.34,kg,Expired
2025-10-26,Olive & Ember Downtown,Tomatoes,5.11,kg,Spoiled
2025-10-26,Olive & Ember Downtown,Lettuce,1.96,kg,Expired
2025-10-26,Olive & Ember Downtown,Onions,0.53,kg,Spoiled
2025-10-26,Olive & Ember Downtown,Potatoes,9.98,kg,Over-prepared
2025-10-26,Olive & Ember Downtown,Mushrooms,0.91,kg,Spoiled
2025-10-26,Olive & Ember Downtown,Lemons,1.08,kg,Spoiled
2025-10-26,Olive & Ember Downtown,Basil,0.08,kg,Spoiled
2025-10-26,Olive & Ember Downtown,Garlic,0.17,kg,Over-prepared
2025-10-26,Olive & Ember Downtown,Pizza flour,0.54,kg,Expired
2025-10-26,Olive & Ember Downtown,Pasta,0.1,kg,Spoiled
2025-10-26,Olive & Ember Downtown,Olive oil,0.1,l,Expired
2025-10-26,Olive & Ember Downtown,Burger buns,1,each,Dropped/damaged
2025-10-26,Olive & Ember Downtown,Sugar,0.09,kg,Expired
2025-10-26,Olive & Ember Downtown,Coffee beans,0.07,kg,Spoiled
2025-10-26,Olive & Ember Downtown,Lemonade syrup,0.08,l,Expired
2025-11-02,Olive & Ember Downtown,Beef mince,1.11,kg,Over-prepared
2025-11-02,Olive & Ember Downtown,Ribeye steak,0.43,kg,Expired
2025-11-02,Olive & Ember Downtown,Chicken breast,0.46,kg,Over-prepared
2025-11-02,Olive & Ember Downtown,Pork sausage,0.6,kg,Over-prepared
2025-11-02,Olive & Ember Downtown,Lamb shoulder,0.23,kg,Expired
2025-11-02,Olive & Ember Downtown,Salmon fillet,0.61,kg,Expired
2025-11-02,Olive & Ember Downtown,Prawns,0.56,kg,Dropped/damaged
2025-11-02,Olive & Ember Downtown,Calamari,0.64,kg,Dropped/damaged
2025-11-02,Olive & Ember Downtown,Mozzarella,2.34,kg,Spoiled
2025-11-02,Olive & Ember Downtown,Parmesan,0.2,kg,Expired
2025-11-02,Olive & Ember Downtown,Butter,0.57,kg,Spoiled
2025-11-02,Olive & Ember Downtown,Cream,0.16,l,Expired
2025-11-02,Olive & Ember Downtown,Milk,2.25,l,Dropped/damaged
2025-11-02,Olive & Ember Downtown,Eggs,16,each,Spoiled
2025-11-02,Olive & Ember Downtown,Mascarpone,0.3,kg,Expired
2025-11-02,Olive & Ember Downtown,Tomatoes,3.81,kg,Spoiled
2025-11-02,Olive & Ember Downtown,Lettuce,2.2,kg,Spoiled
2025-11-02,Olive & Ember Downtown,Onions,0.51,kg,Spoiled
2025-11-02,Olive & Ember Downtown,Potatoes,9.8,kg,Spoiled
2025-11-02,Olive & Ember Downtown,Mushrooms,1.03,kg,Spoiled
2025-11-02,Olive & Ember Downtown,Lemons,1.23,kg,Spoiled
2025-11-02,Olive & Ember Downtown,Basil,0.07,kg,Spoiled
2025-11-02,Olive & Ember Downtown,Garlic,0.17,kg,Spoiled
2025-11-02,Olive & Ember Downtown,Pizza flour,0.53,kg,Spoiled
2025-11-02,Olive & Ember Downtown,Pasta,0.08,kg,Spoiled
2025-11-02,Olive & Ember Downtown,Olive oil,0.1,l,Expired
2025-11-02,Olive & Ember Downtown,Burger buns,1,each,Expired
2025-11-02,Olive & Ember Downtown,Sugar,0.08,kg,Spoiled
2025-11-02,Olive & Ember Downtown,Coffee beans,0.07,kg,Expired
2025-11-02,Olive & Ember Downtown,Lemonade syrup,0.06,l,Expired
2025-11-09,Olive & Ember Downtown,Beef mince,1.3,kg,Dropped/damaged
2025-11-09,Olive & Ember Downtown,Ribeye steak,0.47,kg,Expired
2025-11-09,Olive & Ember Downtown,Chicken breast,0.49,kg,Expired
2025-11-09,Olive & Ember Downtown,Pork sausage,0.47,kg,Expired
2025-11-09,Olive & Ember Downtown,Lamb shoulder,0.18,kg,Expired
2025-11-09,Olive & Ember Downtown,Salmon fillet,0.56,kg,Expired
2025-11-09,Olive & Ember Downtown,Prawns,0.55,kg,Over-prepared
2025-11-09,Olive & Ember Downtown,Calamari,0.68,kg,Dropped/damaged
2025-11-09,Olive & Ember Downtown,Mozzarella,2.06,kg,Dropped/damaged
2025-11-09,Olive & Ember Downtown,Parmesan,0.17,kg,Expired
2025-11-09,Olive & Ember Downtown,Butter,0.52,kg,Expired
2025-11-09,Olive & Ember Downtown,Cream,0.19,l,Dropped/damaged
2025-11-09,Olive & Ember Downtown,Milk,2.32,l,Expired
2025-11-09,Olive & Ember Downtown,Eggs,14,each,Expired
2025-11-09,Olive & Ember Downtown,Mascarpone,0.33,kg,Dropped/damaged
2025-11-09,Olive & Ember Downtown,Tomatoes,4.62,kg,Expired
2025-11-09,Olive & Ember Downtown,Lettuce,1.74,kg,Expired
2025-11-09,Olive & Ember Downtown,Onions,0.5,kg,Spoiled
2025-11-09,Olive & Ember Downtown,Potatoes,8.28,kg,Expired
2025-11-09,Olive & Ember Downtown,Mushrooms,1.19,kg,Over-prepared
2025-11-09,Olive & Ember Downtown,Lemons,1.18,kg,Over-prepared
2025-11-09,Olive & Ember Downtown,Basil,0.07,kg,Spoiled
2025-11-09,Olive & Ember Downtown,Garlic,0.18,kg,Spoiled
2025-11-09,Olive & Ember Downtown,Pizza flour,0.61,kg,Expired
2025-11-09,Olive & Ember Downtown,Pasta,0.09,kg,Spoiled
2025-11-09,Olive & Ember Downtown,Olive oil,0.09,l,Expired
2025-11-09,Olive & Ember Downtown,Burger buns,1,each,Spoiled
2025-11-09,Olive & Ember Downtown,Sugar,0.08,kg,Expired
2025-11-09,Olive & Ember Downtown,Coffee beans,0.06,kg,Spoiled
2025-11-09,Olive & Ember Downtown,Lemonade syrup,0.09,l,Expired
2025-11-16,Olive & Ember Downtown,Beef mince,1.32,kg,Over-prepared
2025-11-16,Olive & Ember Downtown,Ribeye steak,0.48,kg,Over-prepared
2025-11-16,Olive & Ember Downtown,Chicken breast,0.53,kg,Expired
2025-11-16,Olive & Ember Downtown,Pork sausage,0.47,kg,Expired
2025-11-16,Olive & Ember Downtown,Lamb shoulder,0.17,kg,Dropped/damaged
2025-11-16,Olive & Ember Downtown,Salmon fillet,0.55,kg,Over-prepared
2025-11-16,Olive & Ember Downtown,Prawns,0.7,kg,Over-prepared
2025-11-16,Olive & Ember Downtown,Calamari,0.52,kg,Over-prepared
2025-11-16,Olive & Ember Downtown,Mozzarella,2.26,kg,Spoiled
2025-11-16,Olive & Ember Downtown,Parmesan,0.15,kg,Expired
2025-11-16,Olive & Ember Downtown,Butter,0.55,kg,Expired
2025-11-16,Olive & Ember Downtown,Cream,0.14,l,Spoiled
2025-11-16,Olive & Ember Downtown,Milk,1.96,l,Expired
2025-11-16,Olive & Ember Downtown,Eggs,14,each,Expired
2025-11-16,Olive & Ember Downtown,Mascarpone,0.26,kg,Expired
2025-11-16,Olive & Ember Downtown,Tomatoes,4.4,kg,Expired
2025-11-16,Olive & Ember Downtown,Lettuce,1.71,kg,Spoiled
2025-11-16,Olive & Ember Downtown,Onions,0.48,kg,Spoiled
2025-11-16,Olive & Ember Downtown,Potatoes,10.67,kg,Spoiled
2025-11-16,Olive & Ember Downtown,Mushrooms,1.21,kg,Over-prepared
2025-11-16,Olive & Ember Downtown,Lemons,0.99,kg,Over-prepared
2025-11-16,Olive & Ember Downtown,Basil,0.07,kg,Spoiled
2025-11-16,Olive & Ember Downtown,Garlic,0.17,kg,Spoiled
2025-11-16,Olive & Ember Downtown,Pizza flour,0.55,kg,Expired
2025-11-16,Olive & Ember Downtown,Pasta,0.08,kg,Expired
2025-11-16,Olive & Ember Downtown,Olive oil,0.09,l,Expired
2025-11-16,Olive & Ember Downtown,Burger buns,1,each,Expired
2025-11-16,Olive & Ember Downtown,Sugar,0.09,kg,Dropped/damaged
2025-11-16,Olive & Ember Downtown,Coffee beans,0.06,kg,Expired
2025-11-16,Olive & Ember Downtown,Lemonade syrup,0.09,l,Spoiled
2025-11-23,Olive & Ember Downtown,Beef mince,1.14,kg,Expired
2025-11-23,Olive & Ember Downtown,Ribeye steak,0.45,kg,Over-prepared
2025-11-23,Olive & Ember Downtown,Chicken breast,0.47,kg,Over-prepared
2025-11-23,Olive & Ember Downtown,Pork sausage,0.49,kg,Expired
2025-11-23,Olive & Ember Downtown,Lamb shoulder,0.22,kg,Expired
2025-11-23,Olive & Ember Downtown,Salmon fillet,0.76,kg,Over-prepared
2025-11-23,Olive & Ember Downtown,Prawns,0.86,kg,Expired
2025-11-23,Olive & Ember Downtown,Calamari,0.74,kg,Over-prepared
2025-11-23,Olive & Ember Downtown,Mozzarella,2.46,kg,Dropped/damaged
2025-11-23,Olive & Ember Downtown,Parmesan,0.16,kg,Spoiled
2025-11-23,Olive & Ember Downtown,Butter,0.49,kg,Expired
2025-11-23,Olive & Ember Downtown,Cream,0.13,l,Expired
2025-11-23,Olive & Ember Downtown,Milk,2.17,l,Expired
2025-11-23,Olive & Ember Downtown,Eggs,16,each,Spoiled
2025-11-23,Olive & Ember Downtown,Mascarpone,0.4,kg,Expired
2025-11-23,Olive & Ember Downtown,Tomatoes,4.04,kg,Spoiled
2025-11-23,Olive & Ember Downtown,Lettuce,1.83,kg,Expired
2025-11-23,Olive & Ember Downtown,Onions,0.55,kg,Spoiled
2025-11-23,Olive & Ember Downtown,Potatoes,9.4,kg,Over-prepared
2025-11-23,Olive & Ember Downtown,Mushrooms,0.9,kg,Spoiled
2025-11-23,Olive & Ember Downtown,Lemons,1,kg,Spoiled
2025-11-23,Olive & Ember Downtown,Basil,0.07,kg,Expired
2025-11-23,Olive & Ember Downtown,Garlic,0.19,kg,Over-prepared
2025-11-23,Olive & Ember Downtown,Pizza flour,0.53,kg,Spoiled
2025-11-23,Olive & Ember Downtown,Pasta,0.08,kg,Expired
2025-11-23,Olive & Ember Downtown,Olive oil,0.1,l,Expired
2025-11-23,Olive & Ember Downtown,Burger buns,1,each,Expired
2025-11-23,Olive & Ember Downtown,Sugar,0.1,kg,Spoiled
2025-11-23,Olive & Ember Downtown,Coffee beans,0.06,kg,Spoiled
2025-11-23,Olive & Ember Downtown,Lemonade syrup,0.06,l,Spoiled
2025-11-30,Olive & Ember Downtown,Beef mince,1.1,kg,Over-prepared
2025-11-30,Olive & Ember Downtown,Ribeye steak,0.41,kg,Dropped/damaged
2025-11-30,Olive & Ember Downtown,Chicken breast,0.5,kg,Expired
2025-11-30,Olive & Ember Downtown,Pork sausage,0.51,kg,Over-prepared
2025-11-30,Olive & Ember Downtown,Lamb shoulder,0.2,kg,Over-prepared
2025-11-30,Olive & Ember Downtown,Salmon fillet,0.64,kg,Expired
2025-11-30,Olive & Ember Downtown,Prawns,0.72,kg,Expired
2025-11-30,Olive & Ember Downtown,Calamari,0.6,kg,Expired
2025-11-30,Olive & Ember Downtown,Mozzarella,2.22,kg,Expired
2025-11-30,Olive & Ember Downtown,Parmesan,0.21,kg,Expired
2025-11-30,Olive & Ember Downtown,Butter,0.66,kg,Dropped/damaged
2025-11-30,Olive & Ember Downtown,Cream,0.18,l,Expired
2025-11-30,Olive & Ember Downtown,Milk,2.1,l,Expired
2025-11-30,Olive & Ember Downtown,Eggs,16,each,Spoiled
2025-11-30,Olive & Ember Downtown,Mascarpone,0.35,kg,Expired
2025-11-30,Olive & Ember Downtown,Tomatoes,4.12,kg,Spoiled
2025-11-30,Olive & Ember Downtown,Lettuce,1.89,kg,Expired
2025-11-30,Olive & Ember Downtown,Onions,0.66,kg,Over-prepared
2025-11-30,Olive & Ember Downtown,Potatoes,10.46,kg,Expired
2025-11-30,Olive & Ember Downtown,Mushrooms,1.12,kg,Spoiled
2025-11-30,Olive & Ember Downtown,Lemons,0.94,kg,Spoiled
2025-11-30,Olive & Ember Downtown,Basil,0.06,kg,Over-prepared
2025-11-30,Olive & Ember Downtown,Garlic,0.18,kg,Over-prepared
2025-11-30,Olive & Ember Downtown,Pizza flour,0.55,kg,Dropped/damaged
2025-11-30,Olive & Ember Downtown,Pasta,0.07,kg,Spoiled
2025-11-30,Olive & Ember Downtown,Olive oil,0.09,l,Expired
2025-11-30,Olive & Ember Downtown,Burger buns,1,each,Dropped/damaged
2025-11-30,Olive & Ember Downtown,Sugar,0.09,kg,Spoiled
2025-11-30,Olive & Ember Downtown,Coffee beans,0.07,kg,Dropped/damaged
2025-11-30,Olive & Ember Downtown,Lemonade syrup,0.08,l,Expired
2025-12-07,Olive & Ember Downtown,Beef mince,1.25,kg,Expired
2025-12-07,Olive & Ember Downtown,Ribeye steak,0.48,kg,Over-prepared
2025-12-07,Olive & Ember Downtown,Chicken breast,0.6,kg,Expired
2025-12-07,Olive & Ember Downtown,Pork sausage,0.62,kg,Expired
2025-12-07,Olive & Ember Downtown,Lamb shoulder,0.23,kg,Dropped/damaged
2025-12-07,Olive & Ember Downtown,Salmon fillet,0.7,kg,Expired
2025-12-07,Olive & Ember Downtown,Prawns,0.69,kg,Over-prepared
2025-12-07,Olive & Ember Downtown,Calamari,0.97,kg,Expired
2025-12-07,Olive & Ember Downtown,Mozzarella,2.61,kg,Spoiled
2025-12-07,Olive & Ember Downtown,Parmesan,0.2,kg,Expired
2025-12-07,Olive & Ember Downtown,Butter,0.65,kg,Spoiled
2025-12-07,Olive & Ember Downtown,Cream,0.17,l,Spoiled
2025-12-07,Olive & Ember Downtown,Milk,2.71,l,Expired
2025-12-07,Olive & Ember Downtown,Eggs,16,each,Expired
2025-12-07,Olive & Ember Downtown,Mascarpone,0.36,kg,Expired
2025-12-07,Olive & Ember Downtown,Tomatoes,5.1,kg,Over-prepared
2025-12-07,Olive & Ember Downtown,Lettuce,1.97,kg,Spoiled
2025-12-07,Olive & Ember Downtown,Onions,0.64,kg,Spoiled
2025-12-07,Olive & Ember Downtown,Potatoes,9.59,kg,Over-prepared
2025-12-07,Olive & Ember Downtown,Mushrooms,1.44,kg,Spoiled
2025-12-07,Olive & Ember Downtown,Lemons,1.13,kg,Expired
2025-12-07,Olive & Ember Downtown,Basil,0.07,kg,Spoiled
2025-12-07,Olive & Ember Downtown,Garlic,0.2,kg,Spoiled
2025-12-07,Olive & Ember Downtown,Pizza flour,0.64,kg,Spoiled
2025-12-07,Olive & Ember Downtown,Pasta,0.09,kg,Expired
2025-12-07,Olive & Ember Downtown,Olive oil,0.11,l,Spoiled
2025-12-07,Olive & Ember Downtown,Burger buns,1,each,Expired
2025-12-07,Olive & Ember Downtown,Sugar,0.08,kg,Spoiled
2025-12-07,Olive & Ember Downtown,Chocolate,0.05,kg,Spoiled
2025-12-07,Olive & Ember Downtown,Coffee beans,0.07,kg,Expired
2025-12-07,Olive & Ember Downtown,Lemonade syrup,0.08,l,Spoiled
2025-12-14,Olive & Ember Downtown,Beef mince,1.27,kg,Expired
2025-12-14,Olive & Ember Downtown,Ribeye steak,0.57,kg,Over-prepared
2025-12-14,Olive & Ember Downtown,Chicken breast,0.69,kg,Expired
2025-12-14,Olive & Ember Downtown,Pork sausage,0.58,kg,Over-prepared
2025-12-14,Olive & Ember Downtown,Lamb shoulder,0.23,kg,Expired
2025-12-14,Olive & Ember Downtown,Salmon fillet,0.65,kg,Over-prepared
2025-12-14,Olive & Ember Downtown,Prawns,0.69,kg,Expired
2025-12-14,Olive & Ember Downtown,Calamari,0.85,kg,Expired
2025-12-14,Olive & Ember Downtown,Mozzarella,2.39,kg,Spoiled
2025-12-14,Olive & Ember Downtown,Parmesan,0.21,kg,Spoiled
2025-12-14,Olive & Ember Downtown,Butter,0.73,kg,Expired
2025-12-14,Olive & Ember Downtown,Cream,0.15,l,Expired
2025-12-14,Olive & Ember Downtown,Milk,1.88,l,Spoiled
2025-12-14,Olive & Ember Downtown,Eggs,18,each,Spoiled
2025-12-14,Olive & Ember Downtown,Mascarpone,0.43,kg,Expired
2025-12-14,Olive & Ember Downtown,Tomatoes,5.43,kg,Spoiled
2025-12-14,Olive & Ember Downtown,Lettuce,2.12,kg,Expired
2025-12-14,Olive & Ember Downtown,Onions,0.62,kg,Spoiled
2025-12-14,Olive & Ember Downtown,Potatoes,12.01,kg,Expired
2025-12-14,Olive & Ember Downtown,Mushrooms,1.26,kg,Spoiled
2025-12-14,Olive & Ember Downtown,Lemons,1.21,kg,Spoiled
2025-12-14,Olive & Ember Downtown,Basil,0.09,kg,Spoiled
2025-12-14,Olive & Ember Downtown,Garlic,0.17,kg,Expired
2025-12-14,Olive & Ember Downtown,Pizza flour,0.58,kg,Dropped/damaged
2025-12-14,Olive & Ember Downtown,Pasta,0.09,kg,Expired
2025-12-14,Olive & Ember Downtown,Olive oil,0.11,l,Expired
2025-12-14,Olive & Ember Downtown,Burger buns,1,each,Dropped/damaged
2025-12-14,Olive & Ember Downtown,Sugar,0.1,kg,Expired
2025-12-14,Olive & Ember Downtown,Coffee beans,0.07,kg,Expired
2025-12-14,Olive & Ember Downtown,Lemonade syrup,0.09,l,Spoiled
2025-12-21,Olive & Ember Downtown,Beef mince,1.53,kg,Expired
2025-12-21,Olive & Ember Downtown,Ribeye steak,0.43,kg,Over-prepared
2025-12-21,Olive & Ember Downtown,Chicken breast,0.66,kg,Over-prepared
2025-12-21,Olive & Ember Downtown,Pork sausage,0.68,kg,Expired
2025-12-21,Olive & Ember Downtown,Lamb shoulder,0.27,kg,Expired
2025-12-21,Olive & Ember Downtown,Salmon fillet,0.73,kg,Dropped/damaged
2025-12-21,Olive & Ember Downtown,Prawns,0.73,kg,Over-prepared
2025-12-21,Olive & Ember Downtown,Calamari,0.81,kg,Over-prepared
2025-12-21,Olive & Ember Downtown,Mozzarella,2.72,kg,Spoiled
2025-12-21,Olive & Ember Downtown,Parmesan,0.19,kg,Spoiled
2025-12-21,Olive & Ember Downtown,Butter,0.63,kg,Spoiled
2025-12-21,Olive & Ember Downtown,Cream,0.14,l,Expired
2025-12-21,Olive & Ember Downtown,Milk,2.57,l,Expired
2025-12-21,Olive & Ember Downtown,Eggs,16,each,Expired
2025-12-21,Olive & Ember Downtown,Mascarpone,0.34,kg,Expired
2025-12-21,Olive & Ember Downtown,Tomatoes,3.88,kg,Spoiled
2025-12-21,Olive & Ember Downtown,Lettuce,1.98,kg,Over-prepared
2025-12-21,Olive & Ember Downtown,Onions,0.79,kg,Spoiled
2025-12-21,Olive & Ember Downtown,Potatoes,13.14,kg,Spoiled
2025-12-21,Olive & Ember Downtown,Mushrooms,1.59,kg,Expired
2025-12-21,Olive & Ember Downtown,Lemons,1.22,kg,Spoiled
2025-12-21,Olive & Ember Downtown,Basil,0.07,kg,Expired
2025-12-21,Olive & Ember Downtown,Garlic,0.16,kg,Spoiled
2025-12-21,Olive & Ember Downtown,Pizza flour,0.62,kg,Expired
2025-12-21,Olive & Ember Downtown,Pasta,0.09,kg,Expired
2025-12-21,Olive & Ember Downtown,Olive oil,0.1,l,Spoiled
2025-12-21,Olive & Ember Downtown,Burger buns,2,each,Expired
2025-12-21,Olive & Ember Downtown,Sugar,0.1,kg,Spoiled
2025-12-21,Olive & Ember Downtown,Coffee beans,0.08,kg,Expired
2025-12-21,Olive & Ember Downtown,Lemonade syrup,0.08,l,Spoiled
2025-12-28,Olive & Ember Downtown,Beef mince,1.41,kg,Over-prepared
2025-12-28,Olive & Ember Downtown,Ribeye steak,0.5,kg,Over-prepared
2025-12-28,Olive & Ember Downtown,Chicken breast,0.62,kg,Over-prepared
2025-12-28,Olive & Ember Downtown,Pork sausage,0.47,kg,Over-prepared
2025-12-28,Olive & Ember Downtown,Lamb shoulder,0.15,kg,Expired
2025-12-28,Olive & Ember Downtown,Salmon fillet,0.8,kg,Dropped/damaged
2025-12-28,Olive & Ember Downtown,Prawns,0.85,kg,Expired
2025-12-28,Olive & Ember Downtown,Calamari,0.8,kg,Over-prepared
2025-12-28,Olive & Ember Downtown,Mozzarella,1.91,kg,Spoiled
2025-12-28,Olive & Ember Downtown,Parmesan,0.19,kg,Expired
2025-12-28,Olive & Ember Downtown,Butter,0.56,kg,Expired
2025-12-28,Olive & Ember Downtown,Cream,0.15,l,Expired
2025-12-28,Olive & Ember Downtown,Milk,2.56,l,Spoiled
2025-12-28,Olive & Ember Downtown,Eggs,15,each,Expired
2025-12-28,Olive & Ember Downtown,Mascarpone,0.46,kg,Expired
2025-12-28,Olive & Ember Downtown,Tomatoes,4.86,kg,Spoiled
2025-12-28,Olive & Ember Downtown,Lettuce,1.6,kg,Spoiled
2025-12-28,Olive & Ember Downtown,Onions,0.63,kg,Expired
2025-12-28,Olive & Ember Downtown,Potatoes,10.77,kg,Spoiled
2025-12-28,Olive & Ember Downtown,Mushrooms,1.23,kg,Spoiled
2025-12-28,Olive & Ember Downtown,Lemons,1.04,kg,Over-prepared
2025-12-28,Olive & Ember Downtown,Basil,0.08,kg,Expired
2025-12-28,Olive & Ember Downtown,Garlic,0.14,kg,Expired
2025-12-28,Olive & Ember Downtown,Pizza flour,0.63,kg,Spoiled
2025-12-28,Olive & Ember Downtown,Pasta,0.1,kg,Expired
2025-12-28,Olive & Ember Downtown,Olive oil,0.11,l,Expired
2025-12-28,Olive & Ember Downtown,Burger buns,1,each,Spoiled
2025-12-28,Olive & Ember Downtown,Sugar,0.09,kg,Dropped/damaged
2025-12-28,Olive & Ember Downtown,Coffee beans,0.08,kg,Spoiled
2025-12-28,Olive & Ember Downtown,Lemonade syrup,0.07,l,Spoiled
2026-01-04,Olive & Ember Downtown,Beef mince,1.06,kg,Expired
2026-01-04,Olive & Ember Downtown,Ribeye steak,0.34,kg,Over-prepared
2026-01-04,Olive & Ember Downtown,Chicken breast,0.48,kg,Over-prepared
2026-01-04,Olive & Ember Downtown,Pork sausage,0.57,kg,Dropped/damaged
2026-01-04,Olive & Ember Downtown,Lamb shoulder,0.15,kg,Expired
2026-01-04,Olive & Ember Downtown,Salmon fillet,0.47,kg,Over-prepared
2026-01-04,Olive & Ember Downtown,Prawns,0.68,kg,Expired
2026-01-04,Olive & Ember Downtown,Calamari,0.95,kg,Over-prepared
2026-01-04,Olive & Ember Downtown,Mozzarella,2.21,kg,Expired
2026-01-04,Olive & Ember Downtown,Parmesan,0.16,kg,Expired
2026-01-04,Olive & Ember Downtown,Butter,0.47,kg,Expired
2026-01-04,Olive & Ember Downtown,Cream,0.14,l,Expired
2026-01-04,Olive & Ember Downtown,Milk,2.13,l,Expired
2026-01-04,Olive & Ember Downtown,Eggs,15,each,Expired
2026-01-04,Olive & Ember Downtown,Mascarpone,0.28,kg,Dropped/damaged
2026-01-04,Olive & Ember Downtown,Tomatoes,3.9,kg,Spoiled
2026-01-04,Olive & Ember Downtown,Lettuce,1.71,kg,Over-prepared
2026-01-04,Olive & Ember Downtown,Onions,0.49,kg,Expired
2026-01-04,Olive & Ember Downtown,Potatoes,9.08,kg,Over-prepared
2026-01-04,Olive & Ember Downtown,Mushrooms,1.21,kg,Spoiled
2026-01-04,Olive & Ember Downtown,Lemons,0.84,kg,Over-prepared
2026-01-04,Olive & Ember Downtown,Basil,0.07,kg,Over-prepared
2026-01-04,Olive & Ember Downtown,Garlic,0.16,kg,Spoiled
2026-01-04,Olive & Ember Downtown,Pizza flour,0.49,kg,Dropped/damaged
2026-01-04,Olive & Ember Downtown,Pasta,0.08,kg,Dropped/damaged
2026-01-04,Olive & Ember Downtown,Olive oil,0.07,l,Expired
2026-01-04,Olive & Ember Downtown,Burger buns,1,each,Expired
2026-01-04,Olive & Ember Downtown,Sugar,0.08,kg,Expired
2026-01-04,Olive & Ember Downtown,Coffee beans,0.06,kg,Dropped/damaged
2026-01-04,Olive & Ember Downtown,Lemonade syrup,0.07,l,Expired
2026-01-11,Olive & Ember Downtown,Beef mince,1.11,kg,Dropped/damaged
2026-01-11,Olive & Ember Downtown,Ribeye steak,0.36,kg,Over-prepared
2026-01-11,Olive & Ember Downtown,Chicken breast,0.51,kg,Over-prepared
2026-01-11,Olive & Ember Downtown,Pork sausage,0.46,kg,Over-prepared
2026-01-11,Olive & Ember Downtown,Lamb shoulder,0.19,kg,Expired
2026-01-11,Olive & Ember Downtown,Salmon fillet,0.45,kg,Over-prepared
2026-01-11,Olive & Ember Downtown,Prawns,0.62,kg,Expired
2026-01-11,Olive & Ember Downtown,Calamari,0.6,kg,Over-prepared
2026-01-11,Olive & Ember Downtown,Mozzarella,1.95,kg,Dropped/damaged
2026-01-11,Olive & Ember Downtown,Parmesan,0.16,kg,Expired
2026-01-11,Olive & Ember Downtown,Butter,0.46,kg,Expired
2026-01-11,Olive & Ember Downtown,Cream,0.14,l,Spoiled
2026-01-11,Olive & Ember Downtown,Milk,1.93,l,Dropped/damaged
2026-01-11,Olive & Ember Downtown,Eggs,13,each,Spoiled
2026-01-11,Olive & Ember Downtown,Mascarpone,0.27,kg,Spoiled
2026-01-11,Olive & Ember Downtown,Tomatoes,3.94,kg,Over-prepared
2026-01-11,Olive & Ember Downtown,Lettuce,1.38,kg,Spoiled
2026-01-11,Olive & Ember Downtown,Onions,0.47,kg,Over-prepared
2026-01-11,Olive & Ember Downtown,Potatoes,8.14,kg,Spoiled
2026-01-11,Olive & Ember Downtown,Mushrooms,1.1,kg,Over-prepared
2026-01-11,Olive & Ember Downtown,Lemons,0.91,kg,Spoiled
2026-01-11,Olive & Ember Downtown,Basil,0.05,kg,Expired
2026-01-11,Olive & Ember Downtown,Garlic,0.14,kg,Spoiled
2026-01-11,Olive & Ember Downtown,Pizza flour,0.42,kg,Spoiled
2026-01-11,Olive & Ember Downtown,Pasta,0.07,kg,Expired
2026-01-11,Olive & Ember Downtown,Olive oil,0.06,l,Expired
2026-01-11,Olive & Ember Downtown,Burger buns,1,each,Dropped/damaged
2026-01-11,Olive & Ember Downtown,Sugar,0.08,kg,Expired
2026-01-11,Olive & Ember Downtown,Coffee beans,0.05,kg,Dropped/damaged
2026-01-11,Olive & Ember Downtown,Lemonade syrup,0.08,l,Expired
2026-01-18,Olive & Ember Downtown,Beef mince,1.22,kg,Over-prepared
2026-01-18,Olive & Ember Downtown,Ribeye steak,0.41,kg,Over-prepared
2026-01-18,Olive & Ember Downtown,Chicken breast,0.45,kg,Expired
2026-01-18,Olive & Ember Downtown,Pork sausage,0.38,kg,Dropped/damaged
2026-01-18,Olive & Ember Downtown,Lamb shoulder,0.18,kg,Dropped/damaged
2026-01-18,Olive & Ember Downtown,Salmon fillet,0.41,kg,Expired
2026-01-18,Olive & Ember Downtown,Prawns,0.67,kg,Expired
2026-01-18,Olive & Ember Downtown,Calamari,0.53,kg,Over-prepared
2026-01-18,Olive & Ember Downtown,Mozzarella,2.09,kg,Spoiled
2026-01-18,Olive & Ember Downtown,Parmesan,0.16,kg,Dropped/damaged
2026-01-18,Olive & Ember Downtown,Butter,0.45,kg,Spoiled
2026-01-18,Olive & Ember Downtown,Cream,0.14,l,Spoiled
2026-01-18,Olive & Ember Downtown,Milk,2.37,l,Expired
2026-01-18,Olive & Ember Downtown,Eggs,14,each,Spoiled
2026-01-18,Olive & Ember Downtown,Mascarpone,0.35,kg,Dropped/damaged
2026-01-18,Olive & Ember Downtown,Tomatoes,3.67,kg,Spoiled
2026-01-18,Olive & Ember Downtown,Lettuce,1.73,kg,Spoiled
2026-01-18,Olive & Ember Downtown,Onions,0.45,kg,Expired
2026-01-18,Olive & Ember Downtown,Potatoes,8.46,kg,Spoiled
2026-01-18,Olive & Ember Downtown,Mushrooms,1.16,kg,Over-prepared
2026-01-18,Olive & Ember Downtown,Lemons,0.92,kg,Over-prepared
2026-01-18,Olive & Ember Downtown,Basil,0.08,kg,Over-prepared
2026-01-18,Olive & Ember Downtown,Garlic,0.17,kg,Expired
2026-01-18,Olive & Ember Downtown,Pizza flour,0.59,kg,Expired
2026-01-18,Olive & Ember Downtown,Pasta,0.07,kg,Expired
2026-01-18,Olive & Ember Downtown,Olive oil,0.08,l,Expired
2026-01-18,Olive & Ember Downtown,Burger buns,1,each,Spoiled
2026-01-18,Olive & Ember Downtown,Sugar,0.07,kg,Spoiled
2026-01-18,Olive & Ember Downtown,Coffee beans,0.06,kg,Expired
2026-01-18,Olive & Ember Downtown,Lemonade syrup,0.07,l,Spoiled
2026-01-25,Olive & Ember Downtown,Beef mince,1.06,kg,Dropped/damaged
2026-01-25,Olive & Ember Downtown,Ribeye steak,0.34,kg,Expired
2026-01-25,Olive & Ember Downtown,Chicken breast,0.46,kg,Expired
2026-01-25,Olive & Ember Downtown,Pork sausage,0.59,kg,Expired
2026-01-25,Olive & Ember Downtown,Lamb shoulder,0.23,kg,Over-prepared
2026-01-25,Olive & Ember Downtown,Salmon fillet,0.36,kg,Over-prepared
2026-01-25,Olive & Ember Downtown,Prawns,0.55,kg,Expired
2026-01-25,Olive & Ember Downtown,Calamari,0.68,kg,Dropped/damaged
2026-01-25,Olive & Ember Downtown,Mozzarella,1.81,kg,Dropped/damaged
2026-01-25,Olive & Ember Downtown,Parmesan,0.14,kg,Spoiled
2026-01-25,Olive & Ember Downtown,Butter,0.46,kg,Expired
2026-01-25,Olive & Ember Downtown,Cream,0.11,l,Dropped/damaged
2026-01-25,Olive & Ember Downtown,Milk,2.27,l,Expired
2026-01-25,Olive & Ember Downtown,Eggs,13,each,Expired
2026-01-25,Olive & Ember Downtown,Mascarpone,0.3,kg,Expired
2026-01-25,Olive & Ember Downtown,Tomatoes,4.47,kg,Expired
2026-01-25,Olive & Ember Downtown,Lettuce,1.56,kg,Spoiled
2026-01-25,Olive & Ember Downtown,Onions,0.48,kg,Spoiled
2026-01-25,Olive & Ember Downtown,Potatoes,7.53,kg,Over-prepared
2026-01-25,Olive & Ember Downtown,Mushrooms,1.15,kg,Expired
2026-01-25,Olive & Ember Downtown,Lemons,0.96,kg,Over-prepared
2026-01-25,Olive & Ember Downtown,Basil,0.07,kg,Spoiled
2026-01-25,Olive & Ember Downtown,Garlic,0.15,kg,Over-prepared
2026-01-25,Olive & Ember Downtown,Pizza flour,0.62,kg,Expired
2026-01-25,Olive & Ember Downtown,Pasta,0.07,kg,Expired
2026-01-25,Olive & Ember Downtown,Olive oil,0.08,l,Expired
2026-01-25,Olive & Ember Downtown,Burger buns,1,each,Dropped/damaged
2026-01-25,Olive & Ember Downtown,Sugar,0.07,kg,Expired
2026-01-25,Olive & Ember Downtown,Coffee beans,0.06,kg,Dropped/damaged
2026-01-25,Olive & Ember Downtown,Lemonade syrup,0.08,l,Expired
2026-02-01,Olive & Ember Downtown,Beef mince,1.04,kg,Over-prepared
2026-02-01,Olive & Ember Downtown,Ribeye steak,0.35,kg,Expired
2026-02-01,Olive & Ember Downtown,Chicken breast,0.58,kg,Expired
2026-02-01,Olive & Ember Downtown,Pork sausage,0.51,kg,Expired
2026-02-01,Olive & Ember Downtown,Lamb shoulder,0.19,kg,Over-prepared
2026-02-01,Olive & Ember Downtown,Salmon fillet,0.44,kg,Expired
2026-02-01,Olive & Ember Downtown,Prawns,0.6,kg,Expired
2026-02-01,Olive & Ember Downtown,Calamari,0.55,kg,Over-prepared
2026-02-01,Olive & Ember Downtown,Mozzarella,2.31,kg,Expired
2026-02-01,Olive & Ember Downtown,Parmesan,0.14,kg,Spoiled
2026-02-01,Olive & Ember Downtown,Butter,0.59,kg,Expired
2026-02-01,Olive & Ember Downtown,Cream,0.16,l,Expired
2026-02-01,Olive & Ember Downtown,Milk,1.75,l,Spoiled
2026-02-01,Olive & Ember Downtown,Eggs,15,each,Expired
2026-02-01,Olive & Ember Downtown,Mascarpone,0.21,kg,Expired
2026-02-01,Olive & Ember Downtown,Tomatoes,3.68,kg,Spoiled
2026-02-01,Olive & Ember Downtown,Lettuce,1.46,kg,Expired
2026-02-01,Olive & Ember Downtown,Onions,0.48,kg,Expired
2026-02-01,Olive & Ember Downtown,Potatoes,10.44,kg,Over-prepared
2026-02-01,Olive & Ember Downtown,Mushrooms,0.93,kg,Over-prepared
2026-02-01,Olive & Ember Downtown,Lemons,1.12,kg,Spoiled
2026-02-01,Olive & Ember Downtown,Basil,0.06,kg,Spoiled
2026-02-01,Olive & Ember Downtown,Garlic,0.13,kg,Over-prepared
2026-02-01,Olive & Ember Downtown,Pizza flour,0.42,kg,Spoiled
2026-02-01,Olive & Ember Downtown,Pasta,0.08,kg,Spoiled
2026-02-01,Olive & Ember Downtown,Olive oil,0.07,l,Spoiled
2026-02-01,Olive & Ember Downtown,Burger buns,1,each,Expired
2026-02-01,Olive & Ember Downtown,Sugar,0.08,kg,Spoiled
2026-02-01,Olive & Ember Downtown,Coffee beans,0.06,kg,Spoiled
2026-02-01,Olive & Ember Downtown,Lemonade syrup,0.08,l,Dropped/damaged
2026-02-08,Olive & Ember Downtown,Beef mince,1.19,kg,Over-prepared
2026-02-08,Olive & Ember Downtown,Ribeye steak,0.35,kg,Over-prepared
2026-02-08,Olive & Ember Downtown,Chicken breast,0.49,kg,Over-prepared
2026-02-08,Olive & Ember Downtown,Pork sausage,0.45,kg,Over-prepared
2026-02-08,Olive & Ember Downtown,Lamb shoulder,0.17,kg,Over-prepared
2026-02-08,Olive & Ember Downtown,Salmon fillet,0.53,kg,Over-prepared
2026-02-08,Olive & Ember Downtown,Prawns,0.54,kg,Expired
2026-02-08,Olive & Ember Downtown,Calamari,0.61,kg,Expired
2026-02-08,Olive & Ember Downtown,Mozzarella,2.03,kg,Expired
2026-02-08,Olive & Ember Downtown,Parmesan,0.13,kg,Spoiled
2026-02-08,Olive & Ember Downtown,Butter,0.49,kg,Expired
2026-02-08,Olive & Ember Downtown,Cream,0.11,l,Spoiled
2026-02-08,Olive & Ember Downtown,Milk,2.11,l,Spoiled
2026-02-08,Olive & Ember Downtown,Eggs,14,each,Expired
2026-02-08,Olive & Ember Downtown,Mascarpone,0.25,kg,Spoiled
2026-02-08,Olive & Ember Downtown,Tomatoes,4.53,kg,Spoiled
2026-02-08,Olive & Ember Downtown,Lettuce,1.62,kg,Spoiled
2026-02-08,Olive & Ember Downtown,Onions,0.44,kg,Spoiled
2026-02-08,Olive & Ember Downtown,Potatoes,8.78,kg,Spoiled
2026-02-08,Olive & Ember Downtown,Mushrooms,0.84,kg,Spoiled
2026-02-08,Olive & Ember Downtown,Lemons,1.07,kg,Spoiled
2026-02-08,Olive & Ember Downtown,Basil,0.06,kg,Spoiled
2026-02-08,Olive & Ember Downtown,Garlic,0.14,kg,Spoiled
2026-02-08,Olive & Ember Downtown,Pizza flour,0.52,kg,Spoiled
2026-02-08,Olive & Ember Downtown,Pasta,0.07,kg,Expired
2026-02-08,Olive & Ember Downtown,Olive oil,0.07,l,Dropped/damaged
2026-02-08,Olive & Ember Downtown,Burger buns,1,each,Dropped/damaged
2026-02-08,Olive & Ember Downtown,Sugar,0.08,kg,Expired
2026-02-08,Olive & Ember Downtown,Coffee beans,0.05,kg,Expired
2026-02-08,Olive & Ember Downtown,Lemonade syrup,0.07,l,Expired
2026-02-15,Olive & Ember Downtown,Beef mince,1.24,kg,Over-prepared
2026-02-15,Olive & Ember Downtown,Ribeye steak,0.43,kg,Expired
2026-02-15,Olive & Ember Downtown,Chicken breast,0.37,kg,Over-prepared
2026-02-15,Olive & Ember Downtown,Pork sausage,0.37,kg,Expired
2026-02-15,Olive & Ember Downtown,Lamb shoulder,0.15,kg,Expired
2026-02-15,Olive & Ember Downtown,Salmon fillet,0.61,kg,Expired
2026-02-15,Olive & Ember Downtown,Prawns,0.69,kg,Expired
2026-02-15,Olive & Ember Downtown,Calamari,0.65,kg,Over-prepared
2026-02-15,Olive & Ember Downtown,Mozzarella,2.05,kg,Spoiled
2026-02-15,Olive & Ember Downtown,Parmesan,0.14,kg,Expired
2026-02-15,Olive & Ember Downtown,Butter,0.53,kg,Expired
2026-02-15,Olive & Ember Downtown,Cream,0.13,l,Dropped/damaged
2026-02-15,Olive & Ember Downtown,Milk,2.33,l,Expired
2026-02-15,Olive & Ember Downtown,Eggs,14,each,Expired
2026-02-15,Olive & Ember Downtown,Mascarpone,0.35,kg,Spoiled
2026-02-15,Olive & Ember Downtown,Tomatoes,3.65,kg,Expired
2026-02-15,Olive & Ember Downtown,Lettuce,1.66,kg,Expired
2026-02-15,Olive & Ember Downtown,Onions,0.45,kg,Over-prepared
2026-02-15,Olive & Ember Downtown,Potatoes,9.59,kg,Spoiled
2026-02-15,Olive & Ember Downtown,Mushrooms,1.09,kg,Expired
2026-02-15,Olive & Ember Downtown,Lemons,1.02,kg,Spoiled
2026-02-15,Olive & Ember Downtown,Basil,0.06,kg,Expired
2026-02-15,Olive & Ember Downtown,Garlic,0.15,kg,Expired
2026-02-15,Olive & Ember Downtown,Pizza flour,0.41,kg,Expired
2026-02-15,Olive & Ember Downtown,Pasta,0.08,kg,Spoiled
2026-02-15,Olive & Ember Downtown,Olive oil,0.08,l,Spoiled
2026-02-15,Olive & Ember Downtown,Burger buns,1,each,Spoiled
2026-02-15,Olive & Ember Downtown,Sugar,0.09,kg,Expired
2026-02-15,Olive & Ember Downtown,Coffee beans,0.06,kg,Spoiled
2026-02-15,Olive & Ember Downtown,Lemonade syrup,0.08,l,Expired
2026-02-22,Olive & Ember Downtown,Beef mince,1.16,kg,Over-prepared
2026-02-22,Olive & Ember Downtown,Ribeye steak,0.41,kg,Expired
2026-02-22,Olive & Ember Downtown,Chicken breast,0.5,kg,Expired
2026-02-22,Olive & Ember Downtown,Pork sausage,0.43,kg,Dropped/damaged
2026-02-22,Olive & Ember Downtown,Lamb shoulder,0.15,kg,Expired
2026-02-22,Olive & Ember Downtown,Salmon fillet,0.6,kg,Over-prepared
2026-02-22,Olive & Ember Downtown,Prawns,0.53,kg,Over-prepared
2026-02-22,Olive & Ember Downtown,Calamari,0.55,kg,Over-prepared
2026-02-22,Olive & Ember Downtown,Mozzarella,1.89,kg,Spoiled
2026-02-22,Olive & Ember Downtown,Parmesan,0.17,kg,Spoiled
2026-02-22,Olive & Ember Downtown,Butter,0.49,kg,Expired
2026-02-22,Olive & Ember Downtown,Cream,0.12,l,Expired
2026-02-22,Olive & Ember Downtown,Milk,1.75,l,Dropped/damaged
2026-02-22,Olive & Ember Downtown,Eggs,14,each,Expired
2026-02-22,Olive & Ember Downtown,Mascarpone,0.3,kg,Spoiled
2026-02-22,Olive & Ember Downtown,Tomatoes,3.45,kg,Over-prepared
2026-02-22,Olive & Ember Downtown,Lettuce,1.72,kg,Spoiled
2026-02-22,Olive & Ember Downtown,Onions,0.47,kg,Expired
2026-02-22,Olive & Ember Downtown,Potatoes,9.42,kg,Over-prepared
2026-02-22,Olive & Ember Downtown,Mushrooms,1.08,kg,Over-prepared
2026-02-22,Olive & Ember Downtown,Lemons,0.82,kg,Spoiled
2026-02-22,Olive & Ember Downtown,Basil,0.06,kg,Spoiled
2026-02-22,Olive & Ember Downtown,Garlic,0.15,kg,Over-prepared
2026-02-22,Olive & Ember Downtown,Pizza flour,0.45,kg,Spoiled
2026-02-22,Olive & Ember Downtown,Pasta,0.05,kg,Expired
2026-02-22,Olive & Ember Downtown,Olive oil,0.08,l,Dropped/damaged
2026-02-22,Olive & Ember Downtown,Sugar,0.07,kg,Expired
2026-02-22,Olive & Ember Downtown,Coffee beans,0.05,kg,Expired
2026-02-22,Olive & Ember Downtown,Lemonade syrup,0.07,l,Expired
2026-03-01,Olive & Ember Downtown,Beef mince,1.11,kg,Over-prepared
2026-03-01,Olive & Ember Downtown,Ribeye steak,0.41,kg,Over-prepared
2026-03-01,Olive & Ember Downtown,Chicken breast,0.56,kg,Over-prepared
2026-03-01,Olive & Ember Downtown,Pork sausage,0.4,kg,Expired
2026-03-01,Olive & Ember Downtown,Lamb shoulder,0.18,kg,Dropped/damaged
2026-03-01,Olive & Ember Downtown,Salmon fillet,0.54,kg,Expired
2026-03-01,Olive & Ember Downtown,Prawns,0.61,kg,Dropped/damaged
2026-03-01,Olive & Ember Downtown,Calamari,0.69,kg,Dropped/damaged
2026-03-01,Olive & Ember Downtown,Mozzarella,1.93,kg,Expired
2026-03-01,Olive & Ember Downtown,Parmesan,0.16,kg,Spoiled
2026-03-01,Olive & Ember Downtown,Butter,0.51,kg,Spoiled
2026-03-01,Olive & Ember Downtown,Cream,0.14,l,Expired
2026-03-01,Olive & Ember Downtown,Milk,2.34,l,Spoiled
2026-03-01,Olive & Ember Downtown,Eggs,14,each,Dropped/damaged
2026-03-01,Olive & Ember Downtown,Mascarpone,0.3,kg,Spoiled
2026-03-01,Olive & Ember Downtown,Tomatoes,4.03,kg,Spoiled
2026-03-01,Olive & Ember Downtown,Lettuce,1.77,kg,Over-prepared
2026-03-01,Olive & Ember Downtown,Onions,0.57,kg,Over-prepared
2026-03-01,Olive & Ember Downtown,Potatoes,10.09,kg,Spoiled
2026-03-01,Olive & Ember Downtown,Mushrooms,0.83,kg,Expired
2026-03-01,Olive & Ember Downtown,Lemons,1.07,kg,Over-prepared
2026-03-01,Olive & Ember Downtown,Basil,0.08,kg,Spoiled
2026-03-01,Olive & Ember Downtown,Garlic,0.19,kg,Spoiled
2026-03-01,Olive & Ember Downtown,Pizza flour,0.56,kg,Expired
2026-03-01,Olive & Ember Downtown,Pasta,0.07,kg,Expired
2026-03-01,Olive & Ember Downtown,Olive oil,0.09,l,Expired
2026-03-01,Olive & Ember Downtown,Burger buns,1,each,Spoiled
2026-03-01,Olive & Ember Downtown,Sugar,0.1,kg,Expired
2026-03-01,Olive & Ember Downtown,Coffee beans,0.06,kg,Expired
2026-03-01,Olive & Ember Downtown,Lemonade syrup,0.08,l,Spoiled
2026-03-08,Olive & Ember Downtown,Beef mince,1.2,kg,Over-prepared
2026-03-08,Olive & Ember Downtown,Ribeye steak,0.41,kg,Over-prepared
2026-03-08,Olive & Ember Downtown,Chicken breast,0.42,kg,Over-prepared
2026-03-08,Olive & Ember Downtown,Pork sausage,0.52,kg,Dropped/damaged
2026-03-08,Olive & Ember Downtown,Lamb shoulder,0.2,kg,Dropped/damaged
2026-03-08,Olive & Ember Downtown,Salmon fillet,0.7,kg,Over-prepared
2026-03-08,Olive & Ember Downtown,Prawns,0.49,kg,Expired
2026-03-08,Olive & Ember Downtown,Calamari,0.74,kg,Expired
2026-03-08,Olive & Ember Downtown,Mozzarella,2.23,kg,Spoiled
2026-03-08,Olive & Ember Downtown,Parmesan,0.18,kg,Spoiled
2026-03-08,Olive & Ember Downtown,Butter,0.49,kg,Dropped/damaged
2026-03-08,Olive & Ember Downtown,Cream,0.11,l,Spoiled
2026-03-08,Olive & Ember Downtown,Milk,2.33,l,Expired
2026-03-08,Olive & Ember Downtown,Eggs,13,each,Expired
2026-03-08,Olive & Ember Downtown,Mascarpone,0.33,kg,Expired
2026-03-08,Olive & Ember Downtown,Tomatoes,4.28,kg,Spoiled
2026-03-08,Olive & Ember Downtown,Lettuce,2,kg,Spoiled
2026-03-08,Olive & Ember Downtown,Onions,0.53,kg,Expired
2026-03-08,Olive & Ember Downtown,Potatoes,10.21,kg,Spoiled
2026-03-08,Olive & Ember Downtown,Mushrooms,1,kg,Spoiled
2026-03-08,Olive & Ember Downtown,Lemons,0.96,kg,Over-prepared
2026-03-08,Olive & Ember Downtown,Basil,0.07,kg,Over-prepared
2026-03-08,Olive & Ember Downtown,Garlic,0.17,kg,Expired
2026-03-08,Olive & Ember Downtown,Pizza flour,0.5,kg,Spoiled
2026-03-08,Olive & Ember Downtown,Pasta,0.08,kg,Spoiled
2026-03-08,Olive & Ember Downtown,Olive oil,0.1,l,Expired
2026-03-08,Olive & Ember Downtown,Burger buns,1,each,Expired
2026-03-08,Olive & Ember Downtown,Sugar,0.09,kg,Expired
2026-03-08,Olive & Ember Downtown,Coffee beans,0.07,kg,Spoiled
2026-03-08,Olive & Ember Downtown,Lemonade syrup,0.08,l,Expired
2026-03-15,Olive & Ember Downtown,Beef mince,1.19,kg,Over-prepared
2026-03-15,Olive & Ember Downtown,Ribeye steak,0.4,kg,Over-prepared
2026-03-15,Olive & Ember Downtown,Chicken breast,0.48,kg,Over-prepared
2026-03-15,Olive & Ember Downtown,Pork sausage,0.46,kg,Expired
2026-03-15,Olive & Ember Downtown,Lamb shoulder,0.18,kg,Expired
2026-03-15,Olive & Ember Downtown,Salmon fillet,0.76,kg,Over-prepared
2026-03-15,Olive & Ember Downtown,Prawns,0.66,kg,Dropped/damaged
2026-03-15,Olive & Ember Downtown,Calamari,0.51,kg,Dropped/damaged
2026-03-15,Olive & Ember Downtown,Mozzarella,2.35,kg,Spoiled
2026-03-15,Olive & Ember Downtown,Parmesan,0.2,kg,Expired
2026-03-15,Olive & Ember Downtown,Butter,0.5,kg,Expired
2026-03-15,Olive & Ember Downtown,Cream,0.14,l,Spoiled
2026-03-15,Olive & Ember Downtown,Milk,2.25,l,Spoiled
2026-03-15,Olive & Ember Downtown,Eggs,14,each,Spoiled
2026-03-15,Olive & Ember Downtown,Mascarpone,0.38,kg,Spoiled
2026-03-15,Olive & Ember Downtown,Tomatoes,4.54,kg,Spoiled
2026-03-15,Olive & Ember Downtown,Lettuce,1.64,kg,Spoiled
2026-03-15,Olive & Ember Downtown,Onions,0.51,kg,Spoiled
2026-03-15,Olive & Ember Downtown,Potatoes,9.22,kg,Spoiled
2026-03-15,Olive & Ember Downtown,Mushrooms,1.16,kg,Spoiled
2026-03-15,Olive & Ember Downtown,Lemons,0.92,kg,Over-prepared
2026-03-15,Olive & Ember Downtown,Basil,0.08,kg,Expired
2026-03-15,Olive & Ember Downtown,Garlic,0.16,kg,Spoiled
2026-03-15,Olive & Ember Downtown,Pizza flour,0.59,kg,Expired
2026-03-15,Olive & Ember Downtown,Pasta,0.07,kg,Expired
2026-03-15,Olive & Ember Downtown,Olive oil,0.1,l,Spoiled
2026-03-15,Olive & Ember Downtown,Burger buns,1,each,Expired
2026-03-15,Olive & Ember Downtown,Sugar,0.08,kg,Spoiled
2026-03-15,Olive & Ember Downtown,Coffee beans,0.06,kg,Expired
2026-03-15,Olive & Ember Downtown,Lemonade syrup,0.07,l,Dropped/damaged
2026-03-22,Olive & Ember Downtown,Beef mince,0.92,kg,Over-prepared
2026-03-22,Olive & Ember Downtown,Ribeye steak,0.33,kg,Expired
2026-03-22,Olive & Ember Downtown,Chicken breast,0.47,kg,Over-prepared
2026-03-22,Olive & Ember Downtown,Pork sausage,0.47,kg,Over-prepared
2026-03-22,Olive & Ember Downtown,Lamb shoulder,0.13,kg,Dropped/damaged
2026-03-22,Olive & Ember Downtown,Salmon fillet,0.59,kg,Over-prepared
2026-03-22,Olive & Ember Downtown,Prawns,0.61,kg,Expired
2026-03-22,Olive & Ember Downtown,Calamari,0.76,kg,Over-prepared
2026-03-22,Olive & Ember Downtown,Mozzarella,2.2,kg,Expired
2026-03-22,Olive & Ember Downtown,Parmesan,0.14,kg,Dropped/damaged
2026-03-22,Olive & Ember Downtown,Butter,0.49,kg,Dropped/damaged
2026-03-22,Olive & Ember Downtown,Cream,0.13,l,Dropped/damaged
2026-03-22,Olive & Ember Downtown,Milk,2.8,l,Expired
2026-03-22,Olive & Ember Downtown,Eggs,13,each,Spoiled
2026-03-22,Olive & Ember Downtown,Mascarpone,0.31,kg,Spoiled
2026-03-22,Olive & Ember Downtown,Tomatoes,3.92,kg,Spoiled
2026-03-22,Olive & Ember Downtown,Lettuce,1.47,kg,Expired
2026-03-22,Olive & Ember Downtown,Onions,0.49,kg,Over-prepared
2026-03-22,Olive & Ember Downtown,Potatoes,10.23,kg,Expired
2026-03-22,Olive & Ember Downtown,Mushrooms,1.03,kg,Spoiled
2026-03-22,Olive & Ember Downtown,Lemons,0.93,kg,Spoiled
2026-03-22,Olive & Ember Downtown,Basil,0.07,kg,Spoiled
2026-03-22,Olive & Ember Downtown,Garlic,0.16,kg,Spoiled
2026-03-22,Olive & Ember Downtown,Pizza flour,0.49,kg,Expired
2026-03-22,Olive & Ember Downtown,Pasta,0.08,kg,Spoiled
2026-03-22,Olive & Ember Downtown,Olive oil,0.09,l,Spoiled
2026-03-22,Olive & Ember Downtown,Burger buns,1,each,Spoiled
2026-03-22,Olive & Ember Downtown,Sugar,0.08,kg,Spoiled
2026-03-22,Olive & Ember Downtown,Coffee beans,0.07,kg,Expired
2026-03-22,Olive & Ember Downtown,Lemonade syrup,0.08,l,Spoiled
2026-03-29,Olive & Ember Downtown,Beef mince,1.14,kg,Expired
2026-03-29,Olive & Ember Downtown,Ribeye steak,0.43,kg,Expired
2026-03-29,Olive & Ember Downtown,Chicken breast,0.49,kg,Dropped/damaged
2026-03-29,Olive & Ember Downtown,Pork sausage,0.52,kg,Expired
2026-03-29,Olive & Ember Downtown,Lamb shoulder,0.19,kg,Over-prepared
2026-03-29,Olive & Ember Downtown,Salmon fillet,0.62,kg,Over-prepared
2026-03-29,Olive & Ember Downtown,Prawns,0.66,kg,Over-prepared
2026-03-29,Olive & Ember Downtown,Calamari,0.57,kg,Over-prepared
2026-03-29,Olive & Ember Downtown,Mozzarella,2.01,kg,Spoiled
2026-03-29,Olive & Ember Downtown,Parmesan,0.16,kg,Spoiled
2026-03-29,Olive & Ember Downtown,Butter,0.64,kg,Expired
2026-03-29,Olive & Ember Downtown,Cream,0.15,l,Spoiled
2026-03-29,Olive & Ember Downtown,Milk,2.34,l,Expired
2026-03-29,Olive & Ember Downtown,Eggs,14,each,Dropped/damaged
2026-03-29,Olive & Ember Downtown,Mascarpone,0.37,kg,Spoiled
2026-03-29,Olive & Ember Downtown,Tomatoes,4.4,kg,Over-prepared
2026-03-29,Olive & Ember Downtown,Lettuce,1.81,kg,Spoiled
2026-03-29,Olive & Ember Downtown,Onions,0.56,kg,Expired
2026-03-29,Olive & Ember Downtown,Potatoes,8.04,kg,Over-prepared
2026-03-29,Olive & Ember Downtown,Mushrooms,1.06,kg,Spoiled
2026-03-29,Olive & Ember Downtown,Lemons,1.06,kg,Spoiled
2026-03-29,Olive & Ember Downtown,Basil,0.07,kg,Spoiled
2026-03-29,Olive & Ember Downtown,Garlic,0.16,kg,Spoiled
2026-03-29,Olive & Ember Downtown,Pizza flour,0.52,kg,Spoiled
2026-03-29,Olive & Ember Downtown,Pasta,0.08,kg,Spoiled
2026-03-29,Olive & Ember Downtown,Olive oil,0.08,l,Dropped/damaged
2026-03-29,Olive & Ember Downtown,Burger buns,1,each,Spoiled
2026-03-29,Olive & Ember Downtown,Sugar,0.09,kg,Expired
2026-03-29,Olive & Ember Downtown,Coffee beans,0.07,kg,Expired
2026-03-29,Olive & Ember Downtown,Lemonade syrup,0.09,l,Spoiled
2026-04-05,Olive & Ember Downtown,Beef mince,1.2,kg,Expired
2026-04-05,Olive & Ember Downtown,Ribeye steak,0.53,kg,Expired
2026-04-05,Olive & Ember Downtown,Chicken breast,0.45,kg,Over-prepared
2026-04-05,Olive & Ember Downtown,Pork sausage,0.52,kg,Over-prepared
2026-04-05,Olive & Ember Downtown,Lamb shoulder,0.21,kg,Over-prepared
2026-04-05,Olive & Ember Downtown,Salmon fillet,0.62,kg,Dropped/damaged
2026-04-05,Olive & Ember Downtown,Prawns,0.58,kg,Over-prepared
2026-04-05,Olive & Ember Downtown,Calamari,0.77,kg,Over-prepared
2026-04-05,Olive & Ember Downtown,Mozzarella,2.31,kg,Expired
2026-04-05,Olive & Ember Downtown,Parmesan,0.17,kg,Expired
2026-04-05,Olive & Ember Downtown,Butter,0.53,kg,Spoiled
2026-04-05,Olive & Ember Downtown,Cream,0.15,l,Dropped/damaged
2026-04-05,Olive & Ember Downtown,Milk,2.47,l,Expired
2026-04-05,Olive & Ember Downtown,Eggs,16,each,Spoiled
2026-04-05,Olive & Ember Downtown,Mascarpone,0.38,kg,Expired
2026-04-05,Olive & Ember Downtown,Tomatoes,3.69,kg,Over-prepared
2026-04-05,Olive & Ember Downtown,Lettuce,1.77,kg,Expired
2026-04-05,Olive & Ember Downtown,Onions,0.49,kg,Spoiled
2026-04-05,Olive & Ember Downtown,Potatoes,9.17,kg,Over-prepared
2026-04-05,Olive & Ember Downtown,Mushrooms,1.22,kg,Spoiled
2026-04-05,Olive & Ember Downtown,Lemons,1.06,kg,Spoiled
2026-04-05,Olive & Ember Downtown,Basil,0.07,kg,Expired
2026-04-05,Olive & Ember Downtown,Garlic,0.17,kg,Over-prepared
2026-04-05,Olive & Ember Downtown,Pizza flour,0.52,kg,Expired
2026-04-05,Olive & Ember Downtown,Pasta,0.08,kg,Expired
2026-04-05,Olive & Ember Downtown,Olive oil,0.07,l,Spoiled
2026-04-05,Olive & Ember Downtown,Burger buns,1,each,Spoiled
2026-04-05,Olive & Ember Downtown,Sugar,0.08,kg,Spoiled
2026-04-05,Olive & Ember Downtown,Coffee beans,0.07,kg,Spoiled
2026-04-05,Olive & Ember Downtown,Lemonade syrup,0.1,l,Expired
2026-04-12,Olive & Ember Downtown,Beef mince,1.28,kg,Expired
2026-04-12,Olive & Ember Downtown,Ribeye steak,0.47,kg,Expired
2026-04-12,Olive & Ember Downtown,Chicken breast,0.63,kg,Dropped/damaged
2026-04-12,Olive & Ember Downtown,Pork sausage,0.47,kg,Over-prepared
2026-04-12,Olive & Ember Downtown,Lamb shoulder,0.27,kg,Expired
2026-04-12,Olive & Ember Downtown,Salmon fillet,0.68,kg,Expired
2026-04-12,Olive & Ember Downtown,Prawns,0.7,kg,Expired
2026-04-12,Olive & Ember Downtown,Calamari,0.58,kg,Over-prepared
2026-04-12,Olive & Ember Downtown,Mozzarella,2.41,kg,Spoiled
2026-04-12,Olive & Ember Downtown,Parmesan,0.24,kg,Expired
2026-04-12,Olive & Ember Downtown,Butter,0.61,kg,Spoiled
2026-04-12,Olive & Ember Downtown,Cream,0.16,l,Expired
2026-04-12,Olive & Ember Downtown,Milk,2.13,l,Expired
2026-04-12,Olive & Ember Downtown,Eggs,14,each,Spoiled
2026-04-12,Olive & Ember Downtown,Mascarpone,0.31,kg,Spoiled
2026-04-12,Olive & Ember Downtown,Tomatoes,4.72,kg,Spoiled
2026-04-12,Olive & Ember Downtown,Lettuce,2.22,kg,Over-prepared
2026-04-12,Olive & Ember Downtown,Onions,0.56,kg,Spoiled
2026-04-12,Olive & Ember Downtown,Potatoes,10,kg,Over-prepared
2026-04-12,Olive & Ember Downtown,Mushrooms,1.22,kg,Spoiled
2026-04-12,Olive & Ember Downtown,Lemons,1.15,kg,Expired
2026-04-12,Olive & Ember Downtown,Basil,0.09,kg,Over-prepared
2026-04-12,Olive & Ember Downtown,Garlic,0.15,kg,Over-prepared
2026-04-12,Olive & Ember Downtown,Pizza flour,0.41,kg,Expired
2026-04-12,Olive & Ember Downtown,Pasta,0.09,kg,Expired
2026-04-12,Olive & Ember Downtown,Olive oil,0.1,l,Expired
2026-04-12,Olive & Ember Downtown,Burger buns,1,each,Spoiled
2026-04-12,Olive & Ember Downtown,Sugar,0.09,kg,Spoiled
2026-04-12,Olive & Ember Downtown,Coffee beans,0.06,kg,Dropped/damaged
2026-04-12,Olive & Ember Downtown,Lemonade syrup,0.09,l,Spoiled
2026-04-19,Olive & Ember Downtown,Beef mince,0.95,kg,Expired
2026-04-19,Olive & Ember Downtown,Ribeye steak,0.32,kg,Over-prepared
2026-04-19,Olive & Ember Downtown,Chicken breast,0.57,kg,Expired
2026-04-19,Olive & Ember Downtown,Pork sausage,0.55,kg,Expired
2026-04-19,Olive & Ember Downtown,Lamb shoulder,0.25,kg,Expired
2026-04-19,Olive & Ember Downtown,Salmon fillet,0.66,kg,Over-prepared
2026-04-19,Olive & Ember Downtown,Prawns,0.76,kg,Expired
2026-04-19,Olive & Ember Downtown,Calamari,0.63,kg,Dropped/damaged
2026-04-19,Olive & Ember Downtown,Mozzarella,2.19,kg,Spoiled
2026-04-19,Olive & Ember Downtown,Parmesan,0.17,kg,Spoiled
2026-04-19,Olive & Ember Downtown,Butter,0.53,kg,Dropped/damaged
2026-04-19,Olive & Ember Downtown,Cream,0.17,l,Expired
2026-04-19,Olive & Ember Downtown,Milk,2.32,l,Expired
2026-04-19,Olive & Ember Downtown,Eggs,16,each,Expired
2026-04-19,Olive & Ember Downtown,Mascarpone,0.42,kg,Spoiled
2026-04-19,Olive & Ember Downtown,Tomatoes,4.84,kg,Over-prepared
2026-04-19,Olive & Ember Downtown,Lettuce,1.77,kg,Spoiled
2026-04-19,Olive & Ember Downtown,Onions,0.56,kg,Spoiled
2026-04-19,Olive & Ember Downtown,Potatoes,10.27,kg,Over-prepared
2026-04-19,Olive & Ember Downtown,Mushrooms,1.09,kg,Spoiled
2026-04-19,Olive & Ember Downtown,Lemons,1.16,kg,Spoiled
2026-04-19,Olive & Ember Downtown,Basil,0.08,kg,Over-prepared
2026-04-19,Olive & Ember Downtown,Garlic,0.16,kg,Over-prepared
2026-04-19,Olive & Ember Downtown,Pizza flour,0.54,kg,Dropped/damaged
2026-04-19,Olive & Ember Downtown,Pasta,0.07,kg,Expired
2026-04-19,Olive & Ember Downtown,Olive oil,0.08,l,Expired
2026-04-19,Olive & Ember Downtown,Sugar,0.1,kg,Dropped/damaged
2026-04-19,Olive & Ember Downtown,Coffee beans,0.07,kg,Spoiled
2026-04-19,Olive & Ember Downtown,Lemonade syrup,0.07,l,Spoiled
2026-04-26,Olive & Ember Downtown,Beef mince,1.08,kg,Dropped/damaged
2026-04-26,Olive & Ember Downtown,Ribeye steak,0.61,kg,Expired
2026-04-26,Olive & Ember Downtown,Chicken breast,0.55,kg,Expired
2026-04-26,Olive & Ember Downtown,Pork sausage,0.45,kg,Expired
2026-04-26,Olive & Ember Downtown,Lamb shoulder,0.29,kg,Expired
2026-04-26,Olive & Ember Downtown,Salmon fillet,0.66,kg,Over-prepared
2026-04-26,Olive & Ember Downtown,Prawns,0.7,kg,Expired
2026-04-26,Olive & Ember Downtown,Calamari,0.71,kg,Expired
2026-04-26,Olive & Ember Downtown,Mozzarella,1.85,kg,Expired
2026-04-26,Olive & Ember Downtown,Parmesan,0.22,kg,Dropped/damaged
2026-04-26,Olive & Ember Downtown,Butter,0.61,kg,Expired
2026-04-26,Olive & Ember Downtown,Cream,0.15,l,Spoiled
2026-04-26,Olive & Ember Downtown,Milk,2.55,l,Dropped/damaged
2026-04-26,Olive & Ember Downtown,Eggs,15,each,Expired
2026-04-26,Olive & Ember Downtown,Mascarpone,0.37,kg,Expired
2026-04-26,Olive & Ember Downtown,Tomatoes,4.64,kg,Over-prepared
2026-04-26,Olive & Ember Downtown,Lettuce,1.92,kg,Spoiled
2026-04-26,Olive & Ember Downtown,Onions,0.52,kg,Expired
2026-04-26,Olive & Ember Downtown,Potatoes,7.84,kg,Expired
2026-04-26,Olive & Ember Downtown,Mushrooms,0.98,kg,Spoiled
2026-04-26,Olive & Ember Downtown,Lemons,1.05,kg,Spoiled
2026-04-26,Olive & Ember Downtown,Basil,0.09,kg,Over-prepared
2026-04-26,Olive & Ember Downtown,Garlic,0.15,kg,Expired
2026-04-26,Olive & Ember Downtown,Pizza flour,0.61,kg,Spoiled
2026-04-26,Olive & Ember Downtown,Pasta,0.1,kg,Spoiled
2026-04-26,Olive & Ember Downtown,Olive oil,0.09,l,Expired
2026-04-26,Olive & Ember Downtown,Burger buns,1,each,Expired
2026-04-26,Olive & Ember Downtown,Sugar,0.08,kg,Dropped/damaged
2026-04-26,Olive & Ember Downtown,Coffee beans,0.08,kg,Expired
2026-04-26,Olive & Ember Downtown,Lemonade syrup,0.07,l,Spoiled
2026-05-03,Olive & Ember Downtown,Beef mince,1.24,kg,Over-prepared
2026-05-03,Olive & Ember Downtown,Ribeye steak,0.43,kg,Expired
2026-05-03,Olive & Ember Downtown,Chicken breast,0.47,kg,Over-prepared
2026-05-03,Olive & Ember Downtown,Pork sausage,0.49,kg,Over-prepared
2026-05-03,Olive & Ember Downtown,Lamb shoulder,0.18,kg,Expired
2026-05-03,Olive & Ember Downtown,Salmon fillet,0.66,kg,Over-prepared
2026-05-03,Olive & Ember Downtown,Prawns,0.63,kg,Over-prepared
2026-05-03,Olive & Ember Downtown,Calamari,0.7,kg,Over-prepared
2026-05-03,Olive & Ember Downtown,Mozzarella,2.62,kg,Expired
2026-05-03,Olive & Ember Downtown,Parmesan,0.19,kg,Spoiled
2026-05-03,Olive & Ember Downtown,Butter,0.65,kg,Expired
2026-05-03,Olive & Ember Downtown,Cream,0.16,l,Dropped/damaged
2026-05-03,Olive & Ember Downtown,Milk,2.85,l,Expired
2026-05-03,Olive & Ember Downtown,Eggs,15,each,Spoiled
2026-05-03,Olive & Ember Downtown,Mascarpone,0.31,kg,Expired
2026-05-03,Olive & Ember Downtown,Tomatoes,4.76,kg,Spoiled
2026-05-03,Olive & Ember Downtown,Lettuce,2.02,kg,Over-prepared
2026-05-03,Olive & Ember Downtown,Onions,0.56,kg,Spoiled
2026-05-03,Olive & Ember Downtown,Potatoes,11.76,kg,Spoiled
2026-05-03,Olive & Ember Downtown,Mushrooms,1.11,kg,Over-prepared
2026-05-03,Olive & Ember Downtown,Lemons,1.05,kg,Spoiled
2026-05-03,Olive & Ember Downtown,Basil,0.1,kg,Spoiled
2026-05-03,Olive & Ember Downtown,Garlic,0.17,kg,Spoiled
2026-05-03,Olive & Ember Downtown,Pizza flour,0.66,kg,Spoiled
2026-05-03,Olive & Ember Downtown,Pasta,0.1,kg,Expired
2026-05-03,Olive & Ember Downtown,Olive oil,0.09,l,Expired
2026-05-03,Olive & Ember Downtown,Burger buns,1,each,Expired
2026-05-03,Olive & Ember Downtown,Sugar,0.08,kg,Expired
2026-05-03,Olive & Ember Downtown,Coffee beans,0.07,kg,Spoiled
2026-05-03,Olive & Ember Downtown,Lemonade syrup,0.08,l,Spoiled
2026-05-10,Olive & Ember Downtown,Beef mince,1.19,kg,Dropped/damaged
2026-05-10,Olive & Ember Downtown,Ribeye steak,0.49,kg,Over-prepared
2026-05-10,Olive & Ember Downtown,Chicken breast,0.55,kg,Over-prepared
2026-05-10,Olive & Ember Downtown,Pork sausage,0.52,kg,Over-prepared
2026-05-10,Olive & Ember Downtown,Lamb shoulder,0.22,kg,Over-prepared
2026-05-10,Olive & Ember Downtown,Salmon fillet,0.72,kg,Expired
2026-05-10,Olive & Ember Downtown,Prawns,0.6,kg,Expired
2026-05-10,Olive & Ember Downtown,Calamari,0.64,kg,Expired
2026-05-10,Olive & Ember Downtown,Mozzarella,2.71,kg,Dropped/damaged
2026-05-10,Olive & Ember Downtown,Parmesan,0.18,kg,Dropped/damaged
2026-05-10,Olive & Ember Downtown,Butter,0.53,kg,Expired
2026-05-10,Olive & Ember Downtown,Cream,0.16,l,Expired
2026-05-10,Olive & Ember Downtown,Milk,2.63,l,Spoiled
2026-05-10,Olive & Ember Downtown,Eggs,17,each,Spoiled
2026-05-10,Olive & Ember Downtown,Mascarpone,0.34,kg,Expired
2026-05-10,Olive & Ember Downtown,Tomatoes,4.51,kg,Over-prepared
2026-05-10,Olive & Ember Downtown,Lettuce,2.09,kg,Spoiled
2026-05-10,Olive & Ember Downtown,Onions,0.5,kg,Over-prepared
2026-05-10,Olive & Ember Downtown,Potatoes,11.45,kg,Over-prepared
2026-05-10,Olive & Ember Downtown,Mushrooms,1.35,kg,Spoiled
2026-05-10,Olive & Ember Downtown,Lemons,0.98,kg,Over-prepared
2026-05-10,Olive & Ember Downtown,Basil,0.08,kg,Over-prepared
2026-05-10,Olive & Ember Downtown,Garlic,0.17,kg,Over-prepared
2026-05-10,Olive & Ember Downtown,Pizza flour,0.52,kg,Spoiled
2026-05-10,Olive & Ember Downtown,Pasta,0.08,kg,Expired
2026-05-10,Olive & Ember Downtown,Olive oil,0.09,l,Expired
2026-05-10,Olive & Ember Downtown,Burger buns,1,each,Expired
2026-05-10,Olive & Ember Downtown,Sugar,0.08,kg,Spoiled
2026-05-10,Olive & Ember Downtown,Coffee beans,0.07,kg,Spoiled
2026-05-10,Olive & Ember Downtown,Lemonade syrup,0.08,l,Spoiled
2026-05-17,Olive & Ember Downtown,Beef mince,1.24,kg,Over-prepared
2026-05-17,Olive & Ember Downtown,Ribeye steak,0.56,kg,Over-prepared
2026-05-17,Olive & Ember Downtown,Chicken breast,0.57,kg,Expired
2026-05-17,Olive & Ember Downtown,Pork sausage,0.5,kg,Over-prepared
2026-05-17,Olive & Ember Downtown,Lamb shoulder,0.2,kg,Expired
2026-05-17,Olive & Ember Downtown,Salmon fillet,0.68,kg,Over-prepared
2026-05-17,Olive & Ember Downtown,Prawns,0.69,kg,Dropped/damaged
2026-05-17,Olive & Ember Downtown,Calamari,0.62,kg,Expired
2026-05-17,Olive & Ember Downtown,Mozzarella,2.38,kg,Spoiled
2026-05-17,Olive & Ember Downtown,Parmesan,0.19,kg,Spoiled
2026-05-17,Olive & Ember Downtown,Butter,0.54,kg,Spoiled
2026-05-17,Olive & Ember Downtown,Cream,0.13,l,Expired
2026-05-17,Olive & Ember Downtown,Milk,2.23,l,Expired
2026-05-17,Olive & Ember Downtown,Eggs,15,each,Expired
2026-05-17,Olive & Ember Downtown,Mascarpone,0.45,kg,Expired
2026-05-17,Olive & Ember Downtown,Tomatoes,5.14,kg,Expired
2026-05-17,Olive & Ember Downtown,Lettuce,2.04,kg,Spoiled
2026-05-17,Olive & Ember Downtown,Onions,0.51,kg,Over-prepared
2026-05-17,Olive & Ember Downtown,Potatoes,9.91,kg,Expired
2026-05-17,Olive & Ember Downtown,Mushrooms,1.23,kg,Over-prepared
2026-05-17,Olive & Ember Downtown,Lemons,1.13,kg,Spoiled
2026-05-17,Olive & Ember Downtown,Basil,0.06,kg,Over-prepared
2026-05-17,Olive & Ember Downtown,Garlic,0.18,kg,Spoiled
2026-05-17,Olive & Ember Downtown,Pizza flour,0.54,kg,Spoiled
2026-05-17,Olive & Ember Downtown,Pasta,0.07,kg,Expired
2026-05-17,Olive & Ember Downtown,Olive oil,0.11,l,Spoiled
2026-05-17,Olive & Ember Downtown,Burger buns,1,each,Spoiled
2026-05-17,Olive & Ember Downtown,Sugar,0.08,kg,Expired
2026-05-17,Olive & Ember Downtown,Coffee beans,0.08,kg,Spoiled
2026-05-17,Olive & Ember Downtown,Lemonade syrup,0.08,l,Expired
2026-05-24,Olive & Ember Downtown,Beef mince,1.21,kg,Expired
2026-05-24,Olive & Ember Downtown,Ribeye steak,0.42,kg,Over-prepared
2026-05-24,Olive & Ember Downtown,Chicken breast,0.51,kg,Over-prepared
2026-05-24,Olive & Ember Downtown,Pork sausage,0.62,kg,Over-prepared
2026-05-24,Olive & Ember Downtown,Lamb shoulder,0.2,kg,Expired
2026-05-24,Olive & Ember Downtown,Salmon fillet,0.55,kg,Over-prepared
2026-05-24,Olive & Ember Downtown,Prawns,0.53,kg,Dropped/damaged
2026-05-24,Olive & Ember Downtown,Calamari,0.65,kg,Expired
2026-05-24,Olive & Ember Downtown,Mozzarella,2.46,kg,Expired
2026-05-24,Olive & Ember Downtown,Parmesan,0.2,kg,Expired
2026-05-24,Olive & Ember Downtown,Butter,0.62,kg,Spoiled
2026-05-24,Olive & Ember Downtown,Cream,0.16,l,Expired
2026-05-24,Olive & Ember Downtown,Milk,2.56,l,Spoiled
2026-05-24,Olive & Ember Downtown,Eggs,16,each,Dropped/damaged
2026-05-24,Olive & Ember Downtown,Mascarpone,0.35,kg,Expired
2026-05-24,Olive & Ember Downtown,Tomatoes,4.47,kg,Spoiled
2026-05-24,Olive & Ember Downtown,Lettuce,1.95,kg,Spoiled
2026-05-24,Olive & Ember Downtown,Onions,0.47,kg,Expired
2026-05-24,Olive & Ember Downtown,Potatoes,11.58,kg,Over-prepared
2026-05-24,Olive & Ember Downtown,Mushrooms,0.98,kg,Spoiled
2026-05-24,Olive & Ember Downtown,Lemons,0.96,kg,Over-prepared
2026-05-24,Olive & Ember Downtown,Basil,0.08,kg,Over-prepared
2026-05-24,Olive & Ember Downtown,Garlic,0.17,kg,Expired
2026-05-24,Olive & Ember Downtown,Pizza flour,0.58,kg,Expired
2026-05-24,Olive & Ember Downtown,Pasta,0.08,kg,Expired
2026-05-24,Olive & Ember Downtown,Olive oil,0.1,l,Dropped/damaged
2026-05-24,Olive & Ember Downtown,Burger buns,1,each,Expired
2026-05-24,Olive & Ember Downtown,Sugar,0.08,kg,Dropped/damaged
2026-05-24,Olive & Ember Downtown,Coffee beans,0.08,kg,Expired
2026-05-24,Olive & Ember Downtown,Lemonade syrup,0.08,l,Spoiled
2026-05-31,Olive & Ember Downtown,Beef mince,1.12,kg,Expired
2026-05-31,Olive & Ember Downtown,Ribeye steak,0.51,kg,Over-prepared
2026-05-31,Olive & Ember Downtown,Chicken breast,0.54,kg,Expired
2026-05-31,Olive & Ember Downtown,Pork sausage,0.52,kg,Over-prepared
2026-05-31,Olive & Ember Downtown,Lamb shoulder,0.19,kg,Dropped/damaged
2026-05-31,Olive & Ember Downtown,Salmon fillet,0.51,kg,Over-prepared
2026-05-31,Olive & Ember Downtown,Prawns,0.55,kg,Over-prepared
2026-05-31,Olive & Ember Downtown,Calamari,0.69,kg,Over-prepared
2026-05-31,Olive & Ember Downtown,Mozzarella,1.99,kg,Spoiled
2026-05-31,Olive & Ember Downtown,Parmesan,0.19,kg,Expired
2026-05-31,Olive & Ember Downtown,Butter,0.62,kg,Spoiled
2026-05-31,Olive & Ember Downtown,Cream,0.15,l,Dropped/damaged
2026-05-31,Olive & Ember Downtown,Milk,2.69,l,Spoiled
2026-05-31,Olive & Ember Downtown,Eggs,16,each,Expired
2026-05-31,Olive & Ember Downtown,Mascarpone,0.33,kg,Expired
2026-05-31,Olive & Ember Downtown,Tomatoes,4.93,kg,Over-prepared
2026-05-31,Olive & Ember Downtown,Lettuce,2.19,kg,Spoiled
2026-05-31,Olive & Ember Downtown,Onions,0.49,kg,Spoiled
2026-05-31,Olive & Ember Downtown,Potatoes,9.69,kg,Expired
2026-05-31,Olive & Ember Downtown,Mushrooms,1.17,kg,Expired
2026-05-31,Olive & Ember Downtown,Lemons,1.01,kg,Expired
2026-05-31,Olive & Ember Downtown,Basil,0.08,kg,Spoiled
2026-05-31,Olive & Ember Downtown,Garlic,0.19,kg,Spoiled
2026-05-31,Olive & Ember Downtown,Pizza flour,0.59,kg,Spoiled
2026-05-31,Olive & Ember Downtown,Pasta,0.08,kg,Expired
2026-05-31,Olive & Ember Downtown,Olive oil,0.09,l,Expired
2026-05-31,Olive & Ember Downtown,Burger buns,1,each,Spoiled
2026-05-31,Olive & Ember Downtown,Sugar,0.08,kg,Spoiled
2026-05-31,Olive & Ember Downtown,Coffee beans,0.07,kg,Expired
2026-05-31,Olive & Ember Downtown,Lemonade syrup,0.09,l,Spoiled
2026-06-07,Olive & Ember Downtown,Beef mince,1.39,kg,Expired
2026-06-07,Olive & Ember Downtown,Ribeye steak,0.47,kg,Over-prepared
2026-06-07,Olive & Ember Downtown,Chicken breast,0.46,kg,Expired
2026-06-07,Olive & Ember Downtown,Pork sausage,0.57,kg,Expired
2026-06-07,Olive & Ember Downtown,Lamb shoulder,0.17,kg,Over-prepared
2026-06-07,Olive & Ember Downtown,Salmon fillet,0.7,kg,Over-prepared
2026-06-07,Olive & Ember Downtown,Prawns,0.66,kg,Expired
2026-06-07,Olive & Ember Downtown,Calamari,0.76,kg,Over-prepared
2026-06-07,Olive & Ember Downtown,Mozzarella,2.41,kg,Spoiled
2026-06-07,Olive & Ember Downtown,Parmesan,0.15,kg,Expired
2026-06-07,Olive & Ember Downtown,Butter,0.56,kg,Expired
2026-06-07,Olive & Ember Downtown,Cream,0.16,l,Spoiled
2026-06-07,Olive & Ember Downtown,Milk,2.23,l,Expired
2026-06-07,Olive & Ember Downtown,Eggs,14,each,Expired
2026-06-07,Olive & Ember Downtown,Mascarpone,0.41,kg,Expired
2026-06-07,Olive & Ember Downtown,Tomatoes,4.71,kg,Expired
2026-06-07,Olive & Ember Downtown,Lettuce,1.91,kg,Spoiled
2026-06-07,Olive & Ember Downtown,Onions,0.53,kg,Over-prepared
2026-06-07,Olive & Ember Downtown,Potatoes,9.77,kg,Expired
2026-06-07,Olive & Ember Downtown,Mushrooms,1.22,kg,Expired
2026-06-07,Olive & Ember Downtown,Lemons,0.93,kg,Over-prepared
2026-06-07,Olive & Ember Downtown,Basil,0.07,kg,Spoiled
2026-06-07,Olive & Ember Downtown,Garlic,0.17,kg,Over-prepared
2026-06-07,Olive & Ember Downtown,Pizza flour,0.57,kg,Expired
2026-06-07,Olive & Ember Downtown,Pasta,0.08,kg,Dropped/damaged
2026-06-07,Olive & Ember Downtown,Olive oil,0.09,l,Spoiled
2026-06-07,Olive & Ember Downtown,Burger buns,1,each,Spoiled
2026-06-07,Olive & Ember Downtown,Sugar,0.08,kg,Dropped/damaged
2026-06-07,Olive & Ember Downtown,Chocolate,0.06,kg,Dropped/damaged
2026-06-07,Olive & Ember Downtown,Coffee beans,0.07,kg,Expired
2026-06-07,Olive & Ember Downtown,Lemonade syrup,0.08,l,Expired
2026-06-14,Olive & Ember Downtown,Beef mince,1.19,kg,Expired
2026-06-14,Olive & Ember Downtown,Ribeye steak,0.45,kg,Over-prepared
2026-06-14,Olive & Ember Downtown,Chicken breast,0.55,kg,Over-prepared
2026-06-14,Olive & Ember Downtown,Pork sausage,0.47,kg,Expired
2026-06-14,Olive & Ember Downtown,Lamb shoulder,0.15,kg,Over-prepared
2026-06-14,Olive & Ember Downtown,Salmon fillet,0.67,kg,Over-prepared
2026-06-14,Olive & Ember Downtown,Prawns,0.66,kg,Expired
2026-06-14,Olive & Ember Downtown,Calamari,0.59,kg,Over-prepared
2026-06-14,Olive & Ember Downtown,Mozzarella,2.57,kg,Spoiled
2026-06-14,Olive & Ember Downtown,Parmesan,0.19,kg,Expired
2026-06-14,Olive & Ember Downtown,Butter,0.56,kg,Expired
2026-06-14,Olive & Ember Downtown,Cream,0.15,l,Expired
2026-06-14,Olive & Ember Downtown,Milk,2.5,l,Expired
2026-06-14,Olive & Ember Downtown,Eggs,15,each,Expired
2026-06-14,Olive & Ember Downtown,Mascarpone,0.33,kg,Expired
2026-06-14,Olive & Ember Downtown,Tomatoes,4.56,kg,Over-prepared
2026-06-14,Olive & Ember Downtown,Lettuce,2.02,kg,Spoiled
2026-06-14,Olive & Ember Downtown,Onions,0.57,kg,Expired
2026-06-14,Olive & Ember Downtown,Potatoes,9.78,kg,Over-prepared
2026-06-14,Olive & Ember Downtown,Mushrooms,1.45,kg,Spoiled
2026-06-14,Olive & Ember Downtown,Lemons,1.03,kg,Spoiled
2026-06-14,Olive & Ember Downtown,Basil,0.08,kg,Spoiled
2026-06-14,Olive & Ember Downtown,Garlic,0.18,kg,Spoiled
2026-06-14,Olive & Ember Downtown,Pizza flour,0.61,kg,Expired
2026-06-14,Olive & Ember Downtown,Pasta,0.07,kg,Spoiled
2026-06-14,Olive & Ember Downtown,Olive oil,0.09,l,Dropped/damaged
2026-06-14,Olive & Ember Downtown,Burger buns,1,each,Spoiled
2026-06-14,Olive & Ember Downtown,Sugar,0.07,kg,Expired
2026-06-14,Olive & Ember Downtown,Coffee beans,0.08,kg,Spoiled
2026-06-14,Olive & Ember Downtown,Lemonade syrup,0.08,l,Dropped/damaged
2026-06-21,Olive & Ember Downtown,Beef mince,1.22,kg,Over-prepared
2026-06-21,Olive & Ember Downtown,Ribeye steak,0.46,kg,Over-prepared
2026-06-21,Olive & Ember Downtown,Chicken breast,0.63,kg,Expired
2026-06-21,Olive & Ember Downtown,Pork sausage,0.46,kg,Over-prepared
2026-06-21,Olive & Ember Downtown,Lamb shoulder,0.18,kg,Expired
2026-06-21,Olive & Ember Downtown,Salmon fillet,0.61,kg,Over-prepared
2026-06-21,Olive & Ember Downtown,Prawns,0.64,kg,Expired
2026-06-21,Olive & Ember Downtown,Calamari,0.64,kg,Over-prepared
2026-06-21,Olive & Ember Downtown,Mozzarella,2.37,kg,Spoiled
2026-06-21,Olive & Ember Downtown,Parmesan,0.16,kg,Expired
2026-06-21,Olive & Ember Downtown,Butter,0.54,kg,Expired
2026-06-21,Olive & Ember Downtown,Cream,0.16,l,Expired
2026-06-21,Olive & Ember Downtown,Milk,2.05,l,Spoiled
2026-06-21,Olive & Ember Downtown,Eggs,14,each,Expired
2026-06-21,Olive & Ember Downtown,Mascarpone,0.26,kg,Expired
2026-06-21,Olive & Ember Downtown,Tomatoes,3.75,kg,Spoiled
2026-06-21,Olive & Ember Downtown,Lettuce,1.97,kg,Spoiled
2026-06-21,Olive & Ember Downtown,Onions,0.56,kg,Expired
2026-06-21,Olive & Ember Downtown,Potatoes,10.91,kg,Spoiled
2026-06-21,Olive & Ember Downtown,Mushrooms,0.93,kg,Over-prepared
2026-06-21,Olive & Ember Downtown,Lemons,1.09,kg,Expired
2026-06-21,Olive & Ember Downtown,Basil,0.08,kg,Spoiled
2026-06-21,Olive & Ember Downtown,Garlic,0.15,kg,Spoiled
2026-06-21,Olive & Ember Downtown,Pizza flour,0.53,kg,Dropped/damaged
2026-06-21,Olive & Ember Downtown,Pasta,0.07,kg,Expired
2026-06-21,Olive & Ember Downtown,Olive oil,0.09,l,Expired
2026-06-21,Olive & Ember Downtown,Burger buns,1,each,Spoiled
2026-06-21,Olive & Ember Downtown,Sugar,0.09,kg,Expired
2026-06-21,Olive & Ember Downtown,Coffee beans,0.07,kg,Expired
2026-06-21,Olive & Ember Downtown,Lemonade syrup,0.08,l,Spoiled
2026-06-28,Olive & Ember Downtown,Beef mince,1.13,kg,Over-prepared
2026-06-28,Olive & Ember Downtown,Ribeye steak,0.44,kg,Over-prepared
2026-06-28,Olive & Ember Downtown,Chicken breast,0.49,kg,Expired
2026-06-28,Olive & Ember Downtown,Pork sausage,0.42,kg,Expired
2026-06-28,Olive & Ember Downtown,Lamb shoulder,0.19,kg,Expired
2026-06-28,Olive & Ember Downtown,Salmon fillet,0.76,kg,Expired
2026-06-28,Olive & Ember Downtown,Prawns,0.65,kg,Expired
2026-06-28,Olive & Ember Downtown,Calamari,0.71,kg,Expired
2026-06-28,Olive & Ember Downtown,Mozzarella,2.3,kg,Expired
2026-06-28,Olive & Ember Downtown,Parmesan,0.17,kg,Spoiled
2026-06-28,Olive & Ember Downtown,Butter,0.58,kg,Spoiled
2026-06-28,Olive & Ember Downtown,Cream,0.16,l,Expired
2026-06-28,Olive & Ember Downtown,Milk,2.82,l,Dropped/damaged
2026-06-28,Olive & Ember Downtown,Eggs,16,each,Expired
2026-06-28,Olive & Ember Downtown,Mascarpone,0.32,kg,Expired
2026-06-28,Olive & Ember Downtown,Tomatoes,4.28,kg,Spoiled
2026-06-28,Olive & Ember Downtown,Lettuce,1.85,kg,Expired
2026-06-28,Olive & Ember Downtown,Onions,0.56,kg,Expired
2026-06-28,Olive & Ember Downtown,Potatoes,9.6,kg,Spoiled
2026-06-28,Olive & Ember Downtown,Mushrooms,1.3,kg,Over-prepared
2026-06-28,Olive & Ember Downtown,Lemons,1.04,kg,Expired
2026-06-28,Olive & Ember Downtown,Basil,0.07,kg,Expired
2026-06-28,Olive & Ember Downtown,Garlic,0.17,kg,Spoiled
2026-06-28,Olive & Ember Downtown,Pizza flour,0.53,kg,Expired
2026-06-28,Olive & Ember Downtown,Pasta,0.1,kg,Expired
2026-06-28,Olive & Ember Downtown,Olive oil,0.1,l,Expired
2026-06-28,Olive & Ember Downtown,Burger buns,1,each,Spoiled
2026-06-28,Olive & Ember Downtown,Sugar,0.09,kg,Spoiled
2026-06-28,Olive & Ember Downtown,Coffee beans,0.08,kg,Expired
2026-06-28,Olive & Ember Downtown,Lemonade syrup,0.08,l,Spoiled
2026-07-05,Olive & Ember Downtown,Beef mince,1.33,kg,Over-prepared
2026-07-05,Olive & Ember Downtown,Ribeye steak,0.36,kg,Over-prepared
2026-07-05,Olive & Ember Downtown,Chicken breast,0.55,kg,Over-prepared
2026-07-05,Olive & Ember Downtown,Pork sausage,0.54,kg,Over-prepared
2026-07-05,Olive & Ember Downtown,Lamb shoulder,0.3,kg,Over-prepared
2026-07-05,Olive & Ember Downtown,Salmon fillet,0.62,kg,Expired
2026-07-05,Olive & Ember Downtown,Prawns,0.58,kg,Expired
2026-07-05,Olive & Ember Downtown,Calamari,0.7,kg,Expired
2026-07-05,Olive & Ember Downtown,Mozzarella,2.31,kg,Expired
2026-07-05,Olive & Ember Downtown,Parmesan,0.19,kg,Expired
2026-07-05,Olive & Ember Downtown,Butter,0.5,kg,Expired
2026-07-05,Olive & Ember Downtown,Cream,0.18,l,Spoiled
2026-07-05,Olive & Ember Downtown,Milk,2.32,l,Expired
2026-07-05,Olive & Ember Downtown,Eggs,17,each,Expired
2026-07-05,Olive & Ember Downtown,Mascarpone,0.3,kg,Expired
2026-07-05,Olive & Ember Downtown,Tomatoes,4.14,kg,Spoiled
2026-07-05,Olive & Ember Downtown,Lettuce,1.77,kg,Expired
2026-07-05,Olive & Ember Downtown,Onions,0.53,kg,Expired
2026-07-05,Olive & Ember Downtown,Potatoes,10.45,kg,Expired
2026-07-05,Olive & Ember Downtown,Mushrooms,1.32,kg,Over-prepared
2026-07-05,Olive & Ember Downtown,Lemons,1.14,kg,Expired
2026-07-05,Olive & Ember Downtown,Basil,0.08,kg,Spoiled
2026-07-05,Olive & Ember Downtown,Garlic,0.17,kg,Spoiled
2026-07-05,Olive & Ember Downtown,Pizza flour,0.54,kg,Expired
2026-07-05,Olive & Ember Downtown,Pasta,0.08,kg,Expired
2026-07-05,Olive & Ember Downtown,Olive oil,0.11,l,Expired
2026-07-05,Olive & Ember Downtown,Burger buns,1,each,Dropped/damaged
2026-07-05,Olive & Ember Downtown,Sugar,0.08,kg,Spoiled
2026-07-05,Olive & Ember Downtown,Coffee beans,0.07,kg,Expired
2026-07-05,Olive & Ember Downtown,Lemonade syrup,0.08,l,Expired
2026-07-12,Olive & Ember Downtown,Beef mince,1.24,kg,Over-prepared
2026-07-12,Olive & Ember Downtown,Ribeye steak,0.35,kg,Expired
2026-07-12,Olive & Ember Downtown,Chicken breast,0.42,kg,Expired
2026-07-12,Olive & Ember Downtown,Pork sausage,0.57,kg,Expired
2026-07-12,Olive & Ember Downtown,Lamb shoulder,0.2,kg,Expired
2026-07-12,Olive & Ember Downtown,Salmon fillet,0.51,kg,Over-prepared
2026-07-12,Olive & Ember Downtown,Prawns,0.71,kg,Over-prepared
2026-07-12,Olive & Ember Downtown,Calamari,0.73,kg,Over-prepared
2026-07-12,Olive & Ember Downtown,Mozzarella,2.23,kg,Expired
2026-07-12,Olive & Ember Downtown,Parmesan,0.16,kg,Spoiled
2026-07-12,Olive & Ember Downtown,Butter,0.61,kg,Spoiled
2026-07-12,Olive & Ember Downtown,Cream,0.15,l,Spoiled
2026-07-12,Olive & Ember Downtown,Milk,1.93,l,Expired
2026-07-12,Olive & Ember Downtown,Eggs,17,each,Expired
2026-07-12,Olive & Ember Downtown,Mascarpone,0.32,kg,Spoiled
2026-07-12,Olive & Ember Downtown,Tomatoes,4.83,kg,Expired
2026-07-12,Olive & Ember Downtown,Lettuce,1.52,kg,Spoiled
2026-07-12,Olive & Ember Downtown,Onions,0.55,kg,Spoiled
2026-07-12,Olive & Ember Downtown,Potatoes,10.88,kg,Over-prepared
2026-07-12,Olive & Ember Downtown,Mushrooms,1.05,kg,Over-prepared
2026-07-12,Olive & Ember Downtown,Lemons,1.13,kg,Expired
2026-07-12,Olive & Ember Downtown,Basil,0.09,kg,Spoiled
2026-07-12,Olive & Ember Downtown,Garlic,0.18,kg,Expired
2026-07-12,Olive & Ember Downtown,Pizza flour,0.54,kg,Spoiled
2026-07-12,Olive & Ember Downtown,Pasta,0.09,kg,Dropped/damaged
2026-07-12,Olive & Ember Downtown,Olive oil,0.1,l,Expired
2026-07-12,Olive & Ember Downtown,Burger buns,1,each,Spoiled
2026-07-12,Olive & Ember Downtown,Sugar,0.08,kg,Spoiled
2026-07-12,Olive & Ember Downtown,Coffee beans,0.07,kg,Dropped/damaged
2026-07-12,Olive & Ember Downtown,Lemonade syrup,0.08,l,Expired
2026-07-19,Olive & Ember Downtown,Beef mince,1.22,kg,Expired
2026-07-19,Olive & Ember Downtown,Ribeye steak,0.32,kg,Expired
2026-07-19,Olive & Ember Downtown,Chicken breast,0.54,kg,Expired
2026-07-19,Olive & Ember Downtown,Pork sausage,0.53,kg,Expired
2026-07-19,Olive & Ember Downtown,Lamb shoulder,0.22,kg,Over-prepared
2026-07-19,Olive & Ember Downtown,Salmon fillet,0.77,kg,Expired
2026-07-19,Olive & Ember Downtown,Prawns,0.61,kg,Over-prepared
2026-07-19,Olive & Ember Downtown,Calamari,0.55,kg,Dropped/damaged
2026-07-19,Olive & Ember Downtown,Mozzarella,2.37,kg,Expired
2026-07-19,Olive & Ember Downtown,Parmesan,0.18,kg,Spoiled
2026-07-19,Olive & Ember Downtown,Butter,0.55,kg,Spoiled
2026-07-19,Olive & Ember Downtown,Cream,0.13,l,Expired
2026-07-19,Olive & Ember Downtown,Milk,2.41,l,Expired
2026-07-19,Olive & Ember Downtown,Eggs,15,each,Dropped/damaged
2026-07-19,Olive & Ember Downtown,Mascarpone,0.31,kg,Expired
2026-07-19,Olive & Ember Downtown,Tomatoes,3.71,kg,Spoiled
2026-07-19,Olive & Ember Downtown,Lettuce,1.84,kg,Spoiled
2026-07-19,Olive & Ember Downtown,Onions,0.52,kg,Expired
2026-07-19,Olive & Ember Downtown,Potatoes,9.21,kg,Spoiled
2026-07-19,Olive & Ember Downtown,Mushrooms,1.11,kg,Spoiled
2026-07-19,Olive & Ember Downtown,Lemons,1.04,kg,Spoiled
2026-07-19,Olive & Ember Downtown,Basil,0.07,kg,Over-prepared
2026-07-19,Olive & Ember Downtown,Garlic,0.18,kg,Spoiled
2026-07-19,Olive & Ember Downtown,Pizza flour,0.58,kg,Spoiled
2026-07-19,Olive & Ember Downtown,Pasta,0.07,kg,Expired
2026-07-19,Olive & Ember Downtown,Olive oil,0.09,l,Dropped/damaged
2026-07-19,Olive & Ember Downtown,Burger buns,1,each,Spoiled
2026-07-19,Olive & Ember Downtown,Sugar,0.09,kg,Expired
2026-07-19,Olive & Ember Downtown,Coffee beans,0.06,kg,Expired
2026-07-19,Olive & Ember Downtown,Lemonade syrup,0.09,l,Spoiled
2026-07-26,Olive & Ember Downtown,Beef mince,1.18,kg,Dropped/damaged
2026-07-26,Olive & Ember Downtown,Ribeye steak,0.33,kg,Expired
2026-07-26,Olive & Ember Downtown,Chicken breast,0.42,kg,Over-prepared
2026-07-26,Olive & Ember Downtown,Pork sausage,0.58,kg,Expired
2026-07-26,Olive & Ember Downtown,Lamb shoulder,0.19,kg,Dropped/damaged
2026-07-26,Olive & Ember Downtown,Salmon fillet,0.6,kg,Over-prepared
2026-07-26,Olive & Ember Downtown,Prawns,0.45,kg,Expired
2026-07-26,Olive & Ember Downtown,Calamari,0.68,kg,Expired
2026-07-26,Olive & Ember Downtown,Mozzarella,2.06,kg,Spoiled
2026-07-26,Olive & Ember Downtown,Parmesan,0.15,kg,Spoiled
2026-07-26,Olive & Ember Downtown,Butter,0.6,kg,Expired
2026-07-26,Olive & Ember Downtown,Cream,0.13,l,Expired
2026-07-26,Olive & Ember Downtown,Milk,2.19,l,Expired
2026-07-26,Olive & Ember Downtown,Eggs,12,each,Dropped/damaged
2026-07-26,Olive & Ember Downtown,Mascarpone,0.3,kg,Expired
2026-07-26,Olive & Ember Downtown,Tomatoes,4.36,kg,Expired
2026-07-26,Olive & Ember Downtown,Lettuce,1.74,kg,Spoiled
2026-07-26,Olive & Ember Downtown,Onions,0.53,kg,Spoiled
2026-07-26,Olive & Ember Downtown,Potatoes,10.96,kg,Over-prepared
2026-07-26,Olive & Ember Downtown,Mushrooms,1.1,kg,Spoiled
2026-07-26,Olive & Ember Downtown,Lemons,0.97,kg,Expired
2026-07-26,Olive & Ember Downtown,Basil,0.07,kg,Expired
2026-07-26,Olive & Ember Downtown,Garlic,0.19,kg,Expired
2026-07-26,Olive & Ember Downtown,Pizza flour,0.48,kg,Expired
2026-07-26,Olive & Ember Downtown,Pasta,0.08,kg,Expired
2026-07-26,Olive & Ember Downtown,Olive oil,0.08,l,Dropped/damaged
2026-07-26,Olive & Ember Downtown,Burger buns,1,each,Dropped/damaged
2026-07-26,Olive & Ember Downtown,Sugar,0.08,kg,Expired
2026-07-26,Olive & Ember Downtown,Coffee beans,0.07,kg,Expired
2026-07-26,Olive & Ember Downtown,Lemonade syrup,0.07,l,Spoiled
2026-08-02,Olive & Ember Downtown,Beef mince,1.2,kg,Over-prepared
2026-08-02,Olive & Ember Downtown,Ribeye steak,0.43,kg,Expired
2026-08-02,Olive & Ember Downtown,Chicken breast,0.6,kg,Over-prepared
2026-08-02,Olive & Ember Downtown,Pork sausage,0.42,kg,Expired
2026-08-02,Olive & Ember Downtown,Lamb shoulder,0.17,kg,Expired
2026-08-02,Olive & Ember Downtown,Salmon fillet,0.54,kg,Over-prepared
2026-08-02,Olive & Ember Downtown,Prawns,0.58,kg,Over-prepared
2026-08-02,Olive & Ember Downtown,Calamari,0.64,kg,Over-prepared
2026-08-02,Olive & Ember Downtown,Mozzarella,2.18,kg,Expired
2026-08-02,Olive & Ember Downtown,Parmesan,0.16,kg,Dropped/damaged
2026-08-02,Olive & Ember Downtown,Butter,0.56,kg,Spoiled
2026-08-02,Olive & Ember Downtown,Cream,0.12,l,Dropped/damaged
2026-08-02,Olive & Ember Downtown,Milk,2.17,l,Dropped/damaged
2026-08-02,Olive & Ember Downtown,Eggs,15,each,Expired
2026-08-02,Olive & Ember Downtown,Mascarpone,0.38,kg,Spoiled
2026-08-02,Olive & Ember Downtown,Tomatoes,4.11,kg,Expired
2026-08-02,Olive & Ember Downtown,Lettuce,1.68,kg,Spoiled
2026-08-02,Olive & Ember Downtown,Onions,0.49,kg,Over-prepared
2026-08-02,Olive & Ember Downtown,Potatoes,9.32,kg,Spoiled
2026-08-02,Olive & Ember Downtown,Mushrooms,1.22,kg,Expired
2026-08-02,Olive & Ember Downtown,Lemons,0.96,kg,Expired
2026-08-02,Olive & Ember Downtown,Basil,0.07,kg,Spoiled
2026-08-02,Olive & Ember Downtown,Garlic,0.15,kg,Over-prepared
2026-08-02,Olive & Ember Downtown,Pizza flour,0.61,kg,Expired
2026-08-02,Olive & Ember Downtown,Pasta,0.09,kg,Spoiled
2026-08-02,Olive & Ember Downtown,Olive oil,0.09,l,Spoiled
2026-08-02,Olive & Ember Downtown,Burger buns,1,each,Expired
2026-08-02,Olive & Ember Downtown,Sugar,0.1,kg,Spoiled
2026-08-02,Olive & Ember Downtown,Coffee beans,0.06,kg,Dropped/damaged
2026-08-02,Olive & Ember Downtown,Lemonade syrup,0.07,l,Spoiled
2026-08-09,Olive & Ember Downtown,Beef mince,1.08,kg,Over-prepared
2026-08-09,Olive & Ember Downtown,Ribeye steak,0.48,kg,Over-prepared
2026-08-09,Olive & Ember Downtown,Chicken breast,0.44,kg,Expired
2026-08-09,Olive & Ember Downtown,Pork sausage,0.47,kg,Expired
2026-08-09,Olive & Ember Downtown,Lamb shoulder,0.18,kg,Expired
2026-08-09,Olive & Ember Downtown,Salmon fillet,0.68,kg,Dropped/damaged
2026-08-09,Olive & Ember Downtown,Prawns,0.67,kg,Over-prepared
2026-08-09,Olive & Ember Downtown,Calamari,0.56,kg,Expired
2026-08-09,Olive & Ember Downtown,Mozzarella,1.9,kg,Expired
2026-08-09,Olive & Ember Downtown,Parmesan,0.16,kg,Expired
2026-08-09,Olive & Ember Downtown,Butter,0.52,kg,Dropped/damaged
2026-08-09,Olive & Ember Downtown,Cream,0.13,l,Expired
2026-08-09,Olive & Ember Downtown,Milk,2.17,l,Dropped/damaged
2026-08-09,Olive & Ember Downtown,Eggs,14,each,Expired
2026-08-09,Olive & Ember Downtown,Mascarpone,0.31,kg,Expired
2026-08-09,Olive & Ember Downtown,Tomatoes,3.18,kg,Expired
2026-08-09,Olive & Ember Downtown,Lettuce,1.97,kg,Spoiled
2026-08-09,Olive & Ember Downtown,Onions,0.55,kg,Over-prepared
2026-08-09,Olive & Ember Downtown,Potatoes,9.43,kg,Over-prepared
2026-08-09,Olive & Ember Downtown,Mushrooms,0.87,kg,Expired
2026-08-09,Olive & Ember Downtown,Lemons,1,kg,Over-prepared
2026-08-09,Olive & Ember Downtown,Basil,0.06,kg,Over-prepared
2026-08-09,Olive & Ember Downtown,Garlic,0.14,kg,Expired
2026-08-09,Olive & Ember Downtown,Pizza flour,0.5,kg,Expired
2026-08-09,Olive & Ember Downtown,Pasta,0.07,kg,Dropped/damaged
2026-08-09,Olive & Ember Downtown,Olive oil,0.07,l,Spoiled
2026-08-09,Olive & Ember Downtown,Sugar,0.08,kg,Spoiled
2026-08-09,Olive & Ember Downtown,Coffee beans,0.06,kg,Expired
2026-08-09,Olive & Ember Downtown,Lemonade syrup,0.06,l,Spoiled
2026-08-16,Olive & Ember Downtown,Beef mince,1.2,kg,Over-prepared
2026-08-16,Olive & Ember Downtown,Ribeye steak,0.41,kg,Expired
2026-08-16,Olive & Ember Downtown,Chicken breast,0.47,kg,Expired
2026-08-16,Olive & Ember Downtown,Pork sausage,0.59,kg,Expired
2026-08-16,Olive & Ember Downtown,Lamb shoulder,0.16,kg,Expired
2026-08-16,Olive & Ember Downtown,Salmon fillet,0.45,kg,Over-prepared
2026-08-16,Olive & Ember Downtown,Prawns,0.47,kg,Over-prepared
2026-08-16,Olive & Ember Downtown,Calamari,0.61,kg,Over-prepared
2026-08-16,Olive & Ember Downtown,Mozzarella,2.04,kg,Spoiled
2026-08-16,Olive & Ember Downtown,Parmesan,0.17,kg,Expired
2026-08-16,Olive & Ember Downtown,Butter,0.53,kg,Expired
2026-08-16,Olive & Ember Downtown,Cream,0.14,l,Dropped/damaged
2026-08-16,Olive & Ember Downtown,Milk,2.31,l,Expired
2026-08-16,Olive & Ember Downtown,Eggs,14,each,Spoiled
2026-08-16,Olive & Ember Downtown,Mascarpone,0.34,kg,Spoiled
2026-08-16,Olive & Ember Downtown,Tomatoes,3.74,kg,Expired
2026-08-16,Olive & Ember Downtown,Lettuce,1.68,kg,Spoiled
2026-08-16,Olive & Ember Downtown,Onions,0.52,kg,Expired
2026-08-16,Olive & Ember Downtown,Potatoes,8.45,kg,Spoiled
2026-08-16,Olive & Ember Downtown,Mushrooms,0.91,kg,Spoiled
2026-08-16,Olive & Ember Downtown,Lemons,1.05,kg,Spoiled
2026-08-16,Olive & Ember Downtown,Basil,0.07,kg,Expired
2026-08-16,Olive & Ember Downtown,Garlic,0.15,kg,Expired
2026-08-16,Olive & Ember Downtown,Pizza flour,0.54,kg,Expired
2026-08-16,Olive & Ember Downtown,Pasta,0.05,kg,Expired
2026-08-16,Olive & Ember Downtown,Olive oil,0.08,l,Expired
2026-08-16,Olive & Ember Downtown,Sugar,0.07,kg,Spoiled
2026-08-16,Olive & Ember Downtown,Coffee beans,0.06,kg,Spoiled
2026-08-16,Olive & Ember Downtown,Lemonade syrup,0.07,l,Expired
2026-08-23,Olive & Ember Downtown,Beef mince,0.95,kg,Over-prepared
2026-08-23,Olive & Ember Downtown,Ribeye steak,0.49,kg,Over-prepared
2026-08-23,Olive & Ember Downtown,Chicken breast,0.46,kg,Expired
2026-08-23,Olive & Ember Downtown,Pork sausage,0.61,kg,Over-prepared
2026-08-23,Olive & Ember Downtown,Lamb shoulder,0.16,kg,Expired
2026-08-23,Olive & Ember Downtown,Salmon fillet,0.67,kg,Expired
2026-08-23,Olive & Ember Downtown,Prawns,0.54,kg,Over-prepared
2026-08-23,Olive & Ember Downtown,Calamari,0.6,kg,Expired
2026-08-23,Olive & Ember Downtown,Mozzarella,1.91,kg,Expired
2026-08-23,Olive & Ember Downtown,Parmesan,0.17,kg,Spoiled
2026-08-23,Olive & Ember Downtown,Butter,0.58,kg,Dropped/damaged
2026-08-23,Olive & Ember Downtown,Cream,0.13,l,Spoiled
2026-08-23,Olive & Ember Downtown,Milk,2.03,l,Expired
2026-08-23,Olive & Ember Downtown,Eggs,12,each,Spoiled
2026-08-23,Olive & Ember Downtown,Mascarpone,0.25,kg,Spoiled
2026-08-23,Olive & Ember Downtown,Tomatoes,4.08,kg,Spoiled
2026-08-23,Olive & Ember Downtown,Lettuce,1.47,kg,Expired
2026-08-23,Olive & Ember Downtown,Onions,0.52,kg,Spoiled
2026-08-23,Olive & Ember Downtown,Potatoes,10.53,kg,Over-prepared
2026-08-23,Olive & Ember Downtown,Mushrooms,0.86,kg,Over-prepared
2026-08-23,Olive & Ember Downtown,Lemons,0.85,kg,Over-prepared
2026-08-23,Olive & Ember Downtown,Basil,0.07,kg,Expired
2026-08-23,Olive & Ember Downtown,Garlic,0.16,kg,Spoiled
2026-08-23,Olive & Ember Downtown,Pizza flour,0.48,kg,Spoiled
2026-08-23,Olive & Ember Downtown,Pasta,0.08,kg,Expired
2026-08-23,Olive & Ember Downtown,Olive oil,0.08,l,Spoiled
2026-08-23,Olive & Ember Downtown,Sugar,0.08,kg,Expired
2026-08-23,Olive & Ember Downtown,Coffee beans,0.07,kg,Expired
2026-08-23,Olive & Ember Downtown,Lemonade syrup,0.06,l,Spoiled
2026-08-30,Olive & Ember Downtown,Beef mince,1.07,kg,Over-prepared
2026-08-30,Olive & Ember Downtown,Ribeye steak,0.32,kg,Expired
2026-08-30,Olive & Ember Downtown,Chicken breast,0.56,kg,Over-prepared
2026-08-30,Olive & Ember Downtown,Pork sausage,0.57,kg,Over-prepared
2026-08-30,Olive & Ember Downtown,Lamb shoulder,0.2,kg,Over-prepared
2026-08-30,Olive & Ember Downtown,Salmon fillet,0.62,kg,Over-prepared
2026-08-30,Olive & Ember Downtown,Prawns,0.56,kg,Over-prepared
2026-08-30,Olive & Ember Downtown,Calamari,0.64,kg,Over-prepared
2026-08-30,Olive & Ember Downtown,Mozzarella,2.02,kg,Expired
2026-08-30,Olive & Ember Downtown,Parmesan,0.17,kg,Expired
2026-08-30,Olive & Ember Downtown,Butter,0.52,kg,Expired
2026-08-30,Olive & Ember Downtown,Cream,0.15,l,Spoiled
2026-08-30,Olive & Ember Downtown,Milk,2.63,l,Expired
2026-08-30,Olive & Ember Downtown,Eggs,14,each,Expired
2026-08-30,Olive & Ember Downtown,Mascarpone,0.29,kg,Expired
2026-08-30,Olive & Ember Downtown,Tomatoes,4.75,kg,Expired
2026-08-30,Olive & Ember Downtown,Lettuce,1.62,kg,Spoiled
2026-08-30,Olive & Ember Downtown,Onions,0.49,kg,Spoiled
2026-08-30,Olive & Ember Downtown,Potatoes,10.26,kg,Expired
2026-08-30,Olive & Ember Downtown,Mushrooms,0.96,kg,Over-prepared
2026-08-30,Olive & Ember Downtown,Lemons,1.09,kg,Expired
2026-08-30,Olive & Ember Downtown,Basil,0.05,kg,Spoiled
2026-08-30,Olive & Ember Downtown,Garlic,0.15,kg,Over-prepared
2026-08-30,Olive & Ember Downtown,Pizza flour,0.52,kg,Expired
2026-08-30,Olive & Ember Downtown,Pasta,0.08,kg,Dropped/damaged
2026-08-30,Olive & Ember Downtown,Olive oil,0.1,l,Spoiled
2026-08-30,Olive & Ember Downtown,Burger buns,1,each,Expired
2026-08-30,Olive & Ember Downtown,Sugar,0.08,kg,Expired
2026-08-30,Olive & Ember Downtown,Coffee beans,0.05,kg,Spoiled
2026-08-30,Olive & Ember Downtown,Lemonade syrup,0.08,l,Expired
2026-08-31,Olive & Ember Downtown,Beef mince,0.09,kg,Over-prepared
2026-08-31,Olive & Ember Downtown,Ribeye steak,0.06,kg,Over-prepared
2026-08-31,Olive & Ember Downtown,Chicken breast,0.06,kg,Over-prepared
2026-08-31,Olive & Ember Downtown,Pork sausage,0.07,kg,Expired
2026-08-31,Olive & Ember Downtown,Prawns,0.06,kg,Over-prepared
2026-08-31,Olive & Ember Downtown,Calamari,0.09,kg,Over-prepared
2026-08-31,Olive & Ember Downtown,Mozzarella,0.24,kg,Expired
2026-08-31,Olive & Ember Downtown,Butter,0.07,kg,Expired
2026-08-31,Olive & Ember Downtown,Milk,0.28,l,Expired
2026-08-31,Olive & Ember Downtown,Tomatoes,0.41,kg,Expired
2026-08-31,Olive & Ember Downtown,Lettuce,0.11,kg,Spoiled
2026-08-31,Olive & Ember Downtown,Onions,0.07,kg,Over-prepared
2026-08-31,Olive & Ember Downtown,Potatoes,1.31,kg,Expired
2026-08-31,Olive & Ember Downtown,Mushrooms,0.08,kg,Over-prepared
2026-08-31,Olive & Ember Downtown,Lemons,0.12,kg,Over-prepared
2025-01-05,Olive & Ember Riverside,Beef mince,0.54,kg,Over-prepared
2025-01-05,Olive & Ember Riverside,Ribeye steak,0.19,kg,Over-prepared
2025-01-05,Olive & Ember Riverside,Chicken breast,0.22,kg,Dropped/damaged
2025-01-05,Olive & Ember Riverside,Pork sausage,0.27,kg,Over-prepared
2025-01-05,Olive & Ember Riverside,Lamb shoulder,0.13,kg,Over-prepared
2025-01-05,Olive & Ember Riverside,Salmon fillet,0.26,kg,Over-prepared
2025-01-05,Olive & Ember Riverside,Prawns,0.3,kg,Expired
2025-01-05,Olive & Ember Riverside,Calamari,0.38,kg,Over-prepared
2025-01-05,Olive & Ember Riverside,Mozzarella,1.04,kg,Spoiled
2025-01-05,Olive & Ember Riverside,Parmesan,0.07,kg,Expired
2025-01-05,Olive & Ember Riverside,Butter,0.21,kg,Expired
2025-01-05,Olive & Ember Riverside,Cream,0.07,l,Spoiled
2025-01-05,Olive & Ember Riverside,Milk,1.2,l,Spoiled
2025-01-05,Olive & Ember Riverside,Eggs,5,each,Spoiled
2025-01-05,Olive & Ember Riverside,Mascarpone,0.16,kg,Expired
2025-01-05,Olive & Ember Riverside,Tomatoes,1.74,kg,Over-prepared
2025-01-05,Olive & Ember Riverside,Lettuce,0.88,kg,Expired
2025-01-05,Olive & Ember Riverside,Onions,0.2,kg,Spoiled
2025-01-05,Olive & Ember Riverside,Potatoes,4.61,kg,Expired
2025-01-05,Olive & Ember Riverside,Mushrooms,0.49,kg,Over-prepared
2025-01-05,Olive & Ember Riverside,Lemons,0.42,kg,Spoiled
2025-01-05,Olive & Ember Riverside,Garlic,0.07,kg,Spoiled
2025-01-05,Olive & Ember Riverside,Pizza flour,0.22,kg,Expired
2025-01-12,Olive & Ember Riverside,Beef mince,0.61,kg,Over-prepared
2025-01-12,Olive & Ember Riverside,Ribeye steak,0.26,kg,Over-prepared
2025-01-12,Olive & Ember Riverside,Chicken breast,0.31,kg,Over-prepared
2025-01-12,Olive & Ember Riverside,Pork sausage,0.25,kg,Over-prepared
2025-01-12,Olive & Ember Riverside,Lamb shoulder,0.13,kg,Over-prepared
2025-01-12,Olive & Ember Riverside,Salmon fillet,0.27,kg,Expired
2025-01-12,Olive & Ember Riverside,Prawns,0.4,kg,Expired
2025-01-12,Olive & Ember Riverside,Calamari,0.45,kg,Expired
2025-01-12,Olive & Ember Riverside,Mozzarella,1.39,kg,Expired
2025-01-12,Olive & Ember Riverside,Parmesan,0.1,kg,Expired
2025-01-12,Olive & Ember Riverside,Butter,0.33,kg,Expired
2025-01-12,Olive & Ember Riverside,Cream,0.07,l,Expired
2025-01-12,Olive & Ember Riverside,Milk,1.37,l,Spoiled
2025-01-12,Olive & Ember Riverside,Eggs,8,each,Dropped/damaged
2025-01-12,Olive & Ember Riverside,Mascarpone,0.14,kg,Spoiled
2025-01-12,Olive & Ember Riverside,Tomatoes,2.4,kg,Spoiled
2025-01-12,Olive & Ember Riverside,Lettuce,1.09,kg,Expired
2025-01-12,Olive & Ember Riverside,Onions,0.27,kg,Spoiled
2025-01-12,Olive & Ember Riverside,Potatoes,5.2,kg,Expired
2025-01-12,Olive & Ember Riverside,Mushrooms,0.63,kg,Over-prepared
2025-01-12,Olive & Ember Riverside,Lemons,0.62,kg,Spoiled
2025-01-12,Olive & Ember Riverside,Garlic,0.1,kg,Spoiled
2025-01-12,Olive & Ember Riverside,Pizza flour,0.35,kg,Expired
2025-01-19,Olive & Ember Riverside,Beef mince,0.75,kg,Over-prepared
2025-01-19,Olive & Ember Riverside,Ribeye steak,0.26,kg,Expired
2025-01-19,Olive & Ember Riverside,Chicken breast,0.35,kg,Expired
2025-01-19,Olive & Ember Riverside,Pork sausage,0.28,kg,Expired
2025-01-19,Olive & Ember Riverside,Lamb shoulder,0.15,kg,Dropped/damaged
2025-01-19,Olive & Ember Riverside,Salmon fillet,0.55,kg,Over-prepared
2025-01-19,Olive & Ember Riverside,Prawns,0.23,kg,Expired
2025-01-19,Olive & Ember Riverside,Calamari,0.38,kg,Over-prepared
2025-01-19,Olive & Ember Riverside,Mozzarella,1.33,kg,Spoiled
2025-01-19,Olive & Ember Riverside,Parmesan,0.1,kg,Spoiled
2025-01-19,Olive & Ember Riverside,Butter,0.34,kg,Spoiled
2025-01-19,Olive & Ember Riverside,Cream,0.1,l,Spoiled
2025-01-19,Olive & Ember Riverside,Milk,1.52,l,Expired
2025-01-19,Olive & Ember Riverside,Eggs,9,each,Expired
2025-01-19,Olive & Ember Riverside,Mascarpone,0.24,kg,Expired
2025-01-19,Olive & Ember Riverside,Tomatoes,2.81,kg,Expired
2025-01-19,Olive & Ember Riverside,Lettuce,1.1,kg,Over-prepared
2025-01-19,Olive & Ember Riverside,Onions,0.24,kg,Expired
2025-01-19,Olive & Ember Riverside,Potatoes,7.05,kg,Spoiled
2025-01-19,Olive & Ember Riverside,Mushrooms,0.73,kg,Spoiled
2025-01-19,Olive & Ember Riverside,Lemons,0.64,kg,Over-prepared
2025-01-19,Olive & Ember Riverside,Garlic,0.1,kg,Spoiled
2025-01-19,Olive & Ember Riverside,Pizza flour,0.37,kg,Expired
2025-01-19,Olive & Ember Riverside,Olive oil,0.05,l,Expired
2025-01-19,Olive & Ember Riverside,Sugar,0.06,kg,Expired
2025-01-19,Olive & Ember Riverside,Lemonade syrup,0.05,l,Spoiled
2025-01-26,Olive & Ember Riverside,Beef mince,0.7,kg,Over-prepared
2025-01-26,Olive & Ember Riverside,Ribeye steak,0.26,kg,Over-prepared
2025-01-26,Olive & Ember Riverside,Chicken breast,0.34,kg,Expired
2025-01-26,Olive & Ember Riverside,Pork sausage,0.26,kg,Expired
2025-01-26,Olive & Ember Riverside,Lamb shoulder,0.13,kg,Dropped/damaged
2025-01-26,Olive & Ember Riverside,Salmon fillet,0.48,kg,Over-prepared
2025-01-26,Olive & Ember Riverside,Prawns,0.39,kg,Dropped/damaged
2025-01-26,Olive & Ember Riverside,Calamari,0.43,kg,Expired
2025-01-26,Olive & Ember Riverside,Mozzarella,1.19,kg,Expired
2025-01-26,Olive & Ember Riverside,Parmesan,0.13,kg,Expired
2025-01-26,Olive & Ember Riverside,Butter,0.38,kg,Expired
2025-01-26,Olive & Ember Riverside,Cream,0.09,l,Expired
2025-01-26,Olive & Ember Riverside,Milk,1.22,l,Spoiled
2025-01-26,Olive & Ember Riverside,Eggs,8,each,Spoiled
2025-01-26,Olive & Ember Riverside,Mascarpone,0.23,kg,Expired
2025-01-26,Olive & Ember Riverside,Tomatoes,2.79,kg,Spoiled
2025-01-26,Olive & Ember Riverside,Lettuce,1.21,kg,Expired
2025-01-26,Olive & Ember Riverside,Onions,0.36,kg,Over-prepared
2025-01-26,Olive & Ember Riverside,Potatoes,6.57,kg,Expired
2025-01-26,Olive & Ember Riverside,Mushrooms,0.76,kg,Spoiled
2025-01-26,Olive & Ember Riverside,Lemons,0.78,kg,Spoiled
2025-01-26,Olive & Ember Riverside,Garlic,0.12,kg,Over-prepared
2025-01-26,Olive & Ember Riverside,Pizza flour,0.29,kg,Expired
2025-01-26,Olive & Ember Riverside,Pasta,0.05,kg,Expired
2025-01-26,Olive & Ember Riverside,Sugar,0.05,kg,Spoiled
2025-02-02,Olive & Ember Riverside,Beef mince,0.69,kg,Over-prepared
2025-02-02,Olive & Ember Riverside,Ribeye steak,0.24,kg,Expired
2025-02-02,Olive & Ember Riverside,Chicken breast,0.33,kg,Expired
2025-02-02,Olive & Ember Riverside,Pork sausage,0.31,kg,Expired
2025-02-02,Olive & Ember Riverside,Lamb shoulder,0.11,kg,Over-prepared
2025-02-02,Olive & Ember Riverside,Salmon fillet,0.34,kg,Dropped/damaged
2025-02-02,Olive & Ember Riverside,Prawns,0.31,kg,Over-prepared
2025-02-02,Olive & Ember Riverside,Calamari,0.3,kg,Expired
2025-02-02,Olive & Ember Riverside,Mozzarella,1.05,kg,Spoiled
2025-02-02,Olive & Ember Riverside,Parmesan,0.09,kg,Spoiled
2025-02-02,Olive & Ember Riverside,Butter,0.28,kg,Dropped/damaged
2025-02-02,Olive & Ember Riverside,Cream,0.08,l,Spoiled
2025-02-02,Olive & Ember Riverside,Milk,1.17,l,Expired
2025-02-02,Olive & Ember Riverside,Eggs,9,each,Spoiled
2025-02-02,Olive & Ember Riverside,Mascarpone,0.24,kg,Expired
2025-02-02,Olive & Ember Riverside,Tomatoes,2.5,kg,Spoiled
2025-02-02,Olive & Ember Riverside,Lettuce,1,kg,Spoiled
2025-02-02,Olive & Ember Riverside,Onions,0.32,kg,Over-prepared
2025-02-02,Olive & Ember Riverside,Potatoes,5.69,kg,Expired
2025-02-02,Olive & Ember Riverside,Mushrooms,0.48,kg,Expired
2025-02-02,Olive & Ember Riverside,Lemons,0.58,kg,Spoiled
2025-02-02,Olive & Ember Riverside,Garlic,0.07,kg,Over-prepared
2025-02-02,Olive & Ember Riverside,Pizza flour,0.25,kg,Dropped/damaged
2025-02-09,Olive & Ember Riverside,Beef mince,0.63,kg,Over-prepared
2025-02-09,Olive & Ember Riverside,Ribeye steak,0.21,kg,Expired
2025-02-09,Olive & Ember Riverside,Chicken breast,0.32,kg,Over-prepared
2025-02-09,Olive & Ember Riverside,Pork sausage,0.26,kg,Expired
2025-02-09,Olive & Ember Riverside,Lamb shoulder,0.13,kg,Expired
2025-02-09,Olive & Ember Riverside,Salmon fillet,0.51,kg,Expired
2025-02-09,Olive & Ember Riverside,Prawns,0.37,kg,Over-prepared
2025-02-09,Olive & Ember Riverside,Calamari,0.38,kg,Expired
2025-02-09,Olive & Ember Riverside,Mozzarella,1.21,kg,Expired
2025-02-09,Olive & Ember Riverside,Parmesan,0.12,kg,Spoiled
2025-02-09,Olive & Ember Riverside,Butter,0.37,kg,Spoiled
2025-02-09,Olive & Ember Riverside,Cream,0.1,l,Expired
2025-02-09,Olive & Ember Riverside,Milk,1.3,l,Expired
2025-02-09,Olive & Ember Riverside,Eggs,10,each,Spoiled
2025-02-09,Olive & Ember Riverside,Mascarpone,0.23,kg,Expired
2025-02-09,Olive & Ember Riverside,Tomatoes,2.39,kg,Over-prepared
2025-02-09,Olive & Ember Riverside,Lettuce,1.09,kg,Over-prepared
2025-02-09,Olive & Ember Riverside,Onions,0.37,kg,Over-prepared
2025-02-09,Olive & Ember Riverside,Potatoes,6.79,kg,Over-prepared
2025-02-09,Olive & Ember Riverside,Mushrooms,0.73,kg,Spoiled
2025-02-09,Olive & Ember Riverside,Lemons,0.66,kg,Spoiled
2025-02-09,Olive & Ember Riverside,Basil,0.05,kg,Spoiled
2025-02-09,Olive & Ember Riverside,Garlic,0.08,kg,Spoiled
2025-02-09,Olive & Ember Riverside,Pizza flour,0.29,kg,Expired
2025-02-09,Olive & Ember Riverside,Pasta,0.05,kg,Dropped/damaged
2025-02-09,Olive & Ember Riverside,Olive oil,0.05,l,Expired
2025-02-16,Olive & Ember Riverside,Beef mince,0.71,kg,Over-prepared
2025-02-16,Olive & Ember Riverside,Ribeye steak,0.19,kg,Over-prepared
2025-02-16,Olive & Ember Riverside,Chicken breast,0.42,kg,Expired
2025-02-16,Olive & Ember Riverside,Pork sausage,0.29,kg,Over-prepared
2025-02-16,Olive & Ember Riverside,Lamb shoulder,0.08,kg,Expired
2025-02-16,Olive & Ember Riverside,Salmon fillet,0.4,kg,Expired
2025-02-16,Olive & Ember Riverside,Prawns,0.34,kg,Over-prepared
2025-02-16,Olive & Ember Riverside,Calamari,0.43,kg,Expired
2025-02-16,Olive & Ember Riverside,Mozzarella,1.22,kg,Expired
2025-02-16,Olive & Ember Riverside,Parmesan,0.11,kg,Expired
2025-02-16,Olive & Ember Riverside,Butter,0.4,kg,Spoiled
2025-02-16,Olive & Ember Riverside,Cream,0.08,l,Dropped/damaged
2025-02-16,Olive & Ember Riverside,Milk,1.43,l,Spoiled
2025-02-16,Olive & Ember Riverside,Eggs,10,each,Expired
2025-02-16,Olive & Ember Riverside,Mascarpone,0.17,kg,Expired
2025-02-16,Olive & Ember Riverside,Tomatoes,2.69,kg,Spoiled
2025-02-16,Olive & Ember Riverside,Lettuce,1.28,kg,Over-prepared
2025-02-16,Olive & Ember Riverside,Onions,0.27,kg,Spoiled
2025-02-16,Olive & Ember Riverside,Potatoes,6.85,kg,Spoiled
2025-02-16,Olive & Ember Riverside,Mushrooms,0.74,kg,Spoiled
2025-02-16,Olive & Ember Riverside,Lemons,0.61,kg,Spoiled
2025-02-16,Olive & Ember Riverside,Garlic,0.1,kg,Spoiled
2025-02-16,Olive & Ember Riverside,Pizza flour,0.32,kg,Dropped/damaged
2025-02-16,Olive & Ember Riverside,Olive oil,0.05,l,Expired
2025-02-23,Olive & Ember Riverside,Beef mince,0.66,kg,Over-prepared
2025-02-23,Olive & Ember Riverside,Ribeye steak,0.26,kg,Expired
2025-02-23,Olive & Ember Riverside,Chicken breast,0.31,kg,Over-prepared
2025-02-23,Olive & Ember Riverside,Pork sausage,0.28,kg,Over-prepared
2025-02-23,Olive & Ember Riverside,Lamb shoulder,0.13,kg,Expired
2025-02-23,Olive & Ember Riverside,Salmon fillet,0.47,kg,Over-prepared
2025-02-23,Olive & Ember Riverside,Prawns,0.29,kg,Expired
2025-02-23,Olive & Ember Riverside,Calamari,0.31,kg,Expired
2025-02-23,Olive & Ember Riverside,Mozzarella,1.49,kg,Expired
2025-02-23,Olive & Ember Riverside,Parmesan,0.1,kg,Expired
2025-02-23,Olive & Ember Riverside,Butter,0.39,kg,Spoiled
2025-02-23,Olive & Ember Riverside,Cream,0.08,l,Spoiled
2025-02-23,Olive & Ember Riverside,Milk,1.39,l,Dropped/damaged
2025-02-23,Olive & Ember Riverside,Eggs,9,each,Expired
2025-02-23,Olive & Ember Riverside,Mascarpone,0.24,kg,Spoiled
2025-02-23,Olive & Ember Riverside,Tomatoes,2.59,kg,Spoiled
2025-02-23,Olive & Ember Riverside,Lettuce,0.96,kg,Spoiled
2025-02-23,Olive & Ember Riverside,Onions,0.4,kg,Over-prepared
2025-02-23,Olive & Ember Riverside,Potatoes,6.25,kg,Over-prepared
2025-02-23,Olive & Ember Riverside,Mushrooms,0.57,kg,Spoiled
2025-02-23,Olive & Ember Riverside,Lemons,0.59,kg,Spoiled
2025-02-23,Olive & Ember Riverside,Garlic,0.1,kg,Over-prepared
2025-02-23,Olive & Ember Riverside,Pizza flour,0.26,kg,Expired
2025-02-23,Olive & Ember Riverside,Olive oil,0.05,l,Expired
2025-02-23,Olive & Ember Riverside,Lemonade syrup,0.05,l,Expired
2025-03-02,Olive & Ember Riverside,Beef mince,0.69,kg,Over-prepared
2025-03-02,Olive & Ember Riverside,Ribeye steak,0.32,kg,Over-prepared
2025-03-02,Olive & Ember Riverside,Chicken breast,0.35,kg,Over-prepared
2025-03-02,Olive & Ember Riverside,Pork sausage,0.28,kg,Expired
2025-03-02,Olive & Ember Riverside,Lamb shoulder,0.15,kg,Over-prepared
2025-03-02,Olive & Ember Riverside,Salmon fillet,0.3,kg,Expired
2025-03-02,Olive & Ember Riverside,Prawns,0.42,kg,Over-prepared
2025-03-02,Olive & Ember Riverside,Calamari,0.35,kg,Over-prepared
2025-03-02,Olive & Ember Riverside,Mozzarella,1.14,kg,Expired
2025-03-02,Olive & Ember Riverside,Parmesan,0.1,kg,Expired
2025-03-02,Olive & Ember Riverside,Butter,0.35,kg,Spoiled
2025-03-02,Olive & Ember Riverside,Cream,0.08,l,Spoiled
2025-03-02,Olive & Ember Riverside,Milk,1.63,l,Expired
2025-03-02,Olive & Ember Riverside,Eggs,9,each,Dropped/damaged
2025-03-02,Olive & Ember Riverside,Mascarpone,0.2,kg,Expired
2025-03-02,Olive & Ember Riverside,Tomatoes,2.23,kg,Spoiled
2025-03-02,Olive & Ember Riverside,Lettuce,0.94,kg,Expired
2025-03-02,Olive & Ember Riverside,Onions,0.28,kg,Spoiled
2025-03-02,Olive & Ember Riverside,Potatoes,5.17,kg,Over-prepared
2025-03-02,Olive & Ember Riverside,Mushrooms,0.55,kg,Over-prepared
2025-03-02,Olive & Ember Riverside,Lemons,0.61,kg,Spoiled
2025-03-02,Olive & Ember Riverside,Garlic,0.1,kg,Spoiled
2025-03-02,Olive & Ember Riverside,Pizza flour,0.35,kg,Spoiled
2025-03-02,Olive & Ember Riverside,Pasta,0.05,kg,Expired
2025-03-02,Olive & Ember Riverside,Olive oil,0.05,l,Spoiled
2025-03-02,Olive & Ember Riverside,Sugar,0.05,kg,Dropped/damaged
2025-03-02,Olive & Ember Riverside,Lemonade syrup,0.05,l,Expired
2025-03-09,Olive & Ember Riverside,Beef mince,1.09,kg,Over-prepared
2025-03-09,Olive & Ember Riverside,Ribeye steak,0.31,kg,Over-prepared
2025-03-09,Olive & Ember Riverside,Chicken breast,0.39,kg,Expired
2025-03-09,Olive & Ember Riverside,Pork sausage,0.26,kg,Over-prepared
2025-03-09,Olive & Ember Riverside,Lamb shoulder,0.18,kg,Over-prepared
2025-03-09,Olive & Ember Riverside,Salmon fillet,0.42,kg,Expired
2025-03-09,Olive & Ember Riverside,Prawns,0.52,kg,Expired
2025-03-09,Olive & Ember Riverside,Calamari,0.52,kg,Over-prepared
2025-03-09,Olive & Ember Riverside,Mozzarella,1.94,kg,Expired
2025-03-09,Olive & Ember Riverside,Parmesan,0.13,kg,Expired
2025-03-09,Olive & Ember Riverside,Butter,0.39,kg,Expired
2025-03-09,Olive & Ember Riverside,Cream,0.11,l,Expired
2025-03-09,Olive & Ember Riverside,Milk,1.59,l,Expired
2025-03-09,Olive & Ember Riverside,Eggs,10,each,Expired
2025-03-09,Olive & Ember Riverside,Mascarpone,0.18,kg,Expired
2025-03-09,Olive & Ember Riverside,Tomatoes,2.58,kg,Over-prepared
2025-03-09,Olive & Ember Riverside,Lettuce,1.63,kg,Spoiled
2025-03-09,Olive & Ember Riverside,Onions,0.47,kg,Over-prepared
2025-03-09,Olive & Ember Riverside,Potatoes,6.3,kg,Over-prepared
2025-03-09,Olive & Ember Riverside,Mushrooms,0.89,kg,Spoiled
2025-03-09,Olive & Ember Riverside,Lemons,0.78,kg,Expired
2025-03-09,Olive & Ember Riverside,Basil,0.05,kg,Over-prepared
2025-03-09,Olive & Ember Riverside,Garlic,0.13,kg,Spoiled
2025-03-09,Olive & Ember Riverside,Pizza flour,0.39,kg,Spoiled
2025-03-09,Olive & Ember Riverside,Pasta,0.07,kg,Spoiled
2025-03-09,Olive & Ember Riverside,Olive oil,0.07,l,Expired
2025-03-09,Olive & Ember Riverside,Burger buns,1,each,Spoiled
2025-03-09,Olive & Ember Riverside,Sugar,0.05,kg,Dropped/damaged
2025-03-09,Olive & Ember Riverside,Lemonade syrup,0.05,l,Expired
2025-03-16,Olive & Ember Riverside,Beef mince,0.82,kg,Over-prepared
2025-03-16,Olive & Ember Riverside,Ribeye steak,0.22,kg,Over-prepared
2025-03-16,Olive & Ember Riverside,Chicken breast,0.38,kg,Expired
2025-03-16,Olive & Ember Riverside,Pork sausage,0.33,kg,Over-prepared
2025-03-16,Olive & Ember Riverside,Lamb shoulder,0.11,kg,Over-prepared
2025-03-16,Olive & Ember Riverside,Salmon fillet,0.34,kg,Expired
2025-03-16,Olive & Ember Riverside,Prawns,0.45,kg,Expired
2025-03-16,Olive & Ember Riverside,Calamari,0.46,kg,Over-prepared
2025-03-16,Olive & Ember Riverside,Mozzarella,1.43,kg,Spoiled
2025-03-16,Olive & Ember Riverside,Parmesan,0.1,kg,Dropped/damaged
2025-03-16,Olive & Ember Riverside,Butter,0.27,kg,Expired
2025-03-16,Olive & Ember Riverside,Cream,0.09,l,Dropped/damaged
2025-03-16,Olive & Ember Riverside,Milk,1.34,l,Expired
2025-03-16,Olive & Ember Riverside,Eggs,11,each,Expired
2025-03-16,Olive & Ember Riverside,Mascarpone,0.2,kg,Expired
2025-03-16,Olive & Ember Riverside,Tomatoes,2.54,kg,Spoiled
2025-03-16,Olive & Ember Riverside,Lettuce,1.11,kg,Spoiled
2025-03-16,Olive & Ember Riverside,Onions,0.27,kg,Over-prepared
2025-03-16,Olive & Ember Riverside,Potatoes,6.54,kg,Over-prepared
2025-03-16,Olive & Ember Riverside,Mushrooms,0.6,kg,Spoiled
2025-03-16,Olive & Ember Riverside,Lemons,0.72,kg,Spoiled
2025-03-16,Olive & Ember Riverside,Garlic,0.09,kg,Over-prepared
2025-03-16,Olive & Ember Riverside,Pizza flour,0.31,kg,Spoiled
2025-03-16,Olive & Ember Riverside,Sugar,0.05,kg,Expired
2025-03-16,Olive & Ember Riverside,Lemonade syrup,0.05,l,Expired
2025-03-23,Olive & Ember Riverside,Beef mince,0.94,kg,Over-prepared
2025-03-23,Olive & Ember Riverside,Ribeye steak,0.26,kg,Expired
2025-03-23,Olive & Ember Riverside,Chicken breast,0.25,kg,Over-prepared
2025-03-23,Olive & Ember Riverside,Pork sausage,0.32,kg,Over-prepared
2025-03-23,Olive & Ember Riverside,Lamb shoulder,0.12,kg,Expired
2025-03-23,Olive & Ember Riverside,Salmon fillet,0.41,kg,Over-prepared
2025-03-23,Olive & Ember Riverside,Prawns,0.41,kg,Expired
2025-03-23,Olive & Ember Riverside,Calamari,0.52,kg,Dropped/damaged
2025-03-23,Olive & Ember Riverside,Mozzarella,1.47,kg,Expired
2025-03-23,Olive & Ember Riverside,Parmesan,0.1,kg,Dropped/damaged
2025-03-23,Olive & Ember Riverside,Butter,0.34,kg,Expired
2025-03-23,Olive & Ember Riverside,Cream,0.09,l,Spoiled
2025-03-23,Olive & Ember Riverside,Milk,1.56,l,Spoiled
2025-03-23,Olive & Ember Riverside,Eggs,9,each,Dropped/damaged
2025-03-23,Olive & Ember Riverside,Mascarpone,0.2,kg,Expired
2025-03-23,Olive & Ember Riverside,Tomatoes,3.05,kg,Expired
2025-03-23,Olive & Ember Riverside,Lettuce,1.37,kg,Expired
2025-03-23,Olive & Ember Riverside,Onions,0.35,kg,Spoiled
2025-03-23,Olive & Ember Riverside,Potatoes,6.53,kg,Spoiled
2025-03-23,Olive & Ember Riverside,Mushrooms,0.65,kg,Spoiled
2025-03-23,Olive & Ember Riverside,Lemons,0.7,kg,Over-prepared
2025-03-23,Olive & Ember Riverside,Garlic,0.1,kg,Over-prepared
2025-03-23,Olive & Ember Riverside,Pizza flour,0.32,kg,Dropped/damaged
2025-03-23,Olive & Ember Riverside,Pasta,0.06,kg,Expired
2025-03-23,Olive & Ember Riverside,Olive oil,0.06,l,Expired
2025-03-23,Olive & Ember Riverside,Coffee beans,0.06,kg,Expired
2025-03-30,Olive & Ember Riverside,Beef mince,0.9,kg,Over-prepared
2025-03-30,Olive & Ember Riverside,Ribeye steak,0.33,kg,Expired
2025-03-30,Olive & Ember Riverside,Chicken breast,0.31,kg,Expired
2025-03-30,Olive & Ember Riverside,Pork sausage,0.34,kg,Dropped/damaged
2025-03-30,Olive & Ember Riverside,Lamb shoulder,0.13,kg,Expired
2025-03-30,Olive & Ember Riverside,Salmon fillet,0.49,kg,Over-prepared
2025-03-30,Olive & Ember Riverside,Prawns,0.41,kg,Expired
2025-03-30,Olive & Ember Riverside,Calamari,0.46,kg,Expired
2025-03-30,Olive & Ember Riverside,Mozzarella,1.76,kg,Spoiled
2025-03-30,Olive & Ember Riverside,Parmesan,0.12,kg,Spoiled
2025-03-30,Olive & Ember Riverside,Butter,0.45,kg,Expired
2025-03-30,Olive & Ember Riverside,Cream,0.1,l,Spoiled
2025-03-30,Olive & Ember Riverside,Milk,1.59,l,Expired
2025-03-30,Olive & Ember Riverside,Eggs,11,each,Expired
2025-03-30,Olive & Ember Riverside,Mascarpone,0.25,kg,Expired
2025-03-30,Olive & Ember Riverside,Tomatoes,2.48,kg,Spoiled
2025-03-30,Olive & Ember Riverside,Lettuce,1.45,kg,Expired
2025-03-30,Olive & Ember Riverside,Onions,0.4,kg,Spoiled
2025-03-30,Olive & Ember Riverside,Potatoes,6.42,kg,Spoiled
2025-03-30,Olive & Ember Riverside,Mushrooms,0.77,kg,Expired
2025-03-30,Olive & Ember Riverside,Lemons,0.76,kg,Spoiled
2025-03-30,Olive & Ember Riverside,Garlic,0.12,kg,Expired
2025-03-30,Olive & Ember Riverside,Pizza flour,0.4,kg,Spoiled
2025-03-30,Olive & Ember Riverside,Pasta,0.05,kg,Expired
2025-03-30,Olive & Ember Riverside,Olive oil,0.06,l,Expired
2025-03-30,Olive & Ember Riverside,Sugar,0.06,kg,Dropped/damaged
2025-03-30,Olive & Ember Riverside,Lemonade syrup,0.05,l,Expired
2025-04-06,Olive & Ember Riverside,Beef mince,0.86,kg,Expired
2025-04-06,Olive & Ember Riverside,Ribeye steak,0.29,kg,Dropped/damaged
2025-04-06,Olive & Ember Riverside,Chicken breast,0.45,kg,Expired
2025-04-06,Olive & Ember Riverside,Pork sausage,0.44,kg,Expired
2025-04-06,Olive & Ember Riverside,Lamb shoulder,0.12,kg,Expired
2025-04-06,Olive & Ember Riverside,Salmon fillet,0.58,kg,Expired
2025-04-06,Olive & Ember Riverside,Prawns,0.42,kg,Expired
2025-04-06,Olive & Ember Riverside,Calamari,0.56,kg,Over-prepared
2025-04-06,Olive & Ember Riverside,Mozzarella,1.62,kg,Spoiled
2025-04-06,Olive & Ember Riverside,Parmesan,0.12,kg,Expired
2025-04-06,Olive & Ember Riverside,Butter,0.36,kg,Expired
2025-04-06,Olive & Ember Riverside,Cream,0.09,l,Spoiled
2025-04-06,Olive & Ember Riverside,Milk,1.87,l,Dropped/damaged
2025-04-06,Olive & Ember Riverside,Eggs,11,each,Spoiled
2025-04-06,Olive & Ember Riverside,Mascarpone,0.22,kg,Expired
2025-04-06,Olive & Ember Riverside,Tomatoes,2.84,kg,Expired
2025-04-06,Olive & Ember Riverside,Lettuce,1.28,kg,Expired
2025-04-06,Olive & Ember Riverside,Onions,0.48,kg,Spoiled
2025-04-06,Olive & Ember Riverside,Potatoes,8.09,kg,Over-prepared
2025-04-06,Olive & Ember Riverside,Mushrooms,0.74,kg,Over-prepared
2025-04-06,Olive & Ember Riverside,Lemons,0.74,kg,Expired
2025-04-06,Olive & Ember Riverside,Garlic,0.11,kg,Spoiled
2025-04-06,Olive & Ember Riverside,Pizza flour,0.38,kg,Expired
2025-04-06,Olive & Ember Riverside,Olive oil,0.07,l,Spoiled
2025-04-06,Olive & Ember Riverside,Sugar,0.06,kg,Expired
2025-04-06,Olive & Ember Riverside,Lemonade syrup,0.05,l,Spoiled
2025-04-13,Olive & Ember Riverside,Beef mince,0.95,kg,Dropped/damaged
2025-04-13,Olive & Ember Riverside,Ribeye steak,0.38,kg,Over-prepared
2025-04-13,Olive & Ember Riverside,Chicken breast,0.37,kg,Expired
2025-04-13,Olive & Ember Riverside,Pork sausage,0.28,kg,Expired
2025-04-13,Olive & Ember Riverside,Lamb shoulder,0.13,kg,Over-prepared
2025-04-13,Olive & Ember Riverside,Salmon fillet,0.49,kg,Expired
2025-04-13,Olive & Ember Riverside,Prawns,0.5,kg,Over-prepared
2025-04-13,Olive & Ember Riverside,Calamari,0.37,kg,Over-prepared
2025-04-13,Olive & Ember Riverside,Mozzarella,1.54,kg,Spoiled
2025-04-13,Olive & Ember Riverside,Parmesan,0.13,kg,Expired
2025-04-13,Olive & Ember Riverside,Butter,0.32,kg,Expired
2025-04-13,Olive & Ember Riverside,Cream,0.08,l,Spoiled
2025-04-13,Olive & Ember Riverside,Milk,1.59,l,Expired
2025-04-13,Olive & Ember Riverside,Eggs,11,each,Expired
2025-04-13,Olive & Ember Riverside,Mascarpone,0.25,kg,Expired
2025-04-13,Olive & Ember Riverside,Tomatoes,3.12,kg,Spoiled
2025-04-13,Olive & Ember Riverside,Lettuce,1.35,kg,Spoiled
2025-04-13,Olive & Ember Riverside,Onions,0.35,kg,Expired
2025-04-13,Olive & Ember Riverside,Potatoes,7.28,kg,Expired
2025-04-13,Olive & Ember Riverside,Mushrooms,0.7,kg,Spoiled
2025-04-13,Olive & Ember Riverside,Lemons,0.84,kg,Spoiled
2025-04-13,Olive & Ember Riverside,Basil,0.05,kg,Spoiled
2025-04-13,Olive & Ember Riverside,Garlic,0.13,kg,Over-prepared
2025-04-13,Olive & Ember Riverside,Pizza flour,0.37,kg,Expired
2025-04-13,Olive & Ember Riverside,Pasta,0.06,kg,Expired
2025-04-13,Olive & Ember Riverside,Olive oil,0.08,l,Spoiled
2025-04-13,Olive & Ember Riverside,Burger buns,1,each,Expired
2025-04-13,Olive & Ember Riverside,Sugar,0.06,kg,Expired
2025-04-13,Olive & Ember Riverside,Coffee beans,0.05,kg,Dropped/damaged
2025-04-13,Olive & Ember Riverside,Lemonade syrup,0.07,l,Spoiled
2025-04-20,Olive & Ember Riverside,Beef mince,0.7,kg,Dropped/damaged
2025-04-20,Olive & Ember Riverside,Ribeye steak,0.29,kg,Over-prepared
2025-04-20,Olive & Ember Riverside,Chicken breast,0.37,kg,Over-prepared
2025-04-20,Olive & Ember Riverside,Pork sausage,0.4,kg,Over-prepared
2025-04-20,Olive & Ember Riverside,Lamb shoulder,0.13,kg,Over-prepared
2025-04-20,Olive & Ember Riverside,Salmon fillet,0.42,kg,Expired
2025-04-20,Olive & Ember Riverside,Prawns,0.44,kg,Expired
2025-04-20,Olive & Ember Riverside,Calamari,0.49,kg,Over-prepared
2025-04-20,Olive & Ember Riverside,Mozzarella,1.64,kg,Spoiled
2025-04-20,Olive & Ember Riverside,Parmesan,0.13,kg,Expired
2025-04-20,Olive & Ember Riverside,Butter,0.33,kg,Expired
2025-04-20,Olive & Ember Riverside,Cream,0.1,l,Expired
2025-04-20,Olive & Ember Riverside,Milk,1.84,l,Spoiled
2025-04-20,Olive & Ember Riverside,Eggs,11,each,Expired
2025-04-20,Olive & Ember Riverside,Mascarpone,0.2,kg,Expired
2025-04-20,Olive & Ember Riverside,Tomatoes,2.87,kg,Expired
2025-04-20,Olive & Ember Riverside,Lettuce,1.47,kg,Spoiled
2025-04-20,Olive & Ember Riverside,Onions,0.3,kg,Over-prepared
2025-04-20,Olive & Ember Riverside,Potatoes,7.27,kg,Spoiled
2025-04-20,Olive & Ember Riverside,Mushrooms,0.77,kg,Spoiled
2025-04-20,Olive & Ember Riverside,Lemons,0.74,kg,Spoiled
2025-04-20,Olive & Ember Riverside,Basil,0.05,kg,Over-prepared
2025-04-20,Olive & Ember Riverside,Garlic,0.13,kg,Spoiled
2025-04-20,Olive & Ember Riverside,Pizza flour,0.41,kg,Dropped/damaged
2025-04-20,Olive & Ember Riverside,Pasta,0.05,kg,Spoiled
2025-04-20,Olive & Ember Riverside,Olive oil,0.08,l,Expired
2025-04-20,Olive & Ember Riverside,Sugar,0.06,kg,Expired
2025-04-20,Olive & Ember Riverside,Lemonade syrup,0.06,l,Expired
2025-04-27,Olive & Ember Riverside,Beef mince,0.96,kg,Expired
2025-04-27,Olive & Ember Riverside,Ribeye steak,0.24,kg,Over-prepared
2025-04-27,Olive & Ember Riverside,Chicken breast,0.33,kg,Expired
2025-04-27,Olive & Ember Riverside,Pork sausage,0.39,kg,Over-prepared
2025-04-27,Olive & Ember Riverside,Lamb shoulder,0.18,kg,Dropped/damaged
2025-04-27,Olive & Ember Riverside,Salmon fillet,0.41,kg,Expired
2025-04-27,Olive & Ember Riverside,Prawns,0.43,kg,Expired
2025-04-27,Olive & Ember Riverside,Calamari,0.55,kg,Over-prepared
2025-04-27,Olive & Ember Riverside,Mozzarella,1.44,kg,Spoiled
2025-04-27,Olive & Ember Riverside,Parmesan,0.13,kg,Spoiled
2025-04-27,Olive & Ember Riverside,Butter,0.35,kg,Spoiled
2025-04-27,Olive & Ember Riverside,Cream,0.09,l,Spoiled
2025-04-27,Olive & Ember Riverside,Milk,1.86,l,Expired
2025-04-27,Olive & Ember Riverside,Eggs,10,each,Expired
2025-04-27,Olive & Ember Riverside,Mascarpone,0.2,kg,Expired
2025-04-27,Olive & Ember Riverside,Tomatoes,3.09,kg,Over-prepared
2025-04-27,Olive & Ember Riverside,Lettuce,1.31,kg,Over-prepared
2025-04-27,Olive & Ember Riverside,Onions,0.34,kg,Expired
2025-04-27,Olive & Ember Riverside,Potatoes,6.65,kg,Spoiled
2025-04-27,Olive & Ember Riverside,Mushrooms,0.84,kg,Spoiled
2025-04-27,Olive & Ember Riverside,Lemons,0.7,kg,Spoiled
2025-04-27,Olive & Ember Riverside,Garlic,0.13,kg,Spoiled
2025-04-27,Olive & Ember Riverside,Pizza flour,0.41,kg,Spoiled
2025-04-27,Olive & Ember Riverside,Pasta,0.05,kg,Spoiled
2025-04-27,Olive & Ember Riverside,Olive oil,0.06,l,Dropped/damaged
2025-04-27,Olive & Ember Riverside,Sugar,0.06,kg,Expired
2025-04-27,Olive & Ember Riverside,Lemonade syrup,0.05,l,Expired
2025-05-04,Olive & Ember Riverside,Beef mince,0.92,kg,Over-prepared
2025-05-04,Olive & Ember Riverside,Ribeye steak,0.36,kg,Over-prepared
2025-05-04,Olive & Ember Riverside,Chicken breast,0.39,kg,Over-prepared
2025-05-04,Olive & Ember Riverside,Pork sausage,0.35,kg,Over-prepared
2025-05-04,Olive & Ember Riverside,Lamb shoulder,0.14,kg,Expired
2025-05-04,Olive & Ember Riverside,Salmon fillet,0.47,kg,Expired
2025-05-04,Olive & Ember Riverside,Prawns,0.54,kg,Over-prepared
2025-05-04,Olive & Ember Riverside,Calamari,0.43,kg,Over-prepared
2025-05-04,Olive & Ember Riverside,Mozzarella,1.59,kg,Spoiled
2025-05-04,Olive & Ember Riverside,Parmesan,0.12,kg,Spoiled
2025-05-04,Olive & Ember Riverside,Butter,0.41,kg,Expired
2025-05-04,Olive & Ember Riverside,Cream,0.12,l,Expired
2025-05-04,Olive & Ember Riverside,Milk,2.07,l,Expired
2025-05-04,Olive & Ember Riverside,Eggs,13,each,Expired
2025-05-04,Olive & Ember Riverside,Mascarpone,0.27,kg,Spoiled
2025-05-04,Olive & Ember Riverside,Tomatoes,3.43,kg,Over-prepared
2025-05-04,Olive & Ember Riverside,Lettuce,1.37,kg,Spoiled
2025-05-04,Olive & Ember Riverside,Onions,0.35,kg,Spoiled
2025-05-04,Olive & Ember Riverside,Potatoes,7.73,kg,Over-prepared
2025-05-04,Olive & Ember Riverside,Mushrooms,0.77,kg,Spoiled
2025-05-04,Olive & Ember Riverside,Lemons,0.87,kg,Expired
2025-05-04,Olive & Ember Riverside,Basil,0.06,kg,Spoiled
2025-05-04,Olive & Ember Riverside,Garlic,0.14,kg,Spoiled
2025-05-04,Olive & Ember Riverside,Pizza flour,0.43,kg,Expired
2025-05-04,Olive & Ember Riverside,Pasta,0.07,kg,Expired
2025-05-04,Olive & Ember Riverside,Olive oil,0.08,l,Expired
2025-05-04,Olive & Ember Riverside,Burger buns,1,each,Expired
2025-05-04,Olive & Ember Riverside,Sugar,0.06,kg,Expired
2025-05-04,Olive & Ember Riverside,Lemonade syrup,0.07,l,Expired
2025-05-11,Olive & Ember Riverside,Beef mince,1.01,kg,Over-prepared
2025-05-11,Olive & Ember Riverside,Ribeye steak,0.39,kg,Over-prepared
2025-05-11,Olive & Ember Riverside,Chicken breast,0.38,kg,Over-prepared
2025-05-11,Olive & Ember Riverside,Pork sausage,0.4,kg,Expired
2025-05-11,Olive & Ember Riverside,Lamb shoulder,0.14,kg,Expired
2025-05-11,Olive & Ember Riverside,Salmon fillet,0.56,kg,Over-prepared
2025-05-11,Olive & Ember Riverside,Prawns,0.54,kg,Expired
2025-05-11,Olive & Ember Riverside,Calamari,0.58,kg,Over-prepared
2025-05-11,Olive & Ember Riverside,Mozzarella,1.95,kg,Spoiled
2025-05-11,Olive & Ember Riverside,Parmesan,0.15,kg,Spoiled
2025-05-11,Olive & Ember Riverside,Butter,0.42,kg,Spoiled
2025-05-11,Olive & Ember Riverside,Cream,0.13,l,Spoiled
2025-05-11,Olive & Ember Riverside,Milk,1.84,l,Expired
2025-05-11,Olive & Ember Riverside,Eggs,11,each,Expired
2025-05-11,Olive & Ember Riverside,Mascarpone,0.29,kg,Expired
2025-05-11,Olive & Ember Riverside,Tomatoes,2.93,kg,Over-prepared
2025-05-11,Olive & Ember Riverside,Lettuce,1.57,kg,Spoiled
2025-05-11,Olive & Ember Riverside,Onions,0.44,kg,Spoiled
2025-05-11,Olive & Ember Riverside,Potatoes,8.45,kg,Spoiled
2025-05-11,Olive & Ember Riverside,Mushrooms,0.88,kg,Spoiled
2025-05-11,Olive & Ember Riverside,Lemons,1.01,kg,Spoiled
2025-05-11,Olive & Ember Riverside,Garlic,0.12,kg,Over-prepared
2025-05-11,Olive & Ember Riverside,Pizza flour,0.36,kg,Expired
2025-05-11,Olive & Ember Riverside,Pasta,0.08,kg,Spoiled
2025-05-11,Olive & Ember Riverside,Olive oil,0.07,l,Expired
2025-05-11,Olive & Ember Riverside,Sugar,0.07,kg,Expired
2025-05-11,Olive & Ember Riverside,Lemonade syrup,0.06,l,Expired
2025-05-18,Olive & Ember Riverside,Beef mince,0.83,kg,Over-prepared
2025-05-18,Olive & Ember Riverside,Ribeye steak,0.38,kg,Over-prepared
2025-05-18,Olive & Ember Riverside,Chicken breast,0.38,kg,Expired
2025-05-18,Olive & Ember Riverside,Pork sausage,0.41,kg,Expired
2025-05-18,Olive & Ember Riverside,Lamb shoulder,0.16,kg,Over-prepared
2025-05-18,Olive & Ember Riverside,Salmon fillet,0.43,kg,Expired
2025-05-18,Olive & Ember Riverside,Prawns,0.51,kg,Over-prepared
2025-05-18,Olive & Ember Riverside,Calamari,0.52,kg,Over-prepared
2025-05-18,Olive & Ember Riverside,Mozzarella,1.93,kg,Expired
2025-05-18,Olive & Ember Riverside,Parmesan,0.13,kg,Spoiled
2025-05-18,Olive & Ember Riverside,Butter,0.34,kg,Spoiled
2025-05-18,Olive & Ember Riverside,Cream,0.12,l,Expired
2025-05-18,Olive & Ember Riverside,Milk,2.1,l,Expired
2025-05-18,Olive & Ember Riverside,Eggs,11,each,Expired
2025-05-18,Olive & Ember Riverside,Mascarpone,0.25,kg,Expired
2025-05-18,Olive & Ember Riverside,Tomatoes,4.07,kg,Expired
2025-05-18,Olive & Ember Riverside,Lettuce,1.36,kg,Expired
2025-05-18,Olive & Ember Riverside,Onions,0.42,kg,Over-prepared
2025-05-18,Olive & Ember Riverside,Potatoes,6.88,kg,Over-prepared
2025-05-18,Olive & Ember Riverside,Mushrooms,0.93,kg,Spoiled
2025-05-18,Olive & Ember Riverside,Lemons,0.95,kg,Over-prepared
2025-05-18,Olive & Ember Riverside,Basil,0.05,kg,Over-prepared
2025-05-18,Olive & Ember Riverside,Garlic,0.13,kg,Over-prepared
2025-05-18,Olive & Ember Riverside,Pizza flour,0.52,kg,Expired
2025-05-18,Olive & Ember Riverside,Pasta,0.06,kg,Expired
2025-05-18,Olive & Ember Riverside,Olive oil,0.07,l,Expired
2025-05-18,Olive & Ember Riverside,Sugar,0.06,kg,Expired
2025-05-18,Olive & Ember Riverside,Coffee beans,0.05,kg,Expired
2025-05-18,Olive & Ember Riverside,Lemonade syrup,0.06,l,Dropped/damaged
2025-05-25,Olive & Ember Riverside,Beef mince,1.21,kg,Over-prepared
2025-05-25,Olive & Ember Riverside,Ribeye steak,0.42,kg,Over-prepared
2025-05-25,Olive & Ember Riverside,Chicken breast,0.53,kg,Over-prepared
2025-05-25,Olive & Ember Riverside,Pork sausage,0.39,kg,Expired
2025-05-25,Olive & Ember Riverside,Lamb shoulder,0.19,kg,Expired
2025-05-25,Olive & Ember Riverside,Salmon fillet,0.51,kg,Over-prepared
2025-05-25,Olive & Ember Riverside,Prawns,0.5,kg,Over-prepared
2025-05-25,Olive & Ember Riverside,Calamari,0.51,kg,Expired
2025-05-25,Olive & Ember Riverside,Mozzarella,1.71,kg,Spoiled
2025-05-25,Olive & Ember Riverside,Parmesan,0.13,kg,Expired
2025-05-25,Olive & Ember Riverside,Butter,0.43,kg,Expired
2025-05-25,Olive & Ember Riverside,Cream,0.09,l,Expired
2025-05-25,Olive & Ember Riverside,Milk,1.51,l,Expired
2025-05-25,Olive & Ember Riverside,Eggs,13,each,Spoiled
2025-05-25,Olive & Ember Riverside,Mascarpone,0.23,kg,Expired
2025-05-25,Olive & Ember Riverside,Tomatoes,2.71,kg,Over-prepared
2025-05-25,Olive & Ember Riverside,Lettuce,1.55,kg,Spoiled
2025-05-25,Olive & Ember Riverside,Onions,0.35,kg,Expired
2025-05-25,Olive & Ember Riverside,Potatoes,7.21,kg,Expired
2025-05-25,Olive & Ember Riverside,Mushrooms,1.03,kg,Spoiled
2025-05-25,Olive & Ember Riverside,Lemons,0.86,kg,Spoiled
2025-05-25,Olive & Ember Riverside,Basil,0.05,kg,Over-prepared
2025-05-25,Olive & Ember Riverside,Garlic,0.13,kg,Spoiled
2025-05-25,Olive & Ember Riverside,Pizza flour,0.37,kg,Spoiled
2025-05-25,Olive & Ember Riverside,Pasta,0.07,kg,Spoiled
2025-05-25,Olive & Ember Riverside,Olive oil,0.06,l,Spoiled
2025-05-25,Olive & Ember Riverside,Sugar,0.07,kg,Expired
2025-05-25,Olive & Ember Riverside,Coffee beans,0.05,kg,Spoiled
2025-05-25,Olive & Ember Riverside,Lemonade syrup,0.07,l,Spoiled
2025-06-01,Olive & Ember Riverside,Beef mince,0.97,kg,Expired
2025-06-01,Olive & Ember Riverside,Ribeye steak,0.38,kg,Expired
2025-06-01,Olive & Ember Riverside,Chicken breast,0.56,kg,Expired
2025-06-01,Olive & Ember Riverside,Pork sausage,0.57,kg,Expired
2025-06-01,Olive & Ember Riverside,Lamb shoulder,0.2,kg,Expired
2025-06-01,Olive & Ember Riverside,Salmon fillet,0.58,kg,Expired
2025-06-01,Olive & Ember Riverside,Prawns,0.62,kg,Expired
2025-06-01,Olive & Ember Riverside,Calamari,0.67,kg,Over-prepared
2025-06-01,Olive & Ember Riverside,Mozzarella,2.02,kg,Expired
2025-06-01,Olive & Ember Riverside,Parmesan,0.17,kg,Spoiled
2025-06-01,Olive & Ember Riverside,Butter,0.54,kg,Expired
2025-06-01,Olive & Ember Riverside,Cream,0.12,l,Spoiled
2025-06-01,Olive & Ember Riverside,Milk,1.88,l,Expired
2025-06-01,Olive & Ember Riverside,Eggs,13,each,Spoiled
2025-06-01,Olive & Ember Riverside,Mascarpone,0.27,kg,Expired
2025-06-01,Olive & Ember Riverside,Tomatoes,3.8,kg,Spoiled
2025-06-01,Olive & Ember Riverside,Lettuce,1.6,kg,Over-prepared
2025-06-01,Olive & Ember Riverside,Onions,0.53,kg,Spoiled
2025-06-01,Olive & Ember Riverside,Potatoes,10.98,kg,Over-prepared
2025-06-01,Olive & Ember Riverside,Mushrooms,1.01,kg,Expired
2025-06-01,Olive & Ember Riverside,Lemons,0.93,kg,Over-prepared
2025-06-01,Olive & Ember Riverside,Basil,0.05,kg,Spoiled
2025-06-01,Olive & Ember Riverside,Garlic,0.13,kg,Spoiled
2025-06-01,Olive & Ember Riverside,Pizza flour,0.5,kg,Spoiled
2025-06-01,Olive & Ember Riverside,Pasta,0.08,kg,Expired
2025-06-01,Olive & Ember Riverside,Olive oil,0.08,l,Expired
2025-06-01,Olive & Ember Riverside,Burger buns,1,each,Spoiled
2025-06-01,Olive & Ember Riverside,Sugar,0.07,kg,Dropped/damaged
2025-06-01,Olive & Ember Riverside,Coffee beans,0.05,kg,Expired
2025-06-01,Olive & Ember Riverside,Lemonade syrup,0.06,l,Expired
2025-06-08,Olive & Ember Riverside,Beef mince,0.96,kg,Over-prepared
2025-06-08,Olive & Ember Riverside,Ribeye steak,0.37,kg,Over-prepared
2025-06-08,Olive & Ember Riverside,Chicken breast,0.48,kg,Expired
2025-06-08,Olive & Ember Riverside,Pork sausage,0.39,kg,Over-prepared
2025-06-08,Olive & Ember Riverside,Lamb shoulder,0.21,kg,Over-prepared
2025-06-08,Olive & Ember Riverside,Salmon fillet,0.75,kg,Expired
2025-06-08,Olive & Ember Riverside,Prawns,0.87,kg,Over-prepared
2025-06-08,Olive & Ember Riverside,Calamari,0.92,kg,Over-prepared
2025-06-08,Olive & Ember Riverside,Mozzarella,2.33,kg,Spoiled
2025-06-08,Olive & Ember Riverside,Parmesan,0.16,kg,Spoiled
2025-06-08,Olive & Ember Riverside,Butter,0.55,kg,Expired
2025-06-08,Olive & Ember Riverside,Cream,0.13,l,Expired
2025-06-08,Olive & Ember Riverside,Milk,1.89,l,Expired
2025-06-08,Olive & Ember Riverside,Eggs,12,each,Spoiled
2025-06-08,Olive & Ember Riverside,Mascarpone,0.26,kg,Expired
2025-06-08,Olive & Ember Riverside,Tomatoes,3.74,kg,Over-prepared
2025-06-08,Olive & Ember Riverside,Lettuce,1.56,kg,Spoiled
2025-06-08,Olive & Ember Riverside,Onions,0.49,kg,Over-prepared
2025-06-08,Olive & Ember Riverside,Potatoes,9.41,kg,Over-prepared
2025-06-08,Olive & Ember Riverside,Mushrooms,1.12,kg,Spoiled
2025-06-08,Olive & Ember Riverside,Lemons,1.09,kg,Spoiled
2025-06-08,Olive & Ember Riverside,Basil,0.08,kg,Over-prepared
2025-06-08,Olive & Ember Riverside,Garlic,0.2,kg,Spoiled
2025-06-08,Olive & Ember Riverside,Pizza flour,0.61,kg,Expired
2025-06-08,Olive & Ember Riverside,Pasta,0.1,kg,Expired
2025-06-08,Olive & Ember Riverside,Olive oil,0.08,l,Spoiled
2025-06-08,Olive & Ember Riverside,Burger buns,1,each,Spoiled
2025-06-08,Olive & Ember Riverside,Sugar,0.08,kg,Dropped/damaged
2025-06-08,Olive & Ember Riverside,Coffee beans,0.05,kg,Dropped/damaged
2025-06-08,Olive & Ember Riverside,Lemonade syrup,0.08,l,Expired
2025-06-15,Olive & Ember Riverside,Beef mince,1.15,kg,Expired
2025-06-15,Olive & Ember Riverside,Ribeye steak,0.38,kg,Dropped/damaged
2025-06-15,Olive & Ember Riverside,Chicken breast,0.51,kg,Over-prepared
2025-06-15,Olive & Ember Riverside,Pork sausage,0.38,kg,Over-prepared
2025-06-15,Olive & Ember Riverside,Lamb shoulder,0.17,kg,Dropped/damaged
2025-06-15,Olive & Ember Riverside,Salmon fillet,1.15,kg,Expired
2025-06-15,Olive & Ember Riverside,Prawns,0.89,kg,Over-prepared
2025-06-15,Olive & Ember Riverside,Calamari,1.05,kg,Expired
2025-06-15,Olive & Ember Riverside,Mozzarella,2.06,kg,Spoiled
2025-06-15,Olive & Ember Riverside,Parmesan,0.15,kg,Spoiled
2025-06-15,Olive & Ember Riverside,Butter,0.54,kg,Dropped/damaged
2025-06-15,Olive & Ember Riverside,Cream,0.15,l,Expired
2025-06-15,Olive & Ember Riverside,Milk,2.14,l,Expired
2025-06-15,Olive & Ember Riverside,Eggs,15,each,Expired
2025-06-15,Olive & Ember Riverside,Mascarpone,0.28,kg,Dropped/damaged
2025-06-15,Olive & Ember Riverside,Tomatoes,4.09,kg,Expired
2025-06-15,Olive & Ember Riverside,Lettuce,2.22,kg,Over-prepared
2025-06-15,Olive & Ember Riverside,Onions,0.46,kg,Spoiled
2025-06-15,Olive & Ember Riverside,Potatoes,9.45,kg,Expired
2025-06-15,Olive & Ember Riverside,Mushrooms,1.12,kg,Over-prepared
2025-06-15,Olive & Ember Riverside,Lemons,1.02,kg,Spoiled
2025-06-15,Olive & Ember Riverside,Basil,0.07,kg,Over-prepared
2025-06-15,Olive & Ember Riverside,Garlic,0.2,kg,Expired
2025-06-15,Olive & Ember Riverside,Pizza flour,0.48,kg,Dropped/damaged
2025-06-15,Olive & Ember Riverside,Pasta,0.09,kg,Expired
2025-06-15,Olive & Ember Riverside,Olive oil,0.08,l,Dropped/damaged
2025-06-15,Olive & Ember Riverside,Burger buns,1,each,Spoiled
2025-06-15,Olive & Ember Riverside,Sugar,0.08,kg,Spoiled
2025-06-15,Olive & Ember Riverside,Coffee beans,0.07,kg,Expired
2025-06-15,Olive & Ember Riverside,Lemonade syrup,0.07,l,Expired
2025-06-22,Olive & Ember Riverside,Beef mince,0.85,kg,Expired
2025-06-22,Olive & Ember Riverside,Ribeye steak,0.39,kg,Dropped/damaged
2025-06-22,Olive & Ember Riverside,Chicken breast,0.48,kg,Over-prepared
2025-06-22,Olive & Ember Riverside,Pork sausage,0.47,kg,Expired
2025-06-22,Olive & Ember Riverside,Lamb shoulder,0.16,kg,Over-prepared
2025-06-22,Olive & Ember Riverside,Salmon fillet,0.87,kg,Dropped/damaged
2025-06-22,Olive & Ember Riverside,Prawns,0.9,kg,Expired
2025-06-22,Olive & Ember Riverside,Calamari,0.85,kg,Expired
2025-06-22,Olive & Ember Riverside,Mozzarella,2.19,kg,Expired
2025-06-22,Olive & Ember Riverside,Parmesan,0.19,kg,Expired
2025-06-22,Olive & Ember Riverside,Butter,0.65,kg,Dropped/damaged
2025-06-22,Olive & Ember Riverside,Cream,0.15,l,Spoiled
2025-06-22,Olive & Ember Riverside,Milk,2.29,l,Spoiled
2025-06-22,Olive & Ember Riverside,Eggs,13,each,Expired
2025-06-22,Olive & Ember Riverside,Mascarpone,0.27,kg,Spoiled
2025-06-22,Olive & Ember Riverside,Tomatoes,4.45,kg,Over-prepared
2025-06-22,Olive & Ember Riverside,Lettuce,1.93,kg,Over-prepared
2025-06-22,Olive & Ember Riverside,Onions,0.43,kg,Spoiled
2025-06-22,Olive & Ember Riverside,Potatoes,9.21,kg,Expired
2025-06-22,Olive & Ember Riverside,Mushrooms,1.12,kg,Over-prepared
2025-06-22,Olive & Ember Riverside,Lemons,1.31,kg,Spoiled
2025-06-22,Olive & Ember Riverside,Basil,0.07,kg,Over-prepared
2025-06-22,Olive & Ember Riverside,Garlic,0.16,kg,Spoiled
2025-06-22,Olive & Ember Riverside,Pizza flour,0.52,kg,Expired
2025-06-22,Olive & Ember Riverside,Pasta,0.08,kg,Expired
2025-06-22,Olive & Ember Riverside,Olive oil,0.1,l,Spoiled
2025-06-22,Olive & Ember Riverside,Burger buns,1,each,Dropped/damaged
2025-06-22,Olive & Ember Riverside,Sugar,0.09,kg,Spoiled
2025-06-22,Olive & Ember Riverside,Coffee beans,0.05,kg,Dropped/damaged
2025-06-22,Olive & Ember Riverside,Lemonade syrup,0.07,l,Expired
2025-06-29,Olive & Ember Riverside,Beef mince,1.05,kg,Over-prepared
2025-06-29,Olive & Ember Riverside,Ribeye steak,0.52,kg,Over-prepared
2025-06-29,Olive & Ember Riverside,Chicken breast,0.45,kg,Expired
2025-06-29,Olive & Ember Riverside,Pork sausage,0.39,kg,Expired
2025-06-29,Olive & Ember Riverside,Lamb shoulder,0.15,kg,Expired
2025-06-29,Olive & Ember Riverside,Salmon fillet,0.8,kg,Over-prepared
2025-06-29,Olive & Ember Riverside,Prawns,0.73,kg,Expired
2025-06-29,Olive & Ember Riverside,Calamari,0.82,kg,Expired
2025-06-29,Olive & Ember Riverside,Mozzarella,1.95,kg,Expired
2025-06-29,Olive & Ember Riverside,Parmesan,0.19,kg,Expired
2025-06-29,Olive & Ember Riverside,Butter,0.44,kg,Dropped/damaged
2025-06-29,Olive & Ember Riverside,Cream,0.16,l,Expired
2025-06-29,Olive & Ember Riverside,Milk,1.95,l,Expired
2025-06-29,Olive & Ember Riverside,Eggs,15,each,Expired
2025-06-29,Olive & Ember Riverside,Mascarpone,0.26,kg,Expired
2025-06-29,Olive & Ember Riverside,Tomatoes,3.87,kg,Spoiled
2025-06-29,Olive & Ember Riverside,Lettuce,1.63,kg,Spoiled
2025-06-29,Olive & Ember Riverside,Onions,0.47,kg,Spoiled
2025-06-29,Olive & Ember Riverside,Potatoes,7.97,kg,Spoiled
2025-06-29,Olive & Ember Riverside,Mushrooms,1.06,kg,Spoiled
2025-06-29,Olive & Ember Riverside,Lemons,0.91,kg,Expired
2025-06-29,Olive & Ember Riverside,Basil,0.07,kg,Expired
2025-06-29,Olive & Ember Riverside,Garlic,0.16,kg,Expired
2025-06-29,Olive & Ember Riverside,Pizza flour,0.54,kg,Expired
2025-06-29,Olive & Ember Riverside,Pasta,0.08,kg,Expired
2025-06-29,Olive & Ember Riverside,Olive oil,0.08,l,Spoiled
2025-06-29,Olive & Ember Riverside,Burger buns,1,each,Expired
2025-06-29,Olive & Ember Riverside,Sugar,0.07,kg,Expired
2025-06-29,Olive & Ember Riverside,Coffee beans,0.06,kg,Spoiled
2025-06-29,Olive & Ember Riverside,Lemonade syrup,0.07,l,Spoiled
2025-07-06,Olive & Ember Riverside,Beef mince,1.09,kg,Expired
2025-07-06,Olive & Ember Riverside,Ribeye steak,0.4,kg,Expired
2025-07-06,Olive & Ember Riverside,Chicken breast,0.39,kg,Over-prepared
2025-07-06,Olive & Ember Riverside,Pork sausage,0.52,kg,Over-prepared
2025-07-06,Olive & Ember Riverside,Lamb shoulder,0.2,kg,Expired
2025-07-06,Olive & Ember Riverside,Salmon fillet,0.8,kg,Expired
2025-07-06,Olive & Ember Riverside,Prawns,0.98,kg,Expired
2025-07-06,Olive & Ember Riverside,Calamari,1.04,kg,Over-prepared
2025-07-06,Olive & Ember Riverside,Mozzarella,2.03,kg,Dropped/damaged
2025-07-06,Olive & Ember Riverside,Parmesan,0.15,kg,Expired
2025-07-06,Olive & Ember Riverside,Butter,0.48,kg,Expired
2025-07-06,Olive & Ember Riverside,Cream,0.12,l,Expired
2025-07-06,Olive & Ember Riverside,Milk,1.86,l,Spoiled
2025-07-06,Olive & Ember Riverside,Eggs,14,each,Expired
2025-07-06,Olive & Ember Riverside,Mascarpone,0.32,kg,Spoiled
2025-07-06,Olive & Ember Riverside,Tomatoes,4.39,kg,Over-prepared
2025-07-06,Olive & Ember Riverside,Lettuce,1.64,kg,Spoiled
2025-07-06,Olive & Ember Riverside,Onions,0.52,kg,Spoiled
2025-07-06,Olive & Ember Riverside,Potatoes,8.69,kg,Over-prepared
2025-07-06,Olive & Ember Riverside,Mushrooms,0.81,kg,Spoiled
2025-07-06,Olive & Ember Riverside,Lemons,1.02,kg,Expired
2025-07-06,Olive & Ember Riverside,Basil,0.07,kg,Expired
2025-07-06,Olive & Ember Riverside,Garlic,0.17,kg,Expired
2025-07-06,Olive & Ember Riverside,Pizza flour,0.5,kg,Expired
2025-07-06,Olive & Ember Riverside,Pasta,0.09,kg,Expired
2025-07-06,Olive & Ember Riverside,Olive oil,0.09,l,Expired
2025-07-06,Olive & Ember Riverside,Burger buns,1,each,Spoiled
2025-07-06,Olive & Ember Riverside,Sugar,0.08,kg,Expired
2025-07-06,Olive & Ember Riverside,Coffee beans,0.06,kg,Spoiled
2025-07-06,Olive & Ember Riverside,Lemonade syrup,0.07,l,Dropped/damaged
2025-07-13,Olive & Ember Riverside,Beef mince,1.23,kg,Expired
2025-07-13,Olive & Ember Riverside,Ribeye steak,0.31,kg,Dropped/damaged
2025-07-13,Olive & Ember Riverside,Chicken breast,0.57,kg,Expired
2025-07-13,Olive & Ember Riverside,Pork sausage,0.48,kg,Over-prepared
2025-07-13,Olive & Ember Riverside,Lamb shoulder,0.18,kg,Expired
2025-07-13,Olive & Ember Riverside,Salmon fillet,0.78,kg,Expired
2025-07-13,Olive & Ember Riverside,Prawns,0.88,kg,Expired
2025-07-13,Olive & Ember Riverside,Calamari,0.84,kg,Over-prepared
2025-07-13,Olive & Ember Riverside,Mozzarella,2.54,kg,Expired
2025-07-13,Olive & Ember Riverside,Parmesan,0.15,kg,Dropped/damaged
2025-07-13,Olive & Ember Riverside,Butter,0.48,kg,Spoiled
2025-07-13,Olive & Ember Riverside,Cream,0.13,l,Dropped/damaged
2025-07-13,Olive & Ember Riverside,Milk,2.42,l,Expired
2025-07-13,Olive & Ember Riverside,Eggs,15,each,Spoiled
2025-07-13,Olive & Ember Riverside,Mascarpone,0.26,kg,Spoiled
2025-07-13,Olive & Ember Riverside,Tomatoes,4.28,kg,Expired
2025-07-13,Olive & Ember Riverside,Lettuce,1.53,kg,Over-prepared
2025-07-13,Olive & Ember Riverside,Onions,0.52,kg,Spoiled
2025-07-13,Olive & Ember Riverside,Potatoes,10.1,kg,Over-prepared
2025-07-13,Olive & Ember Riverside,Mushrooms,0.91,kg,Spoiled
2025-07-13,Olive & Ember Riverside,Lemons,1.09,kg,Spoiled
2025-07-13,Olive & Ember Riverside,Basil,0.09,kg,Spoiled
2025-07-13,Olive & Ember Riverside,Garlic,0.17,kg,Spoiled
2025-07-13,Olive & Ember Riverside,Pizza flour,0.55,kg,Expired
2025-07-13,Olive & Ember Riverside,Pasta,0.1,kg,Expired
2025-07-13,Olive & Ember Riverside,Olive oil,0.11,l,Spoiled
2025-07-13,Olive & Ember Riverside,Burger buns,1,each,Spoiled
2025-07-13,Olive & Ember Riverside,Sugar,0.08,kg,Spoiled
2025-07-13,Olive & Ember Riverside,Coffee beans,0.07,kg,Expired
2025-07-13,Olive & Ember Riverside,Lemonade syrup,0.08,l,Dropped/damaged
2025-07-20,Olive & Ember Riverside,Beef mince,1.12,kg,Over-prepared
2025-07-20,Olive & Ember Riverside,Ribeye steak,0.37,kg,Expired
2025-07-20,Olive & Ember Riverside,Chicken breast,0.52,kg,Over-prepared
2025-07-20,Olive & Ember Riverside,Pork sausage,0.44,kg,Dropped/damaged
2025-07-20,Olive & Ember Riverside,Lamb shoulder,0.24,kg,Over-prepared
2025-07-20,Olive & Ember Riverside,Salmon fillet,1.06,kg,Dropped/damaged
2025-07-20,Olive & Ember Riverside,Prawns,0.94,kg,Expired
2025-07-20,Olive & Ember Riverside,Calamari,1.16,kg,Over-prepared
2025-07-20,Olive & Ember Riverside,Mozzarella,2.66,kg,Expired
2025-07-20,Olive & Ember Riverside,Parmesan,0.14,kg,Expired
2025-07-20,Olive & Ember Riverside,Butter,0.5,kg,Spoiled
2025-07-20,Olive & Ember Riverside,Cream,0.16,l,Expired
2025-07-20,Olive & Ember Riverside,Milk,2.27,l,Expired
2025-07-20,Olive & Ember Riverside,Eggs,15,each,Expired
2025-07-20,Olive & Ember Riverside,Mascarpone,0.31,kg,Spoiled
2025-07-20,Olive & Ember Riverside,Tomatoes,4.52,kg,Over-prepared
2025-07-20,Olive & Ember Riverside,Lettuce,2.02,kg,Expired
2025-07-20,Olive & Ember Riverside,Onions,0.6,kg,Over-prepared
2025-07-20,Olive & Ember Riverside,Potatoes,9.44,kg,Spoiled
2025-07-20,Olive & Ember Riverside,Mushrooms,1.16,kg,Spoiled
2025-07-20,Olive & Ember Riverside,Lemons,1.33,kg,Expired
2025-07-20,Olive & Ember Riverside,Basil,0.06,kg,Spoiled
2025-07-20,Olive & Ember Riverside,Garlic,0.18,kg,Over-prepared
2025-07-20,Olive & Ember Riverside,Pizza flour,0.63,kg,Expired
2025-07-20,Olive & Ember Riverside,Pasta,0.11,kg,Spoiled
2025-07-20,Olive & Ember Riverside,Olive oil,0.1,l,Dropped/damaged
2025-07-20,Olive & Ember Riverside,Burger buns,1,each,Expired
2025-07-20,Olive & Ember Riverside,Sugar,0.1,kg,Spoiled
2025-07-20,Olive & Ember Riverside,Coffee beans,0.07,kg,Expired
2025-07-20,Olive & Ember Riverside,Lemonade syrup,0.07,l,Spoiled
2025-07-27,Olive & Ember Riverside,Beef mince,1.07,kg,Expired
2025-07-27,Olive & Ember Riverside,Ribeye steak,0.37,kg,Over-prepared
2025-07-27,Olive & Ember Riverside,Chicken breast,0.44,kg,Expired
2025-07-27,Olive & Ember Riverside,Pork sausage,0.41,kg,Over-prepared
2025-07-27,Olive & Ember Riverside,Lamb shoulder,0.17,kg,Expired
2025-07-27,Olive & Ember Riverside,Salmon fillet,0.79,kg,Over-prepared
2025-07-27,Olive & Ember Riverside,Prawns,0.9,kg,Over-prepared
2025-07-27,Olive & Ember Riverside,Calamari,1.07,kg,Expired
2025-07-27,Olive & Ember Riverside,Mozzarella,2.24,kg,Spoiled
2025-07-27,Olive & Ember Riverside,Parmesan,0.16,kg,Expired
2025-07-27,Olive & Ember Riverside,Butter,0.55,kg,Expired
2025-07-27,Olive & Ember Riverside,Cream,0.14,l,Expired
2025-07-27,Olive & Ember Riverside,Milk,2.24,l,Expired
2025-07-27,Olive & Ember Riverside,Eggs,17,each,Spoiled
2025-07-27,Olive & Ember Riverside,Mascarpone,0.25,kg,Dropped/damaged
2025-07-27,Olive & Ember Riverside,Tomatoes,4.44,kg,Spoiled
2025-07-27,Olive & Ember Riverside,Lettuce,1.72,kg,Over-prepared
2025-07-27,Olive & Ember Riverside,Onions,0.48,kg,Over-prepared
2025-07-27,Olive & Ember Riverside,Potatoes,9.44,kg,Over-prepared
2025-07-27,Olive & Ember Riverside,Mushrooms,1,kg,Over-prepared
2025-07-27,Olive & Ember Riverside,Lemons,1.33,kg,Spoiled
2025-07-27,Olive & Ember Riverside,Basil,0.08,kg,Spoiled
2025-07-27,Olive & Ember Riverside,Garlic,0.14,kg,Spoiled
2025-07-27,Olive & Ember Riverside,Pizza flour,0.54,kg,Spoiled
2025-07-27,Olive & Ember Riverside,Pasta,0.11,kg,Expired
2025-07-27,Olive & Ember Riverside,Olive oil,0.11,l,Expired
2025-07-27,Olive & Ember Riverside,Burger buns,1,each,Spoiled
2025-07-27,Olive & Ember Riverside,Sugar,0.07,kg,Spoiled
2025-07-27,Olive & Ember Riverside,Coffee beans,0.07,kg,Expired
2025-07-27,Olive & Ember Riverside,Lemonade syrup,0.08,l,Expired
2025-08-03,Olive & Ember Riverside,Beef mince,1.08,kg,Expired
2025-08-03,Olive & Ember Riverside,Ribeye steak,0.39,kg,Expired
2025-08-03,Olive & Ember Riverside,Chicken breast,0.41,kg,Over-prepared
2025-08-03,Olive & Ember Riverside,Pork sausage,0.51,kg,Over-prepared
2025-08-03,Olive & Ember Riverside,Lamb shoulder,0.17,kg,Over-prepared
2025-08-03,Olive & Ember Riverside,Salmon fillet,0.85,kg,Over-prepared
2025-08-03,Olive & Ember Riverside,Prawns,0.88,kg,Over-prepared
2025-08-03,Olive & Ember Riverside,Calamari,0.82,kg,Expired
2025-08-03,Olive & Ember Riverside,Mozzarella,1.97,kg,Spoiled
2025-08-03,Olive & Ember Riverside,Parmesan,0.16,kg,Spoiled
2025-08-03,Olive & Ember Riverside,Butter,0.51,kg,Spoiled
2025-08-03,Olive & Ember Riverside,Cream,0.12,l,Spoiled
2025-08-03,Olive & Ember Riverside,Milk,2.35,l,Expired
2025-08-03,Olive & Ember Riverside,Eggs,13,each,Expired
2025-08-03,Olive & Ember Riverside,Mascarpone,0.25,kg,Expired
2025-08-03,Olive & Ember Riverside,Tomatoes,4.15,kg,Spoiled
2025-08-03,Olive & Ember Riverside,Lettuce,1.66,kg,Spoiled
2025-08-03,Olive & Ember Riverside,Onions,0.44,kg,Over-prepared
2025-08-03,Olive & Ember Riverside,Potatoes,10.62,kg,Spoiled
2025-08-03,Olive & Ember Riverside,Mushrooms,1.02,kg,Expired
2025-08-03,Olive & Ember Riverside,Lemons,1.11,kg,Expired
2025-08-03,Olive & Ember Riverside,Basil,0.08,kg,Spoiled
2025-08-03,Olive & Ember Riverside,Garlic,0.17,kg,Over-prepared
2025-08-03,Olive & Ember Riverside,Pizza flour,0.48,kg,Expired
2025-08-03,Olive & Ember Riverside,Pasta,0.11,kg,Expired
2025-08-03,Olive & Ember Riverside,Olive oil,0.1,l,Expired
2025-08-03,Olive & Ember Riverside,Burger buns,1,each,Expired
2025-08-03,Olive & Ember Riverside,Sugar,0.07,kg,Spoiled
2025-08-03,Olive & Ember Riverside,Coffee beans,0.05,kg,Expired
2025-08-03,Olive & Ember Riverside,Lemonade syrup,0.08,l,Spoiled
2025-08-10,Olive & Ember Riverside,Beef mince,1.06,kg,Over-prepared
2025-08-10,Olive & Ember Riverside,Ribeye steak,0.29,kg,Expired
2025-08-10,Olive & Ember Riverside,Chicken breast,0.45,kg,Expired
2025-08-10,Olive & Ember Riverside,Pork sausage,0.47,kg,Over-prepared
2025-08-10,Olive & Ember Riverside,Lamb shoulder,0.16,kg,Over-prepared
2025-08-10,Olive & Ember Riverside,Salmon fillet,0.91,kg,Over-prepared
2025-08-10,Olive & Ember Riverside,Prawns,0.9,kg,Over-prepared
2025-08-10,Olive & Ember Riverside,Calamari,1.04,kg,Over-prepared
2025-08-10,Olive & Ember Riverside,Mozzarella,1.75,kg,Spoiled
2025-08-10,Olive & Ember Riverside,Parmesan,0.17,kg,Expired
2025-08-10,Olive & Ember Riverside,Butter,0.48,kg,Spoiled
2025-08-10,Olive & Ember Riverside,Cream,0.13,l,Expired
2025-08-10,Olive & Ember Riverside,Milk,1.91,l,Expired
2025-08-10,Olive & Ember Riverside,Eggs,12,each,Expired
2025-08-10,Olive & Ember Riverside,Mascarpone,0.29,kg,Expired
2025-08-10,Olive & Ember Riverside,Tomatoes,3.94,kg,Spoiled
2025-08-10,Olive & Ember Riverside,Lettuce,1.46,kg,Over-prepared
2025-08-10,Olive & Ember Riverside,Onions,0.42,kg,Over-prepared
2025-08-10,Olive & Ember Riverside,Potatoes,9.56,kg,Spoiled
2025-08-10,Olive & Ember Riverside,Mushrooms,0.9,kg,Spoiled
2025-08-10,Olive & Ember Riverside,Lemons,1.07,kg,Spoiled
2025-08-10,Olive & Ember Riverside,Basil,0.07,kg,Spoiled
2025-08-10,Olive & Ember Riverside,Garlic,0.17,kg,Spoiled
2025-08-10,Olive & Ember Riverside,Pizza flour,0.54,kg,Expired
2025-08-10,Olive & Ember Riverside,Pasta,0.1,kg,Expired
2025-08-10,Olive & Ember Riverside,Olive oil,0.08,l,Expired
2025-08-10,Olive & Ember Riverside,Sugar,0.07,kg,Expired
2025-08-10,Olive & Ember Riverside,Coffee beans,0.07,kg,Expired
2025-08-10,Olive & Ember Riverside,Lemonade syrup,0.07,l,Expired
2025-08-17,Olive & Ember Riverside,Beef mince,1.07,kg,Dropped/damaged
2025-08-17,Olive & Ember Riverside,Ribeye steak,0.4,kg,Expired
2025-08-17,Olive & Ember Riverside,Chicken breast,0.42,kg,Expired
2025-08-17,Olive & Ember Riverside,Pork sausage,0.6,kg,Over-prepared
2025-08-17,Olive & Ember Riverside,Lamb shoulder,0.19,kg,Over-prepared
2025-08-17,Olive & Ember Riverside,Salmon fillet,0.8,kg,Expired
2025-08-17,Olive & Ember Riverside,Prawns,0.96,kg,Expired
2025-08-17,Olive & Ember Riverside,Calamari,0.85,kg,Over-prepared
2025-08-17,Olive & Ember Riverside,Mozzarella,2.43,kg,Expired
2025-08-17,Olive & Ember Riverside,Parmesan,0.16,kg,Expired
2025-08-17,Olive & Ember Riverside,Butter,0.54,kg,Dropped/damaged
2025-08-17,Olive & Ember Riverside,Cream,0.14,l,Expired
2025-08-17,Olive & Ember Riverside,Milk,1.91,l,Spoiled
2025-08-17,Olive & Ember Riverside,Eggs,15,each,Expired
2025-08-17,Olive & Ember Riverside,Mascarpone,0.26,kg,Expired
2025-08-17,Olive & Ember Riverside,Tomatoes,4.31,kg,Spoiled
2025-08-17,Olive & Ember Riverside,Lettuce,1.61,kg,Spoiled
2025-08-17,Olive & Ember Riverside,Onions,0.49,kg,Spoiled
2025-08-17,Olive & Ember Riverside,Potatoes,8.56,kg,Over-prepared
2025-08-17,Olive & Ember Riverside,Mushrooms,0.96,kg,Over-prepared
2025-08-17,Olive & Ember Riverside,Lemons,1.14,kg,Expired
2025-08-17,Olive & Ember Riverside,Basil,0.07,kg,Spoiled
2025-08-17,Olive & Ember Riverside,Garlic,0.16,kg,Spoiled
2025-08-17,Olive & Ember Riverside,Pizza flour,0.56,kg,Expired
2025-08-17,Olive & Ember Riverside,Pasta,0.1,kg,Expired
2025-08-17,Olive & Ember Riverside,Olive oil,0.09,l,Dropped/damaged
2025-08-17,Olive & Ember Riverside,Sugar,0.08,kg,Expired
2025-08-17,Olive & Ember Riverside,Coffee beans,0.06,kg,Expired
2025-08-17,Olive & Ember Riverside,Lemonade syrup,0.08,l,Spoiled
2025-08-24,Olive & Ember Riverside,Beef mince,0.93,kg,Expired
2025-08-24,Olive & Ember Riverside,Ribeye steak,0.35,kg,Over-prepared
2025-08-24,Olive & Ember Riverside,Chicken breast,0.5,kg,Expired
2025-08-24,Olive & Ember Riverside,Pork sausage,0.51,kg,Expired
2025-08-24,Olive & Ember Riverside,Lamb shoulder,0.15,kg,Over-prepared
2025-08-24,Olive & Ember Riverside,Salmon fillet,0.78,kg,Expired
2025-08-24,Olive & Ember Riverside,Prawns,0.85,kg,Over-prepared
2025-08-24,Olive & Ember Riverside,Calamari,0.89,kg,Expired
2025-08-24,Olive & Ember Riverside,Mozzarella,1.94,kg,Expired
2025-08-24,Olive & Ember Riverside,Parmesan,0.19,kg,Dropped/damaged
2025-08-24,Olive & Ember Riverside,Butter,0.47,kg,Spoiled
2025-08-24,Olive & Ember Riverside,Cream,0.14,l,Dropped/damaged
2025-08-24,Olive & Ember Riverside,Milk,2.21,l,Dropped/damaged
2025-08-24,Olive & Ember Riverside,Eggs,14,each,Expired
2025-08-24,Olive & Ember Riverside,Mascarpone,0.3,kg,Expired
2025-08-24,Olive & Ember Riverside,Tomatoes,3.4,kg,Spoiled
2025-08-24,Olive & Ember Riverside,Lettuce,1.92,kg,Spoiled
2025-08-24,Olive & Ember Riverside,Onions,0.46,kg,Over-prepared
2025-08-24,Olive & Ember Riverside,Potatoes,8.06,kg,Spoiled
2025-08-24,Olive & Ember Riverside,Mushrooms,0.9,kg,Spoiled
2025-08-24,Olive & Ember Riverside,Lemons,1.15,kg,Over-prepared
2025-08-24,Olive & Ember Riverside,Basil,0.08,kg,Spoiled
2025-08-24,Olive & Ember Riverside,Garlic,0.18,kg,Spoiled
2025-08-24,Olive & Ember Riverside,Pizza flour,0.47,kg,Spoiled
2025-08-24,Olive & Ember Riverside,Pasta,0.08,kg,Expired
2025-08-24,Olive & Ember Riverside,Olive oil,0.08,l,Expired
2025-08-24,Olive & Ember Riverside,Sugar,0.07,kg,Expired
2025-08-24,Olive & Ember Riverside,Coffee beans,0.06,kg,Expired
2025-08-24,Olive & Ember Riverside,Lemonade syrup,0.06,l,Expired
2025-08-31,Olive & Ember Riverside,Beef mince,1.13,kg,Expired
2025-08-31,Olive & Ember Riverside,Ribeye steak,0.44,kg,Over-prepared
2025-08-31,Olive & Ember Riverside,Chicken breast,0.47,kg,Over-prepared
2025-08-31,Olive & Ember Riverside,Pork sausage,0.4,kg,Over-prepared
2025-08-31,Olive & Ember Riverside,Lamb shoulder,0.13,kg,Over-prepared
2025-08-31,Olive & Ember Riverside,Salmon fillet,1.13,kg,Over-prepared
2025-08-31,Olive & Ember Riverside,Prawns,1,kg,Expired
2025-08-31,Olive & Ember Riverside,Calamari,0.85,kg,Expired
2025-08-31,Olive & Ember Riverside,Mozzarella,2.36,kg,Expired
2025-08-31,Olive & Ember Riverside,Parmesan,0.15,kg,Expired
2025-08-31,Olive & Ember Riverside,Butter,0.51,kg,Spoiled
2025-08-31,Olive & Ember Riverside,Cream,0.14,l,Spoiled
2025-08-31,Olive & Ember Riverside,Milk,2.11,l,Spoiled
2025-08-31,Olive & Ember Riverside,Eggs,15,each,Expired
2025-08-31,Olive & Ember Riverside,Mascarpone,0.3,kg,Expired
2025-08-31,Olive & Ember Riverside,Tomatoes,4.31,kg,Expired
2025-08-31,Olive & Ember Riverside,Lettuce,1.56,kg,Spoiled
2025-08-31,Olive & Ember Riverside,Onions,0.45,kg,Spoiled
2025-08-31,Olive & Ember Riverside,Potatoes,9.43,kg,Spoiled
2025-08-31,Olive & Ember Riverside,Mushrooms,1.05,kg,Spoiled
2025-08-31,Olive & Ember Riverside,Lemons,1.12,kg,Spoiled
2025-08-31,Olive & Ember Riverside,Basil,0.07,kg,Spoiled
2025-08-31,Olive & Ember Riverside,Garlic,0.15,kg,Expired
2025-08-31,Olive & Ember Riverside,Pizza flour,0.55,kg,Expired
2025-08-31,Olive & Ember Riverside,Pasta,0.08,kg,Expired
2025-08-31,Olive & Ember Riverside,Olive oil,0.1,l,Dropped/damaged
2025-08-31,Olive & Ember Riverside,Burger buns,1,each,Expired
2025-08-31,Olive & Ember Riverside,Sugar,0.09,kg,Spoiled
2025-08-31,Olive & Ember Riverside,Coffee beans,0.07,kg,Spoiled
2025-08-31,Olive & Ember Riverside,Lemonade syrup,0.08,l,Expired
2025-09-07,Olive & Ember Riverside,Beef mince,1.12,kg,Over-prepared
2025-09-07,Olive & Ember Riverside,Ribeye steak,0.31,kg,Over-prepared
2025-09-07,Olive & Ember Riverside,Chicken breast,0.42,kg,Dropped/damaged
2025-09-07,Olive & Ember Riverside,Pork sausage,0.39,kg,Expired
2025-09-07,Olive & Ember Riverside,Lamb shoulder,0.15,kg,Over-prepared
2025-09-07,Olive & Ember Riverside,Salmon fillet,0.32,kg,Expired
2025-09-07,Olive & Ember Riverside,Prawns,0.46,kg,Over-prepared
2025-09-07,Olive & Ember Riverside,Calamari,0.42,kg,Over-prepared
2025-09-07,Olive & Ember Riverside,Mozzarella,1.87,kg,Expired
2025-09-07,Olive & Ember Riverside,Parmesan,0.14,kg,Expired
2025-09-07,Olive & Ember Riverside,Butter,0.4,kg,Spoiled
2025-09-07,Olive & Ember Riverside,Cream,0.12,l,Spoiled
2025-09-07,Olive & Ember Riverside,Milk,1.75,l,Expired
2025-09-07,Olive & Ember Riverside,Eggs,11,each,Expired
2025-09-07,Olive & Ember Riverside,Mascarpone,0.22,kg,Expired
2025-09-07,Olive & Ember Riverside,Tomatoes,3.56,kg,Over-prepared
2025-09-07,Olive & Ember Riverside,Lettuce,1.23,kg,Spoiled
2025-09-07,Olive & Ember Riverside,Onions,0.47,kg,Expired
2025-09-07,Olive & Ember Riverside,Potatoes,6.86,kg,Spoiled
2025-09-07,Olive & Ember Riverside,Mushrooms,1.05,kg,Spoiled
2025-09-07,Olive & Ember Riverside,Lemons,0.83,kg,Over-prepared
2025-09-07,Olive & Ember Riverside,Basil,0.05,kg,Spoiled
2025-09-07,Olive & Ember Riverside,Garlic,0.12,kg,Spoiled
2025-09-07,Olive & Ember Riverside,Pizza flour,0.43,kg,Spoiled
2025-09-07,Olive & Ember Riverside,Pasta,0.06,kg,Expired
2025-09-07,Olive & Ember Riverside,Olive oil,0.06,l,Expired
2025-09-07,Olive & Ember Riverside,Sugar,0.06,kg,Expired
2025-09-07,Olive & Ember Riverside,Coffee beans,0.06,kg,Spoiled
2025-09-07,Olive & Ember Riverside,Lemonade syrup,0.05,l,Expired
2025-09-14,Olive & Ember Riverside,Beef mince,0.88,kg,Dropped/damaged
2025-09-14,Olive & Ember Riverside,Ribeye steak,0.31,kg,Over-prepared
2025-09-14,Olive & Ember Riverside,Chicken breast,0.41,kg,Over-prepared
2025-09-14,Olive & Ember Riverside,Pork sausage,0.36,kg,Dropped/damaged
2025-09-14,Olive & Ember Riverside,Lamb shoulder,0.18,kg,Over-prepared
2025-09-14,Olive & Ember Riverside,Salmon fillet,0.43,kg,Expired
2025-09-14,Olive & Ember Riverside,Prawns,0.57,kg,Over-prepared
2025-09-14,Olive & Ember Riverside,Calamari,0.47,kg,Expired
2025-09-14,Olive & Ember Riverside,Mozzarella,1.43,kg,Expired
2025-09-14,Olive & Ember Riverside,Parmesan,0.13,kg,Spoiled
2025-09-14,Olive & Ember Riverside,Butter,0.36,kg,Expired
2025-09-14,Olive & Ember Riverside,Cream,0.12,l,Spoiled
2025-09-14,Olive & Ember Riverside,Milk,1.78,l,Spoiled
2025-09-14,Olive & Ember Riverside,Eggs,11,each,Expired
2025-09-14,Olive & Ember Riverside,Mascarpone,0.25,kg,Expired
2025-09-14,Olive & Ember Riverside,Tomatoes,2.88,kg,Spoiled
2025-09-14,Olive & Ember Riverside,Lettuce,1.33,kg,Expired
2025-09-14,Olive & Ember Riverside,Onions,0.44,kg,Spoiled
2025-09-14,Olive & Ember Riverside,Potatoes,8.09,kg,Over-prepared
2025-09-14,Olive & Ember Riverside,Mushrooms,0.64,kg,Spoiled
2025-09-14,Olive & Ember Riverside,Lemons,0.92,kg,Expired
2025-09-14,Olive & Ember Riverside,Basil,0.05,kg,Spoiled
2025-09-14,Olive & Ember Riverside,Garlic,0.12,kg,Over-prepared
2025-09-14,Olive & Ember Riverside,Pizza flour,0.41,kg,Expired
2025-09-14,Olive & Ember Riverside,Pasta,0.07,kg,Expired
2025-09-14,Olive & Ember Riverside,Olive oil,0.08,l,Spoiled
2025-09-14,Olive & Ember Riverside,Sugar,0.06,kg,Expired
2025-09-14,Olive & Ember Riverside,Coffee beans,0.05,kg,Expired
2025-09-14,Olive & Ember Riverside,Lemonade syrup,0.06,l,Expired
2025-09-21,Olive & Ember Riverside,Beef mince,1.1,kg,Expired
2025-09-21,Olive & Ember Riverside,Ribeye steak,0.31,kg,Over-prepared
2025-09-21,Olive & Ember Riverside,Chicken breast,0.44,kg,Over-prepared
2025-09-21,Olive & Ember Riverside,Pork sausage,0.39,kg,Over-prepared
2025-09-21,Olive & Ember Riverside,Lamb shoulder,0.18,kg,Over-prepared
2025-09-21,Olive & Ember Riverside,Salmon fillet,0.37,kg,Expired
2025-09-21,Olive & Ember Riverside,Prawns,0.59,kg,Expired
2025-09-21,Olive & Ember Riverside,Calamari,0.65,kg,Over-prepared
2025-09-21,Olive & Ember Riverside,Mozzarella,2,kg,Expired
2025-09-21,Olive & Ember Riverside,Parmesan,0.14,kg,Dropped/damaged
2025-09-21,Olive & Ember Riverside,Butter,0.44,kg,Spoiled
2025-09-21,Olive & Ember Riverside,Cream,0.13,l,Spoiled
2025-09-21,Olive & Ember Riverside,Milk,1.45,l,Expired
2025-09-21,Olive & Ember Riverside,Eggs,12,each,Expired
2025-09-21,Olive & Ember Riverside,Mascarpone,0.22,kg,Spoiled
2025-09-21,Olive & Ember Riverside,Tomatoes,3.73,kg,Spoiled
2025-09-21,Olive & Ember Riverside,Lettuce,1.39,kg,Spoiled
2025-09-21,Olive & Ember Riverside,Onions,0.44,kg,Spoiled
2025-09-21,Olive & Ember Riverside,Potatoes,7.06,kg,Over-prepared
2025-09-21,Olive & Ember Riverside,Mushrooms,1.04,kg,Spoiled
2025-09-21,Olive & Ember Riverside,Lemons,0.83,kg,Over-prepared
2025-09-21,Olive & Ember Riverside,Basil,0.06,kg,Spoiled
2025-09-21,Olive & Ember Riverside,Garlic,0.14,kg,Over-prepared
2025-09-21,Olive & Ember Riverside,Pizza flour,0.42,kg,Expired
2025-09-21,Olive & Ember Riverside,Pasta,0.07,kg,Expired
2025-09-21,Olive & Ember Riverside,Olive oil,0.07,l,Expired
2025-09-21,Olive & Ember Riverside,Sugar,0.07,kg,Dropped/damaged
2025-09-21,Olive & Ember Riverside,Coffee beans,0.06,kg,Spoiled
2025-09-21,Olive & Ember Riverside,Lemonade syrup,0.06,l,Expired
2025-09-28,Olive & Ember Riverside,Beef mince,1,kg,Expired
2025-09-28,Olive & Ember Riverside,Ribeye steak,0.22,kg,Over-prepared
2025-09-28,Olive & Ember Riverside,Chicken breast,0.45,kg,Expired
2025-09-28,Olive & Ember Riverside,Pork sausage,0.31,kg,Over-prepared
2025-09-28,Olive & Ember Riverside,Lamb shoulder,0.14,kg,Over-prepared
2025-09-28,Olive & Ember Riverside,Salmon fillet,0.43,kg,Dropped/damaged
2025-09-28,Olive & Ember Riverside,Prawns,0.67,kg,Over-prepared
2025-09-28,Olive & Ember Riverside,Calamari,0.47,kg,Over-prepared
2025-09-28,Olive & Ember Riverside,Mozzarella,1.5,kg,Expired
2025-09-28,Olive & Ember Riverside,Parmesan,0.14,kg,Expired
2025-09-28,Olive & Ember Riverside,Butter,0.34,kg,Dropped/damaged
2025-09-28,Olive & Ember Riverside,Cream,0.09,l,Spoiled
2025-09-28,Olive & Ember Riverside,Milk,1.9,l,Spoiled
2025-09-28,Olive & Ember Riverside,Eggs,12,each,Spoiled
2025-09-28,Olive & Ember Riverside,Mascarpone,0.22,kg,Expired
2025-09-28,Olive & Ember Riverside,Tomatoes,3.08,kg,Spoiled
2025-09-28,Olive & Ember Riverside,Lettuce,1.25,kg,Spoiled
2025-09-28,Olive & Ember Riverside,Onions,0.25,kg,Expired
2025-09-28,Olive & Ember Riverside,Potatoes,6.56,kg,Spoiled
2025-09-28,Olive & Ember Riverside,Mushrooms,0.79,kg,Over-prepared
2025-09-28,Olive & Ember Riverside,Lemons,0.65,kg,Spoiled
2025-09-28,Olive & Ember Riverside,Basil,0.06,kg,Spoiled
2025-09-28,Olive & Ember Riverside,Garlic,0.15,kg,Over-prepared
2025-09-28,Olive & Ember Riverside,Pizza flour,0.51,kg,Spoiled
2025-09-28,Olive & Ember Riverside,Pasta,0.08,kg,Expired
2025-09-28,Olive & Ember Riverside,Olive oil,0.06,l,Spoiled
2025-09-28,Olive & Ember Riverside,Sugar,0.05,kg,Spoiled
2025-09-28,Olive & Ember Riverside,Coffee beans,0.05,kg,Dropped/damaged
2025-10-05,Olive & Ember Riverside,Beef mince,0.87,kg,Over-prepared
2025-10-05,Olive & Ember Riverside,Ribeye steak,0.37,kg,Dropped/damaged
2025-10-05,Olive & Ember Riverside,Chicken breast,0.39,kg,Over-prepared
2025-10-05,Olive & Ember Riverside,Pork sausage,0.29,kg,Over-prepared
2025-10-05,Olive & Ember Riverside,Lamb shoulder,0.14,kg,Expired
2025-10-05,Olive & Ember Riverside,Salmon fillet,0.37,kg,Expired
2025-10-05,Olive & Ember Riverside,Prawns,0.43,kg,Over-prepared
2025-10-05,Olive & Ember Riverside,Calamari,0.46,kg,Dropped/damaged
2025-10-05,Olive & Ember Riverside,Mozzarella,1.36,kg,Dropped/damaged
2025-10-05,Olive & Ember Riverside,Parmesan,0.12,kg,Spoiled
2025-10-05,Olive & Ember Riverside,Butter,0.36,kg,Expired
2025-10-05,Olive & Ember Riverside,Cream,0.09,l,Spoiled
2025-10-05,Olive & Ember Riverside,Milk,1.25,l,Expired
2025-10-05,Olive & Ember Riverside,Eggs,9,each,Spoiled
2025-10-05,Olive & Ember Riverside,Mascarpone,0.19,kg,Expired
2025-10-05,Olive & Ember Riverside,Tomatoes,2.98,kg,Spoiled
2025-10-05,Olive & Ember Riverside,Lettuce,1.19,kg,Spoiled
2025-10-05,Olive & Ember Riverside,Onions,0.47,kg,Over-prepared
2025-10-05,Olive & Ember Riverside,Potatoes,6.67,kg,Spoiled
2025-10-05,Olive & Ember Riverside,Mushrooms,0.77,kg,Over-prepared
2025-10-05,Olive & Ember Riverside,Lemons,0.85,kg,Expired
2025-10-05,Olive & Ember Riverside,Basil,0.06,kg,Spoiled
2025-10-05,Olive & Ember Riverside,Garlic,0.12,kg,Expired
2025-10-05,Olive & Ember Riverside,Pizza flour,0.33,kg,Expired
2025-10-05,Olive & Ember Riverside,Pasta,0.05,kg,Expired
2025-10-05,Olive & Ember Riverside,Olive oil,0.07,l,Spoiled
2025-10-05,Olive & Ember Riverside,Sugar,0.06,kg,Dropped/damaged
2025-10-05,Olive & Ember Riverside,Lemonade syrup,0.05,l,Expired
2025-10-12,Olive & Ember Riverside,Beef mince,0.92,kg,Expired
2025-10-12,Olive & Ember Riverside,Ribeye steak,0.29,kg,Over-prepared
2025-10-12,Olive & Ember Riverside,Chicken breast,0.34,kg,Expired
2025-10-12,Olive & Ember Riverside,Pork sausage,0.27,kg,Over-prepared
2025-10-12,Olive & Ember Riverside,Lamb shoulder,0.16,kg,Dropped/damaged
2025-10-12,Olive & Ember Riverside,Salmon fillet,0.36,kg,Over-prepared
2025-10-12,Olive & Ember Riverside,Prawns,0.44,kg,Dropped/damaged
2025-10-12,Olive & Ember Riverside,Calamari,0.45,kg,Expired
2025-10-12,Olive & Ember Riverside,Mozzarella,1.39,kg,Spoiled
2025-10-12,Olive & Ember Riverside,Parmesan,0.13,kg,Spoiled
2025-10-12,Olive & Ember Riverside,Butter,0.41,kg,Spoiled
2025-10-12,Olive & Ember Riverside,Cream,0.11,l,Spoiled
2025-10-12,Olive & Ember Riverside,Milk,1.61,l,Expired
2025-10-12,Olive & Ember Riverside,Eggs,10,each,Expired
2025-10-12,Olive & Ember Riverside,Mascarpone,0.25,kg,Expired
2025-10-12,Olive & Ember Riverside,Tomatoes,2.97,kg,Spoiled
2025-10-12,Olive & Ember Riverside,Lettuce,1.39,kg,Spoiled
2025-10-12,Olive & Ember Riverside,Onions,0.32,kg,Expired
2025-10-12,Olive & Ember Riverside,Potatoes,5.88,kg,Spoiled
2025-10-12,Olive & Ember Riverside,Mushrooms,0.7,kg,Spoiled
2025-10-12,Olive & Ember Riverside,Lemons,0.69,kg,Spoiled
2025-10-12,Olive & Ember Riverside,Basil,0.06,kg,Spoiled
2025-10-12,Olive & Ember Riverside,Garlic,0.12,kg,Spoiled
2025-10-12,Olive & Ember Riverside,Pizza flour,0.38,kg,Spoiled
2025-10-12,Olive & Ember Riverside,Pasta,0.05,kg,Spoiled
2025-10-12,Olive & Ember Riverside,Olive oil,0.07,l,Expired
2025-10-12,Olive & Ember Riverside,Sugar,0.06,kg,Expired
2025-10-19,Olive & Ember Riverside,Beef mince,0.92,kg,Over-prepared
2025-10-19,Olive & Ember Riverside,Ribeye steak,0.2,kg,Dropped/damaged
2025-10-19,Olive & Ember Riverside,Chicken breast,0.32,kg,Expired
2025-10-19,Olive & Ember Riverside,Pork sausage,0.33,kg,Over-prepared
2025-10-19,Olive & Ember Riverside,Lamb shoulder,0.16,kg,Over-prepared
2025-10-19,Olive & Ember Riverside,Salmon fillet,0.45,kg,Over-prepared
2025-10-19,Olive & Ember Riverside,Prawns,0.43,kg,Over-prepared
2025-10-19,Olive & Ember Riverside,Calamari,0.44,kg,Dropped/damaged
2025-10-19,Olive & Ember Riverside,Mozzarella,1.76,kg,Expired
2025-10-19,Olive & Ember Riverside,Parmesan,0.12,kg,Expired
2025-10-19,Olive & Ember Riverside,Butter,0.38,kg,Spoiled
2025-10-19,Olive & Ember Riverside,Cream,0.09,l,Expired
2025-10-19,Olive & Ember Riverside,Milk,1.65,l,Dropped/damaged
2025-10-19,Olive & Ember Riverside,Eggs,10,each,Spoiled
2025-10-19,Olive & Ember Riverside,Mascarpone,0.24,kg,Spoiled
2025-10-19,Olive & Ember Riverside,Tomatoes,2.79,kg,Over-prepared
2025-10-19,Olive & Ember Riverside,Lettuce,1.38,kg,Over-prepared
2025-10-19,Olive & Ember Riverside,Onions,0.37,kg,Spoiled
2025-10-19,Olive & Ember Riverside,Potatoes,8.08,kg,Over-prepared
2025-10-19,Olive & Ember Riverside,Mushrooms,0.76,kg,Expired
2025-10-19,Olive & Ember Riverside,Lemons,0.85,kg,Spoiled
2025-10-19,Olive & Ember Riverside,Garlic,0.1,kg,Spoiled
2025-10-19,Olive & Ember Riverside,Pizza flour,0.39,kg,Spoiled
2025-10-19,Olive & Ember Riverside,Pasta,0.07,kg,Expired
2025-10-19,Olive & Ember Riverside,Burger buns,1,each,Expired
2025-10-19,Olive & Ember Riverside,Sugar,0.06,kg,Dropped/damaged
2025-10-19,Olive & Ember Riverside,Lemonade syrup,0.05,l,Dropped/damaged
2025-10-26,Olive & Ember Riverside,Beef mince,0.84,kg,Over-prepared
2025-10-26,Olive & Ember Riverside,Ribeye steak,0.34,kg,Expired
2025-10-26,Olive & Ember Riverside,Chicken breast,0.26,kg,Over-prepared
2025-10-26,Olive & Ember Riverside,Pork sausage,0.31,kg,Over-prepared
2025-10-26,Olive & Ember Riverside,Lamb shoulder,0.1,kg,Expired
2025-10-26,Olive & Ember Riverside,Salmon fillet,0.43,kg,Over-prepared
2025-10-26,Olive & Ember Riverside,Prawns,0.38,kg,Over-prepared
2025-10-26,Olive & Ember Riverside,Calamari,0.49,kg,Over-prepared
2025-10-26,Olive & Ember Riverside,Mozzarella,1.27,kg,Expired
2025-10-26,Olive & Ember Riverside,Parmesan,0.11,kg,Spoiled
2025-10-26,Olive & Ember Riverside,Butter,0.32,kg,Expired
2025-10-26,Olive & Ember Riverside,Cream,0.08,l,Expired
2025-10-26,Olive & Ember Riverside,Milk,1.49,l,Expired
2025-10-26,Olive & Ember Riverside,Eggs,8,each,Expired
2025-10-26,Olive & Ember Riverside,Mascarpone,0.22,kg,Expired
2025-10-26,Olive & Ember Riverside,Tomatoes,2.96,kg,Expired
2025-10-26,Olive & Ember Riverside,Lettuce,1.15,kg,Expired
2025-10-26,Olive & Ember Riverside,Onions,0.32,kg,Over-prepared
2025-10-26,Olive & Ember Riverside,Potatoes,7.2,kg,Over-prepared
2025-10-26,Olive & Ember Riverside,Mushrooms,0.87,kg,Expired
2025-10-26,Olive & Ember Riverside,Lemons,0.78,kg,Over-prepared
2025-10-26,Olive & Ember Riverside,Basil,0.05,kg,Expired
2025-10-26,Olive & Ember Riverside,Garlic,0.13,kg,Spoiled
2025-10-26,Olive & Ember Riverside,Pizza flour,0.35,kg,Expired
2025-10-26,Olive & Ember Riverside,Olive oil,0.06,l,Expired
2025-10-26,Olive & Ember Riverside,Sugar,0.06,kg,Dropped/damaged
2025-10-26,Olive & Ember Riverside,Lemonade syrup,0.05,l,Expired
2025-11-02,Olive & Ember Riverside,Beef mince,0.89,kg,Over-prepared
2025-11-02,Olive & Ember Riverside,Ribeye steak,0.39,kg,Dropped/damaged
2025-11-02,Olive & Ember Riverside,Chicken breast,0.43,kg,Over-prepared
2025-11-02,Olive & Ember Riverside,Pork sausage,0.38,kg,Expired
2025-11-02,Olive & Ember Riverside,Lamb shoulder,0.13,kg,Over-prepared
2025-11-02,Olive & Ember Riverside,Salmon fillet,0.4,kg,Expired
2025-11-02,Olive & Ember Riverside,Prawns,0.43,kg,Expired
2025-11-02,Olive & Ember Riverside,Calamari,0.57,kg,Over-prepared
2025-11-02,Olive & Ember Riverside,Mozzarella,1.67,kg,Expired
2025-11-02,Olive & Ember Riverside,Parmesan,0.14,kg,Spoiled
2025-11-02,Olive & Ember Riverside,Butter,0.37,kg,Spoiled
2025-11-02,Olive & Ember Riverside,Cream,0.13,l,Expired
2025-11-02,Olive & Ember Riverside,Milk,1.48,l,Expired
2025-11-02,Olive & Ember Riverside,Eggs,12,each,Dropped/damaged
2025-11-02,Olive & Ember Riverside,Mascarpone,0.27,kg,Dropped/damaged
2025-11-02,Olive & Ember Riverside,Tomatoes,3.34,kg,Expired
2025-11-02,Olive & Ember Riverside,Lettuce,1.32,kg,Spoiled
2025-11-02,Olive & Ember Riverside,Onions,0.37,kg,Spoiled
2025-11-02,Olive & Ember Riverside,Potatoes,7.6,kg,Spoiled
2025-11-02,Olive & Ember Riverside,Mushrooms,0.98,kg,Spoiled
2025-11-02,Olive & Ember Riverside,Lemons,0.68,kg,Over-prepared
2025-11-02,Olive & Ember Riverside,Basil,0.05,kg,Over-prepared
2025-11-02,Olive & Ember Riverside,Garlic,0.13,kg,Spoiled
2025-11-02,Olive & Ember Riverside,Pizza flour,0.44,kg,Expired
2025-11-02,Olive & Ember Riverside,Pasta,0.06,kg,Expired
2025-11-02,Olive & Ember Riverside,Olive oil,0.07,l,Spoiled
2025-11-02,Olive & Ember Riverside,Burger buns,1,each,Spoiled
2025-11-02,Olive & Ember Riverside,Sugar,0.05,kg,Expired
2025-11-02,Olive & Ember Riverside,Lemonade syrup,0.06,l,Expired
2025-11-09,Olive & Ember Riverside,Beef mince,1,kg,Over-prepared
2025-11-09,Olive & Ember Riverside,Ribeye steak,0.25,kg,Expired
2025-11-09,Olive & Ember Riverside,Chicken breast,0.32,kg,Over-prepared
2025-11-09,Olive & Ember Riverside,Pork sausage,0.24,kg,Over-prepared
2025-11-09,Olive & Ember Riverside,Lamb shoulder,0.09,kg,Expired
2025-11-09,Olive & Ember Riverside,Salmon fillet,0.37,kg,Expired
2025-11-09,Olive & Ember Riverside,Prawns,0.34,kg,Over-prepared
2025-11-09,Olive & Ember Riverside,Calamari,0.35,kg,Expired
2025-11-09,Olive & Ember Riverside,Mozzarella,1.6,kg,Expired
2025-11-09,Olive & Ember Riverside,Parmesan,0.09,kg,Spoiled
2025-11-09,Olive & Ember Riverside,Butter,0.33,kg,Expired
2025-11-09,Olive & Ember Riverside,Cream,0.07,l,Expired
2025-11-09,Olive & Ember Riverside,Milk,1.65,l,Expired
2025-11-09,Olive & Ember Riverside,Eggs,11,each,Expired
2025-11-09,Olive & Ember Riverside,Mascarpone,0.17,kg,Expired
2025-11-09,Olive & Ember Riverside,Tomatoes,3.11,kg,Spoiled
2025-11-09,Olive & Ember Riverside,Lettuce,0.98,kg,Over-prepared
2025-11-09,Olive & Ember Riverside,Onions,0.28,kg,Spoiled
2025-11-09,Olive & Ember Riverside,Potatoes,6.79,kg,Over-prepared
2025-11-09,Olive & Ember Riverside,Mushrooms,0.87,kg,Spoiled
2025-11-09,Olive & Ember Riverside,Lemons,0.53,kg,Spoiled
2025-11-09,Olive & Ember Riverside,Garlic,0.09,kg,Expired
2025-11-09,Olive & Ember Riverside,Pizza flour,0.34,kg,Spoiled
2025-11-09,Olive & Ember Riverside,Olive oil,0.05,l,Spoiled
2025-11-09,Olive & Ember Riverside,Sugar,0.06,kg,Spoiled
2025-11-09,Olive & Ember Riverside,Coffee beans,0.05,kg,Spoiled
2025-11-09,Olive & Ember Riverside,Lemonade syrup,0.05,l,Spoiled
2025-11-16,Olive & Ember Riverside,Beef mince,0.72,kg,Over-prepared
2025-11-16,Olive & Ember Riverside,Ribeye steak,0.31,kg,Expired
2025-11-16,Olive & Ember Riverside,Chicken breast,0.33,kg,Expired
2025-11-16,Olive & Ember Riverside,Pork sausage,0.3,kg,Expired
2025-11-16,Olive & Ember Riverside,Lamb shoulder,0.13,kg,Expired
2025-11-16,Olive & Ember Riverside,Salmon fillet,0.35,kg,Over-prepared
2025-11-16,Olive & Ember Riverside,Prawns,0.37,kg,Expired
2025-11-16,Olive & Ember Riverside,Calamari,0.4,kg,Expired
2025-11-16,Olive & Ember Riverside,Mozzarella,1.42,kg,Expired
2025-11-16,Olive & Ember Riverside,Parmesan,0.1,kg,Dropped/damaged
2025-11-16,Olive & Ember Riverside,Butter,0.36,kg,Spoiled
2025-11-16,Olive & Ember Riverside,Cream,0.09,l,Expired
2025-11-16,Olive & Ember Riverside,Milk,1.53,l,Spoiled
2025-11-16,Olive & Ember Riverside,Eggs,9,each,Expired
2025-11-16,Olive & Ember Riverside,Mascarpone,0.22,kg,Spoiled
2025-11-16,Olive & Ember Riverside,Tomatoes,2.78,kg,Spoiled
2025-11-16,Olive & Ember Riverside,Lettuce,1.18,kg,Spoiled
2025-11-16,Olive & Ember Riverside,Onions,0.32,kg,Spoiled
2025-11-16,Olive & Ember Riverside,Potatoes,7.14,kg,Spoiled
2025-11-16,Olive & Ember Riverside,Mushrooms,0.72,kg,Over-prepared
2025-11-16,Olive & Ember Riverside,Lemons,0.63,kg,Spoiled
2025-11-16,Olive & Ember Riverside,Garlic,0.1,kg,Spoiled
2025-11-16,Olive & Ember Riverside,Pizza flour,0.32,kg,Spoiled
2025-11-16,Olive & Ember Riverside,Olive oil,0.06,l,Expired
2025-11-16,Olive & Ember Riverside,Sugar,0.05,kg,Expired
2025-11-23,Olive & Ember Riverside,Beef mince,0.61,kg,Expired
2025-11-23,Olive & Ember Riverside,Ribeye steak,0.28,kg,Expired
2025-11-23,Olive & Ember Riverside,Chicken breast,0.29,kg,Expired
2025-11-23,Olive & Ember Riverside,Pork sausage,0.28,kg,Expired
2025-11-23,Olive & Ember Riverside,Lamb shoulder,0.13,kg,Expired
2025-11-23,Olive & Ember Riverside,Salmon fillet,0.4,kg,Dropped/damaged
2025-11-23,Olive & Ember Riverside,Prawns,0.51,kg,Over-prepared
2025-11-23,Olive & Ember Riverside,Calamari,0.48,kg,Expired
2025-11-23,Olive & Ember Riverside,Mozzarella,1.1,kg,Expired
2025-11-23,Olive & Ember Riverside,Parmesan,0.12,kg,Expired
2025-11-23,Olive & Ember Riverside,Butter,0.36,kg,Expired
2025-11-23,Olive & Ember Riverside,Cream,0.09,l,Expired
2025-11-23,Olive & Ember Riverside,Milk,1.28,l,Expired
2025-11-23,Olive & Ember Riverside,Eggs,9,each,Expired
2025-11-23,Olive & Ember Riverside,Mascarpone,0.24,kg,Expired
2025-11-23,Olive & Ember Riverside,Tomatoes,2.77,kg,Spoiled
2025-11-23,Olive & Ember Riverside,Lettuce,1.17,kg,Expired
2025-11-23,Olive & Ember Riverside,Onions,0.33,kg,Over-prepared
2025-11-23,Olive & Ember Riverside,Potatoes,5.41,kg,Spoiled
2025-11-23,Olive & Ember Riverside,Mushrooms,0.66,kg,Spoiled
2025-11-23,Olive & Ember Riverside,Lemons,0.63,kg,Spoiled
2025-11-23,Olive & Ember Riverside,Garlic,0.13,kg,Spoiled
2025-11-23,Olive & Ember Riverside,Pizza flour,0.25,kg,Expired
2025-11-23,Olive & Ember Riverside,Pasta,0.06,kg,Spoiled
2025-11-23,Olive & Ember Riverside,Lemonade syrup,0.06,l,Spoiled
2025-11-30,Olive & Ember Riverside,Beef mince,0.78,kg,Over-prepared
2025-11-30,Olive & Ember Riverside,Ribeye steak,0.35,kg,Expired
2025-11-30,Olive & Ember Riverside,Chicken breast,0.33,kg,Dropped/damaged
2025-11-30,Olive & Ember Riverside,Pork sausage,0.35,kg,Expired
2025-11-30,Olive & Ember Riverside,Lamb shoulder,0.14,kg,Dropped/damaged
2025-11-30,Olive & Ember Riverside,Salmon fillet,0.41,kg,Over-prepared
2025-11-30,Olive & Ember Riverside,Prawns,0.44,kg,Over-prepared
2025-11-30,Olive & Ember Riverside,Calamari,0.48,kg,Over-prepared
2025-11-30,Olive & Ember Riverside,Mozzarella,1.22,kg,Expired
2025-11-30,Olive & Ember Riverside,Parmesan,0.13,kg,Expired
2025-11-30,Olive & Ember Riverside,Butter,0.35,kg,Expired
2025-11-30,Olive & Ember Riverside,Cream,0.08,l,Expired
2025-11-30,Olive & Ember Riverside,Milk,1.52,l,Expired
2025-11-30,Olive & Ember Riverside,Eggs,12,each,Dropped/damaged
2025-11-30,Olive & Ember Riverside,Mascarpone,0.23,kg,Spoiled
2025-11-30,Olive & Ember Riverside,Tomatoes,2.31,kg,Spoiled
2025-11-30,Olive & Ember Riverside,Lettuce,1.14,kg,Over-prepared
2025-11-30,Olive & Ember Riverside,Onions,0.38,kg,Over-prepared
2025-11-30,Olive & Ember Riverside,Potatoes,6.14,kg,Spoiled
2025-11-30,Olive & Ember Riverside,Mushrooms,0.57,kg,Expired
2025-11-30,Olive & Ember Riverside,Lemons,0.73,kg,Over-prepared
2025-11-30,Olive & Ember Riverside,Garlic,0.11,kg,Expired
2025-11-30,Olive & Ember Riverside,Pizza flour,0.34,kg,Expired
2025-11-30,Olive & Ember Riverside,Pasta,0.06,kg,Expired
2025-11-30,Olive & Ember Riverside,Olive oil,0.06,l,Dropped/damaged
2025-12-07,Olive & Ember Riverside,Beef mince,0.77,kg,Expired
2025-12-07,Olive & Ember Riverside,Ribeye steak,0.26,kg,Expired
2025-12-07,Olive & Ember Riverside,Chicken breast,0.39,kg,Expired
2025-12-07,Olive & Ember Riverside,Pork sausage,0.47,kg,Over-prepared
2025-12-07,Olive & Ember Riverside,Lamb shoulder,0.2,kg,Expired
2025-12-07,Olive & Ember Riverside,Salmon fillet,0.47,kg,Over-prepared
2025-12-07,Olive & Ember Riverside,Prawns,0.5,kg,Over-prepared
2025-12-07,Olive & Ember Riverside,Calamari,0.46,kg,Over-prepared
2025-12-07,Olive & Ember Riverside,Mozzarella,2.02,kg,Dropped/damaged
2025-12-07,Olive & Ember Riverside,Parmesan,0.11,kg,Expired
2025-12-07,Olive & Ember Riverside,Butter,0.38,kg,Expired
2025-12-07,Olive & Ember Riverside,Cream,0.11,l,Expired
2025-12-07,Olive & Ember Riverside,Milk,1.94,l,Expired
2025-12-07,Olive & Ember Riverside,Eggs,12,each,Dropped/damaged
2025-12-07,Olive & Ember Riverside,Mascarpone,0.24,kg,Expired
2025-12-07,Olive & Ember Riverside,Tomatoes,3.53,kg,Over-prepared
2025-12-07,Olive & Ember Riverside,Lettuce,1.3,kg,Spoiled
2025-12-07,Olive & Ember Riverside,Onions,0.43,kg,Spoiled
2025-12-07,Olive & Ember Riverside,Potatoes,6.5,kg,Spoiled
2025-12-07,Olive & Ember Riverside,Mushrooms,0.87,kg,Spoiled
2025-12-07,Olive & Ember Riverside,Lemons,0.62,kg,Spoiled
2025-12-07,Olive & Ember Riverside,Basil,0.05,kg,Spoiled
2025-12-07,Olive & Ember Riverside,Garlic,0.11,kg,Spoiled
2025-12-07,Olive & Ember Riverside,Pizza flour,0.43,kg,Expired
2025-12-07,Olive & Ember Riverside,Pasta,0.07,kg,Spoiled
2025-12-07,Olive & Ember Riverside,Olive oil,0.07,l,Expired
2025-12-07,Olive & Ember Riverside,Sugar,0.06,kg,Expired
2025-12-07,Olive & Ember Riverside,Lemonade syrup,0.06,l,Dropped/damaged
2025-12-14,Olive & Ember Riverside,Beef mince,0.95,kg,Over-prepared
2025-12-14,Olive & Ember Riverside,Ribeye steak,0.35,kg,Expired
2025-12-14,Olive & Ember Riverside,Chicken breast,0.31,kg,Over-prepared
2025-12-14,Olive & Ember Riverside,Pork sausage,0.35,kg,Over-prepared
2025-12-14,Olive & Ember Riverside,Lamb shoulder,0.13,kg,Expired
2025-12-14,Olive & Ember Riverside,Salmon fillet,0.42,kg,Expired
2025-12-14,Olive & Ember Riverside,Prawns,0.43,kg,Dropped/damaged
2025-12-14,Olive & Ember Riverside,Calamari,0.5,kg,Over-prepared
2025-12-14,Olive & Ember Riverside,Mozzarella,1.57,kg,Dropped/damaged
2025-12-14,Olive & Ember Riverside,Parmesan,0.09,kg,Expired
2025-12-14,Olive & Ember Riverside,Butter,0.31,kg,Spoiled
2025-12-14,Olive & Ember Riverside,Cream,0.09,l,Spoiled
2025-12-14,Olive & Ember Riverside,Milk,1.7,l,Expired
2025-12-14,Olive & Ember Riverside,Eggs,11,each,Expired
2025-12-14,Olive & Ember Riverside,Mascarpone,0.27,kg,Expired
2025-12-14,Olive & Ember Riverside,Tomatoes,3.18,kg,Over-prepared
2025-12-14,Olive & Ember Riverside,Lettuce,1.28,kg,Expired
2025-12-14,Olive & Ember Riverside,Onions,0.41,kg,Over-prepared
2025-12-14,Olive & Ember Riverside,Potatoes,6.37,kg,Spoiled
2025-12-14,Olive & Ember Riverside,Mushrooms,0.65,kg,Expired
2025-12-14,Olive & Ember Riverside,Lemons,0.66,kg,Spoiled
2025-12-14,Olive & Ember Riverside,Basil,0.05,kg,Spoiled
2025-12-14,Olive & Ember Riverside,Garlic,0.1,kg,Over-prepared
2025-12-14,Olive & Ember Riverside,Pizza flour,0.43,kg,Expired
2025-12-14,Olive & Ember Riverside,Pasta,0.06,kg,Expired
2025-12-14,Olive & Ember Riverside,Olive oil,0.06,l,Expired
2025-12-14,Olive & Ember Riverside,Burger buns,1,each,Expired
2025-12-14,Olive & Ember Riverside,Sugar,0.06,kg,Spoiled
2025-12-14,Olive & Ember Riverside,Coffee beans,0.06,kg,Expired
2025-12-14,Olive & Ember Riverside,Lemonade syrup,0.06,l,Expired
2025-12-21,Olive & Ember Riverside,Beef mince,0.82,kg,Over-prepared
2025-12-21,Olive & Ember Riverside,Ribeye steak,0.32,kg,Expired
2025-12-21,Olive & Ember Riverside,Chicken breast,0.42,kg,Over-prepared
2025-12-21,Olive & Ember Riverside,Pork sausage,0.34,kg,Expired
2025-12-21,Olive & Ember Riverside,Lamb shoulder,0.14,kg,Expired
2025-12-21,Olive & Ember Riverside,Salmon fillet,0.37,kg,Over-prepared
2025-12-21,Olive & Ember Riverside,Prawns,0.37,kg,Expired
2025-12-21,Olive & Ember Riverside,Calamari,0.57,kg,Over-prepared
2025-12-21,Olive & Ember Riverside,Mozzarella,1.5,kg,Expired
2025-12-21,Olive & Ember Riverside,Parmesan,0.12,kg,Spoiled
2025-12-21,Olive & Ember Riverside,Butter,0.47,kg,Expired
2025-12-21,Olive & Ember Riverside,Cream,0.11,l,Expired
2025-12-21,Olive & Ember Riverside,Milk,1.56,l,Expired
2025-12-21,Olive & Ember Riverside,Eggs,12,each,Spoiled
2025-12-21,Olive & Ember Riverside,Mascarpone,0.23,kg,Expired
2025-12-21,Olive & Ember Riverside,Tomatoes,2.88,kg,Over-prepared
2025-12-21,Olive & Ember Riverside,Lettuce,1.39,kg,Expired
2025-12-21,Olive & Ember Riverside,Onions,0.35,kg,Over-prepared
2025-12-21,Olive & Ember Riverside,Potatoes,6.6,kg,Spoiled
2025-12-21,Olive & Ember Riverside,Mushrooms,0.94,kg,Spoiled
2025-12-21,Olive & Ember Riverside,Lemons,0.78,kg,Expired
2025-12-21,Olive & Ember Riverside,Garlic,0.13,kg,Spoiled
2025-12-21,Olive & Ember Riverside,Pizza flour,0.41,kg,Spoiled
2025-12-21,Olive & Ember Riverside,Pasta,0.05,kg,Expired
2025-12-21,Olive & Ember Riverside,Olive oil,0.06,l,Expired
2025-12-21,Olive & Ember Riverside,Burger buns,1,each,Expired
2025-12-21,Olive & Ember Riverside,Sugar,0.05,kg,Spoiled
2025-12-21,Olive & Ember Riverside,Coffee beans,0.06,kg,Dropped/damaged
2025-12-21,Olive & Ember Riverside,Lemonade syrup,0.05,l,Expired
2025-12-28,Olive & Ember Riverside,Beef mince,1.11,kg,Over-prepared
2025-12-28,Olive & Ember Riverside,Ribeye steak,0.3,kg,Over-prepared
2025-12-28,Olive & Ember Riverside,Chicken breast,0.34,kg,Over-prepared
2025-12-28,Olive & Ember Riverside,Pork sausage,0.36,kg,Expired
2025-12-28,Olive & Ember Riverside,Lamb shoulder,0.15,kg,Over-prepared
2025-12-28,Olive & Ember Riverside,Salmon fillet,0.63,kg,Expired
2025-12-28,Olive & Ember Riverside,Prawns,0.39,kg,Over-prepared
2025-12-28,Olive & Ember Riverside,Calamari,0.53,kg,Over-prepared
2025-12-28,Olive & Ember Riverside,Mozzarella,1.86,kg,Expired
2025-12-28,Olive & Ember Riverside,Parmesan,0.13,kg,Expired
2025-12-28,Olive & Ember Riverside,Butter,0.36,kg,Expired
2025-12-28,Olive & Ember Riverside,Cream,0.09,l,Expired
2025-12-28,Olive & Ember Riverside,Milk,1.95,l,Spoiled
2025-12-28,Olive & Ember Riverside,Eggs,12,each,Spoiled
2025-12-28,Olive & Ember Riverside,Mascarpone,0.37,kg,Expired
2025-12-28,Olive & Ember Riverside,Tomatoes,3.81,kg,Spoiled
2025-12-28,Olive & Ember Riverside,Lettuce,1.38,kg,Spoiled
2025-12-28,Olive & Ember Riverside,Onions,0.37,kg,Expired
2025-12-28,Olive & Ember Riverside,Potatoes,6.55,kg,Spoiled
2025-12-28,Olive & Ember Riverside,Mushrooms,0.81,kg,Expired
2025-12-28,Olive & Ember Riverside,Lemons,0.72,kg,Spoiled
2025-12-28,Olive & Ember Riverside,Basil,0.06,kg,Over-prepared
2025-12-28,Olive & Ember Riverside,Garlic,0.11,kg,Expired
2025-12-28,Olive & Ember Riverside,Pizza flour,0.45,kg,Expired
2025-12-28,Olive & Ember Riverside,Pasta,0.06,kg,Spoiled
2025-12-28,Olive & Ember Riverside,Olive oil,0.06,l,Expired
2025-12-28,Olive & Ember Riverside,Sugar,0.07,kg,Spoiled
2025-12-28,Olive & Ember Riverside,Lemonade syrup,0.07,l,Spoiled
2026-01-04,Olive & Ember Riverside,Beef mince,0.83,kg,Expired
2026-01-04,Olive & Ember Riverside,Ribeye steak,0.22,kg,Expired
2026-01-04,Olive & Ember Riverside,Chicken breast,0.37,kg,Over-prepared
2026-01-04,Olive & Ember Riverside,Pork sausage,0.38,kg,Expired
2026-01-04,Olive & Ember Riverside,Lamb shoulder,0.16,kg,Over-prepared
2026-01-04,Olive & Ember Riverside,Salmon fillet,0.39,kg,Expired
2026-01-04,Olive & Ember Riverside,Prawns,0.39,kg,Over-prepared
2026-01-04,Olive & Ember Riverside,Calamari,0.42,kg,Over-prepared
2026-01-04,Olive & Ember Riverside,Mozzarella,1.64,kg,Expired
2026-01-04,Olive & Ember Riverside,Parmesan,0.1,kg,Spoiled
2026-01-04,Olive & Ember Riverside,Butter,0.41,kg,Expired
2026-01-04,Olive & Ember Riverside,Cream,0.11,l,Expired
2026-01-04,Olive & Ember Riverside,Milk,1.33,l,Expired
2026-01-04,Olive & Ember Riverside,Eggs,10,each,Expired
2026-01-04,Olive & Ember Riverside,Mascarpone,0.25,kg,Dropped/damaged
2026-01-04,Olive & Ember Riverside,Tomatoes,2.68,kg,Spoiled
2026-01-04,Olive & Ember Riverside,Lettuce,1.04,kg,Expired
2026-01-04,Olive & Ember Riverside,Onions,0.37,kg,Spoiled
2026-01-04,Olive & Ember Riverside,Potatoes,6.37,kg,Spoiled
2026-01-04,Olive & Ember Riverside,Mushrooms,0.82,kg,Over-prepared
2026-01-04,Olive & Ember Riverside,Lemons,0.61,kg,Expired
2026-01-04,Olive & Ember Riverside,Garlic,0.11,kg,Spoiled
2026-01-04,Olive & Ember Riverside,Pizza flour,0.4,kg,Expired
2026-01-04,Olive & Ember Riverside,Pasta,0.06,kg,Dropped/damaged
2026-01-04,Olive & Ember Riverside,Olive oil,0.05,l,Expired
2026-01-04,Olive & Ember Riverside,Sugar,0.06,kg,Expired
2026-01-11,Olive & Ember Riverside,Beef mince,0.9,kg,Expired
2026-01-11,Olive & Ember Riverside,Ribeye steak,0.29,kg,Over-prepared
2026-01-11,Olive & Ember Riverside,Chicken breast,0.32,kg,Expired
2026-01-11,Olive & Ember Riverside,Pork sausage,0.4,kg,Expired
2026-01-11,Olive & Ember Riverside,Lamb shoulder,0.1,kg,Expired
2026-01-11,Olive & Ember Riverside,Salmon fillet,0.35,kg,Expired
2026-01-11,Olive & Ember Riverside,Prawns,0.43,kg,Over-prepared
2026-01-11,Olive & Ember Riverside,Calamari,0.4,kg,Over-prepared
2026-01-11,Olive & Ember Riverside,Mozzarella,1.28,kg,Spoiled
2026-01-11,Olive & Ember Riverside,Parmesan,0.11,kg,Expired
2026-01-11,Olive & Ember Riverside,Butter,0.34,kg,Expired
2026-01-11,Olive & Ember Riverside,Cream,0.1,l,Expired
2026-01-11,Olive & Ember Riverside,Milk,1.57,l,Expired
2026-01-11,Olive & Ember Riverside,Eggs,9,each,Expired
2026-01-11,Olive & Ember Riverside,Mascarpone,0.2,kg,Dropped/damaged
2026-01-11,Olive & Ember Riverside,Tomatoes,2.56,kg,Expired
2026-01-11,Olive & Ember Riverside,Lettuce,1,kg,Over-prepared
2026-01-11,Olive & Ember Riverside,Onions,0.42,kg,Spoiled
2026-01-11,Olive & Ember Riverside,Potatoes,6.12,kg,Expired
2026-01-11,Olive & Ember Riverside,Mushrooms,0.59,kg,Spoiled
2026-01-11,Olive & Ember Riverside,Lemons,0.52,kg,Spoiled
2026-01-11,Olive & Ember Riverside,Garlic,0.12,kg,Spoiled
2026-01-11,Olive & Ember Riverside,Pizza flour,0.33,kg,Dropped/damaged
2026-01-11,Olive & Ember Riverside,Pasta,0.05,kg,Spoiled
2026-01-11,Olive & Ember Riverside,Olive oil,0.06,l,Expired
2026-01-11,Olive & Ember Riverside,Sugar,0.06,kg,Expired
2026-01-18,Olive & Ember Riverside,Beef mince,0.89,kg,Expired
2026-01-18,Olive & Ember Riverside,Ribeye steak,0.2,kg,Over-prepared
2026-01-18,Olive & Ember Riverside,Chicken breast,0.34,kg,Expired
2026-01-18,Olive & Ember Riverside,Pork sausage,0.25,kg,Expired
2026-01-18,Olive & Ember Riverside,Lamb shoulder,0.11,kg,Over-prepared
2026-01-18,Olive & Ember Riverside,Salmon fillet,0.43,kg,Over-prepared
2026-01-18,Olive & Ember Riverside,Prawns,0.32,kg,Expired
2026-01-18,Olive & Ember Riverside,Calamari,0.52,kg,Over-prepared
2026-01-18,Olive & Ember Riverside,Mozzarella,1.36,kg,Expired
2026-01-18,Olive & Ember Riverside,Parmesan,0.1,kg,Expired
2026-01-18,Olive & Ember Riverside,Butter,0.32,kg,Expired
2026-01-18,Olive & Ember Riverside,Cream,0.08,l,Expired
2026-01-18,Olive & Ember Riverside,Milk,1.29,l,Dropped/damaged
2026-01-18,Olive & Ember Riverside,Eggs,7,each,Spoiled
2026-01-18,Olive & Ember Riverside,Mascarpone,0.19,kg,Expired
2026-01-18,Olive & Ember Riverside,Tomatoes,2.59,kg,Spoiled
2026-01-18,Olive & Ember Riverside,Lettuce,1.02,kg,Spoiled
2026-01-18,Olive & Ember Riverside,Onions,0.34,kg,Spoiled
2026-01-18,Olive & Ember Riverside,Potatoes,5.75,kg,Spoiled
2026-01-18,Olive & Ember Riverside,Mushrooms,0.56,kg,Over-prepared
2026-01-18,Olive & Ember Riverside,Lemons,0.7,kg,Over-prepared
2026-01-18,Olive & Ember Riverside,Garlic,0.08,kg,Spoiled
2026-01-18,Olive & Ember Riverside,Pizza flour,0.34,kg,Expired
2026-01-18,Olive & Ember Riverside,Pasta,0.05,kg,Dropped/damaged
2026-01-18,Olive & Ember Riverside,Olive oil,0.06,l,Expired
2026-01-18,Olive & Ember Riverside,Sugar,0.05,kg,Expired
2026-01-18,Olive & Ember Riverside,Lemonade syrup,0.06,l,Expired
2026-01-25,Olive & Ember Riverside,Beef mince,0.81,kg,Dropped/damaged
2026-01-25,Olive & Ember Riverside,Ribeye steak,0.28,kg,Expired
2026-01-25,Olive & Ember Riverside,Chicken breast,0.29,kg,Expired
2026-01-25,Olive & Ember Riverside,Pork sausage,0.27,kg,Over-prepared
2026-01-25,Olive & Ember Riverside,Lamb shoulder,0.14,kg,Over-prepared
2026-01-25,Olive & Ember Riverside,Salmon fillet,0.41,kg,Over-prepared
2026-01-25,Olive & Ember Riverside,Prawns,0.41,kg,Expired
2026-01-25,Olive & Ember Riverside,Calamari,0.35,kg,Expired
2026-01-25,Olive & Ember Riverside,Mozzarella,1.24,kg,Expired
2026-01-25,Olive & Ember Riverside,Parmesan,0.08,kg,Spoiled
2026-01-25,Olive & Ember Riverside,Butter,0.31,kg,Spoiled
2026-01-25,Olive & Ember Riverside,Cream,0.08,l,Expired
2026-01-25,Olive & Ember Riverside,Milk,1.35,l,Dropped/damaged
2026-01-25,Olive & Ember Riverside,Eggs,8,each,Spoiled
2026-01-25,Olive & Ember Riverside,Mascarpone,0.23,kg,Expired
2026-01-25,Olive & Ember Riverside,Tomatoes,2,kg,Over-prepared
2026-01-25,Olive & Ember Riverside,Lettuce,1.24,kg,Over-prepared
2026-01-25,Olive & Ember Riverside,Onions,0.3,kg,Spoiled
2026-01-25,Olive & Ember Riverside,Potatoes,6.38,kg,Expired
2026-01-25,Olive & Ember Riverside,Mushrooms,0.56,kg,Spoiled
2026-01-25,Olive & Ember Riverside,Lemons,0.62,kg,Expired
2026-01-25,Olive & Ember Riverside,Garlic,0.11,kg,Spoiled
2026-01-25,Olive & Ember Riverside,Pizza flour,0.36,kg,Expired
2026-01-25,Olive & Ember Riverside,Pasta,0.06,kg,Expired
2026-01-25,Olive & Ember Riverside,Olive oil,0.06,l,Expired
2026-01-25,Olive & Ember Riverside,Sugar,0.06,kg,Spoiled
2026-02-01,Olive & Ember Riverside,Beef mince,0.79,kg,Dropped/damaged
2026-02-01,Olive & Ember Riverside,Ribeye steak,0.22,kg,Over-prepared
2026-02-01,Olive & Ember Riverside,Chicken breast,0.33,kg,Expired
2026-02-01,Olive & Ember Riverside,Pork sausage,0.27,kg,Over-prepared
2026-02-01,Olive & Ember Riverside,Lamb shoulder,0.08,kg,Expired
2026-02-01,Olive & Ember Riverside,Salmon fillet,0.41,kg,Over-prepared
2026-02-01,Olive & Ember Riverside,Prawns,0.44,kg,Expired
2026-02-01,Olive & Ember Riverside,Calamari,0.57,kg,Expired
2026-02-01,Olive & Ember Riverside,Mozzarella,1.39,kg,Expired
2026-02-01,Olive & Ember Riverside,Parmesan,0.1,kg,Expired
2026-02-01,Olive & Ember Riverside,Butter,0.35,kg,Spoiled
2026-02-01,Olive & Ember Riverside,Cream,0.1,l,Expired
2026-02-01,Olive & Ember Riverside,Milk,1.54,l,Spoiled
2026-02-01,Olive & Ember Riverside,Eggs,9,each,Spoiled
2026-02-01,Olive & Ember Riverside,Mascarpone,0.24,kg,Spoiled
2026-02-01,Olive & Ember Riverside,Tomatoes,2.98,kg,Over-prepared
2026-02-01,Olive & Ember Riverside,Lettuce,1.43,kg,Spoiled
2026-02-01,Olive & Ember Riverside,Onions,0.26,kg,Over-prepared
2026-02-01,Olive & Ember Riverside,Potatoes,5.62,kg,Spoiled
2026-02-01,Olive & Ember Riverside,Mushrooms,0.6,kg,Spoiled
2026-02-01,Olive & Ember Riverside,Lemons,0.65,kg,Expired
2026-02-01,Olive & Ember Riverside,Basil,0.05,kg,Spoiled
2026-02-01,Olive & Ember Riverside,Garlic,0.08,kg,Expired
2026-02-01,Olive & Ember Riverside,Pizza flour,0.32,kg,Expired
2026-02-01,Olive & Ember Riverside,Olive oil,0.06,l,Spoiled
2026-02-01,Olive & Ember Riverside,Lemonade syrup,0.06,l,Dropped/damaged
2026-02-08,Olive & Ember Riverside,Beef mince,0.68,kg,Over-prepared
2026-02-08,Olive & Ember Riverside,Ribeye steak,0.32,kg,Over-prepared
2026-02-08,Olive & Ember Riverside,Chicken breast,0.37,kg,Over-prepared
2026-02-08,Olive & Ember Riverside,Pork sausage,0.33,kg,Expired
2026-02-08,Olive & Ember Riverside,Lamb shoulder,0.16,kg,Expired
2026-02-08,Olive & Ember Riverside,Salmon fillet,0.32,kg,Over-prepared
2026-02-08,Olive & Ember Riverside,Prawns,0.36,kg,Dropped/damaged
2026-02-08,Olive & Ember Riverside,Calamari,0.43,kg,Over-prepared
2026-02-08,Olive & Ember Riverside,Mozzarella,1.39,kg,Spoiled
2026-02-08,Olive & Ember Riverside,Parmesan,0.12,kg,Expired
2026-02-08,Olive & Ember Riverside,Butter,0.33,kg,Expired
2026-02-08,Olive & Ember Riverside,Cream,0.11,l,Expired
2026-02-08,Olive & Ember Riverside,Milk,1.82,l,Expired
2026-02-08,Olive & Ember Riverside,Eggs,10,each,Spoiled
2026-02-08,Olive & Ember Riverside,Mascarpone,0.19,kg,Spoiled
2026-02-08,Olive & Ember Riverside,Tomatoes,2.69,kg,Spoiled
2026-02-08,Olive & Ember Riverside,Lettuce,1.16,kg,Spoiled
2026-02-08,Olive & Ember Riverside,Onions,0.35,kg,Expired
2026-02-08,Olive & Ember Riverside,Potatoes,5.18,kg,Over-prepared
2026-02-08,Olive & Ember Riverside,Mushrooms,0.79,kg,Spoiled
2026-02-08,Olive & Ember Riverside,Lemons,0.74,kg,Spoiled
2026-02-08,Olive & Ember Riverside,Garlic,0.09,kg,Over-prepared
2026-02-08,Olive & Ember Riverside,Pizza flour,0.37,kg,Dropped/damaged
2026-02-08,Olive & Ember Riverside,Pasta,0.05,kg,Expired
2026-02-08,Olive & Ember Riverside,Olive oil,0.06,l,Spoiled
2026-02-08,Olive & Ember Riverside,Sugar,0.06,kg,Expired
2026-02-08,Olive & Ember Riverside,Coffee beans,0.05,kg,Expired
2026-02-08,Olive & Ember Riverside,Lemonade syrup,0.05,l,Spoiled
2026-02-15,Olive & Ember Riverside,Beef mince,0.71,kg,Expired
2026-02-15,Olive & Ember Riverside,Ribeye steak,0.22,kg,Over-prepared
2026-02-15,Olive & Ember Riverside,Chicken breast,0.32,kg,Dropped/damaged
2026-02-15,Olive & Ember Riverside,Pork sausage,0.32,kg,Over-prepared
2026-02-15,Olive & Ember Riverside,Lamb shoulder,0.14,kg,Expired
2026-02-15,Olive & Ember Riverside,Salmon fillet,0.26,kg,Over-prepared
2026-02-15,Olive & Ember Riverside,Prawns,0.46,kg,Expired
2026-02-15,Olive & Ember Riverside,Calamari,0.33,kg,Dropped/damaged
2026-02-15,Olive & Ember Riverside,Mozzarella,1.22,kg,Expired
2026-02-15,Olive & Ember Riverside,Parmesan,0.11,kg,Expired
2026-02-15,Olive & Ember Riverside,Butter,0.38,kg,Expired
2026-02-15,Olive & Ember Riverside,Cream,0.09,l,Spoiled
2026-02-15,Olive & Ember Riverside,Milk,1.53,l,Spoiled
2026-02-15,Olive & Ember Riverside,Eggs,9,each,Expired
2026-02-15,Olive & Ember Riverside,Mascarpone,0.21,kg,Expired
2026-02-15,Olive & Ember Riverside,Tomatoes,2.7,kg,Expired
2026-02-15,Olive & Ember Riverside,Lettuce,1.2,kg,Expired
2026-02-15,Olive & Ember Riverside,Onions,0.34,kg,Expired
2026-02-15,Olive & Ember Riverside,Potatoes,4.99,kg,Expired
2026-02-15,Olive & Ember Riverside,Mushrooms,0.62,kg,Spoiled
2026-02-15,Olive & Ember Riverside,Lemons,0.7,kg,Spoiled
2026-02-15,Olive & Ember Riverside,Garlic,0.09,kg,Spoiled
2026-02-15,Olive & Ember Riverside,Pizza flour,0.3,kg,Spoiled
2026-02-15,Olive & Ember Riverside,Pasta,0.05,kg,Expired
2026-02-15,Olive & Ember Riverside,Sugar,0.06,kg,Expired
2026-02-15,Olive & Ember Riverside,Lemonade syrup,0.05,l,Expired
2026-02-22,Olive & Ember Riverside,Beef mince,0.76,kg,Dropped/damaged
2026-02-22,Olive & Ember Riverside,Ribeye steak,0.27,kg,Over-prepared
2026-02-22,Olive & Ember Riverside,Chicken breast,0.36,kg,Expired
2026-02-22,Olive & Ember Riverside,Pork sausage,0.31,kg,Over-prepared
2026-02-22,Olive & Ember Riverside,Lamb shoulder,0.11,kg,Expired
2026-02-22,Olive & Ember Riverside,Salmon fillet,0.37,kg,Over-prepared
2026-02-22,Olive & Ember Riverside,Prawns,0.46,kg,Expired
2026-02-22,Olive & Ember Riverside,Calamari,0.43,kg,Expired
2026-02-22,Olive & Ember Riverside,Mozzarella,1.23,kg,Expired
2026-02-22,Olive & Ember Riverside,Parmesan,0.11,kg,Expired
2026-02-22,Olive & Ember Riverside,Butter,0.36,kg,Expired
2026-02-22,Olive & Ember Riverside,Cream,0.11,l,Spoiled
2026-02-22,Olive & Ember Riverside,Milk,1.53,l,Expired
2026-02-22,Olive & Ember Riverside,Eggs,10,each,Spoiled
2026-02-22,Olive & Ember Riverside,Mascarpone,0.22,kg,Expired
2026-02-22,Olive & Ember Riverside,Tomatoes,2.78,kg,Spoiled
2026-02-22,Olive & Ember Riverside,Lettuce,1.23,kg,Spoiled
2026-02-22,Olive & Ember Riverside,Onions,0.3,kg,Spoiled
2026-02-22,Olive & Ember Riverside,Potatoes,6.65,kg,Expired
2026-02-22,Olive & Ember Riverside,Mushrooms,0.58,kg,Spoiled
2026-02-22,Olive & Ember Riverside,Lemons,0.59,kg,Spoiled
2026-02-22,Olive & Ember Riverside,Garlic,0.1,kg,Spoiled
2026-02-22,Olive & Ember Riverside,Pizza flour,0.32,kg,Spoiled
2026-02-22,Olive & Ember Riverside,Olive oil,0.06,l,Expired
2026-02-22,Olive & Ember Riverside,Sugar,0.05,kg,Expired
2026-02-22,Olive & Ember Riverside,Lemonade syrup,0.05,l,Dropped/damaged
2026-03-01,Olive & Ember Riverside,Beef mince,0.72,kg,Dropped/damaged
2026-03-01,Olive & Ember Riverside,Ribeye steak,0.3,kg,Over-prepared
2026-03-01,Olive & Ember Riverside,Chicken breast,0.3,kg,Expired
2026-03-01,Olive & Ember Riverside,Pork sausage,0.33,kg,Expired
2026-03-01,Olive & Ember Riverside,Lamb shoulder,0.18,kg,Expired
2026-03-01,Olive & Ember Riverside,Salmon fillet,0.54,kg,Dropped/damaged
2026-03-01,Olive & Ember Riverside,Prawns,0.38,kg,Over-prepared
2026-03-01,Olive & Ember Riverside,Calamari,0.37,kg,Expired
2026-03-01,Olive & Ember Riverside,Mozzarella,1.44,kg,Spoiled
2026-03-01,Olive & Ember Riverside,Parmesan,0.11,kg,Expired
2026-03-01,Olive & Ember Riverside,Butter,0.31,kg,Spoiled
2026-03-01,Olive & Ember Riverside,Cream,0.09,l,Expired
2026-03-01,Olive & Ember Riverside,Milk,1.67,l,Expired
2026-03-01,Olive & Ember Riverside,Eggs,9,each,Spoiled
2026-03-01,Olive & Ember Riverside,Mascarpone,0.19,kg,Expired
2026-03-01,Olive & Ember Riverside,Tomatoes,2.62,kg,Expired
2026-03-01,Olive & Ember Riverside,Lettuce,1.23,kg,Expired
2026-03-01,Olive & Ember Riverside,Onions,0.37,kg,Over-prepared
2026-03-01,Olive & Ember Riverside,Potatoes,6.03,kg,Over-prepared
2026-03-01,Olive & Ember Riverside,Mushrooms,0.68,kg,Spoiled
2026-03-01,Olive & Ember Riverside,Lemons,0.79,kg,Spoiled
2026-03-01,Olive & Ember Riverside,Garlic,0.1,kg,Expired
2026-03-01,Olive & Ember Riverside,Pizza flour,0.29,kg,Expired
2026-03-01,Olive & Ember Riverside,Pasta,0.07,kg,Dropped/damaged
2026-03-01,Olive & Ember Riverside,Olive oil,0.06,l,Expired
2026-03-08,Olive & Ember Riverside,Beef mince,0.58,kg,Over-prepared
2026-03-08,Olive & Ember Riverside,Ribeye steak,0.18,kg,Dropped/damaged
2026-03-08,Olive & Ember Riverside,Chicken breast,0.33,kg,Dropped/damaged
2026-03-08,Olive & Ember Riverside,Pork sausage,0.31,kg,Over-prepared
2026-03-08,Olive & Ember Riverside,Lamb shoulder,0.16,kg,Expired
2026-03-08,Olive & Ember Riverside,Salmon fillet,0.44,kg,Over-prepared
2026-03-08,Olive & Ember Riverside,Prawns,0.64,kg,Expired
2026-03-08,Olive & Ember Riverside,Calamari,0.44,kg,Over-prepared
2026-03-08,Olive & Ember Riverside,Mozzarella,1.44,kg,Expired
2026-03-08,Olive & Ember Riverside,Parmesan,0.13,kg,Expired
2026-03-08,Olive & Ember Riverside,Butter,0.33,kg,Expired
2026-03-08,Olive & Ember Riverside,Cream,0.11,l,Expired
2026-03-08,Olive & Ember Riverside,Milk,1.49,l,Spoiled
2026-03-08,Olive & Ember Riverside,Eggs,11,each,Expired
2026-03-08,Olive & Ember Riverside,Mascarpone,0.24,kg,Spoiled
2026-03-08,Olive & Ember Riverside,Tomatoes,3.27,kg,Over-prepared
2026-03-08,Olive & Ember Riverside,Lettuce,1.08,kg,Spoiled
2026-03-08,Olive & Ember Riverside,Onions,0.34,kg,Expired
2026-03-08,Olive & Ember Riverside,Potatoes,5.51,kg,Expired
2026-03-08,Olive & Ember Riverside,Mushrooms,0.8,kg,Spoiled
2026-03-08,Olive & Ember Riverside,Lemons,0.7,kg,Spoiled
2026-03-08,Olive & Ember Riverside,Basil,0.06,kg,Spoiled
2026-03-08,Olive & Ember Riverside,Garlic,0.11,kg,Spoiled
2026-03-08,Olive & Ember Riverside,Pizza flour,0.34,kg,Expired
2026-03-08,Olive & Ember Riverside,Pasta,0.06,kg,Expired
2026-03-08,Olive & Ember Riverside,Olive oil,0.06,l,Spoiled
2026-03-08,Olive & Ember Riverside,Sugar,0.06,kg,Expired
2026-03-08,Olive & Ember Riverside,Lemonade syrup,0.06,l,Spoiled
2026-03-15,Olive & Ember Riverside,Beef mince,0.7,kg,Expired
2026-03-15,Olive & Ember Riverside,Ribeye steak,0.3,kg,Over-prepared
2026-03-15,Olive & Ember Riverside,Chicken breast,0.31,kg,Over-prepared
2026-03-15,Olive & Ember Riverside,Pork sausage,0.33,kg,Over-prepared
2026-03-15,Olive & Ember Riverside,Lamb shoulder,0.13,kg,Expired
2026-03-15,Olive & Ember Riverside,Salmon fillet,0.38,kg,Dropped/damaged
2026-03-15,Olive & Ember Riverside,Prawns,0.46,kg,Over-prepared
2026-03-15,Olive & Ember Riverside,Calamari,0.42,kg,Dropped/damaged
2026-03-15,Olive & Ember Riverside,Mozzarella,1.67,kg,Dropped/damaged
2026-03-15,Olive & Ember Riverside,Parmesan,0.09,kg,Expired
2026-03-15,Olive & Ember Riverside,Butter,0.35,kg,Expired
2026-03-15,Olive & Ember Riverside,Cream,0.1,l,Dropped/damaged
2026-03-15,Olive & Ember Riverside,Milk,1.53,l,Expired
2026-03-15,Olive & Ember Riverside,Eggs,9,each,Spoiled
2026-03-15,Olive & Ember Riverside,Mascarpone,0.19,kg,Spoiled
2026-03-15,Olive & Ember Riverside,Tomatoes,3.13,kg,Spoiled
2026-03-15,Olive & Ember Riverside,Lettuce,1.26,kg,Spoiled
2026-03-15,Olive & Ember Riverside,Onions,0.31,kg,Expired
2026-03-15,Olive & Ember Riverside,Potatoes,5.83,kg,Over-prepared
2026-03-15,Olive & Ember Riverside,Mushrooms,0.61,kg,Expired
2026-03-15,Olive & Ember Riverside,Lemons,0.54,kg,Expired
2026-03-15,Olive & Ember Riverside,Basil,0.05,kg,Spoiled
2026-03-15,Olive & Ember Riverside,Garlic,0.09,kg,Spoiled
2026-03-15,Olive & Ember Riverside,Pizza flour,0.38,kg,Dropped/damaged
2026-03-15,Olive & Ember Riverside,Pasta,0.05,kg,Expired
2026-03-15,Olive & Ember Riverside,Olive oil,0.05,l,Spoiled
2026-03-15,Olive & Ember Riverside,Sugar,0.05,kg,Expired
2026-03-15,Olive & Ember Riverside,Lemonade syrup,0.05,l,Spoiled
2026-03-22,Olive & Ember Riverside,Beef mince,0.85,kg,Over-prepared
2026-03-22,Olive & Ember Riverside,Ribeye steak,0.33,kg,Over-prepared
2026-03-22,Olive & Ember Riverside,Chicken breast,0.36,kg,Expired
2026-03-22,Olive & Ember Riverside,Pork sausage,0.36,kg,Dropped/damaged
2026-03-22,Olive & Ember Riverside,Lamb shoulder,0.13,kg,Expired
2026-03-22,Olive & Ember Riverside,Salmon fillet,0.38,kg,Over-prepared
2026-03-22,Olive & Ember Riverside,Prawns,0.39,kg,Expired
2026-03-22,Olive & Ember Riverside,Calamari,0.47,kg,Expired
2026-03-22,Olive & Ember Riverside,Mozzarella,1.39,kg,Spoiled
2026-03-22,Olive & Ember Riverside,Parmesan,0.12,kg,Spoiled
2026-03-22,Olive & Ember Riverside,Butter,0.45,kg,Spoiled
2026-03-22,Olive & Ember Riverside,Cream,0.12,l,Expired
2026-03-22,Olive & Ember Riverside,Milk,1.47,l,Expired
2026-03-22,Olive & Ember Riverside,Eggs,11,each,Expired
2026-03-22,Olive & Ember Riverside,Mascarpone,0.23,kg,Expired
2026-03-22,Olive & Ember Riverside,Tomatoes,3.56,kg,Spoiled
2026-03-22,Olive & Ember Riverside,Lettuce,1.23,kg,Spoiled
2026-03-22,Olive & Ember Riverside,Onions,0.42,kg,Spoiled
2026-03-22,Olive & Ember Riverside,Potatoes,7.85,kg,Spoiled
2026-03-22,Olive & Ember Riverside,Mushrooms,0.82,kg,Over-prepared
2026-03-22,Olive & Ember Riverside,Lemons,0.88,kg,Spoiled
2026-03-22,Olive & Ember Riverside,Garlic,0.12,kg,Over-prepared
2026-03-22,Olive & Ember Riverside,Pizza flour,0.43,kg,Spoiled
2026-03-22,Olive & Ember Riverside,Pasta,0.05,kg,Expired
2026-03-22,Olive & Ember Riverside,Olive oil,0.06,l,Expired
2026-03-22,Olive & Ember Riverside,Sugar,0.06,kg,Expired
2026-03-22,Olive & Ember Riverside,Lemonade syrup,0.06,l,Expired
2026-03-29,Olive & Ember Riverside,Beef mince,0.78,kg,Over-prepared
2026-03-29,Olive & Ember Riverside,Ribeye steak,0.25,kg,Expired
2026-03-29,Olive & Ember Riverside,Chicken breast,0.35,kg,Expired
2026-03-29,Olive & Ember Riverside,Pork sausage,0.38,kg,Dropped/damaged
2026-03-29,Olive & Ember Riverside,Lamb shoulder,0.16,kg,Expired
2026-03-29,Olive & Ember Riverside,Salmon fillet,0.55,kg,Expired
2026-03-29,Olive & Ember Riverside,Prawns,0.4,kg,Over-prepared
2026-03-29,Olive & Ember Riverside,Calamari,0.54,kg,Over-prepared
2026-03-29,Olive & Ember Riverside,Mozzarella,1.76,kg,Expired
2026-03-29,Olive & Ember Riverside,Parmesan,0.11,kg,Expired
2026-03-29,Olive & Ember Riverside,Butter,0.48,kg,Expired
2026-03-29,Olive & Ember Riverside,Cream,0.08,l,Expired
2026-03-29,Olive & Ember Riverside,Milk,1.6,l,Expired
2026-03-29,Olive & Ember Riverside,Eggs,9,each,Spoiled
2026-03-29,Olive & Ember Riverside,Mascarpone,0.24,kg,Expired
2026-03-29,Olive & Ember Riverside,Tomatoes,3.23,kg,Spoiled
2026-03-29,Olive & Ember Riverside,Lettuce,1.16,kg,Expired
2026-03-29,Olive & Ember Riverside,Onions,0.45,kg,Spoiled
2026-03-29,Olive & Ember Riverside,Potatoes,7.31,kg,Over-prepared
2026-03-29,Olive & Ember Riverside,Mushrooms,0.85,kg,Spoiled
2026-03-29,Olive & Ember Riverside,Lemons,0.91,kg,Expired
2026-03-29,Olive & Ember Riverside,Basil,0.05,kg,Over-prepared
2026-03-29,Olive & Ember Riverside,Garlic,0.11,kg,Over-prepared
2026-03-29,Olive & Ember Riverside,Pizza flour,0.41,kg,Spoiled
2026-03-29,Olive & Ember Riverside,Pasta,0.07,kg,Expired
2026-03-29,Olive & Ember Riverside,Olive oil,0.06,l,Dropped/damaged
2026-03-29,Olive & Ember Riverside,Sugar,0.05,kg,Expired
2026-03-29,Olive & Ember Riverside,Lemonade syrup,0.05,l,Spoiled
2026-04-05,Olive & Ember Riverside,Beef mince,0.83,kg,Expired
2026-04-05,Olive & Ember Riverside,Ribeye steak,0.34,kg,Over-prepared
2026-04-05,Olive & Ember Riverside,Chicken breast,0.41,kg,Over-prepared
2026-04-05,Olive & Ember Riverside,Pork sausage,0.38,kg,Over-prepared
2026-04-05,Olive & Ember Riverside,Lamb shoulder,0.16,kg,Expired
2026-04-05,Olive & Ember Riverside,Salmon fillet,0.38,kg,Over-prepared
2026-04-05,Olive & Ember Riverside,Prawns,0.45,kg,Over-prepared
2026-04-05,Olive & Ember Riverside,Calamari,0.64,kg,Expired
2026-04-05,Olive & Ember Riverside,Mozzarella,1.92,kg,Spoiled
2026-04-05,Olive & Ember Riverside,Parmesan,0.14,kg,Expired
2026-04-05,Olive & Ember Riverside,Butter,0.47,kg,Dropped/damaged
2026-04-05,Olive & Ember Riverside,Cream,0.14,l,Dropped/damaged
2026-04-05,Olive & Ember Riverside,Milk,1.53,l,Spoiled
2026-04-05,Olive & Ember Riverside,Eggs,12,each,Expired
2026-04-05,Olive & Ember Riverside,Mascarpone,0.21,kg,Spoiled
2026-04-05,Olive & Ember Riverside,Tomatoes,3.24,kg,Spoiled
2026-04-05,Olive & Ember Riverside,Lettuce,1.36,kg,Spoiled
2026-04-05,Olive & Ember Riverside,Onions,0.38,kg,Spoiled
2026-04-05,Olive & Ember Riverside,Potatoes,7.32,kg,Over-prepared
2026-04-05,Olive & Ember Riverside,Mushrooms,0.9,kg,Spoiled
2026-04-05,Olive & Ember Riverside,Lemons,0.84,kg,Spoiled
2026-04-05,Olive & Ember Riverside,Basil,0.05,kg,Over-prepared
2026-04-05,Olive & Ember Riverside,Garlic,0.1,kg,Spoiled
2026-04-05,Olive & Ember Riverside,Pizza flour,0.5,kg,Expired
2026-04-05,Olive & Ember Riverside,Pasta,0.05,kg,Spoiled
2026-04-05,Olive & Ember Riverside,Olive oil,0.07,l,Expired
2026-04-05,Olive & Ember Riverside,Sugar,0.07,kg,Expired
2026-04-05,Olive & Ember Riverside,Coffee beans,0.06,kg,Dropped/damaged
2026-04-05,Olive & Ember Riverside,Lemonade syrup,0.05,l,Expired
2026-04-12,Olive & Ember Riverside,Beef mince,0.98,kg,Over-prepared
2026-04-12,Olive & Ember Riverside,Ribeye steak,0.37,kg,Over-prepared
2026-04-12,Olive & Ember Riverside,Chicken breast,0.41,kg,Over-prepared
2026-04-12,Olive & Ember Riverside,Pork sausage,0.52,kg,Over-prepared
2026-04-12,Olive & Ember Riverside,Lamb shoulder,0.17,kg,Over-prepared
2026-04-12,Olive & Ember Riverside,Salmon fillet,0.39,kg,Expired
2026-04-12,Olive & Ember Riverside,Prawns,0.59,kg,Expired
2026-04-12,Olive & Ember Riverside,Calamari,0.46,kg,Expired
2026-04-12,Olive & Ember Riverside,Mozzarella,1.64,kg,Expired
2026-04-12,Olive & Ember Riverside,Parmesan,0.09,kg,Expired
2026-04-12,Olive & Ember Riverside,Butter,0.41,kg,Expired
2026-04-12,Olive & Ember Riverside,Cream,0.09,l,Expired
2026-04-12,Olive & Ember Riverside,Milk,2.05,l,Expired
2026-04-12,Olive & Ember Riverside,Eggs,11,each,Spoiled
2026-04-12,Olive & Ember Riverside,Mascarpone,0.23,kg,Expired
2026-04-12,Olive & Ember Riverside,Tomatoes,3.26,kg,Spoiled
2026-04-12,Olive & Ember Riverside,Lettuce,1.34,kg,Expired
2026-04-12,Olive & Ember Riverside,Onions,0.39,kg,Over-prepared
2026-04-12,Olive & Ember Riverside,Potatoes,7.8,kg,Spoiled
2026-04-12,Olive & Ember Riverside,Mushrooms,0.8,kg,Spoiled
2026-04-12,Olive & Ember Riverside,Lemons,0.89,kg,Spoiled
2026-04-12,Olive & Ember Riverside,Garlic,0.12,kg,Expired
2026-04-12,Olive & Ember Riverside,Pizza flour,0.44,kg,Expired
2026-04-12,Olive & Ember Riverside,Pasta,0.07,kg,Dropped/damaged
2026-04-12,Olive & Ember Riverside,Olive oil,0.07,l,Spoiled
2026-04-12,Olive & Ember Riverside,Burger buns,1,each,Expired
2026-04-12,Olive & Ember Riverside,Sugar,0.06,kg,Expired
2026-04-12,Olive & Ember Riverside,Coffee beans,0.05,kg,Spoiled
2026-04-12,Olive & Ember Riverside,Lemonade syrup,0.06,l,Spoiled
2026-04-19,Olive & Ember Riverside,Beef mince,0.93,kg,Dropped/damaged
2026-04-19,Olive & Ember Riverside,Ribeye steak,0.36,kg,Over-prepared
2026-04-19,Olive & Ember Riverside,Chicken breast,0.43,kg,Expired
2026-04-19,Olive & Ember Riverside,Pork sausage,0.37,kg,Dropped/damaged
2026-04-19,Olive & Ember Riverside,Lamb shoulder,0.14,kg,Dropped/damaged
2026-04-19,Olive & Ember Riverside,Salmon fillet,0.38,kg,Over-prepared
2026-04-19,Olive & Ember Riverside,Prawns,0.45,kg,Over-prepared
2026-04-19,Olive & Ember Riverside,Calamari,0.42,kg,Expired
2026-04-19,Olive & Ember Riverside,Mozzarella,1.64,kg,Expired
2026-04-19,Olive & Ember Riverside,Parmesan,0.15,kg,Expired
2026-04-19,Olive & Ember Riverside,Butter,0.48,kg,Dropped/damaged
2026-04-19,Olive & Ember Riverside,Cream,0.15,l,Spoiled
2026-04-19,Olive & Ember Riverside,Milk,1.78,l,Expired
2026-04-19,Olive & Ember Riverside,Eggs,12,each,Expired
2026-04-19,Olive & Ember Riverside,Mascarpone,0.31,kg,Expired
2026-04-19,Olive & Ember Riverside,Tomatoes,2.88,kg,Spoiled
2026-04-19,Olive & Ember Riverside,Lettuce,1.44,kg,Spoiled
2026-04-19,Olive & Ember Riverside,Onions,0.4,kg,Expired
2026-04-19,Olive & Ember Riverside,Potatoes,8.86,kg,Spoiled
2026-04-19,Olive & Ember Riverside,Mushrooms,0.9,kg,Spoiled
2026-04-19,Olive & Ember Riverside,Lemons,0.77,kg,Spoiled
2026-04-19,Olive & Ember Riverside,Basil,0.05,kg,Expired
2026-04-19,Olive & Ember Riverside,Garlic,0.14,kg,Spoiled
2026-04-19,Olive & Ember Riverside,Pizza flour,0.4,kg,Expired
2026-04-19,Olive & Ember Riverside,Pasta,0.06,kg,Expired
2026-04-19,Olive & Ember Riverside,Olive oil,0.07,l,Expired
2026-04-19,Olive & Ember Riverside,Sugar,0.07,kg,Expired
2026-04-19,Olive & Ember Riverside,Coffee beans,0.05,kg,Expired
2026-04-19,Olive & Ember Riverside,Lemonade syrup,0.06,l,Spoiled
2026-04-26,Olive & Ember Riverside,Beef mince,0.92,kg,Over-prepared
2026-04-26,Olive & Ember Riverside,Ribeye steak,0.37,kg,Expired
2026-04-26,Olive & Ember Riverside,Chicken breast,0.35,kg,Over-prepared
2026-04-26,Olive & Ember Riverside,Pork sausage,0.38,kg,Over-prepared
2026-04-26,Olive & Ember Riverside,Lamb shoulder,0.12,kg,Over-prepared
2026-04-26,Olive & Ember Riverside,Salmon fillet,0.4,kg,Over-prepared
2026-04-26,Olive & Ember Riverside,Prawns,0.54,kg,Over-prepared
2026-04-26,Olive & Ember Riverside,Calamari,0.51,kg,Over-prepared
2026-04-26,Olive & Ember Riverside,Mozzarella,1.8,kg,Dropped/damaged
2026-04-26,Olive & Ember Riverside,Parmesan,0.12,kg,Spoiled
2026-04-26,Olive & Ember Riverside,Butter,0.45,kg,Expired
2026-04-26,Olive & Ember Riverside,Cream,0.11,l,Expired
2026-04-26,Olive & Ember Riverside,Milk,1.85,l,Spoiled
2026-04-26,Olive & Ember Riverside,Eggs,11,each,Dropped/damaged
2026-04-26,Olive & Ember Riverside,Mascarpone,0.23,kg,Expired
2026-04-26,Olive & Ember Riverside,Tomatoes,3,kg,Over-prepared
2026-04-26,Olive & Ember Riverside,Lettuce,1.32,kg,Over-prepared
2026-04-26,Olive & Ember Riverside,Onions,0.37,kg,Over-prepared
2026-04-26,Olive & Ember Riverside,Potatoes,8.38,kg,Spoiled
2026-04-26,Olive & Ember Riverside,Mushrooms,0.75,kg,Spoiled
2026-04-26,Olive & Ember Riverside,Lemons,0.91,kg,Over-prepared
2026-04-26,Olive & Ember Riverside,Garlic,0.11,kg,Spoiled
2026-04-26,Olive & Ember Riverside,Pizza flour,0.45,kg,Dropped/damaged
2026-04-26,Olive & Ember Riverside,Pasta,0.07,kg,Spoiled
2026-04-26,Olive & Ember Riverside,Olive oil,0.07,l,Expired
2026-04-26,Olive & Ember Riverside,Sugar,0.07,kg,Spoiled
2026-04-26,Olive & Ember Riverside,Coffee beans,0.05,kg,Spoiled
2026-04-26,Olive & Ember Riverside,Lemonade syrup,0.06,l,Spoiled
2026-05-03,Olive & Ember Riverside,Beef mince,0.92,kg,Expired
2026-05-03,Olive & Ember Riverside,Ribeye steak,0.27,kg,Over-prepared
2026-05-03,Olive & Ember Riverside,Chicken breast,0.47,kg,Over-prepared
2026-05-03,Olive & Ember Riverside,Pork sausage,0.36,kg,Expired
2026-05-03,Olive & Ember Riverside,Lamb shoulder,0.15,kg,Expired
2026-05-03,Olive & Ember Riverside,Salmon fillet,0.56,kg,Over-prepared
2026-05-03,Olive & Ember Riverside,Prawns,0.61,kg,Dropped/damaged
2026-05-03,Olive & Ember Riverside,Calamari,0.54,kg,Expired
2026-05-03,Olive & Ember Riverside,Mozzarella,1.63,kg,Dropped/damaged
2026-05-03,Olive & Ember Riverside,Parmesan,0.13,kg,Spoiled
2026-05-03,Olive & Ember Riverside,Butter,0.44,kg,Expired
2026-05-03,Olive & Ember Riverside,Cream,0.1,l,Expired
2026-05-03,Olive & Ember Riverside,Milk,2,l,Expired
2026-05-03,Olive & Ember Riverside,Eggs,13,each,Spoiled
2026-05-03,Olive & Ember Riverside,Mascarpone,0.27,kg,Spoiled
2026-05-03,Olive & Ember Riverside,Tomatoes,3.24,kg,Expired
2026-05-03,Olive & Ember Riverside,Lettuce,1.28,kg,Spoiled
2026-05-03,Olive & Ember Riverside,Onions,0.42,kg,Over-prepared
2026-05-03,Olive & Ember Riverside,Potatoes,7.1,kg,Over-prepared
2026-05-03,Olive & Ember Riverside,Mushrooms,0.81,kg,Over-prepared
2026-05-03,Olive & Ember Riverside,Lemons,0.82,kg,Spoiled
2026-05-03,Olive & Ember Riverside,Basil,0.05,kg,Over-prepared
2026-05-03,Olive & Ember Riverside,Garlic,0.15,kg,Spoiled
2026-05-03,Olive & Ember Riverside,Pizza flour,0.42,kg,Expired
2026-05-03,Olive & Ember Riverside,Pasta,0.07,kg,Expired
2026-05-03,Olive & Ember Riverside,Olive oil,0.07,l,Expired
2026-05-03,Olive & Ember Riverside,Sugar,0.06,kg,Dropped/damaged
2026-05-03,Olive & Ember Riverside,Coffee beans,0.05,kg,Expired
2026-05-03,Olive & Ember Riverside,Lemonade syrup,0.06,l,Spoiled
2026-05-10,Olive & Ember Riverside,Beef mince,0.9,kg,Expired
2026-05-10,Olive & Ember Riverside,Ribeye steak,0.39,kg,Over-prepared
2026-05-10,Olive & Ember Riverside,Chicken breast,0.41,kg,Over-prepared
2026-05-10,Olive & Ember Riverside,Pork sausage,0.39,kg,Over-prepared
2026-05-10,Olive & Ember Riverside,Lamb shoulder,0.15,kg,Expired
2026-05-10,Olive & Ember Riverside,Salmon fillet,0.39,kg,Over-prepared
2026-05-10,Olive & Ember Riverside,Prawns,0.55,kg,Expired
2026-05-10,Olive & Ember Riverside,Calamari,0.56,kg,Expired
2026-05-10,Olive & Ember Riverside,Mozzarella,1.6,kg,Expired
2026-05-10,Olive & Ember Riverside,Parmesan,0.1,kg,Expired
2026-05-10,Olive & Ember Riverside,Butter,0.39,kg,Expired
2026-05-10,Olive & Ember Riverside,Cream,0.09,l,Spoiled
2026-05-10,Olive & Ember Riverside,Milk,2.15,l,Dropped/damaged
2026-05-10,Olive & Ember Riverside,Eggs,11,each,Spoiled
2026-05-10,Olive & Ember Riverside,Mascarpone,0.35,kg,Spoiled
2026-05-10,Olive & Ember Riverside,Tomatoes,3.36,kg,Spoiled
2026-05-10,Olive & Ember Riverside,Lettuce,1.39,kg,Over-prepared
2026-05-10,Olive & Ember Riverside,Onions,0.43,kg,Expired
2026-05-10,Olive & Ember Riverside,Potatoes,9.8,kg,Over-prepared
2026-05-10,Olive & Ember Riverside,Mushrooms,0.77,kg,Over-prepared
2026-05-10,Olive & Ember Riverside,Lemons,0.74,kg,Spoiled
2026-05-10,Olive & Ember Riverside,Basil,0.07,kg,Spoiled
2026-05-10,Olive & Ember Riverside,Garlic,0.11,kg,Spoiled
2026-05-10,Olive & Ember Riverside,Pizza flour,0.41,kg,Expired
2026-05-10,Olive & Ember Riverside,Pasta,0.06,kg,Dropped/damaged
2026-05-10,Olive & Ember Riverside,Olive oil,0.07,l,Expired
2026-05-10,Olive & Ember Riverside,Burger buns,1,each,Expired
2026-05-10,Olive & Ember Riverside,Sugar,0.07,kg,Expired
2026-05-10,Olive & Ember Riverside,Coffee beans,0.06,kg,Expired
2026-05-10,Olive & Ember Riverside,Lemonade syrup,0.06,l,Dropped/damaged
2026-05-17,Olive & Ember Riverside,Beef mince,1.16,kg,Dropped/damaged
2026-05-17,Olive & Ember Riverside,Ribeye steak,0.3,kg,Over-prepared
2026-05-17,Olive & Ember Riverside,Chicken breast,0.47,kg,Over-prepared
2026-05-17,Olive & Ember Riverside,Pork sausage,0.52,kg,Expired
2026-05-17,Olive & Ember Riverside,Lamb shoulder,0.18,kg,Over-prepared
2026-05-17,Olive & Ember Riverside,Salmon fillet,0.56,kg,Over-prepared
2026-05-17,Olive & Ember Riverside,Prawns,0.58,kg,Over-prepared
2026-05-17,Olive & Ember Riverside,Calamari,0.5,kg,Over-prepared
2026-05-17,Olive & Ember Riverside,Mozzarella,1.76,kg,Spoiled
2026-05-17,Olive & Ember Riverside,Parmesan,0.15,kg,Spoiled
2026-05-17,Olive & Ember Riverside,Butter,0.56,kg,Spoiled
2026-05-17,Olive & Ember Riverside,Cream,0.13,l,Expired
2026-05-17,Olive & Ember Riverside,Milk,1.9,l,Expired
2026-05-17,Olive & Ember Riverside,Eggs,12,each,Spoiled
2026-05-17,Olive & Ember Riverside,Mascarpone,0.25,kg,Expired
2026-05-17,Olive & Ember Riverside,Tomatoes,3.56,kg,Over-prepared
2026-05-17,Olive & Ember Riverside,Lettuce,1.8,kg,Spoiled
2026-05-17,Olive & Ember Riverside,Onions,0.5,kg,Spoiled
2026-05-17,Olive & Ember Riverside,Potatoes,8.62,kg,Spoiled
2026-05-17,Olive & Ember Riverside,Mushrooms,0.87,kg,Spoiled
2026-05-17,Olive & Ember Riverside,Lemons,0.87,kg,Spoiled
2026-05-17,Olive & Ember Riverside,Basil,0.05,kg,Over-prepared
2026-05-17,Olive & Ember Riverside,Garlic,0.15,kg,Over-prepared
2026-05-17,Olive & Ember Riverside,Pizza flour,0.45,kg,Expired
2026-05-17,Olive & Ember Riverside,Pasta,0.09,kg,Expired
2026-05-17,Olive & Ember Riverside,Olive oil,0.09,l,Expired
2026-05-17,Olive & Ember Riverside,Burger buns,1,each,Spoiled
2026-05-17,Olive & Ember Riverside,Sugar,0.06,kg,Expired
2026-05-17,Olive & Ember Riverside,Coffee beans,0.06,kg,Expired
2026-05-17,Olive & Ember Riverside,Lemonade syrup,0.06,l,Expired
2026-05-24,Olive & Ember Riverside,Beef mince,1.02,kg,Over-prepared
2026-05-24,Olive & Ember Riverside,Ribeye steak,0.42,kg,Dropped/damaged
2026-05-24,Olive & Ember Riverside,Chicken breast,0.49,kg,Over-prepared
2026-05-24,Olive & Ember Riverside,Pork sausage,0.39,kg,Expired
2026-05-24,Olive & Ember Riverside,Lamb shoulder,0.16,kg,Over-prepared
2026-05-24,Olive & Ember Riverside,Salmon fillet,0.56,kg,Expired
2026-05-24,Olive & Ember Riverside,Prawns,0.73,kg,Over-prepared
2026-05-24,Olive & Ember Riverside,Calamari,0.51,kg,Expired
2026-05-24,Olive & Ember Riverside,Mozzarella,1.83,kg,Expired
2026-05-24,Olive & Ember Riverside,Parmesan,0.14,kg,Expired
2026-05-24,Olive & Ember Riverside,Butter,0.55,kg,Spoiled
2026-05-24,Olive & Ember Riverside,Cream,0.12,l,Expired
2026-05-24,Olive & Ember Riverside,Milk,2.16,l,Spoiled
2026-05-24,Olive & Ember Riverside,Eggs,13,each,Expired
2026-05-24,Olive & Ember Riverside,Mascarpone,0.29,kg,Dropped/damaged
2026-05-24,Olive & Ember Riverside,Tomatoes,3.4,kg,Over-prepared
2026-05-24,Olive & Ember Riverside,Lettuce,1.87,kg,Over-prepared
2026-05-24,Olive & Ember Riverside,Onions,0.41,kg,Over-prepared
2026-05-24,Olive & Ember Riverside,Potatoes,7.52,kg,Expired
2026-05-24,Olive & Ember Riverside,Mushrooms,0.89,kg,Over-prepared
2026-05-24,Olive & Ember Riverside,Lemons,0.84,kg,Over-prepared
2026-05-24,Olive & Ember Riverside,Basil,0.05,kg,Over-prepared
2026-05-24,Olive & Ember Riverside,Garlic,0.17,kg,Over-prepared
2026-05-24,Olive & Ember Riverside,Pizza flour,0.43,kg,Spoiled
2026-05-24,Olive & Ember Riverside,Pasta,0.09,kg,Expired
2026-05-24,Olive & Ember Riverside,Olive oil,0.07,l,Spoiled
2026-05-24,Olive & Ember Riverside,Burger buns,1,each,Dropped/damaged
2026-05-24,Olive & Ember Riverside,Sugar,0.07,kg,Expired
2026-05-24,Olive & Ember Riverside,Coffee beans,0.06,kg,Expired
2026-05-24,Olive & Ember Riverside,Lemonade syrup,0.06,l,Expired
2026-05-31,Olive & Ember Riverside,Beef mince,1.15,kg,Expired
2026-05-31,Olive & Ember Riverside,Ribeye steak,0.39,kg,Over-prepared
2026-05-31,Olive & Ember Riverside,Chicken breast,0.51,kg,Expired
2026-05-31,Olive & Ember Riverside,Pork sausage,0.4,kg,Over-prepared
2026-05-31,Olive & Ember Riverside,Lamb shoulder,0.2,kg,Over-prepared
2026-05-31,Olive & Ember Riverside,Salmon fillet,0.44,kg,Expired
2026-05-31,Olive & Ember Riverside,Prawns,0.54,kg,Expired
2026-05-31,Olive & Ember Riverside,Calamari,0.53,kg,Expired
2026-05-31,Olive & Ember Riverside,Mozzarella,1.8,kg,Spoiled
2026-05-31,Olive & Ember Riverside,Parmesan,0.14,kg,Spoiled
2026-05-31,Olive & Ember Riverside,Butter,0.45,kg,Expired
2026-05-31,Olive & Ember Riverside,Cream,0.13,l,Expired
2026-05-31,Olive & Ember Riverside,Milk,1.82,l,Expired
2026-05-31,Olive & Ember Riverside,Eggs,14,each,Expired
2026-05-31,Olive & Ember Riverside,Mascarpone,0.28,kg,Expired
2026-05-31,Olive & Ember Riverside,Tomatoes,3.72,kg,Over-prepared
2026-05-31,Olive & Ember Riverside,Lettuce,1.71,kg,Over-prepared
2026-05-31,Olive & Ember Riverside,Onions,0.49,kg,Expired
2026-05-31,Olive & Ember Riverside,Potatoes,8.07,kg,Over-prepared
2026-05-31,Olive & Ember Riverside,Mushrooms,1.06,kg,Expired
2026-05-31,Olive & Ember Riverside,Lemons,0.8,kg,Expired
2026-05-31,Olive & Ember Riverside,Basil,0.06,kg,Spoiled
2026-05-31,Olive & Ember Riverside,Garlic,0.15,kg,Over-prepared
2026-05-31,Olive & Ember Riverside,Pizza flour,0.49,kg,Expired
2026-05-31,Olive & Ember Riverside,Pasta,0.07,kg,Expired
2026-05-31,Olive & Ember Riverside,Olive oil,0.06,l,Expired
2026-05-31,Olive & Ember Riverside,Burger buns,1,each,Expired
2026-05-31,Olive & Ember Riverside,Sugar,0.08,kg,Expired
2026-05-31,Olive & Ember Riverside,Coffee beans,0.06,kg,Expired
2026-05-31,Olive & Ember Riverside,Lemonade syrup,0.06,l,Expired
2026-06-07,Olive & Ember Riverside,Beef mince,1.1,kg,Expired
2026-06-07,Olive & Ember Riverside,Ribeye steak,0.4,kg,Expired
2026-06-07,Olive & Ember Riverside,Chicken breast,0.52,kg,Over-prepared
2026-06-07,Olive & Ember Riverside,Pork sausage,0.52,kg,Expired
2026-06-07,Olive & Ember Riverside,Lamb shoulder,0.2,kg,Expired
2026-06-07,Olive & Ember Riverside,Salmon fillet,0.63,kg,Expired
2026-06-07,Olive & Ember Riverside,Prawns,0.95,kg,Over-prepared
2026-06-07,Olive & Ember Riverside,Calamari,1.03,kg,Expired
2026-06-07,Olive & Ember Riverside,Mozzarella,2.18,kg,Expired
2026-06-07,Olive & Ember Riverside,Parmesan,0.19,kg,Expired
2026-06-07,Olive & Ember Riverside,Butter,0.6,kg,Expired
2026-06-07,Olive & Ember Riverside,Cream,0.16,l,Spoiled
2026-06-07,Olive & Ember Riverside,Milk,2.48,l,Expired
2026-06-07,Olive & Ember Riverside,Eggs,15,each,Spoiled
2026-06-07,Olive & Ember Riverside,Mascarpone,0.36,kg,Expired
2026-06-07,Olive & Ember Riverside,Tomatoes,4.33,kg,Over-prepared
2026-06-07,Olive & Ember Riverside,Lettuce,1.74,kg,Over-prepared
2026-06-07,Olive & Ember Riverside,Onions,0.4,kg,Over-prepared
2026-06-07,Olive & Ember Riverside,Potatoes,11.52,kg,Over-prepared
2026-06-07,Olive & Ember Riverside,Mushrooms,1.14,kg,Spoiled
2026-06-07,Olive & Ember Riverside,Lemons,1.03,kg,Over-prepared
2026-06-07,Olive & Ember Riverside,Basil,0.07,kg,Spoiled
2026-06-07,Olive & Ember Riverside,Garlic,0.2,kg,Over-prepared
2026-06-07,Olive & Ember Riverside,Pizza flour,0.59,kg,Expired
2026-06-07,Olive & Ember Riverside,Pasta,0.08,kg,Expired
2026-06-07,Olive & Ember Riverside,Olive oil,0.09,l,Dropped/damaged
2026-06-07,Olive & Ember Riverside,Sugar,0.09,kg,Expired
2026-06-07,Olive & Ember Riverside,Coffee beans,0.07,kg,Spoiled
2026-06-07,Olive & Ember Riverside,Lemonade syrup,0.09,l,Spoiled
2026-06-14,Olive & Ember Riverside,Beef mince,1.14,kg,Expired
2026-06-14,Olive & Ember Riverside,Ribeye steak,0.49,kg,Over-prepared
2026-06-14,Olive & Ember Riverside,Chicken breast,0.38,kg,Over-prepared
2026-06-14,Olive & Ember Riverside,Pork sausage,0.48,kg,Expired
2026-06-14,Olive & Ember Riverside,Lamb shoulder,0.18,kg,Over-prepared
2026-06-14,Olive & Ember Riverside,Salmon fillet,0.68,kg,Expired
2026-06-14,Olive & Ember Riverside,Prawns,0.9,kg,Over-prepared
2026-06-14,Olive & Ember Riverside,Calamari,0.99,kg,Expired
2026-06-14,Olive & Ember Riverside,Mozzarella,2.13,kg,Spoiled
2026-06-14,Olive & Ember Riverside,Parmesan,0.14,kg,Expired
2026-06-14,Olive & Ember Riverside,Butter,0.44,kg,Spoiled
2026-06-14,Olive & Ember Riverside,Cream,0.11,l,Dropped/damaged
2026-06-14,Olive & Ember Riverside,Milk,2.39,l,Expired
2026-06-14,Olive & Ember Riverside,Eggs,14,each,Spoiled
2026-06-14,Olive & Ember Riverside,Mascarpone,0.31,kg,Spoiled
2026-06-14,Olive & Ember Riverside,Tomatoes,4.33,kg,Spoiled
2026-06-14,Olive & Ember Riverside,Lettuce,1.56,kg,Over-prepared
2026-06-14,Olive & Ember Riverside,Onions,0.53,kg,Spoiled
2026-06-14,Olive & Ember Riverside,Potatoes,9.01,kg,Over-prepared
2026-06-14,Olive & Ember Riverside,Mushrooms,0.9,kg,Spoiled
2026-06-14,Olive & Ember Riverside,Lemons,1.1,kg,Spoiled
2026-06-14,Olive & Ember Riverside,Basil,0.08,kg,Over-prepared
2026-06-14,Olive & Ember Riverside,Garlic,0.18,kg,Over-prepared
2026-06-14,Olive & Ember Riverside,Pizza flour,0.59,kg,Expired
2026-06-14,Olive & Ember Riverside,Pasta,0.09,kg,Spoiled
2026-06-14,Olive & Ember Riverside,Olive oil,0.1,l,Expired
2026-06-14,Olive & Ember Riverside,Burger buns,1,each,Dropped/damaged
2026-06-14,Olive & Ember Riverside,Sugar,0.07,kg,Dropped/damaged
2026-06-14,Olive & Ember Riverside,Coffee beans,0.07,kg,Spoiled
2026-06-14,Olive & Ember Riverside,Lemonade syrup,0.07,l,Spoiled
2026-06-21,Olive & Ember Riverside,Beef mince,1.33,kg,Over-prepared
2026-06-21,Olive & Ember Riverside,Ribeye steak,0.43,kg,Dropped/damaged
2026-06-21,Olive & Ember Riverside,Chicken breast,0.6,kg,Expired
2026-06-21,Olive & Ember Riverside,Pork sausage,0.5,kg,Expired
2026-06-21,Olive & Ember Riverside,Lamb shoulder,0.19,kg,Expired
2026-06-21,Olive & Ember Riverside,Salmon fillet,1.09,kg,Dropped/damaged
2026-06-21,Olive & Ember Riverside,Prawns,0.91,kg,Expired
2026-06-21,Olive & Ember Riverside,Calamari,0.97,kg,Over-prepared
2026-06-21,Olive & Ember Riverside,Mozzarella,2.37,kg,Expired
2026-06-21,Olive & Ember Riverside,Parmesan,0.14,kg,Dropped/damaged
2026-06-21,Olive & Ember Riverside,Butter,0.5,kg,Dropped/damaged
2026-06-21,Olive & Ember Riverside,Cream,0.11,l,Spoiled
2026-06-21,Olive & Ember Riverside,Milk,2.6,l,Spoiled
2026-06-21,Olive & Ember Riverside,Eggs,11,each,Expired
2026-06-21,Olive & Ember Riverside,Mascarpone,0.33,kg,Spoiled
2026-06-21,Olive & Ember Riverside,Tomatoes,4.66,kg,Spoiled
2026-06-21,Olive & Ember Riverside,Lettuce,1.63,kg,Spoiled
2026-06-21,Olive & Ember Riverside,Onions,0.55,kg,Over-prepared
2026-06-21,Olive & Ember Riverside,Potatoes,8.54,kg,Spoiled
2026-06-21,Olive & Ember Riverside,Mushrooms,1.12,kg,Expired
2026-06-21,Olive & Ember Riverside,Lemons,1.14,kg,Spoiled
2026-06-21,Olive & Ember Riverside,Basil,0.07,kg,Spoiled
2026-06-21,Olive & Ember Riverside,Garlic,0.18,kg,Expired
2026-06-21,Olive & Ember Riverside,Pizza flour,0.51,kg,Spoiled
2026-06-21,Olive & Ember Riverside,Pasta,0.11,kg,Spoiled
2026-06-21,Olive & Ember Riverside,Olive oil,0.09,l,Expired
2026-06-21,Olive & Ember Riverside,Burger buns,1,each,Expired
2026-06-21,Olive & Ember Riverside,Sugar,0.09,kg,Dropped/damaged
2026-06-21,Olive & Ember Riverside,Coffee beans,0.06,kg,Expired
2026-06-21,Olive & Ember Riverside,Lemonade syrup,0.08,l,Expired
2026-06-28,Olive & Ember Riverside,Beef mince,1.3,kg,Expired
2026-06-28,Olive & Ember Riverside,Ribeye steak,0.5,kg,Over-prepared
2026-06-28,Olive & Ember Riverside,Chicken breast,0.69,kg,Over-prepared
2026-06-28,Olive & Ember Riverside,Pork sausage,0.42,kg,Expired
2026-06-28,Olive & Ember Riverside,Lamb shoulder,0.16,kg,Expired
2026-06-28,Olive & Ember Riverside,Salmon fillet,0.84,kg,Expired
2026-06-28,Olive & Ember Riverside,Prawns,1.13,kg,Over-prepared
2026-06-28,Olive & Ember Riverside,Calamari,0.78,kg,Dropped/damaged
2026-06-28,Olive & Ember Riverside,Mozzarella,2.06,kg,Expired
2026-06-28,Olive & Ember Riverside,Parmesan,0.16,kg,Dropped/damaged
2026-06-28,Olive & Ember Riverside,Butter,0.51,kg,Expired
2026-06-28,Olive & Ember Riverside,Cream,0.15,l,Spoiled
2026-06-28,Olive & Ember Riverside,Milk,2.33,l,Spoiled
2026-06-28,Olive & Ember Riverside,Eggs,13,each,Expired
2026-06-28,Olive & Ember Riverside,Mascarpone,0.28,kg,Spoiled
2026-06-28,Olive & Ember Riverside,Tomatoes,4.78,kg,Expired
2026-06-28,Olive & Ember Riverside,Lettuce,1.84,kg,Expired
2026-06-28,Olive & Ember Riverside,Onions,0.53,kg,Expired
2026-06-28,Olive & Ember Riverside,Potatoes,9.42,kg,Spoiled
2026-06-28,Olive & Ember Riverside,Mushrooms,0.9,kg,Over-prepared
2026-06-28,Olive & Ember Riverside,Lemons,1.14,kg,Spoiled
2026-06-28,Olive & Ember Riverside,Basil,0.07,kg,Spoiled
2026-06-28,Olive & Ember Riverside,Garlic,0.17,kg,Expired
2026-06-28,Olive & Ember Riverside,Pizza flour,0.49,kg,Expired
2026-06-28,Olive & Ember Riverside,Pasta,0.1,kg,Expired
2026-06-28,Olive & Ember Riverside,Olive oil,0.09,l,Expired
2026-06-28,Olive & Ember Riverside,Burger buns,1,each,Dropped/damaged
2026-06-28,Olive & Ember Riverside,Sugar,0.1,kg,Expired
2026-06-28,Olive & Ember Riverside,Lemonade syrup,0.07,l,Expired
2026-07-05,Olive & Ember Riverside,Beef mince,1.41,kg,Expired
2026-07-05,Olive & Ember Riverside,Ribeye steak,0.42,kg,Dropped/damaged
2026-07-05,Olive & Ember Riverside,Chicken breast,0.51,kg,Expired
2026-07-05,Olive & Ember Riverside,Pork sausage,0.54,kg,Over-prepared
2026-07-05,Olive & Ember Riverside,Lamb shoulder,0.2,kg,Dropped/damaged
2026-07-05,Olive & Ember Riverside,Salmon fillet,1.07,kg,Expired
2026-07-05,Olive & Ember Riverside,Prawns,0.87,kg,Over-prepared
2026-07-05,Olive & Ember Riverside,Calamari,1.14,kg,Over-prepared
2026-07-05,Olive & Ember Riverside,Mozzarella,2.55,kg,Spoiled
2026-07-05,Olive & Ember Riverside,Parmesan,0.18,kg,Expired
2026-07-05,Olive & Ember Riverside,Butter,0.57,kg,Expired
2026-07-05,Olive & Ember Riverside,Cream,0.15,l,Expired
2026-07-05,Olive & Ember Riverside,Milk,2.17,l,Expired
2026-07-05,Olive & Ember Riverside,Eggs,13,each,Expired
2026-07-05,Olive & Ember Riverside,Mascarpone,0.26,kg,Expired
2026-07-05,Olive & Ember Riverside,Tomatoes,4.31,kg,Spoiled
2026-07-05,Olive & Ember Riverside,Lettuce,1.91,kg,Spoiled
2026-07-05,Olive & Ember Riverside,Onions,0.64,kg,Spoiled
2026-07-05,Olive & Ember Riverside,Potatoes,9.48,kg,Spoiled
2026-07-05,Olive & Ember Riverside,Mushrooms,1.34,kg,Spoiled
2026-07-05,Olive & Ember Riverside,Lemons,1.1,kg,Over-prepared
2026-07-05,Olive & Ember Riverside,Basil,0.08,kg,Over-prepared
2026-07-05,Olive & Ember Riverside,Garlic,0.16,kg,Expired
2026-07-05,Olive & Ember Riverside,Pizza flour,0.56,kg,Spoiled
2026-07-05,Olive & Ember Riverside,Pasta,0.1,kg,Expired
2026-07-05,Olive & Ember Riverside,Olive oil,0.09,l,Spoiled
2026-07-05,Olive & Ember Riverside,Burger buns,1,each,Expired
2026-07-05,Olive & Ember Riverside,Sugar,0.08,kg,Expired
2026-07-05,Olive & Ember Riverside,Coffee beans,0.06,kg,Dropped/damaged
2026-07-05,Olive & Ember Riverside,Lemonade syrup,0.08,l,Expired
2026-07-12,Olive & Ember Riverside,Beef mince,1.2,kg,Expired
2026-07-12,Olive & Ember Riverside,Ribeye steak,0.45,kg,Over-prepared
2026-07-12,Olive & Ember Riverside,Chicken breast,0.55,kg,Over-prepared
2026-07-12,Olive & Ember Riverside,Pork sausage,0.58,kg,Over-prepared
2026-07-12,Olive & Ember Riverside,Lamb shoulder,0.21,kg,Over-prepared
2026-07-12,Olive & Ember Riverside,Salmon fillet,0.97,kg,Over-prepared
2026-07-12,Olive & Ember Riverside,Prawns,1.05,kg,Over-prepared
2026-07-12,Olive & Ember Riverside,Calamari,0.8,kg,Dropped/damaged
2026-07-12,Olive & Ember Riverside,Mozzarella,2.76,kg,Expired
2026-07-12,Olive & Ember Riverside,Parmesan,0.2,kg,Dropped/damaged
2026-07-12,Olive & Ember Riverside,Butter,0.54,kg,Spoiled
2026-07-12,Olive & Ember Riverside,Cream,0.15,l,Expired
2026-07-12,Olive & Ember Riverside,Milk,2.21,l,Dropped/damaged
2026-07-12,Olive & Ember Riverside,Eggs,16,each,Spoiled
2026-07-12,Olive & Ember Riverside,Mascarpone,0.28,kg,Expired
2026-07-12,Olive & Ember Riverside,Tomatoes,4.7,kg,Spoiled
2026-07-12,Olive & Ember Riverside,Lettuce,2.31,kg,Over-prepared
2026-07-12,Olive & Ember Riverside,Onions,0.46,kg,Over-prepared
2026-07-12,Olive & Ember Riverside,Potatoes,10.21,kg,Spoiled
2026-07-12,Olive & Ember Riverside,Mushrooms,1.11,kg,Spoiled
2026-07-12,Olive & Ember Riverside,Lemons,1.18,kg,Over-prepared
2026-07-12,Olive & Ember Riverside,Basil,0.07,kg,Over-prepared
2026-07-12,Olive & Ember Riverside,Garlic,0.24,kg,Spoiled
2026-07-12,Olive & Ember Riverside,Pizza flour,0.73,kg,Expired
2026-07-12,Olive & Ember Riverside,Pasta,0.12,kg,Expired
2026-07-12,Olive & Ember Riverside,Olive oil,0.1,l,Expired
2026-07-12,Olive & Ember Riverside,Burger buns,1,each,Expired
2026-07-12,Olive & Ember Riverside,Sugar,0.09,kg,Expired
2026-07-12,Olive & Ember Riverside,Coffee beans,0.07,kg,Spoiled
2026-07-12,Olive & Ember Riverside,Lemonade syrup,0.08,l,Spoiled
2026-07-19,Olive & Ember Riverside,Beef mince,1.26,kg,Expired
2026-07-19,Olive & Ember Riverside,Ribeye steak,0.39,kg,Over-prepared
2026-07-19,Olive & Ember Riverside,Chicken breast,0.51,kg,Expired
2026-07-19,Olive & Ember Riverside,Pork sausage,0.51,kg,Expired
2026-07-19,Olive & Ember Riverside,Lamb shoulder,0.23,kg,Over-prepared
2026-07-19,Olive & Ember Riverside,Salmon fillet,1.14,kg,Over-prepared
2026-07-19,Olive & Ember Riverside,Prawns,1.13,kg,Expired
2026-07-19,Olive & Ember Riverside,Calamari,1.02,kg,Dropped/damaged
2026-07-19,Olive & Ember Riverside,Mozzarella,1.89,kg,Spoiled
2026-07-19,Olive & Ember Riverside,Parmesan,0.18,kg,Dropped/damaged
2026-07-19,Olive & Ember Riverside,Butter,0.51,kg,Expired
2026-07-19,Olive & Ember Riverside,Cream,0.16,l,Expired
2026-07-19,Olive & Ember Riverside,Milk,2.09,l,Expired
2026-07-19,Olive & Ember Riverside,Eggs,14,each,Expired
2026-07-19,Olive & Ember Riverside,Mascarpone,0.35,kg,Expired
2026-07-19,Olive & Ember Riverside,Tomatoes,4.34,kg,Spoiled
2026-07-19,Olive & Ember Riverside,Lettuce,1.63,kg,Spoiled
2026-07-19,Olive & Ember Riverside,Onions,0.56,kg,Over-prepared
2026-07-19,Olive & Ember Riverside,Potatoes,11.38,kg,Spoiled
2026-07-19,Olive & Ember Riverside,Mushrooms,0.99,kg,Spoiled
2026-07-19,Olive & Ember Riverside,Lemons,1.13,kg,Spoiled
2026-07-19,Olive & Ember Riverside,Basil,0.08,kg,Expired
2026-07-19,Olive & Ember Riverside,Garlic,0.2,kg,Over-prepared
2026-07-19,Olive & Ember Riverside,Pizza flour,0.51,kg,Expired
2026-07-19,Olive & Ember Riverside,Pasta,0.13,kg,Expired
2026-07-19,Olive & Ember Riverside,Olive oil,0.1,l,Dropped/damaged
2026-07-19,Olive & Ember Riverside,Burger buns,1,each,Spoiled
2026-07-19,Olive & Ember Riverside,Sugar,0.1,kg,Spoiled
2026-07-19,Olive & Ember Riverside,Coffee beans,0.07,kg,Expired
2026-07-19,Olive & Ember Riverside,Lemonade syrup,0.07,l,Expired
2026-07-26,Olive & Ember Riverside,Beef mince,1.04,kg,Expired
2026-07-26,Olive & Ember Riverside,Ribeye steak,0.4,kg,Expired
2026-07-26,Olive & Ember Riverside,Chicken breast,0.54,kg,Dropped/damaged
2026-07-26,Olive & Ember Riverside,Pork sausage,0.64,kg,Expired
2026-07-26,Olive & Ember Riverside,Lamb shoulder,0.2,kg,Expired
2026-07-26,Olive & Ember Riverside,Salmon fillet,0.88,kg,Over-prepared
2026-07-26,Olive & Ember Riverside,Prawns,0.99,kg,Expired
2026-07-26,Olive & Ember Riverside,Calamari,1.03,kg,Over-prepared
2026-07-26,Olive & Ember Riverside,Mozzarella,2.22,kg,Dropped/damaged
2026-07-26,Olive & Ember Riverside,Parmesan,0.17,kg,Dropped/damaged
2026-07-26,Olive & Ember Riverside,Butter,0.57,kg,Expired
2026-07-26,Olive & Ember Riverside,Cream,0.13,l,Expired
2026-07-26,Olive & Ember Riverside,Milk,2.17,l,Expired
2026-07-26,Olive & Ember Riverside,Eggs,16,each,Expired
2026-07-26,Olive & Ember Riverside,Mascarpone,0.36,kg,Spoiled
2026-07-26,Olive & Ember Riverside,Tomatoes,4.37,kg,Spoiled
2026-07-26,Olive & Ember Riverside,Lettuce,1.99,kg,Over-prepared
2026-07-26,Olive & Ember Riverside,Onions,0.53,kg,Spoiled
2026-07-26,Olive & Ember Riverside,Potatoes,11.29,kg,Spoiled
2026-07-26,Olive & Ember Riverside,Mushrooms,1.01,kg,Over-prepared
2026-07-26,Olive & Ember Riverside,Lemons,1.09,kg,Spoiled
2026-07-26,Olive & Ember Riverside,Basil,0.08,kg,Over-prepared
2026-07-26,Olive & Ember Riverside,Garlic,0.18,kg,Spoiled
2026-07-26,Olive & Ember Riverside,Pizza flour,0.58,kg,Spoiled
2026-07-26,Olive & Ember Riverside,Pasta,0.1,kg,Spoiled
2026-07-26,Olive & Ember Riverside,Olive oil,0.09,l,Expired
2026-07-26,Olive & Ember Riverside,Burger buns,1,each,Expired
2026-07-26,Olive & Ember Riverside,Sugar,0.09,kg,Expired
2026-07-26,Olive & Ember Riverside,Coffee beans,0.07,kg,Expired
2026-07-26,Olive & Ember Riverside,Lemonade syrup,0.09,l,Expired
2026-08-02,Olive & Ember Riverside,Beef mince,1.07,kg,Over-prepared
2026-08-02,Olive & Ember Riverside,Ribeye steak,0.47,kg,Over-prepared
2026-08-02,Olive & Ember Riverside,Chicken breast,0.49,kg,Expired
2026-08-02,Olive & Ember Riverside,Pork sausage,0.66,kg,Expired
2026-08-02,Olive & Ember Riverside,Lamb shoulder,0.26,kg,Over-prepared
2026-08-02,Olive & Ember Riverside,Salmon fillet,1.02,kg,Expired
2026-08-02,Olive & Ember Riverside,Prawns,0.87,kg,Expired
2026-08-02,Olive & Ember Riverside,Calamari,1.11,kg,Over-prepared
2026-08-02,Olive & Ember Riverside,Mozzarella,2.6,kg,Expired
2026-08-02,Olive & Ember Riverside,Parmesan,0.15,kg,Expired
2026-08-02,Olive & Ember Riverside,Butter,0.71,kg,Expired
2026-08-02,Olive & Ember Riverside,Cream,0.13,l,Dropped/damaged
2026-08-02,Olive & Ember Riverside,Milk,2.13,l,Spoiled
2026-08-02,Olive & Ember Riverside,Eggs,17,each,Expired
2026-08-02,Olive & Ember Riverside,Mascarpone,0.32,kg,Expired
2026-08-02,Olive & Ember Riverside,Tomatoes,4.54,kg,Over-prepared
2026-08-02,Olive & Ember Riverside,Lettuce,1.74,kg,Spoiled
2026-08-02,Olive & Ember Riverside,Onions,0.51,kg,Spoiled
2026-08-02,Olive & Ember Riverside,Potatoes,10.01,kg,Spoiled
2026-08-02,Olive & Ember Riverside,Mushrooms,1.01,kg,Spoiled
2026-08-02,Olive & Ember Riverside,Lemons,1.26,kg,Spoiled
2026-08-02,Olive & Ember Riverside,Basil,0.08,kg,Expired
2026-08-02,Olive & Ember Riverside,Garlic,0.2,kg,Spoiled
2026-08-02,Olive & Ember Riverside,Pizza flour,0.67,kg,Expired
2026-08-02,Olive & Ember Riverside,Pasta,0.11,kg,Expired
2026-08-02,Olive & Ember Riverside,Olive oil,0.09,l,Expired
2026-08-02,Olive & Ember Riverside,Burger buns,1,each,Spoiled
2026-08-02,Olive & Ember Riverside,Sugar,0.08,kg,Expired
2026-08-02,Olive & Ember Riverside,Coffee beans,0.06,kg,Expired
2026-08-02,Olive & Ember Riverside,Lemonade syrup,0.08,l,Expired
2026-08-09,Olive & Ember Riverside,Beef mince,1.21,kg,Dropped/damaged
2026-08-09,Olive & Ember Riverside,Ribeye steak,0.38,kg,Dropped/damaged
2026-08-09,Olive & Ember Riverside,Chicken breast,0.53,kg,Expired
2026-08-09,Olive & Ember Riverside,Pork sausage,0.42,kg,Over-prepared
2026-08-09,Olive & Ember Riverside,Lamb shoulder,0.19,kg,Expired
2026-08-09,Olive & Ember Riverside,Salmon fillet,0.93,kg,Expired
2026-08-09,Olive & Ember Riverside,Prawns,0.83,kg,Expired
2026-08-09,Olive & Ember Riverside,Calamari,1.11,kg,Expired
2026-08-09,Olive & Ember Riverside,Mozzarella,2.12,kg,Expired
2026-08-09,Olive & Ember Riverside,Parmesan,0.18,kg,Expired
2026-08-09,Olive & Ember Riverside,Butter,0.53,kg,Expired
2026-08-09,Olive & Ember Riverside,Cream,0.13,l,Dropped/damaged
2026-08-09,Olive & Ember Riverside,Milk,2.49,l,Expired
2026-08-09,Olive & Ember Riverside,Eggs,14,each,Expired
2026-08-09,Olive & Ember Riverside,Mascarpone,0.28,kg,Dropped/damaged
2026-08-09,Olive & Ember Riverside,Tomatoes,4.12,kg,Spoiled
2026-08-09,Olive & Ember Riverside,Lettuce,1.53,kg,Expired
2026-08-09,Olive & Ember Riverside,Onions,0.44,kg,Over-prepared
2026-08-09,Olive & Ember Riverside,Potatoes,10.96,kg,Spoiled
2026-08-09,Olive & Ember Riverside,Mushrooms,0.82,kg,Spoiled
2026-08-09,Olive & Ember Riverside,Lemons,1.13,kg,Spoiled
2026-08-09,Olive & Ember Riverside,Basil,0.07,kg,Spoiled
2026-08-09,Olive & Ember Riverside,Garlic,0.2,kg,Over-prepared
2026-08-09,Olive & Ember Riverside,Pizza flour,0.48,kg,Expired
2026-08-09,Olive & Ember Riverside,Pasta,0.11,kg,Spoiled
2026-08-09,Olive & Ember Riverside,Olive oil,0.09,l,Expired
2026-08-09,Olive & Ember Riverside,Burger buns,1,each,Expired
2026-08-09,Olive & Ember Riverside,Sugar,0.08,kg,Expired
2026-08-09,Olive & Ember Riverside,Coffee beans,0.06,kg,Spoiled
2026-08-09,Olive & Ember Riverside,Lemonade syrup,0.07,l,Expired
2026-08-16,Olive & Ember Riverside,Beef mince,1.14,kg,Over-prepared
2026-08-16,Olive & Ember Riverside,Ribeye steak,0.43,kg,Expired
2026-08-16,Olive & Ember Riverside,Chicken breast,0.56,kg,Expired
2026-08-16,Olive & Ember Riverside,Pork sausage,0.6,kg,Expired
2026-08-16,Olive & Ember Riverside,Lamb shoulder,0.2,kg,Expired
2026-08-16,Olive & Ember Riverside,Salmon fillet,0.91,kg,Over-prepared
2026-08-16,Olive & Ember Riverside,Prawns,1.05,kg,Over-prepared
2026-08-16,Olive & Ember Riverside,Calamari,1.08,kg,Expired
2026-08-16,Olive & Ember Riverside,Mozzarella,2.4,kg,Expired
2026-08-16,Olive & Ember Riverside,Parmesan,0.14,kg,Expired
2026-08-16,Olive & Ember Riverside,Butter,0.57,kg,Spoiled
2026-08-16,Olive & Ember Riverside,Cream,0.15,l,Spoiled
2026-08-16,Olive & Ember Riverside,Milk,2.62,l,Expired
2026-08-16,Olive & Ember Riverside,Eggs,16,each,Spoiled
2026-08-16,Olive & Ember Riverside,Mascarpone,0.39,kg,Expired
2026-08-16,Olive & Ember Riverside,Tomatoes,3.58,kg,Expired
2026-08-16,Olive & Ember Riverside,Lettuce,2.02,kg,Over-prepared
2026-08-16,Olive & Ember Riverside,Onions,0.55,kg,Spoiled
2026-08-16,Olive & Ember Riverside,Potatoes,9.71,kg,Spoiled
2026-08-16,Olive & Ember Riverside,Mushrooms,0.92,kg,Spoiled
2026-08-16,Olive & Ember Riverside,Lemons,1.19,kg,Expired
2026-08-16,Olive & Ember Riverside,Basil,0.07,kg,Spoiled
2026-08-16,Olive & Ember Riverside,Garlic,0.17,kg,Spoiled
2026-08-16,Olive & Ember Riverside,Pizza flour,0.55,kg,Expired
2026-08-16,Olive & Ember Riverside,Pasta,0.12,kg,Dropped/damaged
2026-08-16,Olive & Ember Riverside,Olive oil,0.09,l,Expired
2026-08-16,Olive & Ember Riverside,Burger buns,1,each,Expired
2026-08-16,Olive & Ember Riverside,Sugar,0.09,kg,Expired
2026-08-16,Olive & Ember Riverside,Chocolate,0.05,kg,Expired
2026-08-16,Olive & Ember Riverside,Coffee beans,0.06,kg,Expired
2026-08-16,Olive & Ember Riverside,Lemonade syrup,0.1,l,Expired
2026-08-23,Olive & Ember Riverside,Beef mince,1.31,kg,Expired
2026-08-23,Olive & Ember Riverside,Ribeye steak,0.39,kg,Expired
2026-08-23,Olive & Ember Riverside,Chicken breast,0.62,kg,Expired
2026-08-23,Olive & Ember Riverside,Pork sausage,0.39,kg,Over-prepared
2026-08-23,Olive & Ember Riverside,Lamb shoulder,0.2,kg,Expired
2026-08-23,Olive & Ember Riverside,Salmon fillet,1.04,kg,Expired
2026-08-23,Olive & Ember Riverside,Prawns,0.71,kg,Over-prepared
2026-08-23,Olive & Ember Riverside,Calamari,1.02,kg,Expired
2026-08-23,Olive & Ember Riverside,Mozzarella,2.32,kg,Expired
2026-08-23,Olive & Ember Riverside,Parmesan,0.18,kg,Expired
2026-08-23,Olive & Ember Riverside,Butter,0.55,kg,Expired
2026-08-23,Olive & Ember Riverside,Cream,0.16,l,Spoiled
2026-08-23,Olive & Ember Riverside,Milk,2.31,l,Expired
2026-08-23,Olive & Ember Riverside,Eggs,16,each,Expired
2026-08-23,Olive & Ember Riverside,Mascarpone,0.33,kg,Expired
2026-08-23,Olive & Ember Riverside,Tomatoes,4.59,kg,Over-prepared
2026-08-23,Olive & Ember Riverside,Lettuce,1.89,kg,Over-prepared
2026-08-23,Olive & Ember Riverside,Onions,0.47,kg,Over-prepared
2026-08-23,Olive & Ember Riverside,Potatoes,10.02,kg,Spoiled
2026-08-23,Olive & Ember Riverside,Mushrooms,1.08,kg,Expired
2026-08-23,Olive & Ember Riverside,Lemons,1.01,kg,Spoiled
2026-08-23,Olive & Ember Riverside,Basil,0.07,kg,Over-prepared
2026-08-23,Olive & Ember Riverside,Garlic,0.19,kg,Over-prepared
2026-08-23,Olive & Ember Riverside,Pizza flour,0.61,kg,Dropped/damaged
2026-08-23,Olive & Ember Riverside,Pasta,0.09,kg,Expired
2026-08-23,Olive & Ember Riverside,Olive oil,0.09,l,Spoiled
2026-08-23,Olive & Ember Riverside,Burger buns,1,each,Expired
2026-08-23,Olive & Ember Riverside,Sugar,0.09,kg,Spoiled
2026-08-23,Olive & Ember Riverside,Lemonade syrup,0.07,l,Expired
2026-08-30,Olive & Ember Riverside,Beef mince,1.2,kg,Expired
2026-08-30,Olive & Ember Riverside,Ribeye steak,0.42,kg,Dropped/damaged
2026-08-30,Olive & Ember Riverside,Chicken breast,0.51,kg,Over-prepared
2026-08-30,Olive & Ember Riverside,Pork sausage,0.53,kg,Over-prepared
2026-08-30,Olive & Ember Riverside,Lamb shoulder,0.21,kg,Over-prepared
2026-08-30,Olive & Ember Riverside,Salmon fillet,0.92,kg,Expired
2026-08-30,Olive & Ember Riverside,Prawns,0.83,kg,Over-prepared
2026-08-30,Olive & Ember Riverside,Calamari,1,kg,Expired
2026-08-30,Olive & Ember Riverside,Mozzarella,2.15,kg,Spoiled
2026-08-30,Olive & Ember Riverside,Parmesan,0.17,kg,Expired
2026-08-30,Olive & Ember Riverside,Butter,0.59,kg,Expired
2026-08-30,Olive & Ember Riverside,Cream,0.15,l,Expired
2026-08-30,Olive & Ember Riverside,Milk,2.07,l,Expired
2026-08-30,Olive & Ember Riverside,Eggs,15,each,Expired
2026-08-30,Olive & Ember Riverside,Mascarpone,0.31,kg,Expired
2026-08-30,Olive & Ember Riverside,Tomatoes,4.42,kg,Spoiled
2026-08-30,Olive & Ember Riverside,Lettuce,1.94,kg,Over-prepared
2026-08-30,Olive & Ember Riverside,Onions,0.66,kg,Expired
2026-08-30,Olive & Ember Riverside,Potatoes,10.91,kg,Spoiled
2026-08-30,Olive & Ember Riverside,Mushrooms,1.06,kg,Over-prepared
2026-08-30,Olive & Ember Riverside,Lemons,1.22,kg,Spoiled
2026-08-30,Olive & Ember Riverside,Basil,0.07,kg,Spoiled
2026-08-30,Olive & Ember Riverside,Garlic,0.18,kg,Over-prepared
2026-08-30,Olive & Ember Riverside,Pizza flour,0.54,kg,Expired
2026-08-30,Olive & Ember Riverside,Pasta,0.11,kg,Expired
2026-08-30,Olive & Ember Riverside,Olive oil,0.1,l,Expired
2026-08-30,Olive & Ember Riverside,Burger buns,1,each,Expired
2026-08-30,Olive & Ember Riverside,Sugar,0.1,kg,Expired
2026-08-30,Olive & Ember Riverside,Coffee beans,0.06,kg,Expired
2026-08-30,Olive & Ember Riverside,Lemonade syrup,0.06,l,Spoiled
2026-08-31,Olive & Ember Riverside,Beef mince,0.2,kg,Dropped/damaged
2026-08-31,Olive & Ember Riverside,Chicken breast,0.05,kg,Expired
2026-08-31,Olive & Ember Riverside,Pork sausage,0.06,kg,Over-prepared
2026-08-31,Olive & Ember Riverside,Salmon fillet,0.11,kg,Expired
2026-08-31,Olive & Ember Riverside,Prawns,0.1,kg,Expired
2026-08-31,Olive & Ember Riverside,Calamari,0.1,kg,Dropped/damaged
2026-08-31,Olive & Ember Riverside,Mozzarella,0.23,kg,Spoiled
2026-08-31,Olive & Ember Riverside,Butter,0.05,kg,Spoiled
2026-08-31,Olive & Ember Riverside,Milk,0.29,l,Spoiled
2026-08-31,Olive & Ember Riverside,Eggs,2,each,Expired
2026-08-31,Olive & Ember Riverside,Tomatoes,0.62,kg,Spoiled
2026-08-31,Olive & Ember Riverside,Lettuce,0.33,kg,Spoiled
2026-08-31,Olive & Ember Riverside,Onions,0.06,kg,Over-prepared
2026-08-31,Olive & Ember Riverside,Potatoes,1,kg,Spoiled
2026-08-31,Olive & Ember Riverside,Mushrooms,0.08,kg,Over-prepared
2026-08-31,Olive & Ember Riverside,Lemons,0.08,kg,Spoiled
2025-01-05,Olive & Ember Airport,Beef mince,0.49,kg,Over-prepared
2025-01-05,Olive & Ember Airport,Ribeye steak,0.15,kg,Expired
2025-01-05,Olive & Ember Airport,Chicken breast,0.22,kg,Over-prepared
2025-01-05,Olive & Ember Airport,Pork sausage,0.26,kg,Over-prepared
2025-01-05,Olive & Ember Airport,Lamb shoulder,0.09,kg,Over-prepared
2025-01-05,Olive & Ember Airport,Salmon fillet,0.34,kg,Dropped/damaged
2025-01-05,Olive & Ember Airport,Prawns,0.25,kg,Over-prepared
2025-01-05,Olive & Ember Airport,Calamari,0.4,kg,Dropped/damaged
2025-01-05,Olive & Ember Airport,Mozzarella,0.97,kg,Spoiled
2025-01-05,Olive & Ember Airport,Parmesan,0.08,kg,Expired
2025-01-05,Olive & Ember Airport,Butter,0.31,kg,Expired
2025-01-05,Olive & Ember Airport,Cream,0.08,l,Expired
2025-01-05,Olive & Ember Airport,Milk,1.38,l,Expired
2025-01-05,Olive & Ember Airport,Eggs,7,each,Dropped/damaged
2025-01-05,Olive & Ember Airport,Mascarpone,0.11,kg,Expired
2025-01-05,Olive & Ember Airport,Tomatoes,1.95,kg,Spoiled
2025-01-05,Olive & Ember Airport,Lettuce,0.87,kg,Over-prepared
2025-01-05,Olive & Ember Airport,Onions,0.28,kg,Over-prepared
2025-01-05,Olive & Ember Airport,Potatoes,5.84,kg,Spoiled
2025-01-05,Olive & Ember Airport,Mushrooms,0.5,kg,Over-prepared
2025-01-05,Olive & Ember Airport,Lemons,0.56,kg,Spoiled
2025-01-05,Olive & Ember Airport,Garlic,0.07,kg,Spoiled
2025-01-05,Olive & Ember Airport,Pizza flour,0.27,kg,Expired
2025-01-05,Olive & Ember Airport,Lemonade syrup,0.05,l,Expired
2025-01-12,Olive & Ember Airport,Beef mince,0.91,kg,Over-prepared
2025-01-12,Olive & Ember Airport,Ribeye steak,0.17,kg,Over-prepared
2025-01-12,Olive & Ember Airport,Chicken breast,0.29,kg,Dropped/damaged
2025-01-12,Olive & Ember Airport,Pork sausage,0.2,kg,Expired
2025-01-12,Olive & Ember Airport,Lamb shoulder,0.15,kg,Over-prepared
2025-01-12,Olive & Ember Airport,Salmon fillet,0.42,kg,Over-prepared
2025-01-12,Olive & Ember Airport,Prawns,0.42,kg,Expired
2025-01-12,Olive & Ember Airport,Calamari,0.66,kg,Expired
2025-01-12,Olive & Ember Airport,Mozzarella,1.21,kg,Dropped/damaged
2025-01-12,Olive & Ember Airport,Parmesan,0.12,kg,Spoiled
2025-01-12,Olive & Ember Airport,Butter,0.33,kg,Expired
2025-01-12,Olive & Ember Airport,Cream,0.1,l,Expired
2025-01-12,Olive & Ember Airport,Milk,1.85,l,Dropped/damaged
2025-01-12,Olive & Ember Airport,Eggs,10,each,Spoiled
2025-01-12,Olive & Ember Airport,Mascarpone,0.24,kg,Expired
2025-01-12,Olive & Ember Airport,Tomatoes,2.53,kg,Spoiled
2025-01-12,Olive & Ember Airport,Lettuce,1.09,kg,Over-prepared
2025-01-12,Olive & Ember Airport,Onions,0.38,kg,Spoiled
2025-01-12,Olive & Ember Airport,Potatoes,5.66,kg,Spoiled
2025-01-12,Olive & Ember Airport,Mushrooms,0.64,kg,Spoiled
2025-01-12,Olive & Ember Airport,Lemons,0.64,kg,Over-prepared
2025-01-12,Olive & Ember Airport,Garlic,0.07,kg,Spoiled
2025-01-12,Olive & Ember Airport,Pizza flour,0.29,kg,Dropped/damaged
2025-01-12,Olive & Ember Airport,Pasta,0.06,kg,Dropped/damaged
2025-01-12,Olive & Ember Airport,Sugar,0.06,kg,Spoiled
2025-01-12,Olive & Ember Airport,Lemonade syrup,0.05,l,Spoiled
2025-01-19,Olive & Ember Airport,Beef mince,0.68,kg,Over-prepared
2025-01-19,Olive & Ember Airport,Ribeye steak,0.11,kg,Over-prepared
2025-01-19,Olive & Ember Airport,Chicken breast,0.3,kg,Expired
2025-01-19,Olive & Ember Airport,Pork sausage,0.23,kg,Over-prepared
2025-01-19,Olive & Ember Airport,Lamb shoulder,0.09,kg,Over-prepared
2025-01-19,Olive & Ember Airport,Salmon fillet,0.31,kg,Over-prepared
2025-01-19,Olive & Ember Airport,Prawns,0.27,kg,Over-prepared
2025-01-19,Olive & Ember Airport,Calamari,0.3,kg,Over-prepared
2025-01-19,Olive & Ember Airport,Mozzarella,1.26,kg,Expired
2025-01-19,Olive & Ember Airport,Parmesan,0.08,kg,Expired
2025-01-19,Olive & Ember Airport,Butter,0.28,kg,Dropped/damaged
2025-01-19,Olive & Ember Airport,Cream,0.08,l,Spoiled
2025-01-19,Olive & Ember Airport,Milk,1.97,l,Expired
2025-01-19,Olive & Ember Airport,Eggs,7,each,Expired
2025-01-19,Olive & Ember Airport,Mascarpone,0.19,kg,Expired
2025-01-19,Olive & Ember Airport,Tomatoes,1.91,kg,Over-prepared
2025-01-19,Olive & Ember Airport,Lettuce,1.08,kg,Spoiled
2025-01-19,Olive & Ember Airport,Onions,0.32,kg,Over-prepared
2025-01-19,Olive & Ember Airport,Potatoes,4.72,kg,Expired
2025-01-19,Olive & Ember Airport,Mushrooms,0.54,kg,Spoiled
2025-01-19,Olive & Ember Airport,Lemons,0.68,kg,Over-prepared
2025-01-19,Olive & Ember Airport,Garlic,0.09,kg,Spoiled
2025-01-19,Olive & Ember Airport,Pizza flour,0.36,kg,Dropped/damaged
2025-01-19,Olive & Ember Airport,Sugar,0.06,kg,Expired
2025-01-19,Olive & Ember Airport,Lemonade syrup,0.06,l,Expired
2025-01-26,Olive & Ember Airport,Beef mince,0.92,kg,Over-prepared
2025-01-26,Olive & Ember Airport,Ribeye steak,0.2,kg,Over-prepared
2025-01-26,Olive & Ember Airport,Chicken breast,0.31,kg,Over-prepared
2025-01-26,Olive & Ember Airport,Pork sausage,0.32,kg,Dropped/damaged
2025-01-26,Olive & Ember Airport,Lamb shoulder,0.13,kg,Expired
2025-01-26,Olive & Ember Airport,Salmon fillet,0.48,kg,Over-prepared
2025-01-26,Olive & Ember Airport,Prawns,0.44,kg,Over-prepared
2025-01-26,Olive & Ember Airport,Calamari,0.29,kg,Over-prepared
2025-01-26,Olive & Ember Airport,Mozzarella,1.28,kg,Spoiled
2025-01-26,Olive & Ember Airport,Parmesan,0.12,kg,Spoiled
2025-01-26,Olive & Ember Airport,Butter,0.37,kg,Spoiled
2025-01-26,Olive & Ember Airport,Cream,0.11,l,Spoiled
2025-01-26,Olive & Ember Airport,Milk,1.78,l,Expired
2025-01-26,Olive & Ember Airport,Eggs,11,each,Expired
2025-01-26,Olive & Ember Airport,Mascarpone,0.28,kg,Dropped/damaged
2025-01-26,Olive & Ember Airport,Tomatoes,2.99,kg,Spoiled
2025-01-26,Olive & Ember Airport,Lettuce,1.26,kg,Spoiled
2025-01-26,Olive & Ember Airport,Onions,0.41,kg,Expired
2025-01-26,Olive & Ember Airport,Potatoes,6.61,kg,Spoiled
2025-01-26,Olive & Ember Airport,Mushrooms,0.68,kg,Spoiled
2025-01-26,Olive & Ember Airport,Lemons,0.78,kg,Over-prepared
2025-01-26,Olive & Ember Airport,Garlic,0.09,kg,Expired
2025-01-26,Olive & Ember Airport,Pizza flour,0.37,kg,Expired
2025-01-26,Olive & Ember Airport,Olive oil,0.06,l,Expired
2025-01-26,Olive & Ember Airport,Sugar,0.06,kg,Dropped/damaged
2025-01-26,Olive & Ember Airport,Lemonade syrup,0.07,l,Expired
2025-02-02,Olive & Ember Airport,Beef mince,0.82,kg,Expired
2025-02-02,Olive & Ember Airport,Ribeye steak,0.22,kg,Expired
2025-02-02,Olive & Ember Airport,Chicken breast,0.23,kg,Over-prepared
2025-02-02,Olive & Ember Airport,Pork sausage,0.27,kg,Expired
2025-02-02,Olive & Ember Airport,Lamb shoulder,0.09,kg,Over-prepared
2025-02-02,Olive & Ember Airport,Salmon fillet,0.36,kg,Over-prepared
2025-02-02,Olive & Ember Airport,Prawns,0.39,kg,Expired
2025-02-02,Olive & Ember Airport,Calamari,0.41,kg,Dropped/damaged
2025-02-02,Olive & Ember Airport,Mozzarella,1.47,kg,Dropped/damaged
2025-02-02,Olive & Ember Airport,Parmesan,0.1,kg,Spoiled
2025-02-02,Olive & Ember Airport,Butter,0.29,kg,Expired
2025-02-02,Olive & Ember Airport,Cream,0.11,l,Expired
2025-02-02,Olive & Ember Airport,Milk,1.69,l,Spoiled
2025-02-02,Olive & Ember Airport,Eggs,9,each,Expired
2025-02-02,Olive & Ember Airport,Mascarpone,0.19,kg,Spoiled
2025-02-02,Olive & Ember Airport,Tomatoes,2.49,kg,Over-prepared
2025-02-02,Olive & Ember Airport,Lettuce,1.04,kg,Spoiled
2025-02-02,Olive & Ember Airport,Onions,0.29,kg,Spoiled
2025-02-02,Olive & Ember Airport,Potatoes,5.8,kg,Over-prepared
2025-02-02,Olive & Ember Airport,Mushrooms,0.74,kg,Over-prepared
2025-02-02,Olive & Ember Airport,Lemons,0.64,kg,Spoiled
2025-02-02,Olive & Ember Airport,Garlic,0.1,kg,Over-prepared
2025-02-02,Olive & Ember Airport,Pizza flour,0.34,kg,Dropped/damaged
2025-02-02,Olive & Ember Airport,Lemonade syrup,0.06,l,Expired
2025-02-09,Olive & Ember Airport,Beef mince,0.82,kg,Expired
2025-02-09,Olive & Ember Airport,Ribeye steak,0.12,kg,Dropped/damaged
2025-02-09,Olive & Ember Airport,Chicken breast,0.27,kg,Over-prepared
2025-02-09,Olive & Ember Airport,Pork sausage,0.33,kg,Over-prepared
2025-02-09,Olive & Ember Airport,Lamb shoulder,0.14,kg,Expired
2025-02-09,Olive & Ember Airport,Salmon fillet,0.37,kg,Over-prepared
2025-02-09,Olive & Ember Airport,Prawns,0.35,kg,Expired
2025-02-09,Olive & Ember Airport,Calamari,0.33,kg,Expired
2025-02-09,Olive & Ember Airport,Mozzarella,1.19,kg,Spoiled
2025-02-09,Olive & Ember Airport,Parmesan,0.1,kg,Spoiled
2025-02-09,Olive & Ember Airport,Butter,0.32,kg,Expired
2025-02-09,Olive & Ember Airport,Cream,0.06,l,Dropped/damaged
2025-02-09,Olive & Ember Airport,Milk,1.75,l,Expired
2025-02-09,Olive & Ember Airport,Eggs,9,each,Spoiled
2025-02-09,Olive & Ember Airport,Mascarpone,0.15,kg,Spoiled
2025-02-09,Olive & Ember Airport,Tomatoes,2.49,kg,Spoiled
2025-02-09,Olive & Ember Airport,Lettuce,1.07,kg,Spoiled
2025-02-09,Olive & Ember Airport,Onions,0.35,kg,Spoiled
2025-02-09,Olive & Ember Airport,Potatoes,6.03,kg,Spoiled
2025-02-09,Olive & Ember Airport,Mushrooms,0.58,kg,Spoiled
2025-02-09,Olive & Ember Airport,Lemons,0.69,kg,Spoiled
2025-02-09,Olive & Ember Airport,Garlic,0.08,kg,Over-prepared
2025-02-09,Olive & Ember Airport,Pizza flour,0.3,kg,Expired
2025-02-09,Olive & Ember Airport,Pasta,0.06,kg,Spoiled
2025-02-09,Olive & Ember Airport,Lemonade syrup,0.06,l,Expired
2025-02-16,Olive & Ember Airport,Beef mince,0.81,kg,Over-prepared
2025-02-16,Olive & Ember Airport,Ribeye steak,0.1,kg,Over-prepared
2025-02-16,Olive & Ember Airport,Chicken breast,0.24,kg,Expired
2025-02-16,Olive & Ember Airport,Pork sausage,0.21,kg,Expired
2025-02-16,Olive & Ember Airport,Lamb shoulder,0.13,kg,Expired
2025-02-16,Olive & Ember Airport,Salmon fillet,0.39,kg,Over-prepared
2025-02-16,Olive & Ember Airport,Prawns,0.36,kg,Over-prepared
2025-02-16,Olive & Ember Airport,Calamari,0.39,kg,Over-prepared
2025-02-16,Olive & Ember Airport,Mozzarella,1.24,kg,Expired
2025-02-16,Olive & Ember Airport,Parmesan,0.1,kg,Spoiled
2025-02-16,Olive & Ember Airport,Butter,0.29,kg,Dropped/damaged
2025-02-16,Olive & Ember Airport,Cream,0.08,l,Spoiled
2025-02-16,Olive & Ember Airport,Milk,1.79,l,Dropped/damaged
2025-02-16,Olive & Ember Airport,Eggs,8,each,Expired
2025-02-16,Olive & Ember Airport,Mascarpone,0.18,kg,Spoiled
2025-02-16,Olive & Ember Airport,Tomatoes,2.96,kg,Expired
2025-02-16,Olive & Ember Airport,Lettuce,0.96,kg,Spoiled
2025-02-16,Olive & Ember Airport,Onions,0.35,kg,Expired
2025-02-16,Olive & Ember Airport,Potatoes,6.43,kg,Spoiled
2025-02-16,Olive & Ember Airport,Mushrooms,0.6,kg,Spoiled
2025-02-16,Olive & Ember Airport,Lemons,0.63,kg,Over-prepared
2025-02-16,Olive & Ember Airport,Garlic,0.1,kg,Over-prepared
2025-02-16,Olive & Ember Airport,Pizza flour,0.27,kg,Expired
2025-02-16,Olive & Ember Airport,Pasta,0.05,kg,Expired
2025-02-16,Olive & Ember Airport,Olive oil,0.06,l,Expired
2025-02-23,Olive & Ember Airport,Beef mince,0.82,kg,Over-prepared
2025-02-23,Olive & Ember Airport,Ribeye steak,0.12,kg,Expired
2025-02-23,Olive & Ember Airport,Chicken breast,0.28,kg,Over-prepared
2025-02-23,Olive & Ember Airport,Pork sausage,0.28,kg,Expired
2025-02-23,Olive & Ember Airport,Lamb shoulder,0.14,kg,Over-prepared
2025-02-23,Olive & Ember Airport,Salmon fillet,0.45,kg,Expired
2025-02-23,Olive & Ember Airport,Prawns,0.5,kg,Expired
2025-02-23,Olive & Ember Airport,Calamari,0.33,kg,Over-prepared
2025-02-23,Olive & Ember Airport,Mozzarella,1.69,kg,Expired
2025-02-23,Olive & Ember Airport,Parmesan,0.11,kg,Spoiled
2025-02-23,Olive & Ember Airport,Butter,0.27,kg,Spoiled
2025-02-23,Olive & Ember Airport,Cream,0.11,l,Dropped/damaged
2025-02-23,Olive & Ember Airport,Milk,1.76,l,Spoiled
2025-02-23,Olive & Ember Airport,Eggs,8,each,Expired
2025-02-23,Olive & Ember Airport,Mascarpone,0.17,kg,Spoiled
2025-02-23,Olive & Ember Airport,Tomatoes,2.59,kg,Spoiled
2025-02-23,Olive & Ember Airport,Lettuce,1.24,kg,Spoiled
2025-02-23,Olive & Ember Airport,Onions,0.3,kg,Spoiled
2025-02-23,Olive & Ember Airport,Potatoes,6.35,kg,Spoiled
2025-02-23,Olive & Ember Airport,Mushrooms,0.75,kg,Spoiled
2025-02-23,Olive & Ember Airport,Lemons,0.57,kg,Expired
2025-02-23,Olive & Ember Airport,Garlic,0.1,kg,Over-prepared
2025-02-23,Olive & Ember Airport,Pizza flour,0.33,kg,Expired
2025-02-23,Olive & Ember Airport,Pasta,0.06,kg,Expired
2025-02-23,Olive & Ember Airport,Burger buns,1,each,Expired
2025-02-23,Olive & Ember Airport,Lemonade syrup,0.06,l,Spoiled
2025-03-02,Olive & Ember Airport,Beef mince,0.84,kg,Expired
2025-03-02,Olive & Ember Airport,Ribeye steak,0.11,kg,Expired
2025-03-02,Olive & Ember Airport,Chicken breast,0.33,kg,Over-prepared
2025-03-02,Olive & Ember Airport,Pork sausage,0.28,kg,Over-prepared
2025-03-02,Olive & Ember Airport,Lamb shoulder,0.11,kg,Dropped/damaged
2025-03-02,Olive & Ember Airport,Salmon fillet,0.36,kg,Over-prepared
2025-03-02,Olive & Ember Airport,Prawns,0.34,kg,Over-prepared
2025-03-02,Olive & Ember Airport,Calamari,0.36,kg,Over-prepared
2025-03-02,Olive & Ember Airport,Mozzarella,1.59,kg,Expired
2025-03-02,Olive & Ember Airport,Parmesan,0.1,kg,Expired
2025-03-02,Olive & Ember Airport,Butter,0.27,kg,Expired
2025-03-02,Olive & Ember Airport,Cream,0.08,l,Dropped/damaged
2025-03-02,Olive & Ember Airport,Milk,1.39,l,Expired
2025-03-02,Olive & Ember Airport,Eggs,9,each,Expired
2025-03-02,Olive & Ember Airport,Mascarpone,0.22,kg,Spoiled
2025-03-02,Olive & Ember Airport,Tomatoes,1.77,kg,Spoiled
2025-03-02,Olive & Ember Airport,Lettuce,1.13,kg,Expired
2025-03-02,Olive & Ember Airport,Onions,0.33,kg,Spoiled
2025-03-02,Olive & Ember Airport,Potatoes,5.44,kg,Spoiled
2025-03-02,Olive & Ember Airport,Mushrooms,0.63,kg,Over-prepared
2025-03-02,Olive & Ember Airport,Lemons,0.58,kg,Expired
2025-03-02,Olive & Ember Airport,Garlic,0.08,kg,Spoiled
2025-03-02,Olive & Ember Airport,Pizza flour,0.31,kg,Dropped/damaged
2025-03-02,Olive & Ember Airport,Pasta,0.05,kg,Expired
2025-03-02,Olive & Ember Airport,Coffee beans,0.05,kg,Expired
2025-03-09,Olive & Ember Airport,Beef mince,1.04,kg,Over-prepared
2025-03-09,Olive & Ember Airport,Ribeye steak,0.13,kg,Expired
2025-03-09,Olive & Ember Airport,Chicken breast,0.28,kg,Over-prepared
2025-03-09,Olive & Ember Airport,Pork sausage,0.28,kg,Over-prepared
2025-03-09,Olive & Ember Airport,Lamb shoulder,0.1,kg,Over-prepared
2025-03-09,Olive & Ember Airport,Salmon fillet,0.4,kg,Expired
2025-03-09,Olive & Ember Airport,Prawns,0.44,kg,Dropped/damaged
2025-03-09,Olive & Ember Airport,Calamari,0.48,kg,Expired
2025-03-09,Olive & Ember Airport,Mozzarella,1.49,kg,Expired
2025-03-09,Olive & Ember Airport,Parmesan,0.09,kg,Spoiled
2025-03-09,Olive & Ember Airport,Butter,0.29,kg,Expired
2025-03-09,Olive & Ember Airport,Cream,0.06,l,Expired
2025-03-09,Olive & Ember Airport,Milk,1.9,l,Expired
2025-03-09,Olive & Ember Airport,Eggs,8,each,Dropped/damaged
2025-03-09,Olive & Ember Airport,Mascarpone,0.24,kg,Spoiled
2025-03-09,Olive & Ember Airport,Tomatoes,2.54,kg,Spoiled
2025-03-09,Olive & Ember Airport,Lettuce,1.1,kg,Spoiled
2025-03-09,Olive & Ember Airport,Onions,0.37,kg,Spoiled
2025-03-09,Olive & Ember Airport,Potatoes,5.78,kg,Over-prepared
2025-03-09,Olive & Ember Airport,Mushrooms,0.56,kg,Over-prepared
2025-03-09,Olive & Ember Airport,Lemons,0.64,kg,Spoiled
2025-03-09,Olive & Ember Airport,Garlic,0.1,kg,Spoiled
2025-03-09,Olive & Ember Airport,Pizza flour,0.35,kg,Expired
2025-03-09,Olive & Ember Airport,Pasta,0.05,kg,Expired
2025-03-09,Olive & Ember Airport,Coffee beans,0.05,kg,Expired
2025-03-09,Olive & Ember Airport,Lemonade syrup,0.05,l,Expired
2025-03-16,Olive & Ember Airport,Beef mince,0.8,kg,Over-prepared
2025-03-16,Olive & Ember Airport,Ribeye steak,0.19,kg,Over-prepared
2025-03-16,Olive & Ember Airport,Chicken breast,0.25,kg,Over-prepared
2025-03-16,Olive & Ember Airport,Pork sausage,0.26,kg,Over-prepared
2025-03-16,Olive & Ember Airport,Lamb shoulder,0.15,kg,Over-prepared
2025-03-16,Olive & Ember Airport,Salmon fillet,0.31,kg,Dropped/damaged
2025-03-16,Olive & Ember Airport,Prawns,0.35,kg,Over-prepared
2025-03-16,Olive & Ember Airport,Calamari,0.5,kg,Expired
2025-03-16,Olive & Ember Airport,Mozzarella,1.08,kg,Dropped/damaged
2025-03-16,Olive & Ember Airport,Parmesan,0.12,kg,Spoiled
2025-03-16,Olive & Ember Airport,Butter,0.32,kg,Expired
2025-03-16,Olive & Ember Airport,Cream,0.09,l,Expired
2025-03-16,Olive & Ember Airport,Milk,1.8,l,Expired
2025-03-16,Olive & Ember Airport,Eggs,8,each,Spoiled
2025-03-16,Olive & Ember Airport,Mascarpone,0.2,kg,Expired
2025-03-16,Olive & Ember Airport,Tomatoes,2.5,kg,Over-prepared
2025-03-16,Olive & Ember Airport,Lettuce,0.99,kg,Over-prepared
2025-03-16,Olive & Ember Airport,Onions,0.37,kg,Spoiled
2025-03-16,Olive & Ember Airport,Potatoes,5.86,kg,Expired
2025-03-16,Olive & Ember Airport,Mushrooms,0.76,kg,Expired
2025-03-16,Olive & Ember Airport,Lemons,0.68,kg,Over-prepared
2025-03-16,Olive & Ember Airport,Garlic,0.09,kg,Over-prepared
2025-03-16,Olive & Ember Airport,Pizza flour,0.3,kg,Spoiled
2025-03-16,Olive & Ember Airport,Pasta,0.06,kg,Expired
2025-03-16,Olive & Ember Airport,Sugar,0.07,kg,Expired
2025-03-16,Olive & Ember Airport,Lemonade syrup,0.05,l,Expired
2025-03-23,Olive & Ember Airport,Beef mince,0.81,kg,Over-prepared
2025-03-23,Olive & Ember Airport,Ribeye steak,0.16,kg,Expired
2025-03-23,Olive & Ember Airport,Chicken breast,0.36,kg,Over-prepared
2025-03-23,Olive & Ember Airport,Pork sausage,0.28,kg,Over-prepared
2025-03-23,Olive & Ember Airport,Lamb shoulder,0.15,kg,Expired
2025-03-23,Olive & Ember Airport,Salmon fillet,0.34,kg,Over-prepared
2025-03-23,Olive & Ember Airport,Prawns,0.53,kg,Dropped/damaged
2025-03-23,Olive & Ember Airport,Calamari,0.51,kg,Expired
2025-03-23,Olive & Ember Airport,Mozzarella,1.29,kg,Expired
2025-03-23,Olive & Ember Airport,Parmesan,0.1,kg,Expired
2025-03-23,Olive & Ember Airport,Butter,0.27,kg,Spoiled
2025-03-23,Olive & Ember Airport,Cream,0.07,l,Expired
2025-03-23,Olive & Ember Airport,Milk,1.83,l,Expired
2025-03-23,Olive & Ember Airport,Eggs,8,each,Spoiled
2025-03-23,Olive & Ember Airport,Mascarpone,0.16,kg,Spoiled
2025-03-23,Olive & Ember Airport,Tomatoes,2.74,kg,Spoiled
2025-03-23,Olive & Ember Airport,Lettuce,1.17,kg,Spoiled
2025-03-23,Olive & Ember Airport,Onions,0.32,kg,Over-prepared
2025-03-23,Olive & Ember Airport,Potatoes,6.75,kg,Spoiled
2025-03-23,Olive & Ember Airport,Mushrooms,0.67,kg,Spoiled
2025-03-23,Olive & Ember Airport,Lemons,0.72,kg,Spoiled
2025-03-23,Olive & Ember Airport,Basil,0.05,kg,Spoiled
2025-03-23,Olive & Ember Airport,Garlic,0.1,kg,Expired
2025-03-23,Olive & Ember Airport,Pizza flour,0.32,kg,Dropped/damaged
2025-03-23,Olive & Ember Airport,Pasta,0.07,kg,Expired
2025-03-23,Olive & Ember Airport,Olive oil,0.05,l,Expired
2025-03-23,Olive & Ember Airport,Sugar,0.05,kg,Expired
2025-03-23,Olive & Ember Airport,Coffee beans,0.06,kg,Spoiled
2025-03-23,Olive & Ember Airport,Lemonade syrup,0.06,l,Dropped/damaged
2025-03-30,Olive & Ember Airport,Beef mince,0.85,kg,Expired
2025-03-30,Olive & Ember Airport,Ribeye steak,0.2,kg,Over-prepared
2025-03-30,Olive & Ember Airport,Chicken breast,0.33,kg,Dropped/damaged
2025-03-30,Olive & Ember Airport,Pork sausage,0.32,kg,Expired
2025-03-30,Olive & Ember Airport,Lamb shoulder,0.1,kg,Expired
2025-03-30,Olive & Ember Airport,Salmon fillet,0.4,kg,Expired
2025-03-30,Olive & Ember Airport,Prawns,0.41,kg,Expired
2025-03-30,Olive & Ember Airport,Calamari,0.4,kg,Expired
2025-03-30,Olive & Ember Airport,Mozzarella,1.39,kg,Expired
2025-03-30,Olive & Ember Airport,Parmesan,0.09,kg,Dropped/damaged
2025-03-30,Olive & Ember Airport,Butter,0.35,kg,Expired
2025-03-30,Olive & Ember Airport,Cream,0.08,l,Spoiled
2025-03-30,Olive & Ember Airport,Milk,2.21,l,Spoiled
2025-03-30,Olive & Ember Airport,Eggs,8,each,Spoiled
2025-03-30,Olive & Ember Airport,Mascarpone,0.21,kg,Expired
2025-03-30,Olive & Ember Airport,Tomatoes,2.6,kg,Over-prepared
2025-03-30,Olive & Ember Airport,Lettuce,0.92,kg,Spoiled
2025-03-30,Olive & Ember Airport,Onions,0.3,kg,Spoiled
2025-03-30,Olive & Ember Airport,Potatoes,6.3,kg,Spoiled
2025-03-30,Olive & Ember Airport,Mushrooms,0.62,kg,Spoiled
2025-03-30,Olive & Ember Airport,Lemons,0.56,kg,Over-prepared
2025-03-30,Olive & Ember Airport,Garlic,0.09,kg,Over-prepared
2025-03-30,Olive & Ember Airport,Pizza flour,0.34,kg,Expired
2025-03-30,Olive & Ember Airport,Sugar,0.05,kg,Dropped/damaged
2025-03-30,Olive & Ember Airport,Lemonade syrup,0.06,l,Expired
2025-04-06,Olive & Ember Airport,Beef mince,0.84,kg,Expired
2025-04-06,Olive & Ember Airport,Ribeye steak,0.17,kg,Over-prepared
2025-04-06,Olive & Ember Airport,Chicken breast,0.4,kg,Dropped/damaged
2025-04-06,Olive & Ember Airport,Pork sausage,0.32,kg,Over-prepared
2025-04-06,Olive & Ember Airport,Lamb shoulder,0.14,kg,Expired
2025-04-06,Olive & Ember Airport,Salmon fillet,0.33,kg,Expired
2025-04-06,Olive & Ember Airport,Prawns,0.43,kg,Dropped/damaged
2025-04-06,Olive & Ember Airport,Calamari,0.48,kg,Over-prepared
2025-04-06,Olive & Ember Airport,Mozzarella,1.48,kg,Expired
2025-04-06,Olive & Ember Airport,Parmesan,0.12,kg,Dropped/damaged
2025-04-06,Olive & Ember Airport,Butter,0.31,kg,Expired
2025-04-06,Olive & Ember Airport,Cream,0.1,l,Expired
2025-04-06,Olive & Ember Airport,Milk,1.83,l,Expired
2025-04-06,Olive & Ember Airport,Eggs,9,each,Spoiled
2025-04-06,Olive & Ember Airport,Mascarpone,0.23,kg,Spoiled
2025-04-06,Olive & Ember Airport,Tomatoes,2.5,kg,Spoiled
2025-04-06,Olive & Ember Airport,Lettuce,1.03,kg,Over-prepared
2025-04-06,Olive & Ember Airport,Onions,0.35,kg,Spoiled
2025-04-06,Olive & Ember Airport,Potatoes,5.86,kg,Expired
2025-04-06,Olive & Ember Airport,Mushrooms,0.75,kg,Over-prepared
2025-04-06,Olive & Ember Airport,Lemons,0.73,kg,Spoiled
2025-04-06,Olive & Ember Airport,Garlic,0.1,kg,Spoiled
2025-04-06,Olive & Ember Airport,Pizza flour,0.33,kg,Expired
2025-04-06,Olive & Ember Airport,Pasta,0.05,kg,Spoiled
2025-04-06,Olive & Ember Airport,Olive oil,0.05,l,Expired
2025-04-06,Olive & Ember Airport,Sugar,0.06,kg,Spoiled
2025-04-06,Olive & Ember Airport,Coffee beans,0.06,kg,Expired
2025-04-06,Olive & Ember Airport,Lemonade syrup,0.07,l,Dropped/damaged
2025-04-13,Olive & Ember Airport,Beef mince,0.93,kg,Over-prepared
2025-04-13,Olive & Ember Airport,Ribeye steak,0.15,kg,Over-prepared
2025-04-13,Olive & Ember Airport,Chicken breast,0.31,kg,Dropped/damaged
2025-04-13,Olive & Ember Airport,Pork sausage,0.31,kg,Expired
2025-04-13,Olive & Ember Airport,Lamb shoulder,0.1,kg,Over-prepared
2025-04-13,Olive & Ember Airport,Prawns,0.32,kg,Over-prepared
2025-04-13,Olive & Ember Airport,Calamari,0.43,kg,Expired
2025-04-13,Olive & Ember Airport,Mozzarella,1.33,kg,Expired
2025-04-13,Olive & Ember Airport,Parmesan,0.12,kg,Expired
2025-04-13,Olive & Ember Airport,Butter,0.34,kg,Dropped/damaged
2025-04-13,Olive & Ember Airport,Cream,0.1,l,Expired
2025-04-13,Olive & Ember Airport,Milk,1.6,l,Spoiled
2025-04-13,Olive & Ember Airport,Eggs,7,each,Expired
2025-04-13,Olive & Ember Airport,Mascarpone,0.21,kg,Expired
2025-04-13,Olive & Ember Airport,Tomatoes,2.82,kg,Over-prepared
2025-04-13,Olive & Ember Airport,Lettuce,1.03,kg,Over-prepared
2025-04-13,Olive & Ember Airport,Onions,0.34,kg,Spoiled
2025-04-13,Olive & Ember Airport,Potatoes,6.44,kg,Spoiled
2025-04-13,Olive & Ember Airport,Mushrooms,0.7,kg,Spoiled
2025-04-13,Olive & Ember Airport,Lemons,0.78,kg,Over-prepared
2025-04-13,Olive & Ember Airport,Garlic,0.08,kg,Over-prepared
2025-04-13,Olive & Ember Airport,Pizza flour,0.32,kg,Expired
2025-04-13,Olive & Ember Airport,Olive oil,0.06,l,Dropped/damaged
2025-04-13,Olive & Ember Airport,Sugar,0.05,kg,Expired
2025-04-13,Olive & Ember Airport,Coffee beans,0.06,kg,Expired
2025-04-13,Olive & Ember Airport,Lemonade syrup,0.07,l,Expired
2025-04-13,Olive & Ember Airport,Salmon fillet,0.36,kg,Dropped/damaged
2025-04-20,Olive & Ember Airport,Beef mince,0.98,kg,Over-prepared
2025-04-20,Olive & Ember Airport,Ribeye steak,0.14,kg,Over-prepared
2025-04-20,Olive & Ember Airport,Chicken breast,0.29,kg,Over-prepared
2025-04-20,Olive & Ember Airport,Pork sausage,0.29,kg,Expired
2025-04-20,Olive & Ember Airport,Lamb shoulder,0.09,kg,Expired
2025-04-20,Olive & Ember Airport,Salmon fillet,0.31,kg,Expired
2025-04-20,Olive & Ember Airport,Prawns,0.34,kg,Over-prepared
2025-04-20,Olive & Ember Airport,Calamari,0.33,kg,Over-prepared
2025-04-20,Olive & Ember Airport,Mozzarella,1.42,kg,Dropped/damaged
2025-04-20,Olive & Ember Airport,Parmesan,0.1,kg,Expired
2025-04-20,Olive & Ember Airport,Butter,0.35,kg,Expired
2025-04-20,Olive & Ember Airport,Cream,0.1,l,Expired
2025-04-20,Olive & Ember Airport,Milk,1.58,l,Expired
2025-04-20,Olive & Ember Airport,Eggs,9,each,Dropped/damaged
2025-04-20,Olive & Ember Airport,Mascarpone,0.19,kg,Expired
2025-04-20,Olive & Ember Airport,Tomatoes,2.68,kg,Spoiled
2025-04-20,Olive & Ember Airport,Lettuce,1.17,kg,Spoiled
2025-04-20,Olive & Ember Airport,Onions,0.35,kg,Expired
2025-04-20,Olive & Ember Airport,Potatoes,6,kg,Over-prepared
2025-04-20,Olive & Ember Airport,Mushrooms,0.75,kg,Spoiled
2025-04-20,Olive & Ember Airport,Lemons,0.66,kg,Expired
2025-04-20,Olive & Ember Airport,Garlic,0.08,kg,Spoiled
2025-04-20,Olive & Ember Airport,Pizza flour,0.35,kg,Expired
2025-04-20,Olive & Ember Airport,Olive oil,0.05,l,Spoiled
2025-04-20,Olive & Ember Airport,Burger buns,1,each,Dropped/damaged
2025-04-20,Olive & Ember Airport,Sugar,0.06,kg,Spoiled
2025-04-20,Olive & Ember Airport,Coffee beans,0.05,kg,Spoiled
2025-04-20,Olive & Ember Airport,Lemonade syrup,0.05,l,Expired
2025-04-27,Olive & Ember Airport,Beef mince,0.96,kg,Over-prepared
2025-04-27,Olive & Ember Airport,Ribeye steak,0.18,kg,Over-prepared
2025-04-27,Olive & Ember Airport,Chicken breast,0.33,kg,Over-prepared
2025-04-27,Olive & Ember Airport,Pork sausage,0.34,kg,Expired
2025-04-27,Olive & Ember Airport,Lamb shoulder,0.13,kg,Expired
2025-04-27,Olive & Ember Airport,Prawns,0.43,kg,Over-prepared
2025-04-27,Olive & Ember Airport,Calamari,0.41,kg,Expired
2025-04-27,Olive & Ember Airport,Mozzarella,1.32,kg,Dropped/damaged
2025-04-27,Olive & Ember Airport,Parmesan,0.11,kg,Spoiled
2025-04-27,Olive & Ember Airport,Butter,0.32,kg,Expired
2025-04-27,Olive & Ember Airport,Cream,0.09,l,Expired
2025-04-27,Olive & Ember Airport,Milk,2.06,l,Spoiled
2025-04-27,Olive & Ember Airport,Eggs,9,each,Expired
2025-04-27,Olive & Ember Airport,Mascarpone,0.22,kg,Spoiled
2025-04-27,Olive & Ember Airport,Tomatoes,3.11,kg,Spoiled
2025-04-27,Olive & Ember Airport,Lettuce,1.16,kg,Over-prepared
2025-04-27,Olive & Ember Airport,Onions,0.4,kg,Over-prepared
2025-04-27,Olive & Ember Airport,Potatoes,6.79,kg,Over-prepared
2025-04-27,Olive & Ember Airport,Mushrooms,0.66,kg,Spoiled
2025-04-27,Olive & Ember Airport,Lemons,0.66,kg,Over-prepared
2025-04-27,Olive & Ember Airport,Garlic,0.1,kg,Expired
2025-04-27,Olive & Ember Airport,Pizza flour,0.31,kg,Expired
2025-04-27,Olive & Ember Airport,Olive oil,0.05,l,Spoiled
2025-04-27,Olive & Ember Airport,Sugar,0.05,kg,Dropped/damaged
2025-04-27,Olive & Ember Airport,Coffee beans,0.06,kg,Expired
2025-04-27,Olive & Ember Airport,Lemonade syrup,0.07,l,Spoiled
2025-04-27,Olive & Ember Airport,Salmon fillet,0.31,kg,Expired
2025-05-04,Olive & Ember Airport,Beef mince,0.88,kg,Over-prepared
2025-05-04,Olive & Ember Airport,Ribeye steak,0.17,kg,Expired
2025-05-04,Olive & Ember Airport,Chicken breast,0.36,kg,Dropped/damaged
2025-05-04,Olive & Ember Airport,Pork sausage,0.36,kg,Expired
2025-05-04,Olive & Ember Airport,Lamb shoulder,0.12,kg,Expired
2025-05-04,Olive & Ember Airport,Salmon fillet,0.33,kg,Expired
2025-05-04,Olive & Ember Airport,Prawns,0.39,kg,Expired
2025-05-04,Olive & Ember Airport,Calamari,0.42,kg,Dropped/damaged
2025-05-04,Olive & Ember Airport,Mozzarella,1.6,kg,Expired
2025-05-04,Olive & Ember Airport,Parmesan,0.1,kg,Spoiled
2025-05-04,Olive & Ember Airport,Butter,0.36,kg,Expired
2025-05-04,Olive & Ember Airport,Cream,0.09,l,Spoiled
2025-05-04,Olive & Ember Airport,Milk,2.13,l,Spoiled
2025-05-04,Olive & Ember Airport,Eggs,9,each,Expired
2025-05-04,Olive & Ember Airport,Mascarpone,0.19,kg,Spoiled
2025-05-04,Olive & Ember Airport,Tomatoes,2.92,kg,Spoiled
2025-05-04,Olive & Ember Airport,Lettuce,1.11,kg,Over-prepared
2025-05-04,Olive & Ember Airport,Onions,0.35,kg,Expired
2025-05-04,Olive & Ember Airport,Potatoes,6.8,kg,Over-prepared
2025-05-04,Olive & Ember Airport,Mushrooms,0.81,kg,Spoiled
2025-05-04,Olive & Ember Airport,Lemons,0.73,kg,Spoiled
2025-05-04,Olive & Ember Airport,Garlic,0.1,kg,Spoiled
2025-05-04,Olive & Ember Airport,Pizza flour,0.39,kg,Expired
2025-05-04,Olive & Ember Airport,Pasta,0.06,kg,Dropped/damaged
2025-05-04,Olive & Ember Airport,Olive oil,0.05,l,Spoiled
2025-05-04,Olive & Ember Airport,Sugar,0.06,kg,Spoiled
2025-05-11,Olive & Ember Airport,Beef mince,0.87,kg,Expired
2025-05-11,Olive & Ember Airport,Ribeye steak,0.1,kg,Over-prepared
2025-05-11,Olive & Ember Airport,Chicken breast,0.35,kg,Expired
2025-05-11,Olive & Ember Airport,Pork sausage,0.28,kg,Expired
2025-05-11,Olive & Ember Airport,Lamb shoulder,0.12,kg,Over-prepared
2025-05-11,Olive & Ember Airport,Salmon fillet,0.51,kg,Over-prepared
2025-05-11,Olive & Ember Airport,Prawns,0.49,kg,Expired
2025-05-11,Olive & Ember Airport,Calamari,0.47,kg,Expired
2025-05-11,Olive & Ember Airport,Mozzarella,1.34,kg,Expired
2025-05-11,Olive & Ember Airport,Parmesan,0.09,kg,Expired
2025-05-11,Olive & Ember Airport,Butter,0.34,kg,Expired
2025-05-11,Olive & Ember Airport,Cream,0.09,l,Spoiled
2025-05-11,Olive & Ember Airport,Milk,1.76,l,Expired
2025-05-11,Olive & Ember Airport,Eggs,9,each,Spoiled
2025-05-11,Olive & Ember Airport,Mascarpone,0.19,kg,Expired
2025-05-11,Olive & Ember Airport,Tomatoes,3.01,kg,Spoiled
2025-05-11,Olive & Ember Airport,Lettuce,1.18,kg,Over-prepared
2025-05-11,Olive & Ember Airport,Onions,0.42,kg,Spoiled
2025-05-11,Olive & Ember Airport,Potatoes,6.79,kg,Expired
2025-05-11,Olive & Ember Airport,Mushrooms,0.59,kg,Over-prepared
2025-05-11,Olive & Ember Airport,Lemons,0.71,kg,Spoiled
2025-05-11,Olive & Ember Airport,Basil,0.05,kg,Over-prepared
2025-05-11,Olive & Ember Airport,Garlic,0.1,kg,Spoiled
2025-05-11,Olive & Ember Airport,Pizza flour,0.38,kg,Spoiled
2025-05-11,Olive & Ember Airport,Pasta,0.05,kg,Spoiled
2025-05-11,Olive & Ember Airport,Olive oil,0.06,l,Spoiled
2025-05-11,Olive & Ember Airport,Sugar,0.07,kg,Spoiled
2025-05-11,Olive & Ember Airport,Lemonade syrup,0.06,l,Spoiled
2025-05-18,Olive & Ember Airport,Beef mince,0.88,kg,Dropped/damaged
2025-05-18,Olive & Ember Airport,Ribeye steak,0.11,kg,Over-prepared
2025-05-18,Olive & Ember Airport,Chicken breast,0.36,kg,Dropped/damaged
2025-05-18,Olive & Ember Airport,Pork sausage,0.37,kg,Over-prepared
2025-05-18,Olive & Ember Airport,Lamb shoulder,0.12,kg,Expired
2025-05-18,Olive & Ember Airport,Salmon fillet,0.36,kg,Expired
2025-05-18,Olive & Ember Airport,Prawns,0.44,kg,Over-prepared
2025-05-18,Olive & Ember Airport,Calamari,0.61,kg,Expired
2025-05-18,Olive & Ember Airport,Mozzarella,1.46,kg,Dropped/damaged
2025-05-18,Olive & Ember Airport,Parmesan,0.1,kg,Spoiled
2025-05-18,Olive & Ember Airport,Butter,0.38,kg,Expired
2025-05-18,Olive & Ember Airport,Cream,0.11,l,Expired
2025-05-18,Olive & Ember Airport,Milk,1.82,l,Expired
2025-05-18,Olive & Ember Airport,Eggs,10,each,Dropped/damaged
2025-05-18,Olive & Ember Airport,Mascarpone,0.21,kg,Expired
2025-05-18,Olive & Ember Airport,Tomatoes,2.54,kg,Expired
2025-05-18,Olive & Ember Airport,Lettuce,1.15,kg,Expired
2025-05-18,Olive & Ember Airport,Onions,0.46,kg,Spoiled
2025-05-18,Olive & Ember Airport,Potatoes,6.37,kg,Over-prepared
2025-05-18,Olive & Ember Airport,Mushrooms,0.74,kg,Over-prepared
2025-05-18,Olive & Ember Airport,Lemons,0.86,kg,Over-prepared
2025-05-18,Olive & Ember Airport,Garlic,0.1,kg,Over-prepared
2025-05-18,Olive & Ember Airport,Pizza flour,0.34,kg,Spoiled
2025-05-18,Olive & Ember Airport,Pasta,0.05,kg,Spoiled
2025-05-18,Olive & Ember Airport,Sugar,0.06,kg,Spoiled
2025-05-18,Olive & Ember Airport,Lemonade syrup,0.05,l,Expired
2025-05-25,Olive & Ember Airport,Beef mince,0.96,kg,Expired
2025-05-25,Olive & Ember Airport,Ribeye steak,0.17,kg,Expired
2025-05-25,Olive & Ember Airport,Chicken breast,0.31,kg,Over-prepared
2025-05-25,Olive & Ember Airport,Pork sausage,0.36,kg,Expired
2025-05-25,Olive & Ember Airport,Lamb shoulder,0.12,kg,Over-prepared
2025-05-25,Olive & Ember Airport,Salmon fillet,0.52,kg,Expired
2025-05-25,Olive & Ember Airport,Prawns,0.24,kg,Expired
2025-05-25,Olive & Ember Airport,Calamari,0.4,kg,Over-prepared
2025-05-25,Olive & Ember Airport,Mozzarella,1.51,kg,Spoiled
2025-05-25,Olive & Ember Airport,Parmesan,0.1,kg,Expired
2025-05-25,Olive & Ember Airport,Butter,0.31,kg,Expired
2025-05-25,Olive & Ember Airport,Cream,0.08,l,Expired
2025-05-25,Olive & Ember Airport,Milk,2.12,l,Dropped/damaged
2025-05-25,Olive & Ember Airport,Eggs,8,each,Expired
2025-05-25,Olive & Ember Airport,Mascarpone,0.22,kg,Expired
2025-05-25,Olive & Ember Airport,Tomatoes,2.64,kg,Over-prepared
2025-05-25,Olive & Ember Airport,Lettuce,1.14,kg,Spoiled
2025-05-25,Olive & Ember Airport,Onions,0.36,kg,Spoiled
2025-05-25,Olive & Ember Airport,Potatoes,6.83,kg,Over-prepared
2025-05-25,Olive & Ember Airport,Mushrooms,0.65,kg,Over-prepared
2025-05-25,Olive & Ember Airport,Lemons,0.69,kg,Spoiled
2025-05-25,Olive & Ember Airport,Garlic,0.09,kg,Spoiled
2025-05-25,Olive & Ember Airport,Pizza flour,0.31,kg,Expired
2025-05-25,Olive & Ember Airport,Olive oil,0.06,l,Spoiled
2025-05-25,Olive & Ember Airport,Sugar,0.07,kg,Spoiled
2025-05-25,Olive & Ember Airport,Coffee beans,0.06,kg,Spoiled
2025-05-25,Olive & Ember Airport,Lemonade syrup,0.06,l,Spoiled
2025-06-01,Olive & Ember Airport,Beef mince,1.02,kg,Over-prepared
2025-06-01,Olive & Ember Airport,Ribeye steak,0.18,kg,Expired
2025-06-01,Olive & Ember Airport,Chicken breast,0.36,kg,Over-prepared
2025-06-01,Olive & Ember Airport,Pork sausage,0.29,kg,Over-prepared
2025-06-01,Olive & Ember Airport,Lamb shoulder,0.11,kg,Over-prepared
2025-06-01,Olive & Ember Airport,Salmon fillet,0.41,kg,Expired
2025-06-01,Olive & Ember Airport,Prawns,0.5,kg,Over-prepared
2025-06-01,Olive & Ember Airport,Calamari,0.44,kg,Over-prepared
2025-06-01,Olive & Ember Airport,Mozzarella,1.21,kg,Spoiled
2025-06-01,Olive & Ember Airport,Parmesan,0.11,kg,Expired
2025-06-01,Olive & Ember Airport,Butter,0.29,kg,Expired
2025-06-01,Olive & Ember Airport,Cream,0.09,l,Spoiled
2025-06-01,Olive & Ember Airport,Milk,2.04,l,Spoiled
2025-06-01,Olive & Ember Airport,Eggs,7,each,Expired
2025-06-01,Olive & Ember Airport,Mascarpone,0.17,kg,Spoiled
2025-06-01,Olive & Ember Airport,Tomatoes,2.85,kg,Over-prepared
2025-06-01,Olive & Ember Airport,Lettuce,0.93,kg,Spoiled
2025-06-01,Olive & Ember Airport,Onions,0.37,kg,Spoiled
2025-06-01,Olive & Ember Airport,Potatoes,6.91,kg,Over-prepared
2025-06-01,Olive & Ember Airport,Mushrooms,0.91,kg,Expired
2025-06-01,Olive & Ember Airport,Lemons,0.58,kg,Spoiled
2025-06-01,Olive & Ember Airport,Garlic,0.08,kg,Spoiled
2025-06-01,Olive & Ember Airport,Pizza flour,0.34,kg,Expired
2025-06-01,Olive & Ember Airport,Pasta,0.06,kg,Expired
2025-06-01,Olive & Ember Airport,Olive oil,0.06,l,Spoiled
2025-06-01,Olive & Ember Airport,Coffee beans,0.06,kg,Expired
2025-06-01,Olive & Ember Airport,Lemonade syrup,0.07,l,Expired
2025-06-08,Olive & Ember Airport,Beef mince,0.81,kg,Dropped/damaged
2025-06-08,Olive & Ember Airport,Ribeye steak,0.18,kg,Dropped/damaged
2025-06-08,Olive & Ember Airport,Chicken breast,0.34,kg,Expired
2025-06-08,Olive & Ember Airport,Pork sausage,0.3,kg,Over-prepared
2025-06-08,Olive & Ember Airport,Lamb shoulder,0.2,kg,Expired
2025-06-08,Olive & Ember Airport,Salmon fillet,0.43,kg,Over-prepared
2025-06-08,Olive & Ember Airport,Prawns,0.52,kg,Over-prepared
2025-06-08,Olive & Ember Airport,Calamari,0.53,kg,Expired
2025-06-08,Olive & Ember Airport,Mozzarella,1.38,kg,Expired
2025-06-08,Olive & Ember Airport,Parmesan,0.13,kg,Spoiled
2025-06-08,Olive & Ember Airport,Butter,0.42,kg,Expired
2025-06-08,Olive & Ember Airport,Cream,0.1,l,Spoiled
2025-06-08,Olive & Ember Airport,Milk,1.81,l,Spoiled
2025-06-08,Olive & Ember Airport,Eggs,9,each,Spoiled
2025-06-08,Olive & Ember Airport,Mascarpone,0.19,kg,Expired
2025-06-08,Olive & Ember Airport,Tomatoes,2.67,kg,Spoiled
2025-06-08,Olive & Ember Airport,Lettuce,1.3,kg,Spoiled
2025-06-08,Olive & Ember Airport,Onions,0.42,kg,Spoiled
2025-06-08,Olive & Ember Airport,Potatoes,7.79,kg,Expired
2025-06-08,Olive & Ember Airport,Mushrooms,0.66,kg,Spoiled
2025-06-08,Olive & Ember Airport,Lemons,0.75,kg,Spoiled
2025-06-08,Olive & Ember Airport,Garlic,0.12,kg,Spoiled
2025-06-08,Olive & Ember Airport,Pizza flour,0.34,kg,Expired
2025-06-08,Olive & Ember Airport,Pasta,0.08,kg,Expired
2025-06-08,Olive & Ember Airport,Olive oil,0.07,l,Expired
2025-06-08,Olive & Ember Airport,Burger buns,1,each,Spoiled
2025-06-08,Olive & Ember Airport,Sugar,0.06,kg,Expired
2025-06-08,Olive & Ember Airport,Coffee beans,0.06,kg,Expired
2025-06-08,Olive & Ember Airport,Lemonade syrup,0.07,l,Expired
2025-06-15,Olive & Ember Airport,Beef mince,0.84,kg,Over-prepared
2025-06-15,Olive & Ember Airport,Ribeye steak,0.17,kg,Over-prepared
2025-06-15,Olive & Ember Airport,Chicken breast,0.28,kg,Over-prepared
2025-06-15,Olive & Ember Airport,Pork sausage,0.37,kg,Over-prepared
2025-06-15,Olive & Ember Airport,Lamb shoulder,0.09,kg,Over-prepared
2025-06-15,Olive & Ember Airport,Salmon fillet,0.48,kg,Expired
2025-06-15,Olive & Ember Airport,Prawns,0.4,kg,Expired
2025-06-15,Olive & Ember Airport,Calamari,0.41,kg,Over-prepared
2025-06-15,Olive & Ember Airport,Mozzarella,1.64,kg,Spoiled
2025-06-15,Olive & Ember Airport,Parmesan,0.11,kg,Spoiled
2025-06-15,Olive & Ember Airport,Butter,0.4,kg,Expired
2025-06-15,Olive & Ember Airport,Cream,0.09,l,Spoiled
2025-06-15,Olive & Ember Airport,Milk,1.9,l,Spoiled
2025-06-15,Olive & Ember Airport,Eggs,10,each,Expired
2025-06-15,Olive & Ember Airport,Mascarpone,0.22,kg,Expired
2025-06-15,Olive & Ember Airport,Tomatoes,2.83,kg,Over-prepared
2025-06-15,Olive & Ember Airport,Lettuce,1.16,kg,Expired
2025-06-15,Olive & Ember Airport,Onions,0.34,kg,Expired
2025-06-15,Olive & Ember Airport,Potatoes,5.88,kg,Expired
2025-06-15,Olive & Ember Airport,Mushrooms,0.64,kg,Over-prepared
2025-06-15,Olive & Ember Airport,Lemons,0.87,kg,Spoiled
2025-06-15,Olive & Ember Airport,Basil,0.06,kg,Expired
2025-06-15,Olive & Ember Airport,Garlic,0.09,kg,Spoiled
2025-06-15,Olive & Ember Airport,Pizza flour,0.33,kg,Expired
2025-06-15,Olive & Ember Airport,Olive oil,0.06,l,Expired
2025-06-15,Olive & Ember Airport,Sugar,0.07,kg,Spoiled
2025-06-15,Olive & Ember Airport,Lemonade syrup,0.06,l,Expired
2025-06-22,Olive & Ember Airport,Beef mince,1.03,kg,Dropped/damaged
2025-06-22,Olive & Ember Airport,Ribeye steak,0.18,kg,Over-prepared
2025-06-22,Olive & Ember Airport,Chicken breast,0.36,kg,Over-prepared
2025-06-22,Olive & Ember Airport,Pork sausage,0.36,kg,Expired
2025-06-22,Olive & Ember Airport,Lamb shoulder,0.14,kg,Over-prepared
2025-06-22,Olive & Ember Airport,Salmon fillet,0.4,kg,Over-prepared
2025-06-22,Olive & Ember Airport,Prawns,0.47,kg,Expired
2025-06-22,Olive & Ember Airport,Calamari,0.39,kg,Expired
2025-06-22,Olive & Ember Airport,Mozzarella,1.55,kg,Expired
2025-06-22,Olive & Ember Airport,Parmesan,0.1,kg,Spoiled
2025-06-22,Olive & Ember Airport,Butter,0.33,kg,Expired
2025-06-22,Olive & Ember Airport,Cream,0.09,l,Expired
2025-06-22,Olive & Ember Airport,Milk,2.13,l,Expired
2025-06-22,Olive & Ember Airport,Eggs,11,each,Expired
2025-06-22,Olive & Ember Airport,Mascarpone,0.26,kg,Dropped/damaged
2025-06-22,Olive & Ember Airport,Tomatoes,3.23,kg,Expired
2025-06-22,Olive & Ember Airport,Lettuce,1.22,kg,Over-prepared
2025-06-22,Olive & Ember Airport,Onions,0.43,kg,Over-prepared
2025-06-22,Olive & Ember Airport,Potatoes,7.4,kg,Spoiled
2025-06-22,Olive & Ember Airport,Mushrooms,0.85,kg,Over-prepared
2025-06-22,Olive & Ember Airport,Lemons,0.7,kg,Spoiled
2025-06-22,Olive & Ember Airport,Garlic,0.1,kg,Over-prepared
2025-06-22,Olive & Ember Airport,Pizza flour,0.35,kg,Spoiled
2025-06-22,Olive & Ember Airport,Pasta,0.06,kg,Spoiled
2025-06-22,Olive & Ember Airport,Olive oil,0.06,l,Expired
2025-06-22,Olive & Ember Airport,Burger buns,1,each,Expired
2025-06-22,Olive & Ember Airport,Sugar,0.06,kg,Expired
2025-06-22,Olive & Ember Airport,Coffee beans,0.05,kg,Expired
2025-06-22,Olive & Ember Airport,Lemonade syrup,0.08,l,Expired
2025-06-29,Olive & Ember Airport,Beef mince,1.15,kg,Over-prepared
2025-06-29,Olive & Ember Airport,Ribeye steak,0.15,kg,Expired
2025-06-29,Olive & Ember Airport,Chicken breast,0.38,kg,Over-prepared
2025-06-29,Olive & Ember Airport,Pork sausage,0.36,kg,Expired
2025-06-29,Olive & Ember Airport,Lamb shoulder,0.12,kg,Over-prepared
2025-06-29,Olive & Ember Airport,Salmon fillet,0.54,kg,Over-prepared
2025-06-29,Olive & Ember Airport,Prawns,0.45,kg,Over-prepared
2025-06-29,Olive & Ember Airport,Calamari,0.5,kg,Over-prepared
2025-06-29,Olive & Ember Airport,Mozzarella,1.8,kg,Expired
2025-06-29,Olive & Ember Airport,Parmesan,0.12,kg,Dropped/damaged
2025-06-29,Olive & Ember Airport,Butter,0.37,kg,Expired
2025-06-29,Olive & Ember Airport,Cream,0.09,l,Spoiled
2025-06-29,Olive & Ember Airport,Milk,2.11,l,Expired
2025-06-29,Olive & Ember Airport,Eggs,10,each,Expired
2025-06-29,Olive & Ember Airport,Mascarpone,0.22,kg,Spoiled
2025-06-29,Olive & Ember Airport,Tomatoes,2.74,kg,Over-prepared
2025-06-29,Olive & Ember Airport,Lettuce,1.28,kg,Spoiled
2025-06-29,Olive & Ember Airport,Onions,0.33,kg,Over-prepared
2025-06-29,Olive & Ember Airport,Potatoes,6.35,kg,Over-prepared
2025-06-29,Olive & Ember Airport,Mushrooms,0.72,kg,Over-prepared
2025-06-29,Olive & Ember Airport,Lemons,0.73,kg,Over-prepared
2025-06-29,Olive & Ember Airport,Garlic,0.11,kg,Spoiled
2025-06-29,Olive & Ember Airport,Pizza flour,0.4,kg,Expired
2025-06-29,Olive & Ember Airport,Pasta,0.06,kg,Expired
2025-06-29,Olive & Ember Airport,Olive oil,0.07,l,Spoiled
2025-06-29,Olive & Ember Airport,Burger buns,1,each,Expired
2025-06-29,Olive & Ember Airport,Sugar,0.06,kg,Dropped/damaged
2025-06-29,Olive & Ember Airport,Coffee beans,0.07,kg,Expired
2025-06-29,Olive & Ember Airport,Lemonade syrup,0.07,l,Expired
2025-07-06,Olive & Ember Airport,Beef mince,1.18,kg,Expired
2025-07-06,Olive & Ember Airport,Ribeye steak,0.18,kg,Over-prepared
2025-07-06,Olive & Ember Airport,Chicken breast,0.45,kg,Expired
2025-07-06,Olive & Ember Airport,Pork sausage,0.45,kg,Expired
2025-07-06,Olive & Ember Airport,Lamb shoulder,0.19,kg,Over-prepared
2025-07-06,Olive & Ember Airport,Salmon fillet,0.45,kg,Expired
2025-07-06,Olive & Ember Airport,Prawns,0.52,kg,Over-prepared
2025-07-06,Olive & Ember Airport,Calamari,0.55,kg,Over-prepared
2025-07-06,Olive & Ember Airport,Mozzarella,1.37,kg,Spoiled
2025-07-06,Olive & Ember Airport,Parmesan,0.12,kg,Expired
2025-07-06,Olive & Ember Airport,Butter,0.41,kg,Expired
2025-07-06,Olive & Ember Airport,Cream,0.1,l,Expired
2025-07-06,Olive & Ember Airport,Milk,2.15,l,Expired
2025-07-06,Olive & Ember Airport,Eggs,13,each,Dropped/damaged
2025-07-06,Olive & Ember Airport,Mascarpone,0.3,kg,Expired
2025-07-06,Olive & Ember Airport,Tomatoes,3.2,kg,Spoiled
2025-07-06,Olive & Ember Airport,Lettuce,1.24,kg,Spoiled
2025-07-06,Olive & Ember Airport,Onions,0.43,kg,Spoiled
2025-07-06,Olive & Ember Airport,Potatoes,8.09,kg,Expired
2025-07-06,Olive & Ember Airport,Mushrooms,0.91,kg,Over-prepared
2025-07-06,Olive & Ember Airport,Lemons,0.83,kg,Expired
2025-07-06,Olive & Ember Airport,Basil,0.05,kg,Expired
2025-07-06,Olive & Ember Airport,Garlic,0.14,kg,Spoiled
2025-07-06,Olive & Ember Airport,Pizza flour,0.45,kg,Spoiled
2025-07-06,Olive & Ember Airport,Pasta,0.08,kg,Expired
2025-07-06,Olive & Ember Airport,Olive oil,0.07,l,Expired
2025-07-06,Olive & Ember Airport,Burger buns,1,each,Spoiled
2025-07-06,Olive & Ember Airport,Sugar,0.08,kg,Spoiled
2025-07-06,Olive & Ember Airport,Coffee beans,0.06,kg,Expired
2025-07-06,Olive & Ember Airport,Lemonade syrup,0.07,l,Expired
2025-07-13,Olive & Ember Airport,Beef mince,0.84,kg,Expired
2025-07-13,Olive & Ember Airport,Ribeye steak,0.21,kg,Over-prepared
2025-07-13,Olive & Ember Airport,Chicken breast,0.46,kg,Over-prepared
2025-07-13,Olive & Ember Airport,Pork sausage,0.39,kg,Expired
2025-07-13,Olive & Ember Airport,Lamb shoulder,0.16,kg,Expired
2025-07-13,Olive & Ember Airport,Salmon fillet,0.54,kg,Over-prepared
2025-07-13,Olive & Ember Airport,Prawns,0.56,kg,Over-prepared
2025-07-13,Olive & Ember Airport,Calamari,0.52,kg,Expired
2025-07-13,Olive & Ember Airport,Mozzarella,1.77,kg,Dropped/damaged
2025-07-13,Olive & Ember Airport,Parmesan,0.15,kg,Spoiled
2025-07-13,Olive & Ember Airport,Butter,0.42,kg,Expired
2025-07-13,Olive & Ember Airport,Cream,0.11,l,Spoiled
2025-07-13,Olive & Ember Airport,Milk,2.08,l,Expired
2025-07-13,Olive & Ember Airport,Eggs,12,each,Spoiled
2025-07-13,Olive & Ember Airport,Mascarpone,0.23,kg,Expired
2025-07-13,Olive & Ember Airport,Tomatoes,3.2,kg,Expired
2025-07-13,Olive & Ember Airport,Lettuce,1.62,kg,Spoiled
2025-07-13,Olive & Ember Airport,Onions,0.47,kg,Spoiled
2025-07-13,Olive & Ember Airport,Potatoes,7.77,kg,Spoiled
2025-07-13,Olive & Ember Airport,Mushrooms,0.74,kg,Spoiled
2025-07-13,Olive & Ember Airport,Lemons,1,kg,Expired
2025-07-13,Olive & Ember Airport,Basil,0.06,kg,Spoiled
2025-07-13,Olive & Ember Airport,Garlic,0.1,kg,Over-prepared
2025-07-13,Olive & Ember Airport,Pizza flour,0.37,kg,Expired
2025-07-13,Olive & Ember Airport,Pasta,0.08,kg,Dropped/damaged
2025-07-13,Olive & Ember Airport,Olive oil,0.07,l,Dropped/damaged
2025-07-13,Olive & Ember Airport,Burger buns,1,each,Expired
2025-07-13,Olive & Ember Airport,Sugar,0.07,kg,Spoiled
2025-07-13,Olive & Ember Airport,Coffee beans,0.06,kg,Expired
2025-07-13,Olive & Ember Airport,Lemonade syrup,0.07,l,Dropped/damaged
2025-07-20,Olive & Ember Airport,Beef mince,1.24,kg,Expired
2025-07-20,Olive & Ember Airport,Ribeye steak,0.2,kg,Expired
2025-07-20,Olive & Ember Airport,Chicken breast,0.36,kg,Over-prepared
2025-07-20,Olive & Ember Airport,Pork sausage,0.42,kg,Over-prepared
2025-07-20,Olive & Ember Airport,Lamb shoulder,0.16,kg,Expired
2025-07-20,Olive & Ember Airport,Salmon fillet,0.55,kg,Over-prepared
2025-07-20,Olive & Ember Airport,Prawns,0.48,kg,Expired
2025-07-20,Olive & Ember Airport,Calamari,0.41,kg,Over-prepared
2025-07-20,Olive & Ember Airport,Mozzarella,1.85,kg,Expired
2025-07-20,Olive & Ember Airport,Parmesan,0.14,kg,Expired
2025-07-20,Olive & Ember Airport,Butter,0.39,kg,Spoiled
2025-07-20,Olive & Ember Airport,Cream,0.14,l,Expired
2025-07-20,Olive & Ember Airport,Milk,2.15,l,Expired
2025-07-20,Olive & Ember Airport,Eggs,11,each,Dropped/damaged
2025-07-20,Olive & Ember Airport,Mascarpone,0.26,kg,Spoiled
2025-07-20,Olive & Ember Airport,Tomatoes,2.99,kg,Expired
2025-07-20,Olive & Ember Airport,Lettuce,1.76,kg,Expired
2025-07-20,Olive & Ember Airport,Onions,0.46,kg,Spoiled
2025-07-20,Olive & Ember Airport,Potatoes,8.16,kg,Expired
2025-07-20,Olive & Ember Airport,Mushrooms,0.91,kg,Expired
2025-07-20,Olive & Ember Airport,Lemons,0.81,kg,Spoiled
2025-07-20,Olive & Ember Airport,Basil,0.06,kg,Spoiled
2025-07-20,Olive & Ember Airport,Garlic,0.12,kg,Expired
2025-07-20,Olive & Ember Airport,Pizza flour,0.33,kg,Spoiled
2025-07-20,Olive & Ember Airport,Pasta,0.06,kg,Spoiled
2025-07-20,Olive & Ember Airport,Olive oil,0.08,l,Dropped/damaged
2025-07-20,Olive & Ember Airport,Burger buns,1,each,Spoiled
2025-07-20,Olive & Ember Airport,Sugar,0.07,kg,Expired
2025-07-20,Olive & Ember Airport,Coffee beans,0.05,kg,Expired
2025-07-20,Olive & Ember Airport,Lemonade syrup,0.07,l,Expired
2025-07-27,Olive & Ember Airport,Beef mince,1.37,kg,Expired
2025-07-27,Olive & Ember Airport,Ribeye steak,0.17,kg,Expired
2025-07-27,Olive & Ember Airport,Chicken breast,0.28,kg,Expired
2025-07-27,Olive & Ember Airport,Pork sausage,0.39,kg,Expired
2025-07-27,Olive & Ember Airport,Lamb shoulder,0.17,kg,Expired
2025-07-27,Olive & Ember Airport,Salmon fillet,0.41,kg,Over-prepared
2025-07-27,Olive & Ember Airport,Prawns,0.41,kg,Dropped/damaged
2025-07-27,Olive & Ember Airport,Calamari,0.49,kg,Expired
2025-07-27,Olive & Ember Airport,Mozzarella,2.15,kg,Spoiled
2025-07-27,Olive & Ember Airport,Parmesan,0.13,kg,Spoiled
2025-07-27,Olive & Ember Airport,Butter,0.38,kg,Expired
2025-07-27,Olive & Ember Airport,Cream,0.13,l,Expired
2025-07-27,Olive & Ember Airport,Milk,2.22,l,Expired
2025-07-27,Olive & Ember Airport,Eggs,12,each,Expired
2025-07-27,Olive & Ember Airport,Mascarpone,0.24,kg,Spoiled
2025-07-27,Olive & Ember Airport,Tomatoes,3.38,kg,Over-prepared
2025-07-27,Olive & Ember Airport,Lettuce,1.66,kg,Expired
2025-07-27,Olive & Ember Airport,Onions,0.44,kg,Expired
2025-07-27,Olive & Ember Airport,Potatoes,8.52,kg,Expired
2025-07-27,Olive & Ember Airport,Mushrooms,0.99,kg,Spoiled
2025-07-27,Olive & Ember Airport,Lemons,0.72,kg,Expired
2025-07-27,Olive & Ember Airport,Basil,0.05,kg,Spoiled
2025-07-27,Olive & Ember Airport,Garlic,0.11,kg,Expired
2025-07-27,Olive & Ember Airport,Pizza flour,0.45,kg,Expired
2025-07-27,Olive & Ember Airport,Pasta,0.06,kg,Spoiled
2025-07-27,Olive & Ember Airport,Olive oil,0.07,l,Spoiled
2025-07-27,Olive & Ember Airport,Burger buns,1,each,Expired
2025-07-27,Olive & Ember Airport,Sugar,0.06,kg,Expired
2025-07-27,Olive & Ember Airport,Coffee beans,0.05,kg,Expired
2025-07-27,Olive & Ember Airport,Lemonade syrup,0.07,l,Spoiled
2025-08-03,Olive & Ember Airport,Beef mince,0.99,kg,Over-prepared
2025-08-03,Olive & Ember Airport,Ribeye steak,0.2,kg,Dropped/damaged
2025-08-03,Olive & Ember Airport,Chicken breast,0.33,kg,Expired
2025-08-03,Olive & Ember Airport,Pork sausage,0.44,kg,Expired
2025-08-03,Olive & Ember Airport,Lamb shoulder,0.17,kg,Over-prepared
2025-08-03,Olive & Ember Airport,Salmon fillet,0.49,kg,Expired
2025-08-03,Olive & Ember Airport,Prawns,0.61,kg,Over-prepared
2025-08-03,Olive & Ember Airport,Calamari,0.54,kg,Over-prepared
2025-08-03,Olive & Ember Airport,Mozzarella,1.91,kg,Dropped/damaged
2025-08-03,Olive & Ember Airport,Parmesan,0.11,kg,Expired
2025-08-03,Olive & Ember Airport,Butter,0.41,kg,Expired
2025-08-03,Olive & Ember Airport,Cream,0.1,l,Dropped/damaged
2025-08-03,Olive & Ember Airport,Milk,2.13,l,Expired
2025-08-03,Olive & Ember Airport,Eggs,11,each,Expired
2025-08-03,Olive & Ember Airport,Mascarpone,0.26,kg,Spoiled
2025-08-03,Olive & Ember Airport,Tomatoes,3.61,kg,Expired
2025-08-03,Olive & Ember Airport,Lettuce,1.23,kg,Over-prepared
2025-08-03,Olive & Ember Airport,Onions,0.38,kg,Over-prepared
2025-08-03,Olive & Ember Airport,Potatoes,7.93,kg,Spoiled
2025-08-03,Olive & Ember Airport,Mushrooms,0.65,kg,Over-prepared
2025-08-03,Olive & Ember Airport,Lemons,0.93,kg,Over-prepared
2025-08-03,Olive & Ember Airport,Basil,0.05,kg,Spoiled
2025-08-03,Olive & Ember Airport,Garlic,0.14,kg,Spoiled
2025-08-03,Olive & Ember Airport,Pizza flour,0.41,kg,Expired
2025-08-03,Olive & Ember Airport,Pasta,0.09,kg,Spoiled
2025-08-03,Olive & Ember Airport,Olive oil,0.08,l,Dropped/damaged
2025-08-03,Olive & Ember Airport,Burger buns,1,each,Expired
2025-08-03,Olive & Ember Airport,Sugar,0.08,kg,Spoiled
2025-08-03,Olive & Ember Airport,Coffee beans,0.06,kg,Expired
2025-08-03,Olive & Ember Airport,Lemonade syrup,0.08,l,Dropped/damaged
2025-08-10,Olive & Ember Airport,Beef mince,1.31,kg,Dropped/damaged
2025-08-10,Olive & Ember Airport,Ribeye steak,0.14,kg,Dropped/damaged
2025-08-10,Olive & Ember Airport,Chicken breast,0.33,kg,Expired
2025-08-10,Olive & Ember Airport,Pork sausage,0.36,kg,Over-prepared
2025-08-10,Olive & Ember Airport,Lamb shoulder,0.11,kg,Expired
2025-08-10,Olive & Ember Airport,Salmon fillet,0.42,kg,Over-prepared
2025-08-10,Olive & Ember Airport,Prawns,0.52,kg,Over-prepared
2025-08-10,Olive & Ember Airport,Calamari,0.56,kg,Expired
2025-08-10,Olive & Ember Airport,Mozzarella,1.69,kg,Expired
2025-08-10,Olive & Ember Airport,Parmesan,0.11,kg,Spoiled
2025-08-10,Olive & Ember Airport,Butter,0.26,kg,Spoiled
2025-08-10,Olive & Ember Airport,Cream,0.11,l,Expired
2025-08-10,Olive & Ember Airport,Milk,1.86,l,Dropped/damaged
2025-08-10,Olive & Ember Airport,Eggs,10,each,Expired
2025-08-10,Olive & Ember Airport,Mascarpone,0.21,kg,Spoiled
2025-08-10,Olive & Ember Airport,Tomatoes,3.02,kg,Over-prepared
2025-08-10,Olive & Ember Airport,Lettuce,1.42,kg,Expired
2025-08-10,Olive & Ember Airport,Onions,0.35,kg,Over-prepared
2025-08-10,Olive & Ember Airport,Potatoes,7.89,kg,Over-prepared
2025-08-10,Olive & Ember Airport,Mushrooms,0.77,kg,Expired
2025-08-10,Olive & Ember Airport,Lemons,0.97,kg,Over-prepared
2025-08-10,Olive & Ember Airport,Basil,0.06,kg,Over-prepared
2025-08-10,Olive & Ember Airport,Garlic,0.1,kg,Spoiled
2025-08-10,Olive & Ember Airport,Pizza flour,0.4,kg,Expired
2025-08-10,Olive & Ember Airport,Pasta,0.06,kg,Spoiled
2025-08-10,Olive & Ember Airport,Olive oil,0.07,l,Dropped/damaged
2025-08-10,Olive & Ember Airport,Burger buns,1,each,Expired
2025-08-10,Olive & Ember Airport,Sugar,0.07,kg,Expired
2025-08-10,Olive & Ember Airport,Coffee beans,0.06,kg,Expired
2025-08-10,Olive & Ember Airport,Lemonade syrup,0.07,l,Dropped/damaged
2025-08-17,Olive & Ember Airport,Beef mince,1.15,kg,Over-prepared
2025-08-17,Olive & Ember Airport,Ribeye steak,0.26,kg,Over-prepared
2025-08-17,Olive & Ember Airport,Chicken breast,0.38,kg,Expired
2025-08-17,Olive & Ember Airport,Pork sausage,0.45,kg,Expired
2025-08-17,Olive & Ember Airport,Lamb shoulder,0.15,kg,Dropped/damaged
2025-08-17,Olive & Ember Airport,Salmon fillet,0.33,kg,Expired
2025-08-17,Olive & Ember Airport,Prawns,0.47,kg,Expired
2025-08-17,Olive & Ember Airport,Calamari,0.48,kg,Over-prepared
2025-08-17,Olive & Ember Airport,Mozzarella,1.45,kg,Expired
2025-08-17,Olive & Ember Airport,Parmesan,0.13,kg,Dropped/damaged
2025-08-17,Olive & Ember Airport,Butter,0.4,kg,Spoiled
2025-08-17,Olive & Ember Airport,Cream,0.11,l,Dropped/damaged
2025-08-17,Olive & Ember Airport,Milk,2.25,l,Expired
2025-08-17,Olive & Ember Airport,Eggs,11,each,Spoiled
2025-08-17,Olive & Ember Airport,Mascarpone,0.19,kg,Expired
2025-08-17,Olive & Ember Airport,Tomatoes,2.98,kg,Spoiled
2025-08-17,Olive & Ember Airport,Lettuce,1.64,kg,Spoiled
2025-08-17,Olive & Ember Airport,Onions,0.45,kg,Spoiled
2025-08-17,Olive & Ember Airport,Potatoes,7.13,kg,Over-prepared
2025-08-17,Olive & Ember Airport,Mushrooms,1,kg,Spoiled
2025-08-17,Olive & Ember Airport,Lemons,0.79,kg,Spoiled
2025-08-17,Olive & Ember Airport,Garlic,0.12,kg,Over-prepared
2025-08-17,Olive & Ember Airport,Pizza flour,0.32,kg,Dropped/damaged
2025-08-17,Olive & Ember Airport,Pasta,0.06,kg,Expired
2025-08-17,Olive & Ember Airport,Olive oil,0.07,l,Spoiled
2025-08-17,Olive & Ember Airport,Burger buns,1,each,Expired
2025-08-17,Olive & Ember Airport,Sugar,0.07,kg,Expired
2025-08-17,Olive & Ember Airport,Coffee beans,0.06,kg,Spoiled
2025-08-17,Olive & Ember Airport,Lemonade syrup,0.07,l,Expired
2025-08-24,Olive & Ember Airport,Beef mince,1.05,kg,Expired
2025-08-24,Olive & Ember Airport,Ribeye steak,0.14,kg,Expired
2025-08-24,Olive & Ember Airport,Chicken breast,0.39,kg,Dropped/damaged
2025-08-24,Olive & Ember Airport,Pork sausage,0.34,kg,Expired
2025-08-24,Olive & Ember Airport,Lamb shoulder,0.14,kg,Over-prepared
2025-08-24,Olive & Ember Airport,Salmon fillet,0.45,kg,Dropped/damaged
2025-08-24,Olive & Ember Airport,Prawns,0.59,kg,Expired
2025-08-24,Olive & Ember Airport,Calamari,0.4,kg,Over-prepared
2025-08-24,Olive & Ember Airport,Mozzarella,2.04,kg,Expired
2025-08-24,Olive & Ember Airport,Parmesan,0.12,kg,Expired
2025-08-24,Olive & Ember Airport,Butter,0.32,kg,Expired
2025-08-24,Olive & Ember Airport,Cream,0.11,l,Expired
2025-08-24,Olive & Ember Airport,Milk,1.93,l,Expired
2025-08-24,Olive & Ember Airport,Eggs,11,each,Expired
2025-08-24,Olive & Ember Airport,Mascarpone,0.24,kg,Expired
2025-08-24,Olive & Ember Airport,Tomatoes,3.78,kg,Expired
2025-08-24,Olive & Ember Airport,Lettuce,1.37,kg,Over-prepared
2025-08-24,Olive & Ember Airport,Onions,0.34,kg,Spoiled
2025-08-24,Olive & Ember Airport,Potatoes,6.49,kg,Expired
2025-08-24,Olive & Ember Airport,Mushrooms,0.7,kg,Spoiled
2025-08-24,Olive & Ember Airport,Lemons,0.82,kg,Expired
2025-08-24,Olive & Ember Airport,Basil,0.06,kg,Spoiled
2025-08-24,Olive & Ember Airport,Garlic,0.12,kg,Over-prepared
2025-08-24,Olive & Ember Airport,Pizza flour,0.43,kg,Spoiled
2025-08-24,Olive & Ember Airport,Pasta,0.05,kg,Expired
2025-08-24,Olive & Ember Airport,Olive oil,0.06,l,Expired
2025-08-24,Olive & Ember Airport,Sugar,0.06,kg,Spoiled
2025-08-24,Olive & Ember Airport,Coffee beans,0.06,kg,Expired
2025-08-24,Olive & Ember Airport,Lemonade syrup,0.06,l,Spoiled
2025-08-31,Olive & Ember Airport,Beef mince,1.09,kg,Expired
2025-08-31,Olive & Ember Airport,Ribeye steak,0.21,kg,Over-prepared
2025-08-31,Olive & Ember Airport,Chicken breast,0.37,kg,Over-prepared
2025-08-31,Olive & Ember Airport,Pork sausage,0.44,kg,Over-prepared
2025-08-31,Olive & Ember Airport,Lamb shoulder,0.17,kg,Expired
2025-08-31,Olive & Ember Airport,Salmon fillet,0.45,kg,Expired
2025-08-31,Olive & Ember Airport,Prawns,0.51,kg,Over-prepared
2025-08-31,Olive & Ember Airport,Calamari,0.39,kg,Dropped/damaged
2025-08-31,Olive & Ember Airport,Mozzarella,1.86,kg,Expired
2025-08-31,Olive & Ember Airport,Parmesan,0.1,kg,Expired
2025-08-31,Olive & Ember Airport,Butter,0.36,kg,Spoiled
2025-08-31,Olive & Ember Airport,Cream,0.12,l,Dropped/damaged
2025-08-31,Olive & Ember Airport,Milk,1.98,l,Spoiled
2025-08-31,Olive & Ember Airport,Eggs,12,each,Spoiled
2025-08-31,Olive & Ember Airport,Mascarpone,0.27,kg,Expired
2025-08-31,Olive & Ember Airport,Tomatoes,3.33,kg,Over-prepared
2025-08-31,Olive & Ember Airport,Lettuce,1.33,kg,Over-prepared
2025-08-31,Olive & Ember Airport,Onions,0.46,kg,Spoiled
2025-08-31,Olive & Ember Airport,Potatoes,6.78,kg,Spoiled
2025-08-31,Olive & Ember Airport,Mushrooms,0.73,kg,Expired
2025-08-31,Olive & Ember Airport,Lemons,0.75,kg,Spoiled
2025-08-31,Olive & Ember Airport,Basil,0.06,kg,Spoiled
2025-08-31,Olive & Ember Airport,Garlic,0.11,kg,Spoiled
2025-08-31,Olive & Ember Airport,Pizza flour,0.4,kg,Expired
2025-08-31,Olive & Ember Airport,Pasta,0.06,kg,Expired
2025-08-31,Olive & Ember Airport,Olive oil,0.06,l,Expired
2025-08-31,Olive & Ember Airport,Burger buns,1,each,Dropped/damaged
2025-08-31,Olive & Ember Airport,Sugar,0.07,kg,Expired
2025-08-31,Olive & Ember Airport,Coffee beans,0.06,kg,Expired
2025-08-31,Olive & Ember Airport,Lemonade syrup,0.08,l,Spoiled
2025-09-07,Olive & Ember Airport,Beef mince,0.78,kg,Expired
2025-09-07,Olive & Ember Airport,Ribeye steak,0.18,kg,Expired
2025-09-07,Olive & Ember Airport,Chicken breast,0.32,kg,Expired
2025-09-07,Olive & Ember Airport,Pork sausage,0.24,kg,Dropped/damaged
2025-09-07,Olive & Ember Airport,Lamb shoulder,0.09,kg,Expired
2025-09-07,Olive & Ember Airport,Salmon fillet,0.47,kg,Expired
2025-09-07,Olive & Ember Airport,Prawns,0.39,kg,Expired
2025-09-07,Olive & Ember Airport,Calamari,0.56,kg,Over-prepared
2025-09-07,Olive & Ember Airport,Mozzarella,1.24,kg,Expired
2025-09-07,Olive & Ember Airport,Parmesan,0.1,kg,Dropped/damaged
2025-09-07,Olive & Ember Airport,Butter,0.31,kg,Dropped/damaged
2025-09-07,Olive & Ember Airport,Cream,0.09,l,Spoiled
2025-09-07,Olive & Ember Airport,Milk,1.68,l,Expired
2025-09-07,Olive & Ember Airport,Eggs,10,each,Expired
2025-09-07,Olive & Ember Airport,Mascarpone,0.2,kg,Expired
2025-09-07,Olive & Ember Airport,Tomatoes,2.71,kg,Spoiled
2025-09-07,Olive & Ember Airport,Lettuce,1.01,kg,Spoiled
2025-09-07,Olive & Ember Airport,Onions,0.31,kg,Over-prepared
2025-09-07,Olive & Ember Airport,Potatoes,5.89,kg,Over-prepared
2025-09-07,Olive & Ember Airport,Mushrooms,0.74,kg,Spoiled
2025-09-07,Olive & Ember Airport,Lemons,0.66,kg,Over-prepared
2025-09-07,Olive & Ember Airport,Garlic,0.1,kg,Over-prepared
2025-09-07,Olive & Ember Airport,Pizza flour,0.34,kg,Dropped/damaged
2025-09-07,Olive & Ember Airport,Olive oil,0.05,l,Expired
2025-09-07,Olive & Ember Airport,Sugar,0.06,kg,Expired
2025-09-07,Olive & Ember Airport,Lemonade syrup,0.06,l,Expired
2025-09-14,Olive & Ember Airport,Beef mince,0.92,kg,Expired
2025-09-14,Olive & Ember Airport,Ribeye steak,0.14,kg,Over-prepared
2025-09-14,Olive & Ember Airport,Chicken breast,0.27,kg,Over-prepared
2025-09-14,Olive & Ember Airport,Pork sausage,0.28,kg,Over-prepared
2025-09-14,Olive & Ember Airport,Lamb shoulder,0.1,kg,Expired
2025-09-14,Olive & Ember Airport,Salmon fillet,0.32,kg,Over-prepared
2025-09-14,Olive & Ember Airport,Prawns,0.41,kg,Dropped/damaged
2025-09-14,Olive & Ember Airport,Calamari,0.42,kg,Expired
2025-09-14,Olive & Ember Airport,Mozzarella,1.26,kg,Spoiled
2025-09-14,Olive & Ember Airport,Parmesan,0.09,kg,Expired
2025-09-14,Olive & Ember Airport,Butter,0.37,kg,Spoiled
2025-09-14,Olive & Ember Airport,Cream,0.1,l,Expired
2025-09-14,Olive & Ember Airport,Milk,1.88,l,Spoiled
2025-09-14,Olive & Ember Airport,Eggs,9,each,Expired
2025-09-14,Olive & Ember Airport,Mascarpone,0.22,kg,Expired
2025-09-14,Olive & Ember Airport,Tomatoes,2.05,kg,Expired
2025-09-14,Olive & Ember Airport,Lettuce,1.12,kg,Spoiled
2025-09-14,Olive & Ember Airport,Onions,0.35,kg,Spoiled
2025-09-14,Olive & Ember Airport,Potatoes,5.5,kg,Spoiled
2025-09-14,Olive & Ember Airport,Mushrooms,0.62,kg,Over-prepared
2025-09-14,Olive & Ember Airport,Lemons,0.77,kg,Spoiled
2025-09-14,Olive & Ember Airport,Garlic,0.07,kg,Over-prepared
2025-09-14,Olive & Ember Airport,Pizza flour,0.32,kg,Dropped/damaged
2025-09-14,Olive & Ember Airport,Sugar,0.06,kg,Expired
2025-09-14,Olive & Ember Airport,Lemonade syrup,0.06,l,Spoiled
2025-09-21,Olive & Ember Airport,Beef mince,1.03,kg,Expired
2025-09-21,Olive & Ember Airport,Ribeye steak,0.25,kg,Expired
2025-09-21,Olive & Ember Airport,Chicken breast,0.31,kg,Over-prepared
2025-09-21,Olive & Ember Airport,Pork sausage,0.3,kg,Expired
2025-09-21,Olive & Ember Airport,Lamb shoulder,0.14,kg,Expired
2025-09-21,Olive & Ember Airport,Salmon fillet,0.32,kg,Over-prepared
2025-09-21,Olive & Ember Airport,Prawns,0.41,kg,Over-prepared
2025-09-21,Olive & Ember Airport,Calamari,0.45,kg,Expired
2025-09-21,Olive & Ember Airport,Mozzarella,1.72,kg,Spoiled
2025-09-21,Olive & Ember Airport,Parmesan,0.1,kg,Spoiled
2025-09-21,Olive & Ember Airport,Butter,0.3,kg,Expired
2025-09-21,Olive & Ember Airport,Cream,0.11,l,Expired
2025-09-21,Olive & Ember Airport,Milk,1.65,l,Expired
2025-09-21,Olive & Ember Airport,Eggs,9,each,Expired
2025-09-21,Olive & Ember Airport,Mascarpone,0.18,kg,Expired
2025-09-21,Olive & Ember Airport,Tomatoes,3.19,kg,Spoiled
2025-09-21,Olive & Ember Airport,Lettuce,1.06,kg,Spoiled
2025-09-21,Olive & Ember Airport,Onions,0.35,kg,Over-prepared
2025-09-21,Olive & Ember Airport,Potatoes,7.15,kg,Expired
2025-09-21,Olive & Ember Airport,Mushrooms,0.9,kg,Spoiled
2025-09-21,Olive & Ember Airport,Lemons,0.74,kg,Spoiled
2025-09-21,Olive & Ember Airport,Garlic,0.1,kg,Over-prepared
2025-09-21,Olive & Ember Airport,Pizza flour,0.38,kg,Spoiled
2025-09-21,Olive & Ember Airport,Olive oil,0.06,l,Spoiled
2025-09-21,Olive & Ember Airport,Sugar,0.06,kg,Spoiled
2025-09-21,Olive & Ember Airport,Coffee beans,0.05,kg,Expired
2025-09-21,Olive & Ember Airport,Lemonade syrup,0.07,l,Dropped/damaged
2025-09-28,Olive & Ember Airport,Beef mince,0.98,kg,Expired
2025-09-28,Olive & Ember Airport,Ribeye steak,0.17,kg,Expired
2025-09-28,Olive & Ember Airport,Chicken breast,0.37,kg,Over-prepared
2025-09-28,Olive & Ember Airport,Pork sausage,0.31,kg,Dropped/damaged
2025-09-28,Olive & Ember Airport,Lamb shoulder,0.1,kg,Expired
2025-09-28,Olive & Ember Airport,Salmon fillet,0.46,kg,Dropped/damaged
2025-09-28,Olive & Ember Airport,Prawns,0.33,kg,Over-prepared
2025-09-28,Olive & Ember Airport,Calamari,0.33,kg,Over-prepared
2025-09-28,Olive & Ember Airport,Mozzarella,1.37,kg,Spoiled
2025-09-28,Olive & Ember Airport,Parmesan,0.12,kg,Expired
2025-09-28,Olive & Ember Airport,Butter,0.29,kg,Expired
2025-09-28,Olive & Ember Airport,Cream,0.09,l,Spoiled
2025-09-28,Olive & Ember Airport,Milk,1.82,l,Expired
2025-09-28,Olive & Ember Airport,Eggs,10,each,Expired
2025-09-28,Olive & Ember Airport,Mascarpone,0.23,kg,Expired
2025-09-28,Olive & Ember Airport,Tomatoes,2.25,kg,Spoiled
2025-09-28,Olive & Ember Airport,Lettuce,1.14,kg,Spoiled
2025-09-28,Olive & Ember Airport,Onions,0.33,kg,Over-prepared
2025-09-28,Olive & Ember Airport,Potatoes,6.93,kg,Over-prepared
2025-09-28,Olive & Ember Airport,Mushrooms,0.66,kg,Expired
2025-09-28,Olive & Ember Airport,Lemons,0.73,kg,Spoiled
2025-09-28,Olive & Ember Airport,Garlic,0.09,kg,Over-prepared
2025-09-28,Olive & Ember Airport,Pizza flour,0.27,kg,Expired
2025-09-28,Olive & Ember Airport,Sugar,0.06,kg,Dropped/damaged
2025-09-28,Olive & Ember Airport,Coffee beans,0.06,kg,Dropped/damaged
2025-09-28,Olive & Ember Airport,Lemonade syrup,0.07,l,Spoiled
2025-10-05,Olive & Ember Airport,Beef mince,0.98,kg,Expired
2025-10-05,Olive & Ember Airport,Ribeye steak,0.14,kg,Expired
2025-10-05,Olive & Ember Airport,Chicken breast,0.38,kg,Over-prepared
2025-10-05,Olive & Ember Airport,Pork sausage,0.31,kg,Over-prepared
2025-10-05,Olive & Ember Airport,Lamb shoulder,0.15,kg,Expired
2025-10-05,Olive & Ember Airport,Salmon fillet,0.33,kg,Expired
2025-10-05,Olive & Ember Airport,Prawns,0.43,kg,Over-prepared
2025-10-05,Olive & Ember Airport,Calamari,0.39,kg,Dropped/damaged
2025-10-05,Olive & Ember Airport,Mozzarella,1.53,kg,Dropped/damaged
2025-10-05,Olive & Ember Airport,Parmesan,0.12,kg,Expired
2025-10-05,Olive & Ember Airport,Butter,0.32,kg,Spoiled
2025-10-05,Olive & Ember Airport,Cream,0.1,l,Expired
2025-10-05,Olive & Ember Airport,Milk,1.77,l,Spoiled
2025-10-05,Olive & Ember Airport,Eggs,10,each,Dropped/damaged
2025-10-05,Olive & Ember Airport,Mascarpone,0.21,kg,Expired
2025-10-05,Olive & Ember Airport,Tomatoes,2.66,kg,Spoiled
2025-10-05,Olive & Ember Airport,Lettuce,1.47,kg,Spoiled
2025-10-05,Olive & Ember Airport,Onions,0.33,kg,Expired
2025-10-05,Olive & Ember Airport,Potatoes,6.97,kg,Spoiled
2025-10-05,Olive & Ember Airport,Mushrooms,0.63,kg,Expired
2025-10-05,Olive & Ember Airport,Lemons,0.75,kg,Spoiled
2025-10-05,Olive & Ember Airport,Garlic,0.08,kg,Expired
2025-10-05,Olive & Ember Airport,Pizza flour,0.28,kg,Spoiled
2025-10-05,Olive & Ember Airport,Pasta,0.06,kg,Expired
2025-10-05,Olive & Ember Airport,Olive oil,0.06,l,Spoiled
2025-10-05,Olive & Ember Airport,Sugar,0.05,kg,Expired
2025-10-05,Olive & Ember Airport,Coffee beans,0.05,kg,Expired
2025-10-05,Olive & Ember Airport,Lemonade syrup,0.07,l,Expired
2025-10-12,Olive & Ember Airport,Beef mince,0.92,kg,Expired
2025-10-12,Olive & Ember Airport,Ribeye steak,0.15,kg,Expired
2025-10-12,Olive & Ember Airport,Chicken breast,0.3,kg,Expired
2025-10-12,Olive & Ember Airport,Pork sausage,0.3,kg,Over-prepared
2025-10-12,Olive & Ember Airport,Lamb shoulder,0.11,kg,Expired
2025-10-12,Olive & Ember Airport,Salmon fillet,0.44,kg,Expired
2025-10-12,Olive & Ember Airport,Prawns,0.34,kg,Over-prepared
2025-10-12,Olive & Ember Airport,Calamari,0.48,kg,Over-prepared
2025-10-12,Olive & Ember Airport,Mozzarella,1.28,kg,Dropped/damaged
2025-10-12,Olive & Ember Airport,Parmesan,0.11,kg,Expired
2025-10-12,Olive & Ember Airport,Butter,0.33,kg,Spoiled
2025-10-12,Olive & Ember Airport,Cream,0.09,l,Dropped/damaged
2025-10-12,Olive & Ember Airport,Milk,1.67,l,Expired
2025-10-12,Olive & Ember Airport,Eggs,10,each,Expired
2025-10-12,Olive & Ember Airport,Mascarpone,0.18,kg,Expired
2025-10-12,Olive & Ember Airport,Tomatoes,2.34,kg,Spoiled
2025-10-12,Olive & Ember Airport,Lettuce,1.32,kg,Over-prepared
2025-10-12,Olive & Ember Airport,Onions,0.35,kg,Spoiled
2025-10-12,Olive & Ember Airport,Potatoes,6.05,kg,Spoiled
2025-10-12,Olive & Ember Airport,Mushrooms,0.57,kg,Spoiled
2025-10-12,Olive & Ember Airport,Lemons,0.64,kg,Spoiled
2025-10-12,Olive & Ember Airport,Garlic,0.09,kg,Over-prepared
2025-10-12,Olive & Ember Airport,Pizza flour,0.31,kg,Spoiled
2025-10-12,Olive & Ember Airport,Olive oil,0.05,l,Expired
2025-10-12,Olive & Ember Airport,Sugar,0.05,kg,Expired
2025-10-12,Olive & Ember Airport,Lemonade syrup,0.06,l,Expired
2025-10-19,Olive & Ember Airport,Beef mince,1.04,kg,Expired
2025-10-19,Olive & Ember Airport,Ribeye steak,0.17,kg,Expired
2025-10-19,Olive & Ember Airport,Chicken breast,0.27,kg,Dropped/damaged
2025-10-19,Olive & Ember Airport,Pork sausage,0.31,kg,Expired
2025-10-19,Olive & Ember Airport,Lamb shoulder,0.13,kg,Dropped/damaged
2025-10-19,Olive & Ember Airport,Salmon fillet,0.45,kg,Expired
2025-10-19,Olive & Ember Airport,Prawns,0.43,kg,Over-prepared
2025-10-19,Olive & Ember Airport,Calamari,0.62,kg,Over-prepared
2025-10-19,Olive & Ember Airport,Mozzarella,1.35,kg,Expired
2025-10-19,Olive & Ember Airport,Parmesan,0.08,kg,Spoiled
2025-10-19,Olive & Ember Airport,Butter,0.31,kg,Spoiled
2025-10-19,Olive & Ember Airport,Cream,0.08,l,Expired
2025-10-19,Olive & Ember Airport,Milk,2.27,l,Dropped/damaged
2025-10-19,Olive & Ember Airport,Eggs,9,each,Dropped/damaged
2025-10-19,Olive & Ember Airport,Mascarpone,0.2,kg,Expired
2025-10-19,Olive & Ember Airport,Tomatoes,2.69,kg,Spoiled
2025-10-19,Olive & Ember Airport,Lettuce,1.05,kg,Expired
2025-10-19,Olive & Ember Airport,Onions,0.4,kg,Spoiled
2025-10-19,Olive & Ember Airport,Potatoes,6.3,kg,Spoiled
2025-10-19,Olive & Ember Airport,Mushrooms,0.69,kg,Spoiled
2025-10-19,Olive & Ember Airport,Lemons,0.88,kg,Spoiled
2025-10-19,Olive & Ember Airport,Basil,0.05,kg,Over-prepared
2025-10-19,Olive & Ember Airport,Garlic,0.1,kg,Over-prepared
2025-10-19,Olive & Ember Airport,Pizza flour,0.36,kg,Expired
2025-10-19,Olive & Ember Airport,Pasta,0.05,kg,Spoiled
2025-10-19,Olive & Ember Airport,Olive oil,0.05,l,Spoiled
2025-10-19,Olive & Ember Airport,Sugar,0.06,kg,Dropped/damaged
2025-10-19,Olive & Ember Airport,Lemonade syrup,0.07,l,Spoiled
2025-10-26,Olive & Ember Airport,Beef mince,0.72,kg,Expired
2025-10-26,Olive & Ember Airport,Ribeye steak,0.16,kg,Over-prepared
2025-10-26,Olive & Ember Airport,Chicken breast,0.31,kg,Expired
2025-10-26,Olive & Ember Airport,Pork sausage,0.39,kg,Over-prepared
2025-10-26,Olive & Ember Airport,Lamb shoulder,0.11,kg,Expired
2025-10-26,Olive & Ember Airport,Salmon fillet,0.4,kg,Dropped/damaged
2025-10-26,Olive & Ember Airport,Prawns,0.35,kg,Expired
2025-10-26,Olive & Ember Airport,Calamari,0.47,kg,Over-prepared
2025-10-26,Olive & Ember Airport,Mozzarella,1.48,kg,Expired
2025-10-26,Olive & Ember Airport,Parmesan,0.12,kg,Expired
2025-10-26,Olive & Ember Airport,Butter,0.32,kg,Expired
2025-10-26,Olive & Ember Airport,Cream,0.07,l,Expired
2025-10-26,Olive & Ember Airport,Milk,1.71,l,Dropped/damaged
2025-10-26,Olive & Ember Airport,Eggs,10,each,Expired
2025-10-26,Olive & Ember Airport,Mascarpone,0.2,kg,Spoiled
2025-10-26,Olive & Ember Airport,Tomatoes,2.78,kg,Spoiled
2025-10-26,Olive & Ember Airport,Lettuce,1.36,kg,Over-prepared
2025-10-26,Olive & Ember Airport,Onions,0.42,kg,Spoiled
2025-10-26,Olive & Ember Airport,Potatoes,6.27,kg,Spoiled
2025-10-26,Olive & Ember Airport,Mushrooms,0.7,kg,Over-prepared
2025-10-26,Olive & Ember Airport,Lemons,0.82,kg,Spoiled
2025-10-26,Olive & Ember Airport,Garlic,0.1,kg,Spoiled
2025-10-26,Olive & Ember Airport,Pizza flour,0.34,kg,Dropped/damaged
2025-10-26,Olive & Ember Airport,Pasta,0.05,kg,Expired
2025-10-26,Olive & Ember Airport,Olive oil,0.06,l,Expired
2025-10-26,Olive & Ember Airport,Sugar,0.07,kg,Expired
2025-10-26,Olive & Ember Airport,Lemonade syrup,0.06,l,Expired
2025-11-02,Olive & Ember Airport,Beef mince,0.84,kg,Expired
2025-11-02,Olive & Ember Airport,Ribeye steak,0.17,kg,Expired
2025-11-02,Olive & Ember Airport,Chicken breast,0.33,kg,Expired
2025-11-02,Olive & Ember Airport,Pork sausage,0.33,kg,Over-prepared
2025-11-02,Olive & Ember Airport,Lamb shoulder,0.11,kg,Over-prepared
2025-11-02,Olive & Ember Airport,Salmon fillet,0.31,kg,Over-prepared
2025-11-02,Olive & Ember Airport,Prawns,0.3,kg,Over-prepared
2025-11-02,Olive & Ember Airport,Calamari,0.38,kg,Dropped/damaged
2025-11-02,Olive & Ember Airport,Mozzarella,1.27,kg,Expired
2025-11-02,Olive & Ember Airport,Parmesan,0.11,kg,Dropped/damaged
2025-11-02,Olive & Ember Airport,Butter,0.29,kg,Expired
2025-11-02,Olive & Ember Airport,Cream,0.09,l,Spoiled
2025-11-02,Olive & Ember Airport,Milk,1.69,l,Spoiled
2025-11-02,Olive & Ember Airport,Eggs,8,each,Spoiled
2025-11-02,Olive & Ember Airport,Mascarpone,0.18,kg,Dropped/damaged
2025-11-02,Olive & Ember Airport,Tomatoes,2.68,kg,Expired
2025-11-02,Olive & Ember Airport,Lettuce,1.14,kg,Spoiled
2025-11-02,Olive & Ember Airport,Onions,0.31,kg,Spoiled
2025-11-02,Olive & Ember Airport,Potatoes,6.7,kg,Over-prepared
2025-11-02,Olive & Ember Airport,Mushrooms,0.69,kg,Spoiled
2025-11-02,Olive & Ember Airport,Lemons,0.63,kg,Spoiled
2025-11-02,Olive & Ember Airport,Garlic,0.08,kg,Spoiled
2025-11-02,Olive & Ember Airport,Pizza flour,0.3,kg,Spoiled
2025-11-02,Olive & Ember Airport,Coffee beans,0.05,kg,Spoiled
2025-11-09,Olive & Ember Airport,Beef mince,0.95,kg,Dropped/damaged
2025-11-09,Olive & Ember Airport,Ribeye steak,0.16,kg,Expired
2025-11-09,Olive & Ember Airport,Chicken breast,0.3,kg,Over-prepared
2025-11-09,Olive & Ember Airport,Pork sausage,0.32,kg,Over-prepared
2025-11-09,Olive & Ember Airport,Lamb shoulder,0.15,kg,Expired
2025-11-09,Olive & Ember Airport,Salmon fillet,0.33,kg,Expired
2025-11-09,Olive & Ember Airport,Prawns,0.47,kg,Over-prepared
2025-11-09,Olive & Ember Airport,Calamari,0.33,kg,Dropped/damaged
2025-11-09,Olive & Ember Airport,Mozzarella,1.32,kg,Expired
2025-11-09,Olive & Ember Airport,Parmesan,0.13,kg,Expired
2025-11-09,Olive & Ember Airport,Butter,0.3,kg,Expired
2025-11-09,Olive & Ember Airport,Cream,0.07,l,Spoiled
2025-11-09,Olive & Ember Airport,Milk,1.8,l,Expired
2025-11-09,Olive & Ember Airport,Eggs,7,each,Spoiled
2025-11-09,Olive & Ember Airport,Mascarpone,0.21,kg,Expired
2025-11-09,Olive & Ember Airport,Tomatoes,2.64,kg,Over-prepared
2025-11-09,Olive & Ember Airport,Lettuce,1.2,kg,Expired
2025-11-09,Olive & Ember Airport,Onions,0.43,kg,Spoiled
2025-11-09,Olive & Ember Airport,Potatoes,6.42,kg,Expired
2025-11-09,Olive & Ember Airport,Mushrooms,0.84,kg,Spoiled
2025-11-09,Olive & Ember Airport,Lemons,0.65,kg,Expired
2025-11-09,Olive & Ember Airport,Basil,0.05,kg,Spoiled
2025-11-09,Olive & Ember Airport,Garlic,0.1,kg,Spoiled
2025-11-09,Olive & Ember Airport,Pizza flour,0.35,kg,Expired
2025-11-09,Olive & Ember Airport,Pasta,0.06,kg,Expired
2025-11-09,Olive & Ember Airport,Olive oil,0.05,l,Spoiled
2025-11-09,Olive & Ember Airport,Sugar,0.05,kg,Expired
2025-11-09,Olive & Ember Airport,Lemonade syrup,0.06,l,Dropped/damaged
2025-11-16,Olive & Ember Airport,Beef mince,0.72,kg,Over-prepared
2025-11-16,Olive & Ember Airport,Ribeye steak,0.16,kg,Expired
2025-11-16,Olive & Ember Airport,Chicken breast,0.22,kg,Over-prepared
2025-11-16,Olive & Ember Airport,Pork sausage,0.37,kg,Over-prepared
2025-11-16,Olive & Ember Airport,Lamb shoulder,0.15,kg,Over-prepared
2025-11-16,Olive & Ember Airport,Salmon fillet,0.29,kg,Expired
2025-11-16,Olive & Ember Airport,Prawns,0.38,kg,Expired
2025-11-16,Olive & Ember Airport,Calamari,0.52,kg,Over-prepared
2025-11-16,Olive & Ember Airport,Mozzarella,1.05,kg,Expired
2025-11-16,Olive & Ember Airport,Parmesan,0.1,kg,Dropped/damaged
2025-11-16,Olive & Ember Airport,Butter,0.28,kg,Spoiled
2025-11-16,Olive & Ember Airport,Cream,0.08,l,Spoiled
2025-11-16,Olive & Ember Airport,Milk,1.36,l,Expired
2025-11-16,Olive & Ember Airport,Eggs,7,each,Expired
2025-11-16,Olive & Ember Airport,Mascarpone,0.17,kg,Expired
2025-11-16,Olive & Ember Airport,Tomatoes,2.24,kg,Spoiled
2025-11-16,Olive & Ember Airport,Lettuce,0.85,kg,Over-prepared
2025-11-16,Olive & Ember Airport,Onions,0.42,kg,Over-prepared
2025-11-16,Olive & Ember Airport,Potatoes,5.7,kg,Spoiled
2025-11-16,Olive & Ember Airport,Mushrooms,0.6,kg,Spoiled
2025-11-16,Olive & Ember Airport,Lemons,0.56,kg,Expired
2025-11-16,Olive & Ember Airport,Garlic,0.1,kg,Spoiled
2025-11-16,Olive & Ember Airport,Pizza flour,0.25,kg,Expired
2025-11-16,Olive & Ember Airport,Pasta,0.05,kg,Expired
2025-11-16,Olive & Ember Airport,Lemonade syrup,0.05,l,Expired
2025-11-23,Olive & Ember Airport,Beef mince,0.91,kg,Over-prepared
2025-11-23,Olive & Ember Airport,Ribeye steak,0.15,kg,Expired
2025-11-23,Olive & Ember Airport,Chicken breast,0.32,kg,Dropped/damaged
2025-11-23,Olive & Ember Airport,Pork sausage,0.28,kg,Over-prepared
2025-11-23,Olive & Ember Airport,Lamb shoulder,0.07,kg,Expired
2025-11-23,Olive & Ember Airport,Salmon fillet,0.32,kg,Over-prepared
2025-11-23,Olive & Ember Airport,Prawns,0.34,kg,Expired
2025-11-23,Olive & Ember Airport,Calamari,0.33,kg,Expired
2025-11-23,Olive & Ember Airport,Mozzarella,1.22,kg,Spoiled
2025-11-23,Olive & Ember Airport,Parmesan,0.11,kg,Spoiled
2025-11-23,Olive & Ember Airport,Butter,0.31,kg,Spoiled
2025-11-23,Olive & Ember Airport,Cream,0.09,l,Expired
2025-11-23,Olive & Ember Airport,Milk,1.74,l,Expired
2025-11-23,Olive & Ember Airport,Eggs,9,each,Expired
2025-11-23,Olive & Ember Airport,Mascarpone,0.19,kg,Expired
2025-11-23,Olive & Ember Airport,Tomatoes,2.59,kg,Expired
2025-11-23,Olive & Ember Airport,Lettuce,1.16,kg,Spoiled
2025-11-23,Olive & Ember Airport,Onions,0.37,kg,Over-prepared
2025-11-23,Olive & Ember Airport,Potatoes,6.6,kg,Expired
2025-11-23,Olive & Ember Airport,Mushrooms,0.56,kg,Spoiled
2025-11-23,Olive & Ember Airport,Lemons,0.77,kg,Over-prepared
2025-11-23,Olive & Ember Airport,Garlic,0.09,kg,Spoiled
2025-11-23,Olive & Ember Airport,Pizza flour,0.33,kg,Expired
2025-11-23,Olive & Ember Airport,Sugar,0.06,kg,Spoiled
2025-11-23,Olive & Ember Airport,Lemonade syrup,0.06,l,Expired
2025-11-30,Olive & Ember Airport,Beef mince,0.96,kg,Dropped/damaged
2025-11-30,Olive & Ember Airport,Ribeye steak,0.11,kg,Over-prepared
2025-11-30,Olive & Ember Airport,Chicken breast,0.36,kg,Over-prepared
2025-11-30,Olive & Ember Airport,Pork sausage,0.34,kg,Over-prepared
2025-11-30,Olive & Ember Airport,Lamb shoulder,0.09,kg,Expired
2025-11-30,Olive & Ember Airport,Salmon fillet,0.39,kg,Over-prepared
2025-11-30,Olive & Ember Airport,Prawns,0.54,kg,Over-prepared
2025-11-30,Olive & Ember Airport,Calamari,0.41,kg,Expired
2025-11-30,Olive & Ember Airport,Mozzarella,1.4,kg,Spoiled
2025-11-30,Olive & Ember Airport,Parmesan,0.09,kg,Spoiled
2025-11-30,Olive & Ember Airport,Butter,0.33,kg,Spoiled
2025-11-30,Olive & Ember Airport,Cream,0.07,l,Dropped/damaged
2025-11-30,Olive & Ember Airport,Milk,2.24,l,Expired
2025-11-30,Olive & Ember Airport,Eggs,9,each,Dropped/damaged
2025-11-30,Olive & Ember Airport,Mascarpone,0.21,kg,Expired
2025-11-30,Olive & Ember Airport,Tomatoes,2.42,kg,Over-prepared
2025-11-30,Olive & Ember Airport,Lettuce,1,kg,Expired
2025-11-30,Olive & Ember Airport,Onions,0.34,kg,Over-prepared
2025-11-30,Olive & Ember Airport,Potatoes,6.2,kg,Spoiled
2025-11-30,Olive & Ember Airport,Mushrooms,0.7,kg,Spoiled
2025-11-30,Olive & Ember Airport,Lemons,0.8,kg,Over-prepared
2025-11-30,Olive & Ember Airport,Garlic,0.09,kg,Spoiled
2025-11-30,Olive & Ember Airport,Pizza flour,0.34,kg,Expired
2025-11-30,Olive & Ember Airport,Pasta,0.05,kg,Expired
2025-11-30,Olive & Ember Airport,Burger buns,1,each,Spoiled
2025-11-30,Olive & Ember Airport,Sugar,0.06,kg,Spoiled
2025-11-30,Olive & Ember Airport,Coffee beans,0.05,kg,Spoiled
2025-11-30,Olive & Ember Airport,Lemonade syrup,0.06,l,Spoiled
2025-12-07,Olive & Ember Airport,Beef mince,1.07,kg,Expired
2025-12-07,Olive & Ember Airport,Ribeye steak,0.12,kg,Dropped/damaged
2025-12-07,Olive & Ember Airport,Chicken breast,0.35,kg,Over-prepared
2025-12-07,Olive & Ember Airport,Pork sausage,0.36,kg,Over-prepared
2025-12-07,Olive & Ember Airport,Lamb shoulder,0.11,kg,Expired
2025-12-07,Olive & Ember Airport,Salmon fillet,0.28,kg,Expired
2025-12-07,Olive & Ember Airport,Prawns,0.49,kg,Expired
2025-12-07,Olive & Ember Airport,Calamari,0.36,kg,Expired
2025-12-07,Olive & Ember Airport,Mozzarella,1.53,kg,Expired
2025-12-07,Olive & Ember Airport,Parmesan,0.12,kg,Expired
2025-12-07,Olive & Ember Airport,Butter,0.36,kg,Expired
2025-12-07,Olive & Ember Airport,Cream,0.1,l,Spoiled
2025-12-07,Olive & Ember Airport,Milk,1.99,l,Dropped/damaged
2025-12-07,Olive & Ember Airport,Eggs,10,each,Expired
2025-12-07,Olive & Ember Airport,Mascarpone,0.14,kg,Expired
2025-12-07,Olive & Ember Airport,Tomatoes,2.68,kg,Over-prepared
2025-12-07,Olive & Ember Airport,Lettuce,1.18,kg,Spoiled
2025-12-07,Olive & Ember Airport,Onions,0.37,kg,Over-prepared
2025-12-07,Olive & Ember Airport,Potatoes,7.08,kg,Spoiled
2025-12-07,Olive & Ember Airport,Mushrooms,0.65,kg,Over-prepared
2025-12-07,Olive & Ember Airport,Lemons,0.7,kg,Spoiled
2025-12-07,Olive & Ember Airport,Garlic,0.1,kg,Spoiled
2025-12-07,Olive & Ember Airport,Pizza flour,0.36,kg,Expired
2025-12-07,Olive & Ember Airport,Olive oil,0.05,l,Spoiled
2025-12-07,Olive & Ember Airport,Coffee beans,0.05,kg,Dropped/damaged
2025-12-07,Olive & Ember Airport,Lemonade syrup,0.06,l,Expired
2025-12-14,Olive & Ember Airport,Beef mince,1.06,kg,Expired
2025-12-14,Olive & Ember Airport,Ribeye steak,0.17,kg,Expired
2025-12-14,Olive & Ember Airport,Chicken breast,0.31,kg,Dropped/damaged
2025-12-14,Olive & Ember Airport,Pork sausage,0.24,kg,Over-prepared
2025-12-14,Olive & Ember Airport,Lamb shoulder,0.14,kg,Over-prepared
2025-12-14,Olive & Ember Airport,Salmon fillet,0.44,kg,Over-prepared
2025-12-14,Olive & Ember Airport,Prawns,0.46,kg,Expired
2025-12-14,Olive & Ember Airport,Calamari,0.45,kg,Expired
2025-12-14,Olive & Ember Airport,Mozzarella,1.47,kg,Spoiled
2025-12-14,Olive & Ember Airport,Parmesan,0.1,kg,Expired
2025-12-14,Olive & Ember Airport,Butter,0.32,kg,Spoiled
2025-12-14,Olive & Ember Airport,Cream,0.09,l,Spoiled
2025-12-14,Olive & Ember Airport,Milk,1.89,l,Spoiled
2025-12-14,Olive & Ember Airport,Eggs,9,each,Spoiled
2025-12-14,Olive & Ember Airport,Mascarpone,0.22,kg,Spoiled
2025-12-14,Olive & Ember Airport,Tomatoes,2.47,kg,Over-prepared
2025-12-14,Olive & Ember Airport,Lettuce,1.12,kg,Spoiled
2025-12-14,Olive & Ember Airport,Onions,0.37,kg,Spoiled
2025-12-14,Olive & Ember Airport,Potatoes,7.28,kg,Over-prepared
2025-12-14,Olive & Ember Airport,Mushrooms,0.64,kg,Over-prepared
2025-12-14,Olive & Ember Airport,Lemons,0.71,kg,Over-prepared
2025-12-14,Olive & Ember Airport,Basil,0.05,kg,Spoiled
2025-12-14,Olive & Ember Airport,Garlic,0.11,kg,Spoiled
2025-12-14,Olive & Ember Airport,Pizza flour,0.37,kg,Expired
2025-12-14,Olive & Ember Airport,Pasta,0.06,kg,Expired
2025-12-14,Olive & Ember Airport,Olive oil,0.06,l,Expired
2025-12-14,Olive & Ember Airport,Burger buns,1,each,Expired
2025-12-14,Olive & Ember Airport,Sugar,0.05,kg,Expired
2025-12-14,Olive & Ember Airport,Coffee beans,0.06,kg,Expired
2025-12-14,Olive & Ember Airport,Lemonade syrup,0.07,l,Expired
2025-12-21,Olive & Ember Airport,Beef mince,1.18,kg,Over-prepared
2025-12-21,Olive & Ember Airport,Ribeye steak,0.19,kg,Dropped/damaged
2025-12-21,Olive & Ember Airport,Chicken breast,0.42,kg,Over-prepared
2025-12-21,Olive & Ember Airport,Pork sausage,0.3,kg,Expired
2025-12-21,Olive & Ember Airport,Lamb shoulder,0.17,kg,Expired
2025-12-21,Olive & Ember Airport,Salmon fillet,0.44,kg,Expired
2025-12-21,Olive & Ember Airport,Prawns,0.38,kg,Expired
2025-12-21,Olive & Ember Airport,Calamari,0.38,kg,Dropped/damaged
2025-12-21,Olive & Ember Airport,Mozzarella,1.25,kg,Spoiled
2025-12-21,Olive & Ember Airport,Parmesan,0.13,kg,Spoiled
2025-12-21,Olive & Ember Airport,Butter,0.36,kg,Expired
2025-12-21,Olive & Ember Airport,Cream,0.11,l,Spoiled
2025-12-21,Olive & Ember Airport,Milk,1.87,l,Expired
2025-12-21,Olive & Ember Airport,Eggs,10,each,Expired
2025-12-21,Olive & Ember Airport,Mascarpone,0.25,kg,Expired
2025-12-21,Olive & Ember Airport,Tomatoes,2.74,kg,Spoiled
2025-12-21,Olive & Ember Airport,Lettuce,1.18,kg,Over-prepared
2025-12-21,Olive & Ember Airport,Onions,0.38,kg,Spoiled
2025-12-21,Olive & Ember Airport,Potatoes,8.09,kg,Expired
2025-12-21,Olive & Ember Airport,Mushrooms,0.72,kg,Over-prepared
2025-12-21,Olive & Ember Airport,Lemons,0.84,kg,Over-prepared
2025-12-21,Olive & Ember Airport,Garlic,0.1,kg,Spoiled
2025-12-21,Olive & Ember Airport,Pizza flour,0.37,kg,Expired
2025-12-21,Olive & Ember Airport,Pasta,0.05,kg,Expired
2025-12-21,Olive & Ember Airport,Olive oil,0.06,l,Spoiled
2025-12-21,Olive & Ember Airport,Sugar,0.07,kg,Expired
2025-12-21,Olive & Ember Airport,Coffee beans,0.05,kg,Expired
2025-12-21,Olive & Ember Airport,Lemonade syrup,0.08,l,Expired
2025-12-28,Olive & Ember Airport,Beef mince,1.04,kg,Expired
2025-12-28,Olive & Ember Airport,Ribeye steak,0.18,kg,Expired
2025-12-28,Olive & Ember Airport,Chicken breast,0.39,kg,Over-prepared
2025-12-28,Olive & Ember Airport,Pork sausage,0.34,kg,Expired
2025-12-28,Olive & Ember Airport,Lamb shoulder,0.11,kg,Expired
2025-12-28,Olive & Ember Airport,Salmon fillet,0.3,kg,Over-prepared
2025-12-28,Olive & Ember Airport,Prawns,0.56,kg,Dropped/damaged
2025-12-28,Olive & Ember Airport,Calamari,0.4,kg,Over-prepared
2025-12-28,Olive & Ember Airport,Mozzarella,1.53,kg,Expired
2025-12-28,Olive & Ember Airport,Parmesan,0.1,kg,Expired
2025-12-28,Olive & Ember Airport,Butter,0.34,kg,Spoiled
2025-12-28,Olive & Ember Airport,Cream,0.11,l,Spoiled
2025-12-28,Olive & Ember Airport,Milk,1.57,l,Expired
2025-12-28,Olive & Ember Airport,Eggs,10,each,Expired
2025-12-28,Olive & Ember Airport,Mascarpone,0.21,kg,Expired
2025-12-28,Olive & Ember Airport,Tomatoes,3.02,kg,Expired
2025-12-28,Olive & Ember Airport,Lettuce,1.27,kg,Spoiled
2025-12-28,Olive & Ember Airport,Onions,0.45,kg,Over-prepared
2025-12-28,Olive & Ember Airport,Potatoes,8.45,kg,Spoiled
2025-12-28,Olive & Ember Airport,Mushrooms,0.82,kg,Spoiled
2025-12-28,Olive & Ember Airport,Lemons,0.85,kg,Expired
2025-12-28,Olive & Ember Airport,Garlic,0.11,kg,Over-prepared
2025-12-28,Olive & Ember Airport,Pizza flour,0.37,kg,Expired
2025-12-28,Olive & Ember Airport,Pasta,0.06,kg,Expired
2025-12-28,Olive & Ember Airport,Olive oil,0.06,l,Spoiled
2025-12-28,Olive & Ember Airport,Burger buns,1,each,Dropped/damaged
2025-12-28,Olive & Ember Airport,Sugar,0.06,kg,Expired
2025-12-28,Olive & Ember Airport,Lemonade syrup,0.07,l,Dropped/damaged
2026-01-04,Olive & Ember Airport,Beef mince,0.92,kg,Over-prepared
2026-01-04,Olive & Ember Airport,Ribeye steak,0.15,kg,Expired
2026-01-04,Olive & Ember Airport,Chicken breast,0.32,kg,Expired
2026-01-04,Olive & Ember Airport,Pork sausage,0.32,kg,Over-prepared
2026-01-04,Olive & Ember Airport,Lamb shoulder,0.15,kg,Expired
2026-01-04,Olive & Ember Airport,Salmon fillet,0.33,kg,Over-prepared
2026-01-04,Olive & Ember Airport,Prawns,0.55,kg,Expired
2026-01-04,Olive & Ember Airport,Calamari,0.5,kg,Expired
2026-01-04,Olive & Ember Airport,Mozzarella,1.42,kg,Spoiled
2026-01-04,Olive & Ember Airport,Parmesan,0.12,kg,Expired
2026-01-04,Olive & Ember Airport,Butter,0.32,kg,Expired
2026-01-04,Olive & Ember Airport,Cream,0.11,l,Expired
2026-01-04,Olive & Ember Airport,Milk,1.95,l,Spoiled
2026-01-04,Olive & Ember Airport,Eggs,11,each,Expired
2026-01-04,Olive & Ember Airport,Mascarpone,0.17,kg,Expired
2026-01-04,Olive & Ember Airport,Tomatoes,2.77,kg,Spoiled
2026-01-04,Olive & Ember Airport,Lettuce,1.14,kg,Over-prepared
2026-01-04,Olive & Ember Airport,Onions,0.42,kg,Over-prepared
2026-01-04,Olive & Ember Airport,Potatoes,5.44,kg,Spoiled
2026-01-04,Olive & Ember Airport,Mushrooms,0.74,kg,Over-prepared
2026-01-04,Olive & Ember Airport,Lemons,0.76,kg,Spoiled
2026-01-04,Olive & Ember Airport,Garlic,0.1,kg,Spoiled
2026-01-04,Olive & Ember Airport,Pizza flour,0.35,kg,Expired
2026-01-04,Olive & Ember Airport,Pasta,0.07,kg,Spoiled
2026-01-04,Olive & Ember Airport,Olive oil,0.06,l,Expired
2026-01-04,Olive & Ember Airport,Sugar,0.05,kg,Expired
2026-01-04,Olive & Ember Airport,Coffee beans,0.06,kg,Expired
2026-01-04,Olive & Ember Airport,Lemonade syrup,0.06,l,Spoiled
2026-01-11,Olive & Ember Airport,Beef mince,1.01,kg,Expired
2026-01-11,Olive & Ember Airport,Ribeye steak,0.16,kg,Over-prepared
2026-01-11,Olive & Ember Airport,Chicken breast,0.32,kg,Over-prepared
2026-01-11,Olive & Ember Airport,Pork sausage,0.27,kg,Expired
2026-01-11,Olive & Ember Airport,Lamb shoulder,0.12,kg,Expired
2026-01-11,Olive & Ember Airport,Salmon fillet,0.44,kg,Expired
2026-01-11,Olive & Ember Airport,Prawns,0.49,kg,Over-prepared
2026-01-11,Olive & Ember Airport,Calamari,0.3,kg,Expired
2026-01-11,Olive & Ember Airport,Mozzarella,1.42,kg,Expired
2026-01-11,Olive & Ember Airport,Parmesan,0.09,kg,Expired
2026-01-11,Olive & Ember Airport,Butter,0.29,kg,Expired
2026-01-11,Olive & Ember Airport,Cream,0.09,l,Spoiled
2026-01-11,Olive & Ember Airport,Milk,1.61,l,Expired
2026-01-11,Olive & Ember Airport,Eggs,10,each,Expired
2026-01-11,Olive & Ember Airport,Mascarpone,0.23,kg,Dropped/damaged
2026-01-11,Olive & Ember Airport,Tomatoes,2.94,kg,Over-prepared
2026-01-11,Olive & Ember Airport,Lettuce,1.22,kg,Spoiled
2026-01-11,Olive & Ember Airport,Onions,0.36,kg,Expired
2026-01-11,Olive & Ember Airport,Potatoes,6.51,kg,Over-prepared
2026-01-11,Olive & Ember Airport,Mushrooms,0.59,kg,Spoiled
2026-01-11,Olive & Ember Airport,Lemons,0.66,kg,Spoiled
2026-01-11,Olive & Ember Airport,Garlic,0.11,kg,Spoiled
2026-01-11,Olive & Ember Airport,Pizza flour,0.26,kg,Expired
2026-01-11,Olive & Ember Airport,Pasta,0.06,kg,Expired
2026-01-11,Olive & Ember Airport,Olive oil,0.06,l,Expired
2026-01-11,Olive & Ember Airport,Sugar,0.05,kg,Dropped/damaged
2026-01-11,Olive & Ember Airport,Coffee beans,0.05,kg,Spoiled
2026-01-11,Olive & Ember Airport,Lemonade syrup,0.06,l,Expired
2026-01-18,Olive & Ember Airport,Beef mince,1.06,kg,Over-prepared
2026-01-18,Olive & Ember Airport,Ribeye steak,0.23,kg,Expired
2026-01-18,Olive & Ember Airport,Chicken breast,0.35,kg,Expired
2026-01-18,Olive & Ember Airport,Pork sausage,0.29,kg,Dropped/damaged
2026-01-18,Olive & Ember Airport,Lamb shoulder,0.15,kg,Expired
2026-01-18,Olive & Ember Airport,Salmon fillet,0.4,kg,Expired
2026-01-18,Olive & Ember Airport,Prawns,0.42,kg,Expired
2026-01-18,Olive & Ember Airport,Calamari,0.51,kg,Over-prepared
2026-01-18,Olive & Ember Airport,Mozzarella,1.54,kg,Expired
2026-01-18,Olive & Ember Airport,Parmesan,0.1,kg,Expired
2026-01-18,Olive & Ember Airport,Butter,0.41,kg,Expired
2026-01-18,Olive & Ember Airport,Cream,0.11,l,Expired
2026-01-18,Olive & Ember Airport,Milk,1.65,l,Spoiled
2026-01-18,Olive & Ember Airport,Eggs,9,each,Expired
2026-01-18,Olive & Ember Airport,Mascarpone,0.19,kg,Expired
2026-01-18,Olive & Ember Airport,Tomatoes,2.92,kg,Spoiled
2026-01-18,Olive & Ember Airport,Lettuce,1.3,kg,Spoiled
2026-01-18,Olive & Ember Airport,Onions,0.35,kg,Expired
2026-01-18,Olive & Ember Airport,Potatoes,7.66,kg,Spoiled
2026-01-18,Olive & Ember Airport,Mushrooms,0.8,kg,Over-prepared
2026-01-18,Olive & Ember Airport,Lemons,0.79,kg,Expired
2026-01-18,Olive & Ember Airport,Garlic,0.1,kg,Over-prepared
2026-01-18,Olive & Ember Airport,Pizza flour,0.37,kg,Expired
2026-01-18,Olive & Ember Airport,Pasta,0.07,kg,Expired
2026-01-18,Olive & Ember Airport,Olive oil,0.07,l,Spoiled
2026-01-18,Olive & Ember Airport,Sugar,0.06,kg,Expired
2026-01-18,Olive & Ember Airport,Coffee beans,0.06,kg,Expired
2026-01-18,Olive & Ember Airport,Lemonade syrup,0.08,l,Spoiled
2026-01-25,Olive & Ember Airport,Beef mince,0.81,kg,Over-prepared
2026-01-25,Olive & Ember Airport,Ribeye steak,0.12,kg,Over-prepared
2026-01-25,Olive & Ember Airport,Chicken breast,0.27,kg,Expired
2026-01-25,Olive & Ember Airport,Pork sausage,0.31,kg,Over-prepared
2026-01-25,Olive & Ember Airport,Lamb shoulder,0.11,kg,Expired
2026-01-25,Olive & Ember Airport,Salmon fillet,0.42,kg,Dropped/damaged
2026-01-25,Olive & Ember Airport,Prawns,0.33,kg,Dropped/damaged
2026-01-25,Olive & Ember Airport,Calamari,0.58,kg,Over-prepared
2026-01-25,Olive & Ember Airport,Mozzarella,1.32,kg,Expired
2026-01-25,Olive & Ember Airport,Parmesan,0.12,kg,Dropped/damaged
2026-01-25,Olive & Ember Airport,Butter,0.3,kg,Expired
2026-01-25,Olive & Ember Airport,Cream,0.12,l,Expired
2026-01-25,Olive & Ember Airport,Milk,1.77,l,Expired
2026-01-25,Olive & Ember Airport,Eggs,9,each,Expired
2026-01-25,Olive & Ember Airport,Mascarpone,0.18,kg,Spoiled
2026-01-25,Olive & Ember Airport,Tomatoes,2.46,kg,Spoiled
2026-01-25,Olive & Ember Airport,Lettuce,0.97,kg,Expired
2026-01-25,Olive & Ember Airport,Onions,0.34,kg,Over-prepared
2026-01-25,Olive & Ember Airport,Potatoes,8.12,kg,Spoiled
2026-01-25,Olive & Ember Airport,Mushrooms,0.56,kg,Expired
2026-01-25,Olive & Ember Airport,Lemons,0.87,kg,Spoiled
2026-01-25,Olive & Ember Airport,Garlic,0.1,kg,Spoiled
2026-01-25,Olive & Ember Airport,Pizza flour,0.31,kg,Expired
2026-01-25,Olive & Ember Airport,Sugar,0.06,kg,Expired
2026-01-25,Olive & Ember Airport,Lemonade syrup,0.06,l,Spoiled
2026-02-01,Olive & Ember Airport,Beef mince,0.87,kg,Over-prepared
2026-02-01,Olive & Ember Airport,Ribeye steak,0.14,kg,Expired
2026-02-01,Olive & Ember Airport,Chicken breast,0.28,kg,Expired
2026-02-01,Olive & Ember Airport,Pork sausage,0.29,kg,Over-prepared
2026-02-01,Olive & Ember Airport,Lamb shoulder,0.15,kg,Over-prepared
2026-02-01,Olive & Ember Airport,Salmon fillet,0.4,kg,Expired
2026-02-01,Olive & Ember Airport,Prawns,0.42,kg,Over-prepared
2026-02-01,Olive & Ember Airport,Calamari,0.39,kg,Expired
2026-02-01,Olive & Ember Airport,Mozzarella,1.4,kg,Expired
2026-02-01,Olive & Ember Airport,Parmesan,0.1,kg,Dropped/damaged
2026-02-01,Olive & Ember Airport,Butter,0.38,kg,Expired
2026-02-01,Olive & Ember Airport,Cream,0.1,l,Expired
2026-02-01,Olive & Ember Airport,Milk,1.99,l,Spoiled
2026-02-01,Olive & Ember Airport,Eggs,11,each,Expired
2026-02-01,Olive & Ember Airport,Mascarpone,0.21,kg,Expired
2026-02-01,Olive & Ember Airport,Tomatoes,2.56,kg,Expired
2026-02-01,Olive & Ember Airport,Lettuce,1.15,kg,Over-prepared
2026-02-01,Olive & Ember Airport,Onions,0.3,kg,Spoiled
2026-02-01,Olive & Ember Airport,Potatoes,6.4,kg,Over-prepared
2026-02-01,Olive & Ember Airport,Mushrooms,0.64,kg,Spoiled
2026-02-01,Olive & Ember Airport,Lemons,0.67,kg,Spoiled
2026-02-01,Olive & Ember Airport,Garlic,0.13,kg,Spoiled
2026-02-01,Olive & Ember Airport,Pizza flour,0.32,kg,Spoiled
2026-02-01,Olive & Ember Airport,Pasta,0.06,kg,Spoiled
2026-02-01,Olive & Ember Airport,Olive oil,0.06,l,Spoiled
2026-02-01,Olive & Ember Airport,Sugar,0.05,kg,Spoiled
2026-02-01,Olive & Ember Airport,Coffee beans,0.05,kg,Spoiled
2026-02-01,Olive & Ember Airport,Lemonade syrup,0.06,l,Dropped/damaged
2026-02-08,Olive & Ember Airport,Beef mince,1.07,kg,Over-prepared
2026-02-08,Olive & Ember Airport,Ribeye steak,0.17,kg,Expired
2026-02-08,Olive & Ember Airport,Chicken breast,0.22,kg,Over-prepared
2026-02-08,Olive & Ember Airport,Pork sausage,0.27,kg,Over-prepared
2026-02-08,Olive & Ember Airport,Lamb shoulder,0.14,kg,Expired
2026-02-08,Olive & Ember Airport,Salmon fillet,0.44,kg,Expired
2026-02-08,Olive & Ember Airport,Prawns,0.34,kg,Dropped/damaged
2026-02-08,Olive & Ember Airport,Calamari,0.54,kg,Dropped/damaged
2026-02-08,Olive & Ember Airport,Mozzarella,1.2,kg,Expired
2026-02-08,Olive & Ember Airport,Parmesan,0.1,kg,Spoiled
2026-02-08,Olive & Ember Airport,Butter,0.33,kg,Spoiled
2026-02-08,Olive & Ember Airport,Cream,0.07,l,Dropped/damaged
2026-02-08,Olive & Ember Airport,Milk,1.58,l,Spoiled
2026-02-08,Olive & Ember Airport,Eggs,8,each,Spoiled
2026-02-08,Olive & Ember Airport,Mascarpone,0.14,kg,Expired
2026-02-08,Olive & Ember Airport,Tomatoes,2.07,kg,Spoiled
2026-02-08,Olive & Ember Airport,Lettuce,0.99,kg,Over-prepared
2026-02-08,Olive & Ember Airport,Onions,0.36,kg,Over-prepared
2026-02-08,Olive & Ember Airport,Potatoes,6.13,kg,Expired
2026-02-08,Olive & Ember Airport,Mushrooms,0.57,kg,Spoiled
2026-02-08,Olive & Ember Airport,Lemons,0.77,kg,Over-prepared
2026-02-08,Olive & Ember Airport,Garlic,0.08,kg,Spoiled
2026-02-08,Olive & Ember Airport,Pizza flour,0.25,kg,Expired
2026-02-08,Olive & Ember Airport,Burger buns,1,each,Dropped/damaged
2026-02-08,Olive & Ember Airport,Sugar,0.06,kg,Dropped/damaged
2026-02-08,Olive & Ember Airport,Coffee beans,0.05,kg,Expired
2026-02-08,Olive & Ember Airport,Lemonade syrup,0.07,l,Spoiled
2026-02-15,Olive & Ember Airport,Beef mince,0.94,kg,Expired
2026-02-15,Olive & Ember Airport,Ribeye steak,0.12,kg,Dropped/damaged
2026-02-15,Olive & Ember Airport,Chicken breast,0.37,kg,Expired
2026-02-15,Olive & Ember Airport,Pork sausage,0.36,kg,Over-prepared
2026-02-15,Olive & Ember Airport,Lamb shoulder,0.18,kg,Expired
2026-02-15,Olive & Ember Airport,Salmon fillet,0.38,kg,Dropped/damaged
2026-02-15,Olive & Ember Airport,Prawns,0.36,kg,Expired
2026-02-15,Olive & Ember Airport,Calamari,0.31,kg,Dropped/damaged
2026-02-15,Olive & Ember Airport,Mozzarella,1.55,kg,Spoiled
2026-02-15,Olive & Ember Airport,Parmesan,0.15,kg,Expired
2026-02-15,Olive & Ember Airport,Butter,0.37,kg,Expired
2026-02-15,Olive & Ember Airport,Cream,0.11,l,Expired
2026-02-15,Olive & Ember Airport,Milk,1.97,l,Expired
2026-02-15,Olive & Ember Airport,Eggs,10,each,Dropped/damaged
2026-02-15,Olive & Ember Airport,Mascarpone,0.2,kg,Expired
2026-02-15,Olive & Ember Airport,Tomatoes,2.68,kg,Over-prepared
2026-02-15,Olive & Ember Airport,Lettuce,1.19,kg,Expired
2026-02-15,Olive & Ember Airport,Onions,0.45,kg,Spoiled
2026-02-15,Olive & Ember Airport,Potatoes,5.65,kg,Over-prepared
2026-02-15,Olive & Ember Airport,Mushrooms,0.76,kg,Expired
2026-02-15,Olive & Ember Airport,Lemons,0.58,kg,Expired
2026-02-15,Olive & Ember Airport,Garlic,0.09,kg,Expired
2026-02-15,Olive & Ember Airport,Pizza flour,0.31,kg,Expired
2026-02-15,Olive & Ember Airport,Pasta,0.05,kg,Expired
2026-02-15,Olive & Ember Airport,Sugar,0.06,kg,Dropped/damaged
2026-02-15,Olive & Ember Airport,Coffee beans,0.05,kg,Expired
2026-02-15,Olive & Ember Airport,Lemonade syrup,0.06,l,Dropped/damaged
2026-02-22,Olive & Ember Airport,Beef mince,1.09,kg,Expired
2026-02-22,Olive & Ember Airport,Ribeye steak,0.18,kg,Over-prepared
2026-02-22,Olive & Ember Airport,Chicken breast,0.32,kg,Over-prepared
2026-02-22,Olive & Ember Airport,Pork sausage,0.31,kg,Over-prepared
2026-02-22,Olive & Ember Airport,Lamb shoulder,0.18,kg,Expired
2026-02-22,Olive & Ember Airport,Salmon fillet,0.31,kg,Expired
2026-02-22,Olive & Ember Airport,Prawns,0.43,kg,Expired
2026-02-22,Olive & Ember Airport,Calamari,0.39,kg,Expired
2026-02-22,Olive & Ember Airport,Mozzarella,1.53,kg,Spoiled
2026-02-22,Olive & Ember Airport,Parmesan,0.1,kg,Spoiled
2026-02-22,Olive & Ember Airport,Butter,0.35,kg,Expired
2026-02-22,Olive & Ember Airport,Cream,0.1,l,Expired
2026-02-22,Olive & Ember Airport,Milk,2.04,l,Expired
2026-02-22,Olive & Ember Airport,Eggs,10,each,Expired
2026-02-22,Olive & Ember Airport,Mascarpone,0.23,kg,Spoiled
2026-02-22,Olive & Ember Airport,Tomatoes,2.83,kg,Spoiled
2026-02-22,Olive & Ember Airport,Lettuce,1.4,kg,Spoiled
2026-02-22,Olive & Ember Airport,Onions,0.34,kg,Spoiled
2026-02-22,Olive & Ember Airport,Potatoes,8.03,kg,Expired
2026-02-22,Olive & Ember Airport,Mushrooms,0.72,kg,Spoiled
2026-02-22,Olive & Ember Airport,Lemons,0.7,kg,Spoiled
2026-02-22,Olive & Ember Airport,Garlic,0.11,kg,Spoiled
2026-02-22,Olive & Ember Airport,Pizza flour,0.35,kg,Spoiled
2026-02-22,Olive & Ember Airport,Pasta,0.06,kg,Expired
2026-02-22,Olive & Ember Airport,Olive oil,0.06,l,Spoiled
2026-02-22,Olive & Ember Airport,Burger buns,1,each,Spoiled
2026-02-22,Olive & Ember Airport,Sugar,0.06,kg,Spoiled
2026-02-22,Olive & Ember Airport,Lemonade syrup,0.06,l,Expired
2026-03-01,Olive & Ember Airport,Beef mince,0.86,kg,Over-prepared
2026-03-01,Olive & Ember Airport,Ribeye steak,0.22,kg,Over-prepared
2026-03-01,Olive & Ember Airport,Chicken breast,0.42,kg,Over-prepared
2026-03-01,Olive & Ember Airport,Pork sausage,0.35,kg,Over-prepared
2026-03-01,Olive & Ember Airport,Lamb shoulder,0.11,kg,Expired
2026-03-01,Olive & Ember Airport,Salmon fillet,0.32,kg,Over-prepared
2026-03-01,Olive & Ember Airport,Prawns,0.43,kg,Dropped/damaged
2026-03-01,Olive & Ember Airport,Calamari,0.37,kg,Expired
2026-03-01,Olive & Ember Airport,Mozzarella,1.58,kg,Expired
2026-03-01,Olive & Ember Airport,Parmesan,0.1,kg,Expired
2026-03-01,Olive & Ember Airport,Butter,0.38,kg,Expired
2026-03-01,Olive & Ember Airport,Cream,0.09,l,Expired
2026-03-01,Olive & Ember Airport,Milk,1.92,l,Spoiled
2026-03-01,Olive & Ember Airport,Eggs,11,each,Expired
2026-03-01,Olive & Ember Airport,Mascarpone,0.2,kg,Dropped/damaged
2026-03-01,Olive & Ember Airport,Tomatoes,2.63,kg,Expired
2026-03-01,Olive & Ember Airport,Lettuce,1.08,kg,Spoiled
2026-03-01,Olive & Ember Airport,Onions,0.33,kg,Spoiled
2026-03-01,Olive & Ember Airport,Potatoes,5.53,kg,Spoiled
2026-03-01,Olive & Ember Airport,Mushrooms,0.62,kg,Expired
2026-03-01,Olive & Ember Airport,Lemons,0.79,kg,Over-prepared
2026-03-01,Olive & Ember Airport,Garlic,0.1,kg,Over-prepared
2026-03-01,Olive & Ember Airport,Pizza flour,0.37,kg,Dropped/damaged
2026-03-01,Olive & Ember Airport,Pasta,0.06,kg,Expired
2026-03-01,Olive & Ember Airport,Olive oil,0.05,l,Spoiled
2026-03-01,Olive & Ember Airport,Sugar,0.06,kg,Expired
2026-03-01,Olive & Ember Airport,Coffee beans,0.06,kg,Expired
2026-03-01,Olive & Ember Airport,Lemonade syrup,0.06,l,Dropped/damaged
2026-03-08,Olive & Ember Airport,Beef mince,1.06,kg,Expired
2026-03-08,Olive & Ember Airport,Ribeye steak,0.14,kg,Expired
2026-03-08,Olive & Ember Airport,Chicken breast,0.4,kg,Expired
2026-03-08,Olive & Ember Airport,Pork sausage,0.43,kg,Dropped/damaged
2026-03-08,Olive & Ember Airport,Lamb shoulder,0.13,kg,Over-prepared
2026-03-08,Olive & Ember Airport,Salmon fillet,0.44,kg,Over-prepared
2026-03-08,Olive & Ember Airport,Prawns,0.45,kg,Expired
2026-03-08,Olive & Ember Airport,Calamari,0.54,kg,Expired
2026-03-08,Olive & Ember Airport,Mozzarella,1.52,kg,Expired
2026-03-08,Olive & Ember Airport,Parmesan,0.12,kg,Spoiled
2026-03-08,Olive & Ember Airport,Butter,0.34,kg,Dropped/damaged
2026-03-08,Olive & Ember Airport,Cream,0.09,l,Expired
2026-03-08,Olive & Ember Airport,Milk,2.3,l,Expired
2026-03-08,Olive & Ember Airport,Eggs,11,each,Expired
2026-03-08,Olive & Ember Airport,Mascarpone,0.23,kg,Expired
2026-03-08,Olive & Ember Airport,Tomatoes,3.14,kg,Spoiled
2026-03-08,Olive & Ember Airport,Lettuce,1.51,kg,Over-prepared
2026-03-08,Olive & Ember Airport,Onions,0.39,kg,Spoiled
2026-03-08,Olive & Ember Airport,Potatoes,7.9,kg,Spoiled
2026-03-08,Olive & Ember Airport,Mushrooms,0.85,kg,Over-prepared
2026-03-08,Olive & Ember Airport,Lemons,0.82,kg,Spoiled
2026-03-08,Olive & Ember Airport,Garlic,0.1,kg,Spoiled
2026-03-08,Olive & Ember Airport,Pizza flour,0.34,kg,Expired
2026-03-08,Olive & Ember Airport,Pasta,0.07,kg,Expired
2026-03-08,Olive & Ember Airport,Olive oil,0.07,l,Expired
2026-03-08,Olive & Ember Airport,Burger buns,1,each,Expired
2026-03-08,Olive & Ember Airport,Sugar,0.06,kg,Expired
2026-03-08,Olive & Ember Airport,Coffee beans,0.06,kg,Expired
2026-03-08,Olive & Ember Airport,Lemonade syrup,0.07,l,Expired
2026-03-15,Olive & Ember Airport,Beef mince,1.06,kg,Over-prepared
2026-03-15,Olive & Ember Airport,Ribeye steak,0.14,kg,Over-prepared
2026-03-15,Olive & Ember Airport,Chicken breast,0.31,kg,Over-prepared
2026-03-15,Olive & Ember Airport,Pork sausage,0.38,kg,Dropped/damaged
2026-03-15,Olive & Ember Airport,Lamb shoulder,0.09,kg,Expired
2026-03-15,Olive & Ember Airport,Salmon fillet,0.27,kg,Dropped/damaged
2026-03-15,Olive & Ember Airport,Prawns,0.43,kg,Expired
2026-03-15,Olive & Ember Airport,Calamari,0.42,kg,Expired
2026-03-15,Olive & Ember Airport,Mozzarella,1.32,kg,Dropped/damaged
2026-03-15,Olive & Ember Airport,Parmesan,0.1,kg,Expired
2026-03-15,Olive & Ember Airport,Butter,0.37,kg,Spoiled
2026-03-15,Olive & Ember Airport,Cream,0.1,l,Expired
2026-03-15,Olive & Ember Airport,Milk,1.7,l,Dropped/damaged
2026-03-15,Olive & Ember Airport,Eggs,11,each,Expired
2026-03-15,Olive & Ember Airport,Mascarpone,0.24,kg,Expired
2026-03-15,Olive & Ember Airport,Tomatoes,2.63,kg,Spoiled
2026-03-15,Olive & Ember Airport,Lettuce,1.21,kg,Spoiled
2026-03-15,Olive & Ember Airport,Onions,0.41,kg,Expired
2026-03-15,Olive & Ember Airport,Potatoes,6.3,kg,Expired
2026-03-15,Olive & Ember Airport,Mushrooms,0.85,kg,Over-prepared
2026-03-15,Olive & Ember Airport,Lemons,0.72,kg,Over-prepared
2026-03-15,Olive & Ember Airport,Garlic,0.1,kg,Expired
2026-03-15,Olive & Ember Airport,Pizza flour,0.31,kg,Spoiled
2026-03-15,Olive & Ember Airport,Olive oil,0.05,l,Expired
2026-03-15,Olive & Ember Airport,Burger buns,1,each,Spoiled
2026-03-15,Olive & Ember Airport,Sugar,0.07,kg,Expired
2026-03-15,Olive & Ember Airport,Coffee beans,0.05,kg,Expired
2026-03-15,Olive & Ember Airport,Lemonade syrup,0.06,l,Expired
2026-03-22,Olive & Ember Airport,Beef mince,1.03,kg,Over-prepared
2026-03-22,Olive & Ember Airport,Ribeye steak,0.15,kg,Over-prepared
2026-03-22,Olive & Ember Airport,Chicken breast,0.36,kg,Expired
2026-03-22,Olive & Ember Airport,Pork sausage,0.37,kg,Over-prepared
2026-03-22,Olive & Ember Airport,Lamb shoulder,0.14,kg,Over-prepared
2026-03-22,Olive & Ember Airport,Salmon fillet,0.37,kg,Over-prepared
2026-03-22,Olive & Ember Airport,Prawns,0.53,kg,Expired
2026-03-22,Olive & Ember Airport,Calamari,0.62,kg,Expired
2026-03-22,Olive & Ember Airport,Mozzarella,1.33,kg,Dropped/damaged
2026-03-22,Olive & Ember Airport,Parmesan,0.11,kg,Dropped/damaged
2026-03-22,Olive & Ember Airport,Butter,0.3,kg,Spoiled
2026-03-22,Olive & Ember Airport,Cream,0.09,l,Spoiled
2026-03-22,Olive & Ember Airport,Milk,1.56,l,Expired
2026-03-22,Olive & Ember Airport,Eggs,9,each,Expired
2026-03-22,Olive & Ember Airport,Mascarpone,0.19,kg,Spoiled
2026-03-22,Olive & Ember Airport,Tomatoes,2.66,kg,Spoiled
2026-03-22,Olive & Ember Airport,Lettuce,1.28,kg,Spoiled
2026-03-22,Olive & Ember Airport,Onions,0.36,kg,Spoiled
2026-03-22,Olive & Ember Airport,Potatoes,6.85,kg,Spoiled
2026-03-22,Olive & Ember Airport,Mushrooms,0.6,kg,Expired
2026-03-22,Olive & Ember Airport,Lemons,0.74,kg,Spoiled
2026-03-22,Olive & Ember Airport,Basil,0.05,kg,Expired
2026-03-22,Olive & Ember Airport,Garlic,0.1,kg,Spoiled
2026-03-22,Olive & Ember Airport,Pizza flour,0.35,kg,Dropped/damaged
2026-03-22,Olive & Ember Airport,Pasta,0.06,kg,Expired
2026-03-22,Olive & Ember Airport,Olive oil,0.06,l,Expired
2026-03-22,Olive & Ember Airport,Sugar,0.06,kg,Expired
2026-03-22,Olive & Ember Airport,Lemonade syrup,0.05,l,Spoiled
2026-03-29,Olive & Ember Airport,Beef mince,1.02,kg,Expired
2026-03-29,Olive & Ember Airport,Ribeye steak,0.14,kg,Expired
2026-03-29,Olive & Ember Airport,Chicken breast,0.45,kg,Expired
2026-03-29,Olive & Ember Airport,Pork sausage,0.44,kg,Expired
2026-03-29,Olive & Ember Airport,Lamb shoulder,0.15,kg,Expired
2026-03-29,Olive & Ember Airport,Salmon fillet,0.46,kg,Expired
2026-03-29,Olive & Ember Airport,Prawns,0.46,kg,Expired
2026-03-29,Olive & Ember Airport,Calamari,0.54,kg,Expired
2026-03-29,Olive & Ember Airport,Mozzarella,1.35,kg,Spoiled
2026-03-29,Olive & Ember Airport,Parmesan,0.14,kg,Dropped/damaged
2026-03-29,Olive & Ember Airport,Butter,0.36,kg,Expired
2026-03-29,Olive & Ember Airport,Cream,0.11,l,Spoiled
2026-03-29,Olive & Ember Airport,Milk,1.81,l,Spoiled
2026-03-29,Olive & Ember Airport,Eggs,10,each,Expired
2026-03-29,Olive & Ember Airport,Mascarpone,0.21,kg,Expired
2026-03-29,Olive & Ember Airport,Tomatoes,2.69,kg,Expired
2026-03-29,Olive & Ember Airport,Lettuce,1.23,kg,Spoiled
2026-03-29,Olive & Ember Airport,Onions,0.4,kg,Spoiled
2026-03-29,Olive & Ember Airport,Potatoes,6.97,kg,Spoiled
2026-03-29,Olive & Ember Airport,Mushrooms,0.75,kg,Spoiled
2026-03-29,Olive & Ember Airport,Lemons,0.83,kg,Spoiled
2026-03-29,Olive & Ember Airport,Garlic,0.11,kg,Over-prepared
2026-03-29,Olive & Ember Airport,Pizza flour,0.31,kg,Expired
2026-03-29,Olive & Ember Airport,Pasta,0.05,kg,Expired
2026-03-29,Olive & Ember Airport,Olive oil,0.06,l,Expired
2026-03-29,Olive & Ember Airport,Sugar,0.07,kg,Expired
2026-03-29,Olive & Ember Airport,Coffee beans,0.06,kg,Expired
2026-03-29,Olive & Ember Airport,Lemonade syrup,0.06,l,Spoiled
2026-04-05,Olive & Ember Airport,Beef mince,0.8,kg,Expired
2026-04-05,Olive & Ember Airport,Ribeye steak,0.16,kg,Expired
2026-04-05,Olive & Ember Airport,Chicken breast,0.34,kg,Expired
2026-04-05,Olive & Ember Airport,Pork sausage,0.34,kg,Expired
2026-04-05,Olive & Ember Airport,Lamb shoulder,0.13,kg,Over-prepared
2026-04-05,Olive & Ember Airport,Salmon fillet,0.4,kg,Expired
2026-04-05,Olive & Ember Airport,Prawns,0.45,kg,Expired
2026-04-05,Olive & Ember Airport,Calamari,0.45,kg,Expired
2026-04-05,Olive & Ember Airport,Mozzarella,1.31,kg,Spoiled
2026-04-05,Olive & Ember Airport,Parmesan,0.11,kg,Expired
2026-04-05,Olive & Ember Airport,Butter,0.41,kg,Dropped/damaged
2026-04-05,Olive & Ember Airport,Cream,0.1,l,Spoiled
2026-04-05,Olive & Ember Airport,Milk,1.97,l,Spoiled
2026-04-05,Olive & Ember Airport,Eggs,11,each,Spoiled
2026-04-05,Olive & Ember Airport,Mascarpone,0.23,kg,Expired
2026-04-05,Olive & Ember Airport,Tomatoes,2.81,kg,Spoiled
2026-04-05,Olive & Ember Airport,Lettuce,1.08,kg,Spoiled
2026-04-05,Olive & Ember Airport,Onions,0.39,kg,Spoiled
2026-04-05,Olive & Ember Airport,Potatoes,5.71,kg,Spoiled
2026-04-05,Olive & Ember Airport,Mushrooms,0.57,kg,Spoiled
2026-04-05,Olive & Ember Airport,Lemons,0.75,kg,Spoiled
2026-04-05,Olive & Ember Airport,Garlic,0.1,kg,Spoiled
2026-04-05,Olive & Ember Airport,Pizza flour,0.34,kg,Spoiled
2026-04-05,Olive & Ember Airport,Pasta,0.06,kg,Spoiled
2026-04-05,Olive & Ember Airport,Olive oil,0.06,l,Expired
2026-04-05,Olive & Ember Airport,Sugar,0.06,kg,Expired
2026-04-05,Olive & Ember Airport,Coffee beans,0.05,kg,Spoiled
2026-04-05,Olive & Ember Airport,Lemonade syrup,0.06,l,Expired
2026-04-12,Olive & Ember Airport,Beef mince,1.05,kg,Expired
2026-04-12,Olive & Ember Airport,Ribeye steak,0.13,kg,Over-prepared
2026-04-12,Olive & Ember Airport,Chicken breast,0.33,kg,Over-prepared
2026-04-12,Olive & Ember Airport,Pork sausage,0.35,kg,Over-prepared
2026-04-12,Olive & Ember Airport,Lamb shoulder,0.13,kg,Dropped/damaged
2026-04-12,Olive & Ember Airport,Salmon fillet,0.4,kg,Expired
2026-04-12,Olive & Ember Airport,Prawns,0.43,kg,Expired
2026-04-12,Olive & Ember Airport,Calamari,0.39,kg,Over-prepared
2026-04-12,Olive & Ember Airport,Mozzarella,1.49,kg,Expired
2026-04-12,Olive & Ember Airport,Parmesan,0.15,kg,Dropped/damaged
2026-04-12,Olive & Ember Airport,Butter,0.36,kg,Expired
2026-04-12,Olive & Ember Airport,Cream,0.11,l,Dropped/damaged
2026-04-12,Olive & Ember Airport,Milk,1.77,l,Expired
2026-04-12,Olive & Ember Airport,Eggs,11,each,Expired
2026-04-12,Olive & Ember Airport,Mascarpone,0.2,kg,Spoiled
2026-04-12,Olive & Ember Airport,Tomatoes,2.59,kg,Expired
2026-04-12,Olive & Ember Airport,Lettuce,1,kg,Spoiled
2026-04-12,Olive & Ember Airport,Onions,0.42,kg,Over-prepared
2026-04-12,Olive & Ember Airport,Potatoes,6.44,kg,Spoiled
2026-04-12,Olive & Ember Airport,Mushrooms,0.85,kg,Spoiled
2026-04-12,Olive & Ember Airport,Lemons,0.64,kg,Over-prepared
2026-04-12,Olive & Ember Airport,Garlic,0.11,kg,Over-prepared
2026-04-12,Olive & Ember Airport,Pizza flour,0.38,kg,Expired
2026-04-12,Olive & Ember Airport,Pasta,0.05,kg,Expired
2026-04-12,Olive & Ember Airport,Olive oil,0.06,l,Dropped/damaged
2026-04-12,Olive & Ember Airport,Burger buns,1,each,Expired
2026-04-12,Olive & Ember Airport,Sugar,0.07,kg,Spoiled
2026-04-12,Olive & Ember Airport,Lemonade syrup,0.07,l,Expired
2026-04-19,Olive & Ember Airport,Beef mince,0.69,kg,Expired
2026-04-19,Olive & Ember Airport,Ribeye steak,0.18,kg,Expired
2026-04-19,Olive & Ember Airport,Chicken breast,0.36,kg,Over-prepared
2026-04-19,Olive & Ember Airport,Pork sausage,0.34,kg,Over-prepared
2026-04-19,Olive & Ember Airport,Lamb shoulder,0.15,kg,Over-prepared
2026-04-19,Olive & Ember Airport,Salmon fillet,0.29,kg,Dropped/damaged
2026-04-19,Olive & Ember Airport,Prawns,0.36,kg,Over-prepared
2026-04-19,Olive & Ember Airport,Calamari,0.41,kg,Over-prepared
2026-04-19,Olive & Ember Airport,Mozzarella,1.22,kg,Expired
2026-04-19,Olive & Ember Airport,Parmesan,0.1,kg,Expired
2026-04-19,Olive & Ember Airport,Butter,0.33,kg,Spoiled
2026-04-19,Olive & Ember Airport,Cream,0.1,l,Expired
2026-04-19,Olive & Ember Airport,Milk,2.01,l,Expired
2026-04-19,Olive & Ember Airport,Eggs,11,each,Expired
2026-04-19,Olive & Ember Airport,Mascarpone,0.21,kg,Expired
2026-04-19,Olive & Ember Airport,Tomatoes,3.13,kg,Spoiled
2026-04-19,Olive & Ember Airport,Lettuce,1.5,kg,Over-prepared
2026-04-19,Olive & Ember Airport,Onions,0.4,kg,Expired
2026-04-19,Olive & Ember Airport,Potatoes,6.95,kg,Spoiled
2026-04-19,Olive & Ember Airport,Mushrooms,0.7,kg,Over-prepared
2026-04-19,Olive & Ember Airport,Lemons,0.68,kg,Spoiled
2026-04-19,Olive & Ember Airport,Garlic,0.12,kg,Spoiled
2026-04-19,Olive & Ember Airport,Pizza flour,0.35,kg,Spoiled
2026-04-19,Olive & Ember Airport,Olive oil,0.05,l,Expired
2026-04-19,Olive & Ember Airport,Sugar,0.06,kg,Dropped/damaged
2026-04-19,Olive & Ember Airport,Coffee beans,0.06,kg,Expired
2026-04-19,Olive & Ember Airport,Lemonade syrup,0.07,l,Expired
2026-04-26,Olive & Ember Airport,Beef mince,1.01,kg,Expired
2026-04-26,Olive & Ember Airport,Ribeye steak,0.15,kg,Expired
2026-04-26,Olive & Ember Airport,Chicken breast,0.38,kg,Over-prepared
2026-04-26,Olive & Ember Airport,Pork sausage,0.38,kg,Expired
2026-04-26,Olive & Ember Airport,Lamb shoulder,0.11,kg,Over-prepared
2026-04-26,Olive & Ember Airport,Salmon fillet,0.35,kg,Over-prepared
2026-04-26,Olive & Ember Airport,Prawns,0.44,kg,Expired
2026-04-26,Olive & Ember Airport,Calamari,0.41,kg,Expired
2026-04-26,Olive & Ember Airport,Mozzarella,1.49,kg,Expired
2026-04-26,Olive & Ember Airport,Parmesan,0.15,kg,Expired
2026-04-26,Olive & Ember Airport,Butter,0.34,kg,Expired
2026-04-26,Olive & Ember Airport,Cream,0.1,l,Expired
2026-04-26,Olive & Ember Airport,Milk,1.92,l,Dropped/damaged
2026-04-26,Olive & Ember Airport,Eggs,12,each,Spoiled
2026-04-26,Olive & Ember Airport,Mascarpone,0.22,kg,Spoiled
2026-04-26,Olive & Ember Airport,Tomatoes,3.25,kg,Spoiled
2026-04-26,Olive & Ember Airport,Lettuce,1.49,kg,Spoiled
2026-04-26,Olive & Ember Airport,Onions,0.37,kg,Over-prepared
2026-04-26,Olive & Ember Airport,Potatoes,7.08,kg,Spoiled
2026-04-26,Olive & Ember Airport,Mushrooms,0.87,kg,Spoiled
2026-04-26,Olive & Ember Airport,Lemons,0.83,kg,Over-prepared
2026-04-26,Olive & Ember Airport,Garlic,0.09,kg,Spoiled
2026-04-26,Olive & Ember Airport,Pizza flour,0.38,kg,Expired
2026-04-26,Olive & Ember Airport,Pasta,0.06,kg,Expired
2026-04-26,Olive & Ember Airport,Olive oil,0.06,l,Expired
2026-04-26,Olive & Ember Airport,Burger buns,1,each,Expired
2026-04-26,Olive & Ember Airport,Sugar,0.08,kg,Dropped/damaged
2026-04-26,Olive & Ember Airport,Coffee beans,0.07,kg,Expired
2026-04-26,Olive & Ember Airport,Lemonade syrup,0.07,l,Expired
2026-05-03,Olive & Ember Airport,Beef mince,0.82,kg,Over-prepared
2026-05-03,Olive & Ember Airport,Ribeye steak,0.23,kg,Over-prepared
2026-05-03,Olive & Ember Airport,Chicken breast,0.33,kg,Over-prepared
2026-05-03,Olive & Ember Airport,Pork sausage,0.42,kg,Dropped/damaged
2026-05-03,Olive & Ember Airport,Lamb shoulder,0.19,kg,Over-prepared
2026-05-03,Olive & Ember Airport,Salmon fillet,0.49,kg,Dropped/damaged
2026-05-03,Olive & Ember Airport,Prawns,0.39,kg,Over-prepared
2026-05-03,Olive & Ember Airport,Calamari,0.46,kg,Over-prepared
2026-05-03,Olive & Ember Airport,Mozzarella,1.74,kg,Dropped/damaged
2026-05-03,Olive & Ember Airport,Parmesan,0.13,kg,Spoiled
2026-05-03,Olive & Ember Airport,Butter,0.33,kg,Spoiled
2026-05-03,Olive & Ember Airport,Cream,0.08,l,Expired
2026-05-03,Olive & Ember Airport,Milk,1.86,l,Expired
2026-05-03,Olive & Ember Airport,Eggs,12,each,Expired
2026-05-03,Olive & Ember Airport,Mascarpone,0.22,kg,Spoiled
2026-05-03,Olive & Ember Airport,Tomatoes,3.64,kg,Expired
2026-05-03,Olive & Ember Airport,Lettuce,1.35,kg,Spoiled
2026-05-03,Olive & Ember Airport,Onions,0.38,kg,Expired
2026-05-03,Olive & Ember Airport,Potatoes,7.5,kg,Spoiled
2026-05-03,Olive & Ember Airport,Mushrooms,0.76,kg,Spoiled
2026-05-03,Olive & Ember Airport,Lemons,0.77,kg,Spoiled
2026-05-03,Olive & Ember Airport,Basil,0.06,kg,Spoiled
2026-05-03,Olive & Ember Airport,Garlic,0.12,kg,Over-prepared
2026-05-03,Olive & Ember Airport,Pizza flour,0.43,kg,Expired
2026-05-03,Olive & Ember Airport,Pasta,0.06,kg,Dropped/damaged
2026-05-03,Olive & Ember Airport,Olive oil,0.07,l,Spoiled
2026-05-03,Olive & Ember Airport,Sugar,0.06,kg,Expired
2026-05-03,Olive & Ember Airport,Coffee beans,0.05,kg,Dropped/damaged
2026-05-03,Olive & Ember Airport,Lemonade syrup,0.07,l,Expired
2026-05-10,Olive & Ember Airport,Beef mince,1.02,kg,Over-prepared
2026-05-10,Olive & Ember Airport,Ribeye steak,0.16,kg,Dropped/damaged
2026-05-10,Olive & Ember Airport,Chicken breast,0.38,kg,Over-prepared
2026-05-10,Olive & Ember Airport,Pork sausage,0.37,kg,Over-prepared
2026-05-10,Olive & Ember Airport,Lamb shoulder,0.15,kg,Over-prepared
2026-05-10,Olive & Ember Airport,Salmon fillet,0.52,kg,Expired
2026-05-10,Olive & Ember Airport,Prawns,0.46,kg,Expired
2026-05-10,Olive & Ember Airport,Calamari,0.48,kg,Over-prepared
2026-05-10,Olive & Ember Airport,Mozzarella,1.4,kg,Expired
2026-05-10,Olive & Ember Airport,Parmesan,0.11,kg,Expired
2026-05-10,Olive & Ember Airport,Butter,0.39,kg,Dropped/damaged
2026-05-10,Olive & Ember Airport,Cream,0.1,l,Expired
2026-05-10,Olive & Ember Airport,Milk,2.23,l,Spoiled
2026-05-10,Olive & Ember Airport,Eggs,9,each,Spoiled
2026-05-10,Olive & Ember Airport,Mascarpone,0.2,kg,Expired
2026-05-10,Olive & Ember Airport,Tomatoes,2.97,kg,Spoiled
2026-05-10,Olive & Ember Airport,Lettuce,1.23,kg,Spoiled
2026-05-10,Olive & Ember Airport,Onions,0.41,kg,Spoiled
2026-05-10,Olive & Ember Airport,Potatoes,6.69,kg,Spoiled
2026-05-10,Olive & Ember Airport,Mushrooms,0.67,kg,Spoiled
2026-05-10,Olive & Ember Airport,Lemons,0.85,kg,Spoiled
2026-05-10,Olive & Ember Airport,Garlic,0.1,kg,Over-prepared
2026-05-10,Olive & Ember Airport,Pizza flour,0.34,kg,Spoiled
2026-05-10,Olive & Ember Airport,Pasta,0.06,kg,Expired
2026-05-10,Olive & Ember Airport,Olive oil,0.05,l,Spoiled
2026-05-10,Olive & Ember Airport,Burger buns,1,each,Dropped/damaged
2026-05-10,Olive & Ember Airport,Sugar,0.05,kg,Expired
2026-05-10,Olive & Ember Airport,Coffee beans,0.06,kg,Expired
2026-05-10,Olive & Ember Airport,Lemonade syrup,0.06,l,Expired
2026-05-17,Olive & Ember Airport,Beef mince,1.06,kg,Over-prepared
2026-05-17,Olive & Ember Airport,Ribeye steak,0.22,kg,Expired
2026-05-17,Olive & Ember Airport,Chicken breast,0.39,kg,Over-prepared
2026-05-17,Olive & Ember Airport,Pork sausage,0.26,kg,Over-prepared
2026-05-17,Olive & Ember Airport,Lamb shoulder,0.12,kg,Over-prepared
2026-05-17,Olive & Ember Airport,Salmon fillet,0.59,kg,Over-prepared
2026-05-17,Olive & Ember Airport,Prawns,0.36,kg,Expired
2026-05-17,Olive & Ember Airport,Calamari,0.48,kg,Over-prepared
2026-05-17,Olive & Ember Airport,Mozzarella,1.61,kg,Expired
2026-05-17,Olive & Ember Airport,Parmesan,0.11,kg,Expired
2026-05-17,Olive & Ember Airport,Butter,0.33,kg,Expired
2026-05-17,Olive & Ember Airport,Cream,0.08,l,Expired
2026-05-17,Olive & Ember Airport,Milk,1.95,l,Spoiled
2026-05-17,Olive & Ember Airport,Eggs,8,each,Expired
2026-05-17,Olive & Ember Airport,Mascarpone,0.22,kg,Spoiled
2026-05-17,Olive & Ember Airport,Tomatoes,2.98,kg,Spoiled
2026-05-17,Olive & Ember Airport,Lettuce,1.33,kg,Expired
2026-05-17,Olive & Ember Airport,Onions,0.45,kg,Over-prepared
2026-05-17,Olive & Ember Airport,Potatoes,5.48,kg,Spoiled
2026-05-17,Olive & Ember Airport,Mushrooms,0.58,kg,Expired
2026-05-17,Olive & Ember Airport,Lemons,0.84,kg,Expired
2026-05-17,Olive & Ember Airport,Basil,0.05,kg,Over-prepared
2026-05-17,Olive & Ember Airport,Garlic,0.09,kg,Over-prepared
2026-05-17,Olive & Ember Airport,Pizza flour,0.41,kg,Spoiled
2026-05-17,Olive & Ember Airport,Pasta,0.06,kg,Spoiled
2026-05-17,Olive & Ember Airport,Olive oil,0.06,l,Expired
2026-05-17,Olive & Ember Airport,Sugar,0.06,kg,Spoiled
2026-05-17,Olive & Ember Airport,Coffee beans,0.06,kg,Dropped/damaged
2026-05-17,Olive & Ember Airport,Lemonade syrup,0.07,l,Expired
2026-05-24,Olive & Ember Airport,Beef mince,0.92,kg,Expired
2026-05-24,Olive & Ember Airport,Ribeye steak,0.17,kg,Over-prepared
2026-05-24,Olive & Ember Airport,Chicken breast,0.31,kg,Over-prepared
2026-05-24,Olive & Ember Airport,Pork sausage,0.39,kg,Over-prepared
2026-05-24,Olive & Ember Airport,Lamb shoulder,0.17,kg,Over-prepared
2026-05-24,Olive & Ember Airport,Salmon fillet,0.35,kg,Expired
2026-05-24,Olive & Ember Airport,Prawns,0.37,kg,Over-prepared
2026-05-24,Olive & Ember Airport,Calamari,0.45,kg,Dropped/damaged
2026-05-24,Olive & Ember Airport,Mozzarella,1.52,kg,Expired
2026-05-24,Olive & Ember Airport,Parmesan,0.12,kg,Spoiled
2026-05-24,Olive & Ember Airport,Butter,0.38,kg,Spoiled
2026-05-24,Olive & Ember Airport,Cream,0.09,l,Spoiled
2026-05-24,Olive & Ember Airport,Milk,1.89,l,Spoiled
2026-05-24,Olive & Ember Airport,Eggs,9,each,Spoiled
2026-05-24,Olive & Ember Airport,Mascarpone,0.21,kg,Spoiled
2026-05-24,Olive & Ember Airport,Tomatoes,3.01,kg,Spoiled
2026-05-24,Olive & Ember Airport,Lettuce,1.29,kg,Over-prepared
2026-05-24,Olive & Ember Airport,Onions,0.42,kg,Over-prepared
2026-05-24,Olive & Ember Airport,Potatoes,8.41,kg,Expired
2026-05-24,Olive & Ember Airport,Mushrooms,0.84,kg,Expired
2026-05-24,Olive & Ember Airport,Lemons,0.94,kg,Expired
2026-05-24,Olive & Ember Airport,Basil,0.05,kg,Over-prepared
2026-05-24,Olive & Ember Airport,Garlic,0.1,kg,Over-prepared
2026-05-24,Olive & Ember Airport,Pizza flour,0.41,kg,Expired
2026-05-24,Olive & Ember Airport,Pasta,0.07,kg,Dropped/damaged
2026-05-24,Olive & Ember Airport,Olive oil,0.07,l,Spoiled
2026-05-24,Olive & Ember Airport,Sugar,0.06,kg,Expired
2026-05-24,Olive & Ember Airport,Coffee beans,0.05,kg,Spoiled
2026-05-24,Olive & Ember Airport,Lemonade syrup,0.08,l,Expired
2026-05-31,Olive & Ember Airport,Beef mince,1.19,kg,Over-prepared
2026-05-31,Olive & Ember Airport,Ribeye steak,0.21,kg,Expired
2026-05-31,Olive & Ember Airport,Chicken breast,0.37,kg,Expired
2026-05-31,Olive & Ember Airport,Pork sausage,0.39,kg,Expired
2026-05-31,Olive & Ember Airport,Lamb shoulder,0.1,kg,Over-prepared
2026-05-31,Olive & Ember Airport,Salmon fillet,0.47,kg,Expired
2026-05-31,Olive & Ember Airport,Prawns,0.48,kg,Expired
2026-05-31,Olive & Ember Airport,Calamari,0.63,kg,Over-prepared
2026-05-31,Olive & Ember Airport,Mozzarella,1.45,kg,Spoiled
2026-05-31,Olive & Ember Airport,Parmesan,0.12,kg,Expired
2026-05-31,Olive & Ember Airport,Butter,0.42,kg,Spoiled
2026-05-31,Olive & Ember Airport,Cream,0.1,l,Expired
2026-05-31,Olive & Ember Airport,Milk,2.06,l,Expired
2026-05-31,Olive & Ember Airport,Eggs,9,each,Expired
2026-05-31,Olive & Ember Airport,Mascarpone,0.23,kg,Spoiled
2026-05-31,Olive & Ember Airport,Tomatoes,3.1,kg,Over-prepared
2026-05-31,Olive & Ember Airport,Lettuce,1.23,kg,Spoiled
2026-05-31,Olive & Ember Airport,Onions,0.46,kg,Over-prepared
2026-05-31,Olive & Ember Airport,Potatoes,7.72,kg,Expired
2026-05-31,Olive & Ember Airport,Mushrooms,0.81,kg,Spoiled
2026-05-31,Olive & Ember Airport,Lemons,0.88,kg,Spoiled
2026-05-31,Olive & Ember Airport,Basil,0.05,kg,Over-prepared
2026-05-31,Olive & Ember Airport,Garlic,0.1,kg,Over-prepared
2026-05-31,Olive & Ember Airport,Pizza flour,0.4,kg,Expired
2026-05-31,Olive & Ember Airport,Pasta,0.05,kg,Spoiled
2026-05-31,Olive & Ember Airport,Olive oil,0.07,l,Expired
2026-05-31,Olive & Ember Airport,Burger buns,1,each,Expired
2026-05-31,Olive & Ember Airport,Sugar,0.07,kg,Expired
2026-05-31,Olive & Ember Airport,Coffee beans,0.06,kg,Dropped/damaged
2026-05-31,Olive & Ember Airport,Lemonade syrup,0.06,l,Spoiled
2026-06-07,Olive & Ember Airport,Beef mince,2.69,kg,Expired
2026-06-07,Olive & Ember Airport,Ribeye steak,0.45,kg,Over-prepared
2026-06-07,Olive & Ember Airport,Chicken breast,1.06,kg,Over-prepared
2026-06-07,Olive & Ember Airport,Pork sausage,0.88,kg,Over-prepared
2026-06-07,Olive & Ember Airport,Lamb shoulder,0.4,kg,Dropped/damaged
2026-06-07,Olive & Ember Airport,Salmon fillet,1.12,kg,Over-prepared
2026-06-07,Olive & Ember Airport,Prawns,1.35,kg,Expired
2026-06-07,Olive & Ember Airport,Calamari,1.88,kg,Expired
2026-06-07,Olive & Ember Airport,Mozzarella,4.67,kg,Expired
2026-06-07,Olive & Ember Airport,Parmesan,0.36,kg,Spoiled
2026-06-07,Olive & Ember Airport,Butter,0.94,kg,Dropped/damaged
2026-06-07,Olive & Ember Airport,Cream,0.33,l,Spoiled
2026-06-07,Olive & Ember Airport,Milk,5.75,l,Expired
2026-06-07,Olive & Ember Airport,Eggs,30,each,Expired
2026-06-07,Olive & Ember Airport,Mascarpone,0.66,kg,Expired
2026-06-07,Olive & Ember Airport,Tomatoes,8.68,kg,Expired
2026-06-07,Olive & Ember Airport,Lettuce,4.03,kg,Spoiled
2026-06-07,Olive & Ember Airport,Onions,1.13,kg,Spoiled
2026-06-07,Olive & Ember Airport,Potatoes,17.07,kg,Over-prepared
2026-06-07,Olive & Ember Airport,Mushrooms,1.94,kg,Over-prepared
2026-06-07,Olive & Ember Airport,Lemons,2.36,kg,Expired
2026-06-07,Olive & Ember Airport,Basil,0.14,kg,Spoiled
2026-06-07,Olive & Ember Airport,Garlic,0.28,kg,Spoiled
2026-06-07,Olive & Ember Airport,Pizza flour,0.38,kg,Expired
2026-06-07,Olive & Ember Airport,Pasta,0.08,kg,Expired
2026-06-07,Olive & Ember Airport,Olive oil,0.06,l,Expired
2026-06-07,Olive & Ember Airport,Sugar,0.08,kg,Expired
2026-06-07,Olive & Ember Airport,Coffee beans,0.06,kg,Expired
2026-06-07,Olive & Ember Airport,Lemonade syrup,0.07,l,Expired
2026-06-14,Olive & Ember Airport,Beef mince,2.49,kg,Over-prepared
2026-06-14,Olive & Ember Airport,Ribeye steak,0.35,kg,Over-prepared
2026-06-14,Olive & Ember Airport,Chicken breast,1.04,kg,Over-prepared
2026-06-14,Olive & Ember Airport,Pork sausage,0.69,kg,Expired
2026-06-14,Olive & Ember Airport,Lamb shoulder,0.44,kg,Over-prepared
2026-06-14,Olive & Ember Airport,Salmon fillet,0.88,kg,Dropped/damaged
2026-06-14,Olive & Ember Airport,Prawns,0.94,kg,Over-prepared
2026-06-14,Olive & Ember Airport,Calamari,1.23,kg,Over-prepared
2026-06-14,Olive & Ember Airport,Mozzarella,4.41,kg,Spoiled
2026-06-14,Olive & Ember Airport,Parmesan,0.38,kg,Expired
2026-06-14,Olive & Ember Airport,Butter,0.91,kg,Spoiled
2026-06-14,Olive & Ember Airport,Cream,0.37,l,Dropped/damaged
2026-06-14,Olive & Ember Airport,Milk,4.96,l,Spoiled
2026-06-14,Olive & Ember Airport,Eggs,30,each,Spoiled
2026-06-14,Olive & Ember Airport,Mascarpone,0.64,kg,Expired
2026-06-14,Olive & Ember Airport,Tomatoes,7.55,kg,Expired
2026-06-14,Olive & Ember Airport,Lettuce,3.37,kg,Expired
2026-06-14,Olive & Ember Airport,Onions,1,kg,Over-prepared
2026-06-14,Olive & Ember Airport,Potatoes,17.51,kg,Over-prepared
2026-06-14,Olive & Ember Airport,Mushrooms,2.02,kg,Expired
2026-06-14,Olive & Ember Airport,Lemons,2.46,kg,Over-prepared
2026-06-14,Olive & Ember Airport,Basil,0.14,kg,Spoiled
2026-06-14,Olive & Ember Airport,Garlic,0.31,kg,Spoiled
2026-06-14,Olive & Ember Airport,Pizza flour,0.43,kg,Expired
2026-06-14,Olive & Ember Airport,Pasta,0.05,kg,Dropped/damaged
2026-06-14,Olive & Ember Airport,Olive oil,0.06,l,Expired
2026-06-14,Olive & Ember Airport,Sugar,0.06,kg,Expired
2026-06-14,Olive & Ember Airport,Coffee beans,0.06,kg,Expired
2026-06-14,Olive & Ember Airport,Lemonade syrup,0.08,l,Expired
2026-06-21,Olive & Ember Airport,Beef mince,2.56,kg,Expired
2026-06-21,Olive & Ember Airport,Ribeye steak,0.49,kg,Over-prepared
2026-06-21,Olive & Ember Airport,Chicken breast,0.88,kg,Over-prepared
2026-06-21,Olive & Ember Airport,Pork sausage,0.82,kg,Dropped/damaged
2026-06-21,Olive & Ember Airport,Lamb shoulder,0.3,kg,Over-prepared
2026-06-21,Olive & Ember Airport,Salmon fillet,0.69,kg,Expired
2026-06-21,Olive & Ember Airport,Prawns,1.45,kg,Over-prepared
2026-06-21,Olive & Ember Airport,Calamari,1.75,kg,Over-prepared
2026-06-21,Olive & Ember Airport,Mozzarella,4.15,kg,Expired
2026-06-21,Olive & Ember Airport,Parmesan,0.33,kg,Expired
2026-06-21,Olive & Ember Airport,Butter,1.09,kg,Expired
2026-06-21,Olive & Ember Airport,Cream,0.32,l,Expired
2026-06-21,Olive & Ember Airport,Milk,4.71,l,Spoiled
2026-06-21,Olive & Ember Airport,Eggs,28,each,Expired
2026-06-21,Olive & Ember Airport,Mascarpone,0.59,kg,Expired
2026-06-21,Olive & Ember Airport,Tomatoes,8.38,kg,Over-prepared
2026-06-21,Olive & Ember Airport,Lettuce,3.23,kg,Over-prepared
2026-06-21,Olive & Ember Airport,Onions,1.01,kg,Over-prepared
2026-06-21,Olive & Ember Airport,Potatoes,18.79,kg,Expired
2026-06-21,Olive & Ember Airport,Mushrooms,1.59,kg,Over-prepared
2026-06-21,Olive & Ember Airport,Lemons,2.17,kg,Expired
2026-06-21,Olive & Ember Airport,Basil,0.12,kg,Spoiled
2026-06-21,Olive & Ember Airport,Garlic,0.31,kg,Expired
2026-06-21,Olive & Ember Airport,Pizza flour,0.38,kg,Expired
2026-06-21,Olive & Ember Airport,Pasta,0.05,kg,Expired
2026-06-21,Olive & Ember Airport,Olive oil,0.06,l,Expired
2026-06-21,Olive & Ember Airport,Burger buns,1,each,Spoiled
2026-06-21,Olive & Ember Airport,Sugar,0.07,kg,Expired
2026-06-21,Olive & Ember Airport,Coffee beans,0.06,kg,Expired
2026-06-21,Olive & Ember Airport,Lemonade syrup,0.06,l,Expired
2026-06-28,Olive & Ember Airport,Beef mince,2.66,kg,Expired
2026-06-28,Olive & Ember Airport,Ribeye steak,0.48,kg,Expired
2026-06-28,Olive & Ember Airport,Chicken breast,0.8,kg,Over-prepared
2026-06-28,Olive & Ember Airport,Pork sausage,0.91,kg,Over-prepared
2026-06-28,Olive & Ember Airport,Lamb shoulder,0.3,kg,Over-prepared
2026-06-28,Olive & Ember Airport,Salmon fillet,1.02,kg,Over-prepared
2026-06-28,Olive & Ember Airport,Prawns,1.51,kg,Over-prepared
2026-06-28,Olive & Ember Airport,Calamari,1.09,kg,Expired
2026-06-28,Olive & Ember Airport,Mozzarella,4.31,kg,Dropped/damaged
2026-06-28,Olive & Ember Airport,Parmesan,0.29,kg,Expired
2026-06-28,Olive & Ember Airport,Butter,1.05,kg,Expired
2026-06-28,Olive & Ember Airport,Cream,0.31,l,Expired
2026-06-28,Olive & Ember Airport,Milk,5.62,l,Expired
2026-06-28,Olive & Ember Airport,Eggs,25,each,Expired
2026-06-28,Olive & Ember Airport,Mascarpone,0.66,kg,Expired
2026-06-28,Olive & Ember Airport,Tomatoes,7.97,kg,Over-prepared
2026-06-28,Olive & Ember Airport,Lettuce,3.31,kg,Spoiled
2026-06-28,Olive & Ember Airport,Onions,0.78,kg,Over-prepared
2026-06-28,Olive & Ember Airport,Potatoes,16.47,kg,Spoiled
2026-06-28,Olive & Ember Airport,Mushrooms,1.5,kg,Spoiled
2026-06-28,Olive & Ember Airport,Lemons,2.02,kg,Expired
2026-06-28,Olive & Ember Airport,Basil,0.13,kg,Over-prepared
2026-06-28,Olive & Ember Airport,Garlic,0.32,kg,Spoiled
2026-06-28,Olive & Ember Airport,Pizza flour,0.37,kg,Expired
2026-06-28,Olive & Ember Airport,Pasta,0.06,kg,Expired
2026-06-28,Olive & Ember Airport,Olive oil,0.07,l,Spoiled
2026-06-28,Olive & Ember Airport,Burger buns,1,each,Expired
2026-06-28,Olive & Ember Airport,Sugar,0.07,kg,Spoiled
2026-06-28,Olive & Ember Airport,Coffee beans,0.06,kg,Spoiled
2026-06-28,Olive & Ember Airport,Lemonade syrup,0.07,l,Spoiled
2026-07-05,Olive & Ember Airport,Beef mince,3.28,kg,Over-prepared
2026-07-05,Olive & Ember Airport,Ribeye steak,0.47,kg,Expired
2026-07-05,Olive & Ember Airport,Chicken breast,1.02,kg,Expired
2026-07-05,Olive & Ember Airport,Pork sausage,1.03,kg,Over-prepared
2026-07-05,Olive & Ember Airport,Lamb shoulder,0.29,kg,Expired
2026-07-05,Olive & Ember Airport,Salmon fillet,0.91,kg,Dropped/damaged
2026-07-05,Olive & Ember Airport,Prawns,1.48,kg,Expired
2026-07-05,Olive & Ember Airport,Calamari,1.27,kg,Expired
2026-07-05,Olive & Ember Airport,Mozzarella,4.53,kg,Spoiled
2026-07-05,Olive & Ember Airport,Parmesan,0.3,kg,Spoiled
2026-07-05,Olive & Ember Airport,Butter,0.96,kg,Dropped/damaged
2026-07-05,Olive & Ember Airport,Cream,0.33,l,Expired
2026-07-05,Olive & Ember Airport,Milk,6.11,l,Dropped/damaged
2026-07-05,Olive & Ember Airport,Eggs,27,each,Expired
2026-07-05,Olive & Ember Airport,Mascarpone,0.59,kg,Spoiled
2026-07-05,Olive & Ember Airport,Tomatoes,7.3,kg,Spoiled
2026-07-05,Olive & Ember Airport,Lettuce,3.29,kg,Expired
2026-07-05,Olive & Ember Airport,Onions,1.08,kg,Over-prepared
2026-07-05,Olive & Ember Airport,Potatoes,18.63,kg,Over-prepared
2026-07-05,Olive & Ember Airport,Mushrooms,2.14,kg,Over-prepared
2026-07-05,Olive & Ember Airport,Lemons,2.62,kg,Spoiled
2026-07-05,Olive & Ember Airport,Basil,0.11,kg,Expired
2026-07-05,Olive & Ember Airport,Garlic,0.29,kg,Spoiled
2026-07-05,Olive & Ember Airport,Pizza flour,0.51,kg,Expired
2026-07-05,Olive & Ember Airport,Pasta,0.07,kg,Spoiled
2026-07-05,Olive & Ember Airport,Olive oil,0.08,l,Dropped/damaged
2026-07-05,Olive & Ember Airport,Burger buns,1,each,Expired
2026-07-05,Olive & Ember Airport,Sugar,0.09,kg,Expired
2026-07-05,Olive & Ember Airport,Coffee beans,0.07,kg,Expired
2026-07-05,Olive & Ember Airport,Lemonade syrup,0.08,l,Spoiled
2026-07-12,Olive & Ember Airport,Salmon fillet,3.24,kg,Equipment failure
2026-07-12,Olive & Ember Airport,Prawns,3.24,kg,Equipment failure
2026-07-12,Olive & Ember Airport,Mozzarella,15.85,kg,Equipment failure
2026-07-12,Olive & Ember Airport,Cream,1.07,l,Equipment failure
2026-07-12,Olive & Ember Airport,Butter,4.16,kg,Equipment failure
2026-07-12,Olive & Ember Airport,Mascarpone,2.88,kg,Equipment failure
2026-07-12,Olive & Ember Airport,Milk,19.01,l,Equipment failure
2026-07-12,Olive & Ember Airport,Beef mince,2.53,kg,Over-prepared
2026-07-12,Olive & Ember Airport,Ribeye steak,0.31,kg,Dropped/damaged
2026-07-12,Olive & Ember Airport,Chicken breast,1.01,kg,Expired
2026-07-12,Olive & Ember Airport,Pork sausage,1.21,kg,Expired
2026-07-12,Olive & Ember Airport,Lamb shoulder,0.45,kg,Over-prepared
2026-07-12,Olive & Ember Airport,Salmon fillet,1.3,kg,Dropped/damaged
2026-07-12,Olive & Ember Airport,Prawns,1.18,kg,Expired
2026-07-12,Olive & Ember Airport,Calamari,1.18,kg,Over-prepared
2026-07-12,Olive & Ember Airport,Mozzarella,4.14,kg,Expired
2026-07-12,Olive & Ember Airport,Parmesan,0.3,kg,Expired
2026-07-12,Olive & Ember Airport,Butter,0.93,kg,Expired
2026-07-12,Olive & Ember Airport,Cream,0.21,l,Spoiled
2026-07-12,Olive & Ember Airport,Milk,5.14,l,Expired
2026-07-12,Olive & Ember Airport,Eggs,27,each,Spoiled
2026-07-12,Olive & Ember Airport,Mascarpone,0.56,kg,Expired
2026-07-12,Olive & Ember Airport,Tomatoes,7.69,kg,Over-prepared
2026-07-12,Olive & Ember Airport,Lettuce,4.1,kg,Over-prepared
2026-07-12,Olive & Ember Airport,Onions,1.01,kg,Expired
2026-07-12,Olive & Ember Airport,Potatoes,20.8,kg,Spoiled
2026-07-12,Olive & Ember Airport,Mushrooms,2.1,kg,Expired
2026-07-12,Olive & Ember Airport,Lemons,2.15,kg,Spoiled
2026-07-12,Olive & Ember Airport,Basil,0.15,kg,Expired
2026-07-12,Olive & Ember Airport,Garlic,0.24,kg,Expired
2026-07-12,Olive & Ember Airport,Pizza flour,0.44,kg,Dropped/damaged
2026-07-12,Olive & Ember Airport,Pasta,0.06,kg,Spoiled
2026-07-12,Olive & Ember Airport,Olive oil,0.07,l,Expired
2026-07-12,Olive & Ember Airport,Burger buns,1,each,Expired
2026-07-12,Olive & Ember Airport,Sugar,0.07,kg,Spoiled
2026-07-12,Olive & Ember Airport,Coffee beans,0.07,kg,Dropped/damaged
2026-07-12,Olive & Ember Airport,Lemonade syrup,0.08,l,Expired
2026-07-19,Olive & Ember Airport,Beef mince,3.37,kg,Expired
2026-07-19,Olive & Ember Airport,Ribeye steak,0.45,kg,Over-prepared
2026-07-19,Olive & Ember Airport,Chicken breast,1.03,kg,Over-prepared
2026-07-19,Olive & Ember Airport,Pork sausage,1.19,kg,Expired
2026-07-19,Olive & Ember Airport,Lamb shoulder,0.36,kg,Over-prepared
2026-07-19,Olive & Ember Airport,Salmon fillet,1.17,kg,Over-prepared
2026-07-19,Olive & Ember Airport,Prawns,1.15,kg,Expired
2026-07-19,Olive & Ember Airport,Calamari,1.52,kg,Over-prepared
2026-07-19,Olive & Ember Airport,Mozzarella,5.21,kg,Spoiled
2026-07-19,Olive & Ember Airport,Parmesan,0.33,kg,Expired
2026-07-19,Olive & Ember Airport,Butter,0.94,kg,Dropped/damaged
2026-07-19,Olive & Ember Airport,Cream,0.27,l,Expired
2026-07-19,Olive & Ember Airport,Milk,6.53,l,Expired
2026-07-19,Olive & Ember Airport,Eggs,26,each,Expired
2026-07-19,Olive & Ember Airport,Mascarpone,0.78,kg,Expired
2026-07-19,Olive & Ember Airport,Tomatoes,10.53,kg,Spoiled
2026-07-19,Olive & Ember Airport,Lettuce,4.2,kg,Spoiled
2026-07-19,Olive & Ember Airport,Onions,1.3,kg,Spoiled
2026-07-19,Olive & Ember Airport,Potatoes,20.77,kg,Over-prepared
2026-07-19,Olive & Ember Airport,Mushrooms,2.33,kg,Expired
2026-07-19,Olive & Ember Airport,Lemons,1.89,kg,Spoiled
2026-07-19,Olive & Ember Airport,Basil,0.17,kg,Expired
2026-07-19,Olive & Ember Airport,Garlic,0.3,kg,Over-prepared
2026-07-19,Olive & Ember Airport,Pizza flour,0.49,kg,Expired
2026-07-19,Olive & Ember Airport,Pasta,0.06,kg,Expired
2026-07-19,Olive & Ember Airport,Olive oil,0.07,l,Expired
2026-07-19,Olive & Ember Airport,Burger buns,1,each,Expired
2026-07-19,Olive & Ember Airport,Sugar,0.07,kg,Spoiled
2026-07-19,Olive & Ember Airport,Coffee beans,0.06,kg,Spoiled
2026-07-19,Olive & Ember Airport,Lemonade syrup,0.06,l,Spoiled
2026-07-26,Olive & Ember Airport,Beef mince,2.85,kg,Expired
2026-07-26,Olive & Ember Airport,Ribeye steak,0.57,kg,Over-prepared
2026-07-26,Olive & Ember Airport,Chicken breast,1.08,kg,Expired
2026-07-26,Olive & Ember Airport,Pork sausage,0.95,kg,Expired
2026-07-26,Olive & Ember Airport,Lamb shoulder,0.36,kg,Over-prepared
2026-07-26,Olive & Ember Airport,Salmon fillet,1.08,kg,Over-prepared
2026-07-26,Olive & Ember Airport,Prawns,1.26,kg,Expired
2026-07-26,Olive & Ember Airport,Calamari,1.58,kg,Over-prepared
2026-07-26,Olive & Ember Airport,Mozzarella,4.61,kg,Spoiled
2026-07-26,Olive & Ember Airport,Parmesan,0.32,kg,Expired
2026-07-26,Olive & Ember Airport,Butter,1.03,kg,Dropped/damaged
2026-07-26,Olive & Ember Airport,Cream,0.3,l,Dropped/damaged
2026-07-26,Olive & Ember Airport,Milk,5.24,l,Expired
2026-07-26,Olive & Ember Airport,Eggs,33,each,Expired
2026-07-26,Olive & Ember Airport,Mascarpone,0.52,kg,Expired
2026-07-26,Olive & Ember Airport,Tomatoes,8.52,kg,Over-prepared
2026-07-26,Olive & Ember Airport,Lettuce,4.22,kg,Spoiled
2026-07-26,Olive & Ember Airport,Onions,1.06,kg,Spoiled
2026-07-26,Olive & Ember Airport,Potatoes,21.4,kg,Expired
2026-07-26,Olive & Ember Airport,Mushrooms,2.18,kg,Over-prepared
2026-07-26,Olive & Ember Airport,Lemons,2.71,kg,Spoiled
2026-07-26,Olive & Ember Airport,Basil,0.16,kg,Over-prepared
2026-07-26,Olive & Ember Airport,Garlic,0.38,kg,Spoiled
2026-07-26,Olive & Ember Airport,Pizza flour,0.41,kg,Dropped/damaged
2026-07-26,Olive & Ember Airport,Pasta,0.06,kg,Expired
2026-07-26,Olive & Ember Airport,Olive oil,0.08,l,Expired
2026-07-26,Olive & Ember Airport,Burger buns,1,each,Dropped/damaged
2026-07-26,Olive & Ember Airport,Sugar,0.08,kg,Expired
2026-07-26,Olive & Ember Airport,Coffee beans,0.06,kg,Spoiled
2026-07-26,Olive & Ember Airport,Lemonade syrup,0.08,l,Expired
2026-08-02,Olive & Ember Airport,Beef mince,2.86,kg,Expired
2026-08-02,Olive & Ember Airport,Ribeye steak,0.34,kg,Expired
2026-08-02,Olive & Ember Airport,Chicken breast,1.15,kg,Expired
2026-08-02,Olive & Ember Airport,Pork sausage,0.97,kg,Expired
2026-08-02,Olive & Ember Airport,Lamb shoulder,0.43,kg,Over-prepared
2026-08-02,Olive & Ember Airport,Salmon fillet,1.23,kg,Over-prepared
2026-08-02,Olive & Ember Airport,Prawns,1.25,kg,Over-prepared
2026-08-02,Olive & Ember Airport,Calamari,1.51,kg,Over-prepared
2026-08-02,Olive & Ember Airport,Mozzarella,4.74,kg,Expired
2026-08-02,Olive & Ember Airport,Parmesan,0.34,kg,Dropped/damaged
2026-08-02,Olive & Ember Airport,Butter,0.99,kg,Spoiled
2026-08-02,Olive & Ember Airport,Cream,0.21,l,Expired
2026-08-02,Olive & Ember Airport,Milk,6.08,l,Spoiled
2026-08-02,Olive & Ember Airport,Eggs,25,each,Expired
2026-08-02,Olive & Ember Airport,Mascarpone,0.57,kg,Expired
2026-08-02,Olive & Ember Airport,Tomatoes,6.44,kg,Spoiled
2026-08-02,Olive & Ember Airport,Lettuce,4.29,kg,Over-prepared
2026-08-02,Olive & Ember Airport,Onions,1.2,kg,Expired
2026-08-02,Olive & Ember Airport,Potatoes,19.42,kg,Spoiled
2026-08-02,Olive & Ember Airport,Mushrooms,1.81,kg,Spoiled
2026-08-02,Olive & Ember Airport,Lemons,2.01,kg,Spoiled
2026-08-02,Olive & Ember Airport,Basil,0.12,kg,Spoiled
2026-08-02,Olive & Ember Airport,Garlic,0.3,kg,Over-prepared
2026-08-02,Olive & Ember Airport,Pizza flour,0.4,kg,Expired
2026-08-02,Olive & Ember Airport,Pasta,0.07,kg,Expired
2026-08-02,Olive & Ember Airport,Olive oil,0.08,l,Expired
2026-08-02,Olive & Ember Airport,Burger buns,1,each,Dropped/damaged
2026-08-02,Olive & Ember Airport,Sugar,0.07,kg,Dropped/damaged
2026-08-02,Olive & Ember Airport,Coffee beans,0.06,kg,Expired
2026-08-02,Olive & Ember Airport,Lemonade syrup,0.11,l,Spoiled
2026-08-09,Olive & Ember Airport,Beef mince,2.65,kg,Over-prepared
2026-08-09,Olive & Ember Airport,Ribeye steak,0.5,kg,Dropped/damaged
2026-08-09,Olive & Ember Airport,Chicken breast,1.02,kg,Expired
2026-08-09,Olive & Ember Airport,Pork sausage,1.3,kg,Over-prepared
2026-08-09,Olive & Ember Airport,Lamb shoulder,0.32,kg,Expired
2026-08-09,Olive & Ember Airport,Salmon fillet,0.92,kg,Over-prepared
2026-08-09,Olive & Ember Airport,Prawns,1.4,kg,Over-prepared
2026-08-09,Olive & Ember Airport,Calamari,1.48,kg,Over-prepared
2026-08-09,Olive & Ember Airport,Mozzarella,3.73,kg,Expired
2026-08-09,Olive & Ember Airport,Parmesan,0.39,kg,Spoiled
2026-08-09,Olive & Ember Airport,Butter,1.03,kg,Expired
2026-08-09,Olive & Ember Airport,Cream,0.33,l,Expired
2026-08-09,Olive & Ember Airport,Milk,6.14,l,Expired
2026-08-09,Olive & Ember Airport,Eggs,27,each,Spoiled
2026-08-09,Olive & Ember Airport,Mascarpone,0.66,kg,Expired
2026-08-09,Olive & Ember Airport,Tomatoes,8.12,kg,Spoiled
2026-08-09,Olive & Ember Airport,Lettuce,3.62,kg,Spoiled
2026-08-09,Olive & Ember Airport,Onions,1.18,kg,Spoiled
2026-08-09,Olive & Ember Airport,Potatoes,20.68,kg,Expired
2026-08-09,Olive & Ember Airport,Mushrooms,2.01,kg,Spoiled
2026-08-09,Olive & Ember Airport,Lemons,2.11,kg,Expired
2026-08-09,Olive & Ember Airport,Basil,0.13,kg,Over-prepared
2026-08-09,Olive & Ember Airport,Garlic,0.35,kg,Expired
2026-08-09,Olive & Ember Airport,Pizza flour,0.33,kg,Spoiled
2026-08-09,Olive & Ember Airport,Pasta,0.06,kg,Expired
2026-08-09,Olive & Ember Airport,Olive oil,0.09,l,Spoiled
2026-08-09,Olive & Ember Airport,Burger buns,1,each,Expired
2026-08-09,Olive & Ember Airport,Sugar,0.08,kg,Expired
2026-08-09,Olive & Ember Airport,Coffee beans,0.06,kg,Spoiled
2026-08-09,Olive & Ember Airport,Lemonade syrup,0.08,l,Expired
2026-08-16,Olive & Ember Airport,Beef mince,2.84,kg,Dropped/damaged
2026-08-16,Olive & Ember Airport,Ribeye steak,0.33,kg,Over-prepared
2026-08-16,Olive & Ember Airport,Chicken breast,1.1,kg,Expired
2026-08-16,Olive & Ember Airport,Pork sausage,1,kg,Over-prepared
2026-08-16,Olive & Ember Airport,Lamb shoulder,0.33,kg,Over-prepared
2026-08-16,Olive & Ember Airport,Salmon fillet,1.09,kg,Expired
2026-08-16,Olive & Ember Airport,Prawns,1.43,kg,Expired
2026-08-16,Olive & Ember Airport,Calamari,1.82,kg,Over-prepared
2026-08-16,Olive & Ember Airport,Mozzarella,4.79,kg,Spoiled
2026-08-16,Olive & Ember Airport,Parmesan,0.33,kg,Expired
2026-08-16,Olive & Ember Airport,Butter,1.1,kg,Expired
2026-08-16,Olive & Ember Airport,Cream,0.3,l,Dropped/damaged
2026-08-16,Olive & Ember Airport,Milk,5.78,l,Expired
2026-08-16,Olive & Ember Airport,Eggs,34,each,Expired
2026-08-16,Olive & Ember Airport,Mascarpone,0.67,kg,Expired
2026-08-16,Olive & Ember Airport,Tomatoes,9.32,kg,Expired
2026-08-16,Olive & Ember Airport,Lettuce,3.37,kg,Spoiled
2026-08-16,Olive & Ember Airport,Onions,1.11,kg,Over-prepared
2026-08-16,Olive & Ember Airport,Potatoes,17.97,kg,Spoiled
2026-08-16,Olive & Ember Airport,Mushrooms,2.4,kg,Over-prepared
2026-08-16,Olive & Ember Airport,Lemons,2.5,kg,Over-prepared
2026-08-16,Olive & Ember Airport,Basil,0.14,kg,Spoiled
2026-08-16,Olive & Ember Airport,Garlic,0.3,kg,Spoiled
2026-08-16,Olive & Ember Airport,Pizza flour,0.44,kg,Expired
2026-08-16,Olive & Ember Airport,Pasta,0.08,kg,Dropped/damaged
2026-08-16,Olive & Ember Airport,Olive oil,0.06,l,Expired
2026-08-16,Olive & Ember Airport,Burger buns,1,each,Expired
2026-08-16,Olive & Ember Airport,Sugar,0.08,kg,Spoiled
2026-08-16,Olive & Ember Airport,Coffee beans,0.06,kg,Expired
2026-08-16,Olive & Ember Airport,Lemonade syrup,0.06,l,Spoiled
2026-08-23,Olive & Ember Airport,Beef mince,2.87,kg,Over-prepared
2026-08-23,Olive & Ember Airport,Ribeye steak,0.37,kg,Expired
2026-08-23,Olive & Ember Airport,Chicken breast,1,kg,Over-prepared
2026-08-23,Olive & Ember Airport,Pork sausage,1.07,kg,Over-prepared
2026-08-23,Olive & Ember Airport,Lamb shoulder,0.44,kg,Expired
2026-08-23,Olive & Ember Airport,Salmon fillet,1.24,kg,Over-prepared
2026-08-23,Olive & Ember Airport,Prawns,1.05,kg,Over-prepared
2026-08-23,Olive & Ember Airport,Calamari,1.1,kg,Expired
2026-08-23,Olive & Ember Airport,Mozzarella,4.88,kg,Expired
2026-08-23,Olive & Ember Airport,Parmesan,0.34,kg,Expired
2026-08-23,Olive & Ember Airport,Butter,1.13,kg,Expired
2026-08-23,Olive & Ember Airport,Cream,0.38,l,Dropped/damaged
2026-08-23,Olive & Ember Airport,Milk,5.06,l,Spoiled
2026-08-23,Olive & Ember Airport,Eggs,32,each,Dropped/damaged
2026-08-23,Olive & Ember Airport,Mascarpone,0.94,kg,Expired
2026-08-23,Olive & Ember Airport,Tomatoes,7.28,kg,Over-prepared
2026-08-23,Olive & Ember Airport,Lettuce,3.58,kg,Over-prepared
2026-08-23,Olive & Ember Airport,Onions,1.27,kg,Spoiled
2026-08-23,Olive & Ember Airport,Potatoes,18.01,kg,Spoiled
2026-08-23,Olive & Ember Airport,Mushrooms,1.83,kg,Spoiled
2026-08-23,Olive & Ember Airport,Lemons,2.24,kg,Spoiled
2026-08-23,Olive & Ember Airport,Basil,0.12,kg,Spoiled
2026-08-23,Olive & Ember Airport,Garlic,0.26,kg,Spoiled
2026-08-23,Olive & Ember Airport,Pizza flour,0.43,kg,Expired
2026-08-23,Olive & Ember Airport,Olive oil,0.07,l,Expired
2026-08-23,Olive & Ember Airport,Burger buns,1,each,Spoiled
2026-08-23,Olive & Ember Airport,Sugar,0.07,kg,Spoiled
2026-08-23,Olive & Ember Airport,Coffee beans,0.07,kg,Expired
2026-08-23,Olive & Ember Airport,Lemonade syrup,0.08,l,Expired
2026-08-30,Olive & Ember Airport,Beef mince,2.69,kg,Over-prepared
2026-08-30,Olive & Ember Airport,Ribeye steak,0.51,kg,Expired
2026-08-30,Olive & Ember Airport,Chicken breast,0.74,kg,Over-prepared
2026-08-30,Olive & Ember Airport,Pork sausage,0.95,kg,Over-prepared
2026-08-30,Olive & Ember Airport,Lamb shoulder,0.29,kg,Over-prepared
2026-08-30,Olive & Ember Airport,Salmon fillet,1.42,kg,Over-prepared
2026-08-30,Olive & Ember Airport,Prawns,1.04,kg,Expired
2026-08-30,Olive & Ember Airport,Calamari,1.16,kg,Over-prepared
2026-08-30,Olive & Ember Airport,Mozzarella,4.11,kg,Dropped/damaged
2026-08-30,Olive & Ember Airport,Parmesan,0.33,kg,Expired
2026-08-30,Olive & Ember Airport,Butter,1.15,kg,Expired
2026-08-30,Olive & Ember Airport,Cream,0.3,l,Spoiled
2026-08-30,Olive & Ember Airport,Milk,5.8,l,Expired
2026-08-30,Olive & Ember Airport,Eggs,29,each,Expired
2026-08-30,Olive & Ember Airport,Mascarpone,0.69,kg,Expired
2026-08-30,Olive & Ember Airport,Tomatoes,7.5,kg,Spoiled
2026-08-30,Olive & Ember Airport,Lettuce,3.92,kg,Over-prepared
2026-08-30,Olive & Ember Airport,Onions,1.06,kg,Spoiled
2026-08-30,Olive & Ember Airport,Potatoes,21.94,kg,Spoiled
2026-08-30,Olive & Ember Airport,Mushrooms,1.92,kg,Expired
2026-08-30,Olive & Ember Airport,Lemons,2.51,kg,Spoiled
2026-08-30,Olive & Ember Airport,Basil,0.13,kg,Spoiled
2026-08-30,Olive & Ember Airport,Garlic,0.3,kg,Spoiled
2026-08-30,Olive & Ember Airport,Pizza flour,0.44,kg,Spoiled
2026-08-30,Olive & Ember Airport,Pasta,0.06,kg,Expired
2026-08-30,Olive & Ember Airport,Olive oil,0.07,l,Expired
2026-08-30,Olive & Ember Airport,Burger buns,1,each,Expired
2026-08-30,Olive & Ember Airport,Sugar,0.08,kg,Expired
2026-08-30,Olive & Ember Airport,Coffee beans,0.06,kg,Expired
2026-08-30,Olive & Ember Airport,Lemonade syrup,0.08,l,Spoiled
2026-08-31,Olive & Ember Airport,Beef mince,0.36,kg,Over-prepared
2026-08-31,Olive & Ember Airport,Ribeye steak,0.12,kg,Over-prepared
2026-08-31,Olive & Ember Airport,Chicken breast,0.14,kg,Expired
2026-08-31,Olive & Ember Airport,Pork sausage,0.18,kg,Over-prepared
2026-08-31,Olive & Ember Airport,Lamb shoulder,0.05,kg,Expired
2026-08-31,Olive & Ember Airport,Salmon fillet,0.21,kg,Expired
2026-08-31,Olive & Ember Airport,Prawns,0.11,kg,Expired
2026-08-31,Olive & Ember Airport,Calamari,0.12,kg,Over-prepared
2026-08-31,Olive & Ember Airport,Mozzarella,0.43,kg,Expired
2026-08-31,Olive & Ember Airport,Parmesan,0.07,kg,Spoiled
2026-08-31,Olive & Ember Airport,Butter,0.18,kg,Spoiled
2026-08-31,Olive & Ember Airport,Cream,0.05,l,Spoiled
2026-08-31,Olive & Ember Airport,Milk,0.88,l,Expired
2026-08-31,Olive & Ember Airport,Eggs,2,each,Spoiled
2026-08-31,Olive & Ember Airport,Mascarpone,0.11,kg,Spoiled
2026-08-31,Olive & Ember Airport,Tomatoes,1.27,kg,Spoiled
2026-08-31,Olive & Ember Airport,Lettuce,0.42,kg,Spoiled
2026-08-31,Olive & Ember Airport,Onions,0.23,kg,Expired
2026-08-31,Olive & Ember Airport,Potatoes,3.29,kg,Spoiled
2026-08-31,Olive & Ember Airport,Mushrooms,0.21,kg,Spoiled
2026-08-31,Olive & Ember Airport,Lemons,0.29,kg,Over-prepared
