customer_id,city,region,signup_date,acquisition_channel
10001,Northfield,North,2023-06-01,Organic Search
10002,Canyon Ridge,West,2023-06-01,In-Store
10003,Ashford,North,2023-06-01,In-Store
10004,Lakewood,East,2023-06-01,Paid Social
10005,Redwood Falls,West,2023-06-01,In-Store
10006,Redwood Falls,West,2023-06-01,In-Store
10007,Easton,East,2023-06-02,Organic Search
10008,Silver Creek,West,2023-06-02,Paid Social
10009,Ashford,North,2023-06-02,Paid Social
10010,Lakewood,East,2023-06-02,Organic Search
10011,Marlow,South,2023-06-02,Paid Social
10012,Redwood Falls,West,2023-06-02,
10013,Kingsbridge,,2023-06-02,Paid Social
10014,Bayport,South,2023-06-03,Paid Social
10015,Redwood Falls,,2023-06-04,Email
10016,Silver Creek,West,2023-06-04,Organic Search
10017,Northfield,North,2023-06-04,Paid Social
10018,Redwood Falls,West,2023-06-04,Referral
10019,Southwick,South,2023-06-05,Paid Social
10020,Northfield,North,2023-06-05,Organic Search
10021,Kingsbridge,East,2023-06-05,Organic Search
10022,Harbor City,East,2023-06-05,Organic Search
10023,Harbor City,East,2023-06-05,Organic Search
10024,Pinecrest,North,2023-06-05,
10025,Southwick,South,2023-06-06,Referral
10026,Marlow,South,2023-06-07,Referral
10027,Bayport,South,2023-06-07,Organic Search
10028,Easton,East,2023-06-07,In-Store
10029,Southwick,South,2023-06-07,Email
10030,Bayport,South,2023-06-08,Organic Search
10031,Bayport,South,2023-06-08,Organic Search
10032,Bayport,South,2023-06-09,Organic Search
10033,Westvale,West,2023-06-09,Organic Search
10034,Pinecrest,North,2023-06-09,Organic Search
10035,Silver Creek,West,2023-06-09,Referral
10036,Palmetto Bay,South,2023-06-10,In-Store
10037,Westvale,West,2023-06-10,Paid Social
10038,Ashford,North,2023-06-10,Organic Search
10039,Northfield,North,2023-06-10,Paid Social
10040,Redwood Falls,West,2023-06-10,Organic Search
10041,Pinecrest,North,2023-06-10,In-Store
10042,Bayport,South,2023-06-10,In-Store
10043,Millbrook,North,2023-06-10,In-Store
10044,Ashford,North,2023-06-10,Organic Search
10045,Pinecrest,North,2023-06-11,
10046,Pinecrest,North,2023-06-11,Referral
10047,Millbrook,North,2023-06-11,Organic Search
10048,Palmetto Bay,South,2023-06-11,Email
10049,Palmetto Bay,South,2023-06-11,Organic Search
10050,Ashford,North,2023-06-11,In-Store
10051,Ashford,North,2023-06-11,Organic Search
10052,Redwood Falls,West,2023-06-11,Organic Search
10053,Ashford,North,2023-06-11,Referral
10054,Westvale,West,2023-06-11,In-Store
10055,Pinecrest,North,2023-06-12,Organic Search
10056,Silver Creek,West,2023-06-12,Referral
10057,Southwick,South,2023-06-12,Organic Search
10058,Southwick,South,2023-06-12,Referral
10059,Ashford,North,2023-06-13,Paid Social
10060,Lakewood,East,2023-06-13,Organic Search
10061,Northfield,North,2023-06-14,Paid Social
10062,Harbor City,East,2023-06-14,Paid Social
10063,Palmetto Bay,South,2023-06-14,Email
10064,Westvale,West,2023-06-15,Paid Social
10065,Millbrook,North,2023-06-15,Referral
10066,Westvale,West,2023-06-15,In-Store
10067,Marlow,South,2023-06-15,Email
10068,Easton,East,2023-06-15,Organic Search
10069,Westvale,West,2023-06-15,Organic Search
10070,Redwood Falls,,2023-06-16,Organic Search
10071,Millbrook,North,2023-06-16,Paid Social
10072,Harbor City,East,2023-06-16,
10073,Northfield,North,2023-06-16,In-Store
10074,Marlow,South,2023-06-16,In-Store
10075,Lakewood,East,2023-06-16,Paid Social
10076,Silver Creek,West,2023-06-17,Organic Search
10077,Ashford,North,2023-06-17,Referral
10078,Redwood Falls,West,2023-06-18,Organic Search
10079,Silver Creek,West,2023-06-18,
10080,Canyon Ridge,West,2023-06-18,Email
10081,Easton,East,2023-06-19,In-Store
10082,Redwood Falls,West,2023-06-19,In-Store
10083,Ashford,North,2023-06-19,Paid Social
10084,Canyon Ridge,West,2023-06-20,Paid Social
10085,Marlow,South,2023-06-20,In-Store
10086,Westvale,,2023-06-20,Referral
10087,Silver Creek,West,2023-06-20,Organic Search
10088,Ashford,North,2023-06-20,Organic Search
10089,Redwood Falls,West,2023-06-20,Referral
10090,Silver Creek,West,2023-06-21,Referral
10091,Lakewood,East,2023-06-21,Paid Social
10092,Lakewood,East,2023-06-21,Organic Search
10093,Millbrook,North,2023-06-22,In-Store
10094,Westvale,West,2023-06-22,In-Store
10095,Lakewood,East,2023-06-23,In-Store
10096,Easton,East,2023-06-23,Organic Search
10097,Silver Creek,West,2023-06-24,Paid Social
10098,Marlow,South,2023-06-24,Organic Search
10099,Marlow,South,2023-06-24,
10100,Southwick,South,2023-06-25,Paid Social
10101,Harbor City,East,2023-06-25,Referral
10102,Silver Creek,West,2023-06-25,Email
10103,Lakewood,East,2023-06-25,Organic Search
10104,Pinecrest,North,2023-06-25,Paid Social
10105,Lakewood,East,2023-06-25,
10106,Redwood Falls,West,2023-06-26,Paid Social
10107,Palmetto Bay,South,2023-06-26,Organic Search
10108,Ashford,North,2023-06-26,Organic Search
10109,Bayport,South,2023-06-27,In-Store
10110,Easton,East,2023-06-27,Email
10111,Canyon Ridge,West,2023-06-27,In-Store
10112,Harbor City,East,2023-06-27,Organic Search
10113,Canyon Ridge,West,2023-06-28,Email
10114,Pinecrest,North,2023-06-29,Paid Social
10115,Redwood Falls,West,2023-06-29,Paid Social
10116,Kingsbridge,East,2023-06-29,In-Store
10117,Easton,East,2023-06-29,Referral
10118,Redwood Falls,West,2023-06-29,In-Store
10119,Kingsbridge,East,2023-06-29,In-Store
10120,Redwood Falls,West,2023-06-29,Referral
10121,Canyon Ridge,West,2023-06-30,Organic Search
10122,Redwood Falls,West,2023-07-01,Referral
10123,Kingsbridge,East,2023-07-01,Organic Search
10124,Ashford,North,2023-07-01,Organic Search
10125,Millbrook,North,2023-07-01,Organic Search
10126,Bayport,South,2023-07-01,In-Store
10127,Redwood Falls,West,2023-07-01,Organic Search
10128,Bayport,South,2023-07-01,Referral
10129,Bayport,South,2023-07-01,Organic Search
10130,Northfield,North,2023-07-01,Referral
10131,Harbor City,East,2023-07-02,In-Store
10132,Bayport,,2023-07-02,In-Store
10133,Southwick,South,2023-07-02,
10134,Redwood Falls,West,2023-07-02,Organic Search
10135,Silver Creek,West,2023-07-02,Referral
10136,Harbor City,East,2023-07-03,Referral
10137,Millbrook,North,2023-07-03,Paid Social
10138,Silver Creek,West,2023-07-03,Referral
10139,Millbrook,North,2023-07-03,
10140,Silver Creek,West,2023-07-03,Email
10141,Harbor City,East,2023-07-04,Organic Search
10142,Kingsbridge,East,2023-07-04,
10143,Westvale,West,2023-07-04,Paid Social
10144,Pinecrest,North,2023-07-04,Organic Search
10145,Marlow,South,2023-07-04,Organic Search
10146,Northfield,North,2023-07-04,In-Store
10147,Silver Creek,West,2023-07-04,Organic Search
10148,Silver Creek,West,2023-07-05,Referral
10149,Millbrook,North,2023-07-05,Organic Search
10150,Kingsbridge,East,2023-07-05,In-Store
10151,Redwood Falls,West,2023-07-06,Paid Social
10152,Palmetto Bay,South,2023-07-06,In-Store
10153,Lakewood,East,2023-07-07,Paid Social
10154,Southwick,South,2023-07-08,Organic Search
10155,Southwick,South,2023-07-09,Referral
10156,Harbor City,East,2023-07-10,In-Store
10157,Marlow,South,2023-07-10,In-Store
10158,Millbrook,North,2023-07-10,
10159,Pinecrest,North,2023-07-11,Referral
10160,Easton,East,2023-07-11,Email
10161,Silver Creek,West,2023-07-12,Organic Search
10162,Canyon Ridge,West,2023-07-12,In-Store
10163,Millbrook,North,2023-07-12,In-Store
10164,Redwood Falls,West,2023-07-12,Paid Social
10165,Easton,East,2023-07-13,Email
10166,Silver Creek,West,2023-07-13,In-Store
10167,Millbrook,North,2023-07-13,Paid Social
10168,Canyon Ridge,West,2023-07-13,Organic Search
10169,Palmetto Bay,South,2023-07-13,In-Store
10170,Pinecrest,North,2023-07-13,Paid Social
10171,Marlow,South,2023-07-13,Organic Search
10172,Lakewood,East,2023-07-14,Referral
10173,Lakewood,East,2023-07-14,Referral
10174,Northfield,North,2023-07-14,Paid Social
10175,Easton,East,2023-07-15,Referral
10176,Easton,East,2023-07-15,Referral
10177,Pinecrest,North,2023-07-15,In-Store
10178,Southwick,South,2023-07-15,Paid Social
10179,Northfield,North,2023-07-15,Organic Search
10180,Northfield,North,2023-07-15,Referral
10181,Southwick,South,2023-07-16,Referral
10182,Kingsbridge,East,2023-07-16,In-Store
10183,Westvale,West,2023-07-16,Paid Social
10184,Redwood Falls,West,2023-07-16,In-Store
10185,Kingsbridge,East,2023-07-16,Paid Social
10186,Harbor City,East,2023-07-17,Organic Search
10187,Southwick,South,2023-07-18,
10188,Southwick,South,2023-07-18,Organic Search
10189,Southwick,South,2023-07-18,Organic Search
10190,Westvale,West,2023-07-18,Email
10191,Silver Creek,West,2023-07-19,Organic Search
10192,Southwick,South,2023-07-19,
10193,Marlow,South,2023-07-20,In-Store
10194,Lakewood,East,2023-07-20,Email
10195,Canyon Ridge,West,2023-07-21,Paid Social
10196,Westvale,West,2023-07-21,In-Store
10197,Bayport,South,2023-07-21,Paid Social
10198,Palmetto Bay,South,2023-07-22,Organic Search
10199,Palmetto Bay,South,2023-07-22,Organic Search
10200,Ashford,North,2023-07-23,In-Store
10201,Millbrook,North,2023-07-23,Paid Social
10202,Ashford,North,2023-07-24,In-Store
10203,Bayport,South,2023-07-24,Paid Social
10204,Ashford,North,2023-07-24,In-Store
10205,Canyon Ridge,West,2023-07-25,Paid Social
10206,Lakewood,East,2023-07-25,Paid Social
10207,Bayport,South,2023-07-26,Referral
10208,Silver Creek,West,2023-07-26,In-Store
10209,Lakewood,East,2023-07-26,
10210,Bayport,South,2023-07-26,Paid Social
10211,Pinecrest,North,2023-07-27,Email
10212,Palmetto Bay,South,2023-07-27,Organic Search
10213,Redwood Falls,West,2023-07-27,Organic Search
10214,Northfield,North,2023-07-27,Organic Search
10215,Pinecrest,North,2023-07-27,Email
10216,Northfield,North,2023-07-28,Organic Search
10217,Southwick,South,2023-07-28,Organic Search
10218,Palmetto Bay,South,2023-07-28,Organic Search
10219,Palmetto Bay,South,2023-07-28,Paid Social
10220,Northfield,North,2023-07-29,
10221,Pinecrest,North,2023-07-29,In-Store
10222,Westvale,West,2023-07-29,Paid Social
10223,Marlow,South,2023-07-29,Referral
10224,Marlow,South,2023-07-30,In-Store
10225,Easton,East,2023-07-30,Organic Search
10226,Harbor City,East,2023-07-30,In-Store
10227,Ashford,North,2023-07-30,Paid Social
10228,Kingsbridge,East,2023-07-30,Email
10229,Easton,East,2023-07-30,Organic Search
10230,Westvale,West,2023-07-31,Referral
10231,Westvale,,2023-07-31,Organic Search
10232,Palmetto Bay,South,2023-07-31,Paid Social
10233,Millbrook,North,2023-08-01,Referral
10234,Marlow,South,2023-08-01,In-Store
10235,Bayport,,2023-08-03,Organic Search
10236,Millbrook,North,2023-08-04,
10237,Canyon Ridge,West,2023-08-04,Organic Search
10238,Marlow,South,2023-08-04,Organic Search
10239,Pinecrest,North,2023-08-05,In-Store
10240,Millbrook,North,2023-08-05,Organic Search
10241,Ashford,North,2023-08-05,In-Store
10242,Redwood Falls,West,2023-08-05,Referral
10243,Pinecrest,North,2023-08-05,Email
10244,Marlow,South,2023-08-06,Organic Search
10245,Redwood Falls,West,2023-08-06,Organic Search
10246,Silver Creek,West,2023-08-06,Organic Search
10247,Redwood Falls,West,2023-08-06,In-Store
10248,Ashford,North,2023-08-06,
10249,Southwick,South,2023-08-07,Organic Search
10250,Bayport,South,2023-08-07,In-Store
10251,Marlow,South,2023-08-07,Organic Search
10252,Westvale,West,2023-08-07,Email
10253,Northfield,North,2023-08-07,Organic Search
10254,Redwood Falls,West,2023-08-08,In-Store
10255,Canyon Ridge,West,2023-08-08,Organic Search
10256,Easton,East,2023-08-08,Paid Social
10257,Redwood Falls,West,2023-08-09,
10258,Kingsbridge,East,2023-08-09,In-Store
10259,Kingsbridge,East,2023-08-10,Organic Search
10260,Northfield,North,2023-08-10,In-Store
10261,Redwood Falls,West,2023-08-10,In-Store
10262,Kingsbridge,East,2023-08-11,Organic Search
10263,Pinecrest,North,2023-08-11,In-Store
10264,Redwood Falls,West,2023-08-11,In-Store
10265,Kingsbridge,East,2023-08-11,In-Store
10266,Palmetto Bay,South,2023-08-12,In-Store
10267,Redwood Falls,West,2023-08-12,Paid Social
10268,Canyon Ridge,West,2023-08-12,In-Store
10269,Silver Creek,West,2023-08-12,Referral
10270,Southwick,South,2023-08-13,Organic Search
10271,Easton,East,2023-08-13,Paid Social
10272,Westvale,West,2023-08-14,Paid Social
10273,Silver Creek,West,2023-08-14,In-Store
10274,Southwick,South,2023-08-14,Organic Search
10275,Pinecrest,North,2023-08-15,Email
10276,Ashford,North,2023-08-16,Paid Social
10277,Westvale,West,2023-08-16,Paid Social
10278,Pinecrest,North,2023-08-16,Organic Search
10279,Palmetto Bay,South,2023-08-16,Paid Social
10280,Canyon Ridge,West,2023-08-16,In-Store
10281,Easton,East,2023-08-16,Paid Social
10282,Palmetto Bay,South,2023-08-16,Organic Search
10283,Easton,East,2023-08-17,
10284,Redwood Falls,West,2023-08-18,Paid Social
10285,Southwick,South,2023-08-18,Paid Social
10286,Northfield,North,2023-08-18,Referral
10287,Harbor City,East,2023-08-18,In-Store
10288,Westvale,West,2023-08-18,Referral
10289,Westvale,West,2023-08-18,Paid Social
10290,Redwood Falls,West,2023-08-18,Paid Social
10291,Kingsbridge,East,2023-08-19,Paid Social
10292,Northfield,North,2023-08-19,Email
10293,Ashford,North,2023-08-20,Organic Search
10294,Redwood Falls,West,2023-08-20,Organic Search
10295,Kingsbridge,East,2023-08-20,Organic Search
10296,Palmetto Bay,South,2023-08-20,In-Store
10297,Canyon Ridge,West,2023-08-20,In-Store
10298,Harbor City,East,2023-08-20,Organic Search
10299,Lakewood,East,2023-08-20,
10300,Redwood Falls,West,2023-08-21,Organic Search
10301,Millbrook,North,2023-08-21,
10302,Palmetto Bay,South,2023-08-21,Organic Search
10303,Canyon Ridge,,2023-08-21,Paid Social
10304,Palmetto Bay,South,2023-08-21,Organic Search
10305,Millbrook,North,2023-08-22,Organic Search
10306,Canyon Ridge,West,2023-08-22,
10307,Harbor City,East,2023-08-22,Paid Social
10308,Harbor City,East,2023-08-22,Organic Search
10309,Harbor City,East,2023-08-23,In-Store
10310,Millbrook,North,2023-08-23,Paid Social
10311,Canyon Ridge,West,2023-08-23,Referral
10312,Silver Creek,West,2023-08-24,In-Store
10313,Harbor City,East,2023-08-24,Organic Search
10314,Harbor City,East,2023-08-24,In-Store
10315,Palmetto Bay,South,2023-08-24,Paid Social
10316,Kingsbridge,East,2023-08-24,In-Store
10317,Silver Creek,West,2023-08-25,Organic Search
10318,Southwick,South,2023-08-25,Email
10319,Westvale,West,2023-08-25,Referral
10320,Westvale,West,2023-08-26,In-Store
10321,Kingsbridge,East,2023-08-26,Paid Social
10322,Bayport,South,2023-08-26,Organic Search
10323,Bayport,South,2023-08-26,Organic Search
10324,Southwick,South,2023-08-26,Paid Social
10325,Redwood Falls,West,2023-08-27,In-Store
10326,Kingsbridge,East,2023-08-28,Email
10327,Southwick,South,2023-08-28,Referral
10328,Northfield,North,2023-08-28,Paid Social
10329,Redwood Falls,West,2023-08-29,Paid Social
10330,Ashford,North,2023-08-29,Organic Search
10331,Palmetto Bay,South,2023-08-29,Email
10332,Westvale,West,2023-08-29,Organic Search
10333,Pinecrest,North,2023-08-29,In-Store
10334,Redwood Falls,West,2023-08-30,Organic Search
10335,Harbor City,,2023-08-30,In-Store
10336,Silver Creek,West,2023-08-30,Organic Search
10337,Bayport,South,2023-08-31,Referral
10338,Ashford,,2023-08-31,In-Store
10339,Westvale,West,2023-09-01,Paid Social
10340,Silver Creek,West,2023-09-01,Organic Search
10341,Lakewood,East,2023-09-01,Referral
10342,Redwood Falls,West,2023-09-02,Paid Social
10343,Ashford,North,2023-09-02,In-Store
10344,Lakewood,East,2023-09-04,Email
10345,Westvale,West,2023-09-04,Organic Search
10346,Silver Creek,West,2023-09-04,Email
10347,Canyon Ridge,West,2023-09-05,Paid Social
10348,Pinecrest,,2023-09-05,Organic Search
10349,Lakewood,East,2023-09-05,Organic Search
10350,Lakewood,East,2023-09-06,Paid Social
10351,Ashford,North,2023-09-07,Referral
10352,Pinecrest,North,2023-09-07,Paid Social
10353,Northfield,North,2023-09-07,Referral
10354,Pinecrest,North,2023-09-07,Organic Search
10355,Redwood Falls,West,2023-09-07,In-Store
10356,Pinecrest,North,2023-09-07,Referral
10357,Westvale,West,2023-09-09,Organic Search
10358,Westvale,West,2023-09-09,Organic Search
10359,Lakewood,East,2023-09-09,Paid Social
10360,Pinecrest,North,2023-09-10,Paid Social
10361,Easton,East,2023-09-11,Organic Search
10362,Bayport,South,2023-09-12,In-Store
10363,Palmetto Bay,South,2023-09-12,Paid Social
10364,Redwood Falls,West,2023-09-12,Organic Search
10365,Canyon Ridge,West,2023-09-12,Organic Search
10366,Marlow,South,2023-09-13,Organic Search
10367,Palmetto Bay,South,2023-09-13,Paid Social
10368,Easton,East,2023-09-13,Paid Social
10369,Harbor City,East,2023-09-13,Organic Search
10370,Northfield,North,2023-09-14,In-Store
10371,Millbrook,North,2023-09-14,Organic Search
10372,Millbrook,North,2023-09-14,Organic Search
10373,Harbor City,East,2023-09-15,Organic Search
10374,Westvale,West,2023-09-15,Organic Search
10375,Northfield,North,2023-09-16,In-Store
10376,Westvale,West,2023-09-16,Referral
10377,Southwick,South,2023-09-16,In-Store
10378,Northfield,North,2023-09-16,In-Store
10379,Southwick,South,2023-09-16,Organic Search
10380,Westvale,West,2023-09-17,Organic Search
10381,Marlow,South,2023-09-17,Organic Search
10382,Redwood Falls,West,2023-09-17,Paid Social
10383,Silver Creek,West,2023-09-19,In-Store
10384,Silver Creek,West,2023-09-20,Paid Social
10385,Canyon Ridge,West,2023-09-20,Referral
10386,Silver Creek,West,2023-09-21,Referral
10387,Millbrook,North,2023-09-21,Referral
10388,Bayport,South,2023-09-21,Referral
10389,Bayport,South,2023-09-21,In-Store
10390,Palmetto Bay,South,2023-09-21,In-Store
10391,Redwood Falls,West,2023-09-21,Organic Search
10392,Lakewood,East,2023-09-21,
10393,Southwick,South,2023-09-22,Organic Search
10394,Bayport,South,2023-09-22,Paid Social
10395,Bayport,South,2023-09-23,In-Store
10396,Redwood Falls,West,2023-09-23,Organic Search
10397,Westvale,West,2023-09-23,Email
10398,Easton,East,2023-09-23,Organic Search
10399,Westvale,West,2023-09-24,Referral
10400,Redwood Falls,West,2023-09-24,In-Store
10401,Palmetto Bay,South,2023-09-24,Organic Search
10402,Bayport,South,2023-09-25,Organic Search
10403,Silver Creek,West,2023-09-25,Organic Search
10404,Southwick,South,2023-09-25,Organic Search
10405,Silver Creek,West,2023-09-25,Paid Social
10406,Silver Creek,West,2023-09-26,Organic Search
10407,Millbrook,North,2023-09-26,Referral
10408,Easton,East,2023-09-26,In-Store
10409,Canyon Ridge,West,2023-09-26,Organic Search
10410,Kingsbridge,East,2023-09-28,Paid Social
10411,Westvale,West,2023-09-29,Referral
10412,Easton,East,2023-09-29,Organic Search
10413,Redwood Falls,West,2023-09-29,In-Store
10414,Silver Creek,West,2023-09-29,Email
10415,Palmetto Bay,South,2023-09-30,Organic Search
10416,Kingsbridge,East,2023-09-30,Organic Search
10417,Harbor City,East,2023-09-30,In-Store
10418,Millbrook,North,2023-10-01,Referral
10419,Harbor City,East,2023-10-01,Paid Social
10420,Pinecrest,North,2023-10-01,In-Store
10421,Southwick,South,2023-10-01,Email
10422,Palmetto Bay,South,2023-10-02,Paid Social
10423,Silver Creek,West,2023-10-02,Paid Social
10424,Lakewood,East,2023-10-03,Organic Search
10425,Millbrook,North,2023-10-03,In-Store
10426,Harbor City,East,2023-10-04,Referral
10427,Palmetto Bay,South,2023-10-04,Referral
10428,Marlow,South,2023-10-04,Paid Social
10429,Canyon Ridge,West,2023-10-05,In-Store
10430,Redwood Falls,West,2023-10-05,Organic Search
10431,Redwood Falls,West,2023-10-06,Paid Social
10432,Pinecrest,North,2023-10-06,Organic Search
10433,Kingsbridge,East,2023-10-06,In-Store
10434,Bayport,South,2023-10-06,Referral
10435,Easton,East,2023-10-07,Referral
10436,Ashford,North,2023-10-07,Organic Search
10437,Kingsbridge,East,2023-10-07,In-Store
10438,Palmetto Bay,South,2023-10-07,Paid Social
10439,Southwick,South,2023-10-08,In-Store
10440,Redwood Falls,West,2023-10-09,Organic Search
10441,Southwick,South,2023-10-10,In-Store
10442,Harbor City,East,2023-10-10,Paid Social
10443,Ashford,North,2023-10-10,Referral
10444,Pinecrest,North,2023-10-11,Organic Search
10445,Lakewood,East,2023-10-12,Referral
10446,Canyon Ridge,West,2023-10-12,Organic Search
10447,Northfield,North,2023-10-13,Email
10448,Lakewood,,2023-10-14,Paid Social
10449,Marlow,South,2023-10-14,In-Store
10450,Canyon Ridge,West,2023-10-15,Email
10451,Millbrook,North,2023-10-16,Email
10452,Palmetto Bay,South,2023-10-16,In-Store
10453,Canyon Ridge,West,2023-10-16,In-Store
10454,Silver Creek,West,2023-10-16,Referral
10455,Northfield,North,2023-10-16,Paid Social
10456,Southwick,South,2023-10-16,Paid Social
10457,Westvale,West,2023-10-16,Email
10458,Ashford,North,2023-10-17,Organic Search
10459,Marlow,South,2023-10-17,Organic Search
10460,Lakewood,East,2023-10-18,Organic Search
10461,Lakewood,East,2023-10-19,In-Store
10462,Bayport,South,2023-10-19,Organic Search
10463,Marlow,South,2023-10-20,Referral
10464,Harbor City,East,2023-10-20,Paid Social
10465,Westvale,West,2023-10-20,In-Store
10466,Ashford,North,2023-10-21,In-Store
10467,Easton,East,2023-10-21,In-Store
10468,Harbor City,East,2023-10-22,In-Store
10469,Pinecrest,North,2023-10-22,Referral
10470,Kingsbridge,East,2023-10-23,In-Store
10471,Northfield,North,2023-10-25,Organic Search
10472,Easton,East,2023-10-25,Paid Social
10473,Westvale,West,2023-10-25,Referral
10474,Pinecrest,North,2023-10-26,Paid Social
10475,Redwood Falls,West,2023-10-26,
10476,Millbrook,North,2023-10-26,Organic Search
10477,Lakewood,,2023-10-26,In-Store
10478,Canyon Ridge,West,2023-10-27,Organic Search
10479,Canyon Ridge,West,2023-10-27,Organic Search
10480,Palmetto Bay,South,2023-10-27,In-Store
10481,Millbrook,North,2023-10-28,Organic Search
10482,Palmetto Bay,South,2023-10-29,Organic Search
10483,Redwood Falls,West,2023-10-29,Organic Search
10484,Redwood Falls,West,2023-10-30,Organic Search
10485,Marlow,South,2023-10-30,Paid Social
10486,Westvale,West,2023-10-30,Referral
10487,Harbor City,East,2023-10-31,In-Store
10488,Ashford,North,2023-10-31,
10489,Millbrook,North,2023-10-31,In-Store
10490,Canyon Ridge,West,2023-11-01,Organic Search
10491,Kingsbridge,East,2023-11-01,Email
10492,Westvale,West,2023-11-02,Organic Search
10493,Kingsbridge,East,2023-11-02,Referral
10494,Redwood Falls,West,2023-11-02,In-Store
10495,Canyon Ridge,West,2023-11-03,Organic Search
10496,Harbor City,East,2023-11-03,In-Store
10497,Southwick,South,2023-11-03,Email
10498,Marlow,South,2023-11-04,Paid Social
10499,Marlow,South,2023-11-04,In-Store
10500,Easton,East,2023-11-05,Paid Social
10501,Southwick,South,2023-11-05,Organic Search
10502,Pinecrest,North,2023-11-05,In-Store
10503,Easton,East,2023-11-05,Organic Search
10504,Westvale,West,2023-11-05,Paid Social
10505,Harbor City,East,2023-11-06,In-Store
10506,Pinecrest,North,2023-11-06,In-Store
10507,Ashford,North,2023-11-06,Organic Search
10508,Southwick,South,2023-11-06,In-Store
10509,Pinecrest,North,2023-11-07,Paid Social
10510,Pinecrest,North,2023-11-08,Organic Search
10511,Redwood Falls,West,2023-11-08,In-Store
10512,Bayport,South,2023-11-09,Organic Search
10513,Pinecrest,North,2023-11-09,In-Store
10514,Millbrook,North,2023-11-09,In-Store
10515,Pinecrest,North,2023-11-09,Referral
10516,Kingsbridge,East,2023-11-10,Paid Social
10517,Marlow,South,2023-11-10,Referral
10518,Silver Creek,West,2023-11-10,Organic Search
10519,Northfield,North,2023-11-11,Paid Social
10520,Marlow,South,2023-11-11,Paid Social
10521,Ashford,North,2023-11-12,In-Store
10522,Marlow,South,2023-11-12,Organic Search
10523,Harbor City,East,2023-11-12,
10524,Redwood Falls,West,2023-11-12,Referral
10525,Harbor City,East,2023-11-12,In-Store
10526,Westvale,West,2023-11-12,Referral
10527,Ashford,North,2023-11-13,In-Store
10528,Kingsbridge,East,2023-11-14,Referral
10529,Canyon Ridge,West,2023-11-14,Paid Social
10530,Southwick,South,2023-11-14,Referral
10531,Palmetto Bay,South,2023-11-14,Email
10532,Northfield,North,2023-11-14,Email
10533,Palmetto Bay,South,2023-11-14,Referral
10534,Pinecrest,North,2023-11-16,In-Store
10535,Canyon Ridge,West,2023-11-16,In-Store
10536,Redwood Falls,West,2023-11-16,Paid Social
10537,Northfield,North,2023-11-16,In-Store
10538,Canyon Ridge,West,2023-11-16,Organic Search
10539,Kingsbridge,East,2023-11-17,Referral
10540,Ashford,North,2023-11-18,Paid Social
10541,Ashford,North,2023-11-18,Referral
10542,Millbrook,North,2023-11-18,In-Store
10543,Westvale,West,2023-11-18,Organic Search
10544,Millbrook,North,2023-11-18,Paid Social
10545,Silver Creek,West,2023-11-19,Paid Social
10546,Palmetto Bay,South,2023-11-19,Paid Social
10547,Bayport,South,2023-11-19,In-Store
10548,Easton,East,2023-11-19,Organic Search
10549,Lakewood,East,2023-11-20,In-Store
10550,Redwood Falls,West,2023-11-20,In-Store
10551,Ashford,North,2023-11-20,Paid Social
10552,Redwood Falls,West,2023-11-20,Organic Search
10553,Easton,East,2023-11-21,Organic Search
10554,Northfield,,2023-11-22,Referral
10555,Palmetto Bay,South,2023-11-22,Organic Search
10556,Westvale,West,2023-11-23,Paid Social
10557,Pinecrest,North,2023-11-23,In-Store
10558,Palmetto Bay,South,2023-11-23,In-Store
10559,Easton,East,2023-11-24,In-Store
10560,Easton,East,2023-11-24,Paid Social
10561,Lakewood,East,2023-11-24,In-Store
10562,Northfield,North,2023-11-24,In-Store
10563,Marlow,South,2023-11-25,In-Store
10564,Easton,East,2023-11-25,Referral
10565,Easton,East,2023-11-25,Paid Social
10566,Millbrook,North,2023-11-25,Email
10567,Ashford,North,2023-11-25,Organic Search
10568,Bayport,South,2023-11-26,In-Store
10569,Northfield,North,2023-11-28,Organic Search
10570,Pinecrest,North,2023-11-28,Organic Search
10571,Lakewood,East,2023-11-28,Organic Search
10572,Redwood Falls,West,2023-11-29,In-Store
10573,Bayport,South,2023-11-29,Paid Social
10574,Pinecrest,North,2023-11-30,In-Store
10575,Lakewood,East,2023-11-30,Organic Search
10576,Pinecrest,North,2023-12-01,In-Store
10577,Westvale,West,2023-12-01,In-Store
10578,Canyon Ridge,West,2023-12-01,Organic Search
10579,Canyon Ridge,West,2023-12-01,Paid Social
10580,Easton,East,2023-12-01,Paid Social
10581,Redwood Falls,West,2023-12-01,
10582,Bayport,South,2023-12-01,In-Store
10583,Southwick,South,2023-12-01,In-Store
10584,Southwick,South,2023-12-01,In-Store
10585,Silver Creek,West,2023-12-03,Paid Social
10586,Northfield,North,2023-12-03,Organic Search
10587,Silver Creek,West,2023-12-03,In-Store
10588,Palmetto Bay,South,2023-12-03,In-Store
10589,Westvale,West,2023-12-04,Paid Social
10590,Ashford,North,2023-12-05,Referral
10591,Palmetto Bay,South,2023-12-05,In-Store
10592,Palmetto Bay,South,2023-12-05,In-Store
10593,Lakewood,East,2023-12-06,In-Store
10594,Southwick,South,2023-12-06,In-Store
10595,Marlow,South,2023-12-06,Paid Social
10596,Millbrook,North,2023-12-06,In-Store
10597,Kingsbridge,East,2023-12-08,Referral
10598,Kingsbridge,East,2023-12-08,Referral
10599,Kingsbridge,East,2023-12-08,Email
10600,Bayport,South,2023-12-08,Referral
10601,Lakewood,East,2023-12-08,Paid Social
10602,Pinecrest,North,2023-12-09,Paid Social
10603,Northfield,North,2023-12-09,Paid Social
10604,Ashford,North,2023-12-09,Referral
10605,Canyon Ridge,West,2023-12-09,Organic Search
10606,Easton,East,2023-12-09,Organic Search
10607,Millbrook,North,2023-12-09,In-Store
10608,Westvale,West,2023-12-11,In-Store
10609,Redwood Falls,West,2023-12-11,Organic Search
10610,Southwick,South,2023-12-11,Referral
10611,Bayport,South,2023-12-11,Referral
10612,Canyon Ridge,West,2023-12-12,In-Store
10613,Lakewood,East,2023-12-12,Organic Search
10614,Harbor City,East,2023-12-13,Organic Search
10615,Kingsbridge,East,2023-12-13,Email
10616,Southwick,South,2023-12-14,Organic Search
10617,Silver Creek,West,2023-12-14,Email
10618,Pinecrest,North,2023-12-14,In-Store
10619,Canyon Ridge,West,2023-12-15,Organic Search
10620,Lakewood,East,2023-12-15,In-Store
10621,Easton,East,2023-12-15,In-Store
10622,Ashford,North,2023-12-15,Paid Social
10623,Lakewood,East,2023-12-16,Referral
10624,Redwood Falls,West,2023-12-16,Paid Social
10625,Easton,East,2023-12-16,Paid Social
10626,Silver Creek,West,2023-12-16,Organic Search
10627,Canyon Ridge,West,2023-12-17,Paid Social
10628,Canyon Ridge,West,2023-12-17,In-Store
10629,Harbor City,East,2023-12-17,
10630,Ashford,North,2023-12-18,Paid Social
10631,Kingsbridge,East,2023-12-18,In-Store
10632,Palmetto Bay,South,2023-12-18,
10633,Bayport,South,2023-12-18,In-Store
10634,Millbrook,,2023-12-18,Paid Social
10635,Kingsbridge,East,2023-12-19,In-Store
10636,Redwood Falls,West,2023-12-19,Paid Social
10637,Redwood Falls,West,2023-12-20,Organic Search
10638,Bayport,South,2023-12-20,Referral
10639,Marlow,South,2023-12-20,In-Store
10640,Westvale,West,2023-12-20,Paid Social
10641,Harbor City,East,2023-12-20,In-Store
10642,Canyon Ridge,West,2023-12-21,Organic Search
10643,Millbrook,North,2023-12-21,In-Store
10644,Redwood Falls,West,2023-12-22,Paid Social
10645,Bayport,South,2023-12-22,In-Store
10646,Kingsbridge,East,2023-12-22,In-Store
10647,Pinecrest,North,2023-12-22,Paid Social
10648,Bayport,South,2023-12-22,Referral
10649,Lakewood,East,2023-12-22,
10650,Bayport,South,2023-12-23,Referral
10651,Northfield,North,2023-12-23,Paid Social
10652,Palmetto Bay,South,2023-12-23,Paid Social
10653,Harbor City,East,2023-12-23,Email
10654,Easton,East,2023-12-24,Email
10655,Marlow,South,2023-12-24,Paid Social
10656,Kingsbridge,East,2023-12-24,Referral
10657,Westvale,West,2023-12-24,In-Store
10658,Palmetto Bay,South,2023-12-24,Organic Search
10659,Pinecrest,North,2023-12-25,Referral
10660,Canyon Ridge,West,2023-12-25,Email
10661,Kingsbridge,East,2023-12-25,Paid Social
10662,Southwick,South,2023-12-26,Referral
10663,Millbrook,North,2023-12-26,In-Store
10664,Lakewood,East,2023-12-26,In-Store
10665,Palmetto Bay,South,2023-12-26,Referral
10666,Lakewood,East,2023-12-26,In-Store
10667,Southwick,South,2023-12-27,Organic Search
10668,Easton,East,2023-12-28,Paid Social
10669,Lakewood,,2023-12-28,Organic Search
10670,Pinecrest,North,2023-12-29,Paid Social
10671,Harbor City,East,2023-12-29,Organic Search
10672,Canyon Ridge,West,2023-12-30,In-Store
10673,Canyon Ridge,West,2023-12-30,In-Store
10674,Pinecrest,North,2023-12-30,Organic Search
10675,Millbrook,North,2023-12-31,Referral
10676,Marlow,South,2023-12-31,Organic Search
10677,Canyon Ridge,West,2024-01-01,Paid Social
10678,Marlow,South,2024-01-02,Email
10679,Kingsbridge,East,2024-01-03,In-Store
10680,Easton,East,2024-01-03,Organic Search
10681,Bayport,South,2024-01-04,Referral
10682,Kingsbridge,East,2024-01-04,In-Store
10683,Westvale,West,2024-01-04,
10684,Ashford,North,2024-01-04,Paid Social
10685,Easton,East,2024-01-05,Paid Social
10686,Kingsbridge,East,2024-01-05,Referral
10687,Millbrook,North,2024-01-05,Email
10688,Easton,East,2024-01-05,Paid Social
10689,Marlow,South,2024-01-06,Referral
10690,Redwood Falls,West,2024-01-06,In-Store
10691,Ashford,North,2024-01-06,Organic Search
10692,Palmetto Bay,South,2024-01-07,Organic Search
10693,Ashford,North,2024-01-08,Organic Search
10694,Redwood Falls,West,2024-01-08,Paid Social
10695,Southwick,South,2024-01-09,In-Store
10696,Northfield,North,2024-01-10,Email
10697,Easton,East,2024-01-10,Paid Social
10698,Westvale,West,2024-01-11,In-Store
10699,Westvale,West,2024-01-11,Paid Social
10700,Silver Creek,West,2024-01-12,Paid Social
10701,Harbor City,East,2024-01-13,Organic Search
10702,Redwood Falls,West,2024-01-14,Organic Search
10703,Canyon Ridge,West,2024-01-14,Organic Search
10704,Pinecrest,North,2024-01-16,Email
10705,Pinecrest,North,2024-01-17,In-Store
10706,Northfield,North,2024-01-17,Paid Social
10707,Canyon Ridge,West,2024-01-18,In-Store
10708,Westvale,West,2024-01-19,
10709,Lakewood,East,2024-01-19,Referral
10710,Marlow,South,2024-01-19,Organic Search
10711,Lakewood,East,2024-01-19,
10712,Ashford,North,2024-01-20,Paid Social
10713,Canyon Ridge,West,2024-01-23,In-Store
10714,Marlow,South,2024-01-23,Organic Search
10715,Ashford,North,2024-01-23,In-Store
10716,Westvale,West,2024-01-23,Organic Search
10717,Palmetto Bay,South,2024-01-24,In-Store
10718,Silver Creek,West,2024-01-24,In-Store
10719,Redwood Falls,West,2024-01-24,In-Store
10720,Bayport,South,2024-01-25,
10721,Kingsbridge,East,2024-01-25,Organic Search
10722,Westvale,West,2024-01-26,Organic Search
10723,Harbor City,East,2024-01-28,Organic Search
10724,Southwick,South,2024-01-29,Organic Search
10725,Southwick,South,2024-01-29,In-Store
10726,Redwood Falls,West,2024-01-29,In-Store
10727,Harbor City,East,2024-01-30,In-Store
10728,Silver Creek,West,2024-01-30,Paid Social
10729,Silver Creek,West,2024-01-30,Organic Search
10730,Silver Creek,West,2024-01-30,Paid Social
10731,Harbor City,East,2024-01-30,Email
10732,Westvale,West,2024-01-30,
10733,Westvale,West,2024-01-31,In-Store
10734,Bayport,South,2024-02-01,Organic Search
10735,Canyon Ridge,West,2024-02-02,Organic Search
10736,Northfield,North,2024-02-03,Organic Search
10737,Westvale,West,2024-02-03,Organic Search
10738,Redwood Falls,West,2024-02-03,Organic Search
10739,Canyon Ridge,West,2024-02-03,In-Store
10740,Palmetto Bay,South,2024-02-03,Paid Social
10741,Canyon Ridge,West,2024-02-04,Organic Search
10742,Marlow,South,2024-02-05,In-Store
10743,Pinecrest,North,2024-02-05,Referral
10744,Westvale,West,2024-02-05,In-Store
10745,Lakewood,East,2024-02-05,In-Store
10746,Westvale,West,2024-02-05,Email
10747,Marlow,South,2024-02-05,Email
10748,Kingsbridge,East,2024-02-06,In-Store
10749,Northfield,North,2024-02-06,Organic Search
10750,Millbrook,North,2024-02-06,
10751,Millbrook,North,2024-02-06,Email
10752,Easton,East,2024-02-08,Paid Social
10753,Ashford,North,2024-02-09,In-Store
10754,Easton,East,2024-02-09,In-Store
10755,Silver Creek,West,2024-02-09,Organic Search
10756,Pinecrest,North,2024-02-10,Email
10757,Canyon Ridge,West,2024-02-10,Referral
10758,Redwood Falls,West,2024-02-10,In-Store
10759,Silver Creek,West,2024-02-10,Referral
10760,Kingsbridge,East,2024-02-11,Paid Social
10761,Redwood Falls,West,2024-02-13,Organic Search
10762,Easton,East,2024-02-13,In-Store
10763,Silver Creek,West,2024-02-13,
10764,Bayport,South,2024-02-13,Email
10765,Redwood Falls,West,2024-02-14,Organic Search
10766,Canyon Ridge,West,2024-02-14,In-Store
10767,Northfield,North,2024-02-15,Organic Search
10768,Westvale,West,2024-02-15,Referral
10769,Millbrook,North,2024-02-15,Organic Search
10770,Redwood Falls,West,2024-02-16,Organic Search
10771,Silver Creek,West,2024-02-16,
10772,Northfield,North,2024-02-17,In-Store
10773,Pinecrest,North,2024-02-17,
10774,Silver Creek,West,2024-02-17,Referral
10775,Pinecrest,North,2024-02-17,
10776,Pinecrest,North,2024-02-19,Paid Social
10777,Pinecrest,North,2024-02-19,Referral
10778,Kingsbridge,East,2024-02-20,Referral
10779,Marlow,South,2024-02-21,Organic Search
10780,Redwood Falls,West,2024-02-22,Organic Search
10781,Redwood Falls,West,2024-02-24,Organic Search
10782,Kingsbridge,East,2024-02-24,Email
10783,Palmetto Bay,South,2024-02-25,In-Store
10784,Bayport,South,2024-02-25,In-Store
10785,Redwood Falls,West,2024-02-26,In-Store
10786,Southwick,South,2024-02-26,In-Store
10787,Marlow,South,2024-02-26,Paid Social
10788,Kingsbridge,East,2024-02-27,Paid Social
10789,Northfield,North,2024-02-27,Organic Search
10790,Pinecrest,North,2024-02-27,In-Store
10791,Southwick,South,2024-02-27,Referral
10792,Ashford,North,2024-02-27,Email
10793,Millbrook,North,2024-02-27,In-Store
10794,Canyon Ridge,West,2024-02-28,Paid Social
10795,Marlow,South,2024-02-28,Email
10796,Ashford,North,2024-02-28,Paid Social
10797,Westvale,West,2024-02-28,In-Store
10798,Easton,East,2024-02-28,Organic Search
10799,Bayport,South,2024-02-28,Paid Social
10800,Lakewood,East,2024-02-29,Organic Search
10801,Ashford,North,2024-03-01,In-Store
10802,Marlow,South,2024-03-01,Referral
10803,Canyon Ridge,West,2024-03-01,Organic Search
10804,Harbor City,East,2024-03-01,In-Store
10805,Southwick,South,2024-03-01,Paid Social
10806,Southwick,South,2024-03-01,Organic Search
10807,Canyon Ridge,West,2024-03-02,Referral
10808,Silver Creek,West,2024-03-02,Paid Social
10809,Lakewood,East,2024-03-02,Organic Search
10810,Kingsbridge,East,2024-03-03,Referral
10811,Silver Creek,West,2024-03-03,In-Store
10812,Ashford,North,2024-03-03,Organic Search
10813,Easton,East,2024-03-04,Paid Social
10814,Lakewood,East,2024-03-04,Organic Search
10815,Millbrook,North,2024-03-05,Organic Search
10816,Bayport,South,2024-03-07,Paid Social
10817,Millbrook,North,2024-03-07,Organic Search
10818,Lakewood,East,2024-03-09,In-Store
10819,Redwood Falls,West,2024-03-11,Referral
10820,Palmetto Bay,South,2024-03-11,Paid Social
10821,Lakewood,East,2024-03-12,In-Store
10822,Northfield,North,2024-03-12,Organic Search
10823,Pinecrest,North,2024-03-12,Paid Social
10824,Ashford,North,2024-03-14,In-Store
10825,Pinecrest,North,2024-03-14,Email
10826,Pinecrest,North,2024-03-15,In-Store
10827,Marlow,South,2024-03-15,In-Store
10828,Marlow,South,2024-03-17,Email
10829,Northfield,North,2024-03-17,Organic Search
10830,Bayport,South,2024-03-17,Organic Search
10831,Westvale,,2024-03-17,Email
10832,Southwick,South,2024-03-17,Referral
10833,Silver Creek,West,2024-03-17,In-Store
10834,Harbor City,East,2024-03-20,Paid Social
10835,Kingsbridge,East,2024-03-21,Paid Social
10836,Redwood Falls,West,2024-03-21,Paid Social
10837,Millbrook,North,2024-03-21,Organic Search
10838,Millbrook,North,2024-03-21,Paid Social
10839,Marlow,South,2024-03-22,Organic Search
10840,Harbor City,East,2024-03-22,
10841,Kingsbridge,East,2024-03-22,Paid Social
10842,Harbor City,East,2024-03-22,Email
10843,Silver Creek,West,2024-03-23,Referral
10844,Millbrook,North,2024-03-23,Organic Search
10845,Easton,East,2024-03-23,Organic Search
10846,Harbor City,East,2024-03-25,Referral
10847,Easton,East,2024-03-25,In-Store
10848,Westvale,West,2024-03-25,Referral
10849,Southwick,South,2024-03-25,Organic Search
10850,Millbrook,North,2024-03-25,Organic Search
10851,Easton,East,2024-03-28,Paid Social
10852,Bayport,South,2024-03-30,Organic Search
10853,Silver Creek,West,2024-03-30,Paid Social
10854,Pinecrest,North,2024-03-31,In-Store
10855,Palmetto Bay,South,2024-03-31,
10856,Harbor City,East,2024-03-31,Referral
10857,Northfield,North,2024-04-01,Paid Social
10858,Westvale,West,2024-04-01,Email
10859,Redwood Falls,West,2024-04-01,Paid Social
10860,Pinecrest,North,2024-04-01,In-Store
10861,Marlow,South,2024-04-01,Paid Social
10862,Southwick,South,2024-04-01,Organic Search
10863,Millbrook,North,2024-04-01,Organic Search
10864,Redwood Falls,West,2024-04-02,Organic Search
10865,Kingsbridge,East,2024-04-02,In-Store
10866,Millbrook,North,2024-04-03,Email
10867,Easton,East,2024-04-04,Organic Search
10868,Redwood Falls,West,2024-04-04,In-Store
10869,Easton,East,2024-04-05,
10870,Canyon Ridge,West,2024-04-05,Organic Search
10871,Silver Creek,West,2024-04-05,Paid Social
10872,Canyon Ridge,West,2024-04-05,Organic Search
10873,Lakewood,East,2024-04-06,
10874,Harbor City,East,2024-04-06,Paid Social
10875,Canyon Ridge,West,2024-04-06,In-Store
10876,Silver Creek,West,2024-04-06,Paid Social
10877,Westvale,West,2024-04-06,Organic Search
10878,Canyon Ridge,West,2024-04-07,Organic Search
10879,Ashford,North,2024-04-07,Email
10880,Easton,East,2024-04-08,Email
10881,Silver Creek,West,2024-04-09,Organic Search
10882,Northfield,North,2024-04-09,Organic Search
10883,Lakewood,East,2024-04-10,Email
10884,Silver Creek,West,2024-04-10,In-Store
10885,Northfield,North,2024-04-11,Paid Social
10886,Bayport,South,2024-04-11,Referral
10887,Kingsbridge,East,2024-04-11,Referral
10888,Millbrook,North,2024-04-11,Paid Social
10889,Northfield,North,2024-04-12,Email
10890,Northfield,North,2024-04-12,Paid Social
10891,Northfield,North,2024-04-12,Paid Social
10892,Ashford,North,2024-04-13,Referral
10893,Silver Creek,West,2024-04-13,In-Store
10894,Redwood Falls,West,2024-04-13,Paid Social
10895,Canyon Ridge,West,2024-04-13,Paid Social
10896,Redwood Falls,West,2024-04-14,In-Store
10897,Kingsbridge,East,2024-04-14,Organic Search
10898,Northfield,North,2024-04-15,Organic Search
10899,Easton,East,2024-04-15,In-Store
10900,Harbor City,East,2024-04-16,Email
10901,Pinecrest,North,2024-04-17,In-Store
10902,Redwood Falls,West,2024-04-17,Email
10903,Kingsbridge,East,2024-04-17,Referral
10904,Silver Creek,West,2024-04-18,Organic Search
10905,Southwick,South,2024-04-18,Paid Social
10906,Ashford,North,2024-04-18,
10907,Bayport,South,2024-04-18,Email
10908,Silver Creek,West,2024-04-20,In-Store
10909,Millbrook,North,2024-04-20,In-Store
10910,Canyon Ridge,West,2024-04-20,Organic Search
10911,Harbor City,East,2024-04-21,Organic Search
10912,Palmetto Bay,South,2024-04-21,Organic Search
10913,Ashford,North,2024-04-21,Organic Search
10914,Westvale,West,2024-04-21,Paid Social
10915,Redwood Falls,West,2024-04-22,In-Store
10916,Westvale,West,2024-04-22,In-Store
10917,Canyon Ridge,West,2024-04-22,Paid Social
10918,Bayport,South,2024-04-23,Organic Search
10919,Millbrook,North,2024-04-23,Organic Search
10920,Pinecrest,North,2024-04-23,In-Store
10921,Southwick,South,2024-04-24,In-Store
10922,Palmetto Bay,South,2024-04-24,In-Store
10923,Redwood Falls,West,2024-04-25,Email
10924,Silver Creek,West,2024-04-25,Organic Search
10925,Bayport,South,2024-04-26,
10926,Bayport,South,2024-04-26,In-Store
10927,Harbor City,East,2024-04-26,In-Store
10928,Palmetto Bay,South,2024-04-26,
10929,Lakewood,,2024-04-27,Email
10930,Kingsbridge,East,2024-04-27,In-Store
10931,Pinecrest,North,2024-04-28,In-Store
10932,Easton,East,2024-04-28,Paid Social
10933,Bayport,South,2024-04-29,In-Store
10934,Ashford,North,2024-04-29,Organic Search
10935,Harbor City,East,2024-04-29,
10936,Bayport,South,2024-04-29,Email
10937,Westvale,West,2024-04-29,Organic Search
10938,Marlow,South,2024-04-29,Referral
10939,Pinecrest,North,2024-04-30,Email
10940,Canyon Ridge,West,2024-04-30,In-Store
10941,Millbrook,North,2024-04-30,Referral
10942,Redwood Falls,West,2024-04-30,In-Store
10943,Palmetto Bay,South,2024-05-01,Paid Social
10944,Ashford,North,2024-05-01,Organic Search
10945,Westvale,West,2024-05-01,Paid Social
10946,Palmetto Bay,South,2024-05-01,Referral
10947,Easton,East,2024-05-01,Referral
10948,Westvale,West,2024-05-01,Referral
10949,Northfield,,2024-05-01,Organic Search
10950,Northfield,North,2024-05-02,In-Store
10951,Easton,East,2024-05-02,Paid Social
10952,Lakewood,East,2024-05-03,In-Store
10953,Ashford,North,2024-05-05,
10954,Millbrook,North,2024-05-05,
10955,Kingsbridge,East,2024-05-06,
10956,Westvale,West,2024-05-06,In-Store
10957,Silver Creek,West,2024-05-06,Organic Search
10958,Northfield,North,2024-05-06,Organic Search
10959,Pinecrest,North,2024-05-06,Paid Social
10960,Redwood Falls,West,2024-05-06,Email
10961,Harbor City,East,2024-05-06,Referral
10962,Palmetto Bay,South,2024-05-07,Paid Social
10963,Pinecrest,North,2024-05-07,Email
10964,Ashford,North,2024-05-08,Organic Search
10965,Ashford,North,2024-05-08,Organic Search
10966,Northfield,North,2024-05-08,Paid Social
10967,Bayport,South,2024-05-08,Organic Search
10968,Palmetto Bay,South,2024-05-09,In-Store
10969,Canyon Ridge,West,2024-05-09,Paid Social
10970,Pinecrest,North,2024-05-09,Organic Search
10971,Northfield,North,2024-05-09,In-Store
10972,Lakewood,East,2024-05-09,Organic Search
10973,Lakewood,East,2024-05-11,In-Store
10974,Canyon Ridge,West,2024-05-11,
10975,Lakewood,East,2024-05-11,Referral
10976,Marlow,South,2024-05-11,Organic Search
10977,Harbor City,East,2024-05-12,Organic Search
10978,Lakewood,East,2024-05-12,Organic Search
10979,Harbor City,East,2024-05-12,Referral
10980,Ashford,,2024-05-12,In-Store
10981,Pinecrest,North,2024-05-12,Email
10982,Westvale,West,2024-05-13,In-Store
10983,Palmetto Bay,South,2024-05-13,Organic Search
10984,Palmetto Bay,South,2024-05-13,Paid Social
10985,Canyon Ridge,West,2024-05-13,Paid Social
10986,Southwick,South,2024-05-14,In-Store
10987,Kingsbridge,East,2024-05-14,In-Store
10988,Canyon Ridge,West,2024-05-14,
10989,Easton,East,2024-05-15,Email
10990,Redwood Falls,West,2024-05-16,Organic Search
10991,Lakewood,East,2024-05-16,In-Store
10992,Northfield,North,2024-05-16,In-Store
10993,Canyon Ridge,West,2024-05-16,Referral
10994,Ashford,North,2024-05-17,In-Store
10995,Redwood Falls,West,2024-05-17,In-Store
10996,Marlow,South,2024-05-18,Organic Search
10997,Kingsbridge,East,2024-05-18,Referral
10998,Millbrook,North,2024-05-18,Paid Social
10999,Westvale,West,2024-05-18,Organic Search
11000,Kingsbridge,East,2024-05-18,In-Store
11001,Bayport,South,2024-05-18,In-Store
11002,Marlow,South,2024-05-19,Organic Search
11003,Canyon Ridge,West,2024-05-19,Referral
11004,Westvale,West,2024-05-20,Referral
11005,Northfield,North,2024-05-20,Organic Search
11006,Lakewood,East,2024-05-20,In-Store
11007,Harbor City,East,2024-05-20,Paid Social
11008,Bayport,South,2024-05-21,In-Store
11009,Millbrook,North,2024-05-21,Organic Search
11010,Palmetto Bay,South,2024-05-22,Paid Social
11011,Redwood Falls,West,2024-05-22,
11012,Lakewood,East,2024-05-22,Organic Search
11013,Harbor City,East,2024-05-22,Organic Search
11014,Redwood Falls,West,2024-05-23,Referral
11015,Lakewood,East,2024-05-23,In-Store
11016,Palmetto Bay,South,2024-05-24,In-Store
11017,Harbor City,East,2024-05-24,Referral
11018,Canyon Ridge,West,2024-05-24,Paid Social
11019,Pinecrest,North,2024-05-25,Email
11020,Lakewood,East,2024-05-25,Organic Search
11021,Southwick,South,2024-05-25,Email
11022,Canyon Ridge,West,2024-05-25,Organic Search
11023,Marlow,South,2024-05-26,Email
11024,Westvale,West,2024-05-26,Paid Social
11025,Bayport,South,2024-05-26,Organic Search
11026,Canyon Ridge,,2024-05-26,
11027,Canyon Ridge,West,2024-05-27,Referral
11028,Lakewood,East,2024-05-27,In-Store
11029,Redwood Falls,West,2024-05-27,Referral
11030,Canyon Ridge,,2024-05-28,In-Store
11031,Silver Creek,West,2024-05-28,Paid Social
11032,Ashford,North,2024-05-28,In-Store
11033,Silver Creek,West,2024-05-28,
11034,Millbrook,North,2024-05-29,Email
11035,Palmetto Bay,South,2024-05-29,Paid Social
11036,Westvale,West,2024-05-29,In-Store
11037,Bayport,South,2024-05-29,Referral
11038,Northfield,North,2024-05-30,Referral
11039,Ashford,North,2024-05-30,
11040,Millbrook,North,2024-05-30,Paid Social
11041,Silver Creek,West,2024-05-30,Organic Search
11042,Bayport,South,2024-05-30,Paid Social
11043,Silver Creek,West,2024-05-30,Organic Search
11044,Pinecrest,North,2024-05-30,Paid Social
11045,Redwood Falls,West,2024-05-30,
11046,Bayport,South,2024-05-31,Referral
11047,Northfield,North,2024-05-31,Organic Search
11048,Pinecrest,North,2024-05-31,Organic Search
11049,Millbrook,North,2024-05-31,Email
11050,Kingsbridge,East,2024-05-31,In-Store
11051,Southwick,South,2024-06-01,
11052,Canyon Ridge,West,2024-06-02,Referral
11053,Pinecrest,North,2024-06-02,Organic Search
11054,Kingsbridge,East,2024-06-02,In-Store
11055,Canyon Ridge,West,2024-06-02,Referral
11056,Bayport,South,2024-06-02,In-Store
11057,Bayport,South,2024-06-03,Organic Search
11058,Ashford,North,2024-06-03,Organic Search
11059,Redwood Falls,West,2024-06-04,Paid Social
11060,Canyon Ridge,West,2024-06-04,Paid Social
11061,Harbor City,East,2024-06-04,Paid Social
11062,Marlow,South,2024-06-05,
11063,Marlow,South,2024-06-05,Referral
11064,Westvale,West,2024-06-05,In-Store
11065,Southwick,South,2024-06-05,Referral
11066,Silver Creek,West,2024-06-06,
11067,Palmetto Bay,South,2024-06-06,Paid Social
11068,Northfield,North,2024-06-06,Paid Social
11069,Southwick,South,2024-06-06,Organic Search
11070,Palmetto Bay,South,2024-06-07,In-Store
11071,Bayport,South,2024-06-07,Paid Social
11072,Northfield,North,2024-06-07,In-Store
11073,Pinecrest,North,2024-06-07,Organic Search
11074,Redwood Falls,West,2024-06-07,Paid Social
11075,Kingsbridge,East,2024-06-07,Paid Social
11076,Palmetto Bay,South,2024-06-07,Email
11077,Redwood Falls,West,2024-06-08,Referral
11078,Pinecrest,North,2024-06-08,In-Store
11079,Silver Creek,West,2024-06-08,Paid Social
11080,Bayport,South,2024-06-08,In-Store
11081,Marlow,South,2024-06-09,Paid Social
11082,Bayport,South,2024-06-09,
11083,Pinecrest,North,2024-06-09,Organic Search
11084,Northfield,North,2024-06-10,Referral
11085,Bayport,South,2024-06-10,Paid Social
11086,Westvale,West,2024-06-10,Paid Social
11087,Lakewood,East,2024-06-11,In-Store
11088,Canyon Ridge,West,2024-06-11,Referral
11089,Westvale,West,2024-06-11,Paid Social
11090,Canyon Ridge,West,2024-06-11,Paid Social
11091,Southwick,South,2024-06-12,Paid Social
11092,Canyon Ridge,West,2024-06-12,Paid Social
11093,Pinecrest,North,2024-06-12,Organic Search
11094,Northfield,North,2024-06-12,Organic Search
11095,Pinecrest,North,2024-06-12,In-Store
11096,Marlow,South,2024-06-12,Organic Search
11097,Southwick,South,2024-06-12,Organic Search
11098,Ashford,North,2024-06-12,In-Store
11099,Southwick,South,2024-06-13,Referral
11100,Bayport,South,2024-06-13,In-Store
11101,Harbor City,East,2024-06-13,In-Store
11102,Ashford,North,2024-06-13,In-Store
11103,Silver Creek,West,2024-06-14,Referral
11104,Canyon Ridge,West,2024-06-14,Organic Search
11105,Silver Creek,West,2024-06-14,Organic Search
11106,Redwood Falls,West,2024-06-14,Paid Social
11107,Silver Creek,West,2024-06-14,In-Store
11108,Millbrook,North,2024-06-14,In-Store
11109,Bayport,South,2024-06-14,Referral
11110,Harbor City,East,2024-06-14,Paid Social
11111,Millbrook,North,2024-06-15,Referral
11112,Ashford,North,2024-06-15,Organic Search
11113,Harbor City,East,2024-06-15,In-Store
11114,Millbrook,North,2024-06-15,Paid Social
11115,Ashford,North,2024-06-15,In-Store
11116,Millbrook,North,2024-06-16,Organic Search
11117,Redwood Falls,West,2024-06-16,Organic Search
11118,Westvale,West,2024-06-16,Email
11119,Palmetto Bay,South,2024-06-17,In-Store
11120,Ashford,North,2024-06-18,Organic Search
11121,Millbrook,North,2024-06-18,In-Store
11122,Millbrook,North,2024-06-18,Organic Search
11123,Palmetto Bay,South,2024-06-19,Organic Search
11124,Pinecrest,North,2024-06-19,In-Store
11125,Bayport,South,2024-06-19,In-Store
11126,Southwick,South,2024-06-19,Organic Search
11127,Silver Creek,West,2024-06-20,In-Store
11128,Northfield,North,2024-06-20,Referral
11129,Northfield,North,2024-06-20,Organic Search
11130,Palmetto Bay,South,2024-06-20,In-Store
11131,Bayport,South,2024-06-20,Referral
11132,Palmetto Bay,South,2024-06-21,Email
11133,Silver Creek,West,2024-06-21,In-Store
11134,Bayport,South,2024-06-22,Referral
11135,Marlow,South,2024-06-22,Paid Social
11136,Bayport,South,2024-06-22,Organic Search
11137,Easton,East,2024-06-22,Organic Search
11138,Westvale,West,2024-06-23,In-Store
11139,Pinecrest,North,2024-06-23,In-Store
11140,Lakewood,East,2024-06-23,Paid Social
11141,Easton,East,2024-06-23,In-Store
11142,Palmetto Bay,South,2024-06-24,In-Store
11143,Silver Creek,West,2024-06-25,Organic Search
11144,Millbrook,North,2024-06-25,In-Store
11145,Kingsbridge,East,2024-06-25,Organic Search
11146,Redwood Falls,West,2024-06-25,Organic Search
11147,Easton,East,2024-06-25,Organic Search
11148,Ashford,North,2024-06-25,Organic Search
11149,Easton,East,2024-06-26,Organic Search
11150,Pinecrest,North,2024-06-26,Referral
11151,Millbrook,North,2024-06-26,In-Store
11152,Millbrook,North,2024-06-26,Paid Social
11153,Easton,East,2024-06-27,Organic Search
11154,Redwood Falls,West,2024-06-27,Referral
11155,Westvale,West,2024-06-28,Paid Social
11156,Harbor City,East,2024-06-28,Paid Social
11157,Redwood Falls,West,2024-06-28,In-Store
11158,Silver Creek,West,2024-06-29,Email
11159,Southwick,South,2024-06-30,Organic Search
11160,Ashford,North,2024-06-30,Paid Social
11161,Northfield,North,2024-06-30,Paid Social
11162,Marlow,,2024-07-01,Email
11163,Pinecrest,North,2024-07-01,Organic Search
11164,Redwood Falls,West,2024-07-01,Paid Social
11165,Redwood Falls,West,2024-07-01,
11166,Harbor City,East,2024-07-01,Organic Search
11167,Marlow,South,2024-07-01,Email
11168,Westvale,West,2024-07-01,Email
11169,Silver Creek,West,2024-07-02,In-Store
11170,Canyon Ridge,West,2024-07-02,Email
11171,Ashford,North,2024-07-02,Email
11172,Kingsbridge,East,2024-07-02,Paid Social
11173,Redwood Falls,West,2024-07-02,In-Store
11174,Northfield,North,2024-07-03,Referral
11175,Easton,East,2024-07-03,Organic Search
11176,Marlow,South,2024-07-03,
11177,Ashford,North,2024-07-04,In-Store
11178,Silver Creek,West,2024-07-04,Organic Search
11179,Northfield,North,2024-07-04,Paid Social
11180,Redwood Falls,West,2024-07-04,In-Store
11181,Marlow,South,2024-07-05,Paid Social
11182,Lakewood,East,2024-07-05,In-Store
11183,Easton,East,2024-07-06,Paid Social
11184,Pinecrest,North,2024-07-06,Email
11185,Redwood Falls,,2024-07-06,In-Store
11186,Palmetto Bay,South,2024-07-07,Referral
11187,Lakewood,East,2024-07-07,Paid Social
11188,Kingsbridge,East,2024-07-07,
11189,Redwood Falls,West,2024-07-08,In-Store
11190,Canyon Ridge,West,2024-07-08,Organic Search
11191,Southwick,South,2024-07-08,Email
11192,Lakewood,East,2024-07-09,In-Store
11193,Marlow,South,2024-07-09,Organic Search
11194,Marlow,South,2024-07-09,In-Store
11195,Marlow,South,2024-07-10,Organic Search
11196,Westvale,West,2024-07-10,Organic Search
11197,Pinecrest,North,2024-07-10,In-Store
11198,Redwood Falls,West,2024-07-11,Referral
11199,Millbrook,North,2024-07-12,Paid Social
11200,Silver Creek,West,2024-07-12,Organic Search
11201,Redwood Falls,West,2024-07-12,In-Store
11202,Canyon Ridge,West,2024-07-13,Paid Social
11203,Marlow,South,2024-07-13,Email
11204,Easton,East,2024-07-13,Paid Social
11205,Westvale,West,2024-07-13,Paid Social
11206,Easton,East,2024-07-13,Organic Search
11207,Bayport,South,2024-07-13,Organic Search
11208,Kingsbridge,East,2024-07-14,Paid Social
11209,Pinecrest,North,2024-07-14,Email
11210,Silver Creek,West,2024-07-14,In-Store
11211,Kingsbridge,East,2024-07-14,In-Store
11212,Bayport,South,2024-07-15,Organic Search
11213,Marlow,South,2024-07-15,Paid Social
11214,Ashford,North,2024-07-15,Organic Search
11215,Ashford,North,2024-07-15,Email
11216,Kingsbridge,East,2024-07-15,Paid Social
11217,Marlow,South,2024-07-16,Paid Social
11218,Northfield,North,2024-07-16,In-Store
11219,Harbor City,East,2024-07-17,Organic Search
11220,Kingsbridge,East,2024-07-18,Referral
11221,Westvale,West,2024-07-18,Paid Social
11222,Redwood Falls,West,2024-07-18,Email
11223,Easton,East,2024-07-18,Organic Search
11224,Redwood Falls,West,2024-07-18,
11225,Northfield,North,2024-07-19,In-Store
11226,Redwood Falls,West,2024-07-19,Organic Search
11227,Redwood Falls,West,2024-07-19,Paid Social
11228,Southwick,South,2024-07-19,Organic Search
11229,Kingsbridge,East,2024-07-19,In-Store
11230,Westvale,West,2024-07-20,In-Store
11231,Southwick,South,2024-07-20,Referral
11232,Southwick,South,2024-07-20,Email
11233,Easton,East,2024-07-20,Organic Search
11234,Southwick,South,2024-07-20,Paid Social
11235,Southwick,South,2024-07-20,Organic Search
11236,Lakewood,East,2024-07-21,Paid Social
11237,Northfield,North,2024-07-21,Referral
11238,Kingsbridge,East,2024-07-21,Paid Social
11239,Northfield,North,2024-07-21,Organic Search
11240,Redwood Falls,West,2024-07-22,Organic Search
11241,Pinecrest,North,2024-07-22,Paid Social
11242,Pinecrest,North,2024-07-22,In-Store
11243,Silver Creek,West,2024-07-22,In-Store
11244,Northfield,North,2024-07-22,Paid Social
11245,Westvale,West,2024-07-22,Organic Search
11246,Easton,East,2024-07-22,Paid Social
11247,Pinecrest,,2024-07-22,Organic Search
11248,Westvale,West,2024-07-22,Organic Search
11249,Easton,East,2024-07-22,Paid Social
11250,Pinecrest,North,2024-07-22,Paid Social
11251,Northfield,North,2024-07-22,
11252,Redwood Falls,West,2024-07-22,Organic Search
11253,Bayport,South,2024-07-22,Referral
11254,Redwood Falls,West,2024-07-22,In-Store
11255,Ashford,North,2024-07-22,
11256,Easton,East,2024-07-23,Referral
11257,Canyon Ridge,West,2024-07-23,Organic Search
11258,Bayport,South,2024-07-23,In-Store
11259,Redwood Falls,West,2024-07-23,Organic Search
11260,Pinecrest,North,2024-07-24,In-Store
11261,Westvale,West,2024-07-24,In-Store
11262,Southwick,South,2024-07-24,Organic Search
11263,Canyon Ridge,West,2024-07-24,Email
11264,Redwood Falls,West,2024-07-24,In-Store
11265,Marlow,South,2024-07-24,Organic Search
11266,Ashford,North,2024-07-25,In-Store
11267,Harbor City,East,2024-07-25,In-Store
11268,Redwood Falls,West,2024-07-25,Organic Search
11269,Palmetto Bay,South,2024-07-25,Organic Search
11270,Westvale,West,2024-07-26,Referral
11271,Millbrook,North,2024-07-26,In-Store
11272,Northfield,North,2024-07-27,Organic Search
11273,Northfield,North,2024-07-27,
11274,Redwood Falls,West,2024-07-28,Email
11275,Southwick,South,2024-07-28,In-Store
11276,Pinecrest,North,2024-07-28,In-Store
11277,Westvale,West,2024-07-28,In-Store
11278,Marlow,South,2024-07-29,Paid Social
11279,Lakewood,East,2024-07-29,Paid Social
11280,Marlow,South,2024-07-29,Organic Search
11281,Westvale,West,2024-07-29,Paid Social
11282,Ashford,North,2024-07-29,
11283,Northfield,North,2024-07-30,Organic Search
11284,Southwick,South,2024-07-30,In-Store
11285,Southwick,South,2024-07-30,Organic Search
11286,Canyon Ridge,West,2024-07-30,Email
11287,Silver Creek,West,2024-07-30,Referral
11288,Canyon Ridge,West,2024-07-30,Paid Social
11289,Westvale,West,2024-07-30,Organic Search
11290,Redwood Falls,West,2024-07-30,Paid Social
11291,Southwick,South,2024-07-31,Organic Search
11292,Southwick,South,2024-07-31,In-Store
11293,Pinecrest,North,2024-07-31,In-Store
11294,Silver Creek,West,2024-07-31,In-Store
11295,Westvale,West,2024-07-31,Organic Search
11296,Southwick,South,2024-08-01,Referral
11297,Silver Creek,West,2024-08-01,In-Store
11298,Bayport,South,2024-08-01,Referral
11299,Redwood Falls,West,2024-08-01,In-Store
11300,Kingsbridge,East,2024-08-02,Referral
11301,Northfield,North,2024-08-02,Paid Social
11302,Easton,East,2024-08-02,Paid Social
11303,Millbrook,North,2024-08-02,In-Store
11304,Palmetto Bay,South,2024-08-02,Organic Search
11305,Silver Creek,West,2024-08-03,In-Store
11306,Marlow,South,2024-08-03,Paid Social
11307,Pinecrest,North,2024-08-03,In-Store
11308,Bayport,South,2024-08-03,Paid Social
11309,Northfield,North,2024-08-04,In-Store
11310,Pinecrest,North,2024-08-04,Organic Search
11311,Palmetto Bay,South,2024-08-04,In-Store
11312,Pinecrest,North,2024-08-04,Organic Search
11313,Silver Creek,West,2024-08-04,Organic Search
11314,Redwood Falls,West,2024-08-05,Referral
11315,Millbrook,North,2024-08-05,Organic Search
11316,Easton,East,2024-08-06,Email
11317,Palmetto Bay,South,2024-08-06,In-Store
11318,Ashford,North,2024-08-08,
11319,Northfield,North,2024-08-08,Organic Search
11320,Northfield,North,2024-08-08,Paid Social
11321,Redwood Falls,West,2024-08-08,Paid Social
11322,Pinecrest,North,2024-08-08,Paid Social
11323,Southwick,South,2024-08-09,Email
11324,Redwood Falls,West,2024-08-09,Email
11325,Ashford,North,2024-08-09,Paid Social
11326,Harbor City,East,2024-08-09,In-Store
11327,Ashford,North,2024-08-09,In-Store
11328,Bayport,South,2024-08-09,Paid Social
11329,Ashford,North,2024-08-09,Email
11330,Canyon Ridge,West,2024-08-10,Organic Search
11331,Lakewood,East,2024-08-10,
11332,Bayport,South,2024-08-10,In-Store
11333,Millbrook,North,2024-08-11,Paid Social
11334,Palmetto Bay,South,2024-08-11,Organic Search
11335,Southwick,South,2024-08-11,Paid Social
11336,Harbor City,East,2024-08-11,Email
11337,Easton,East,2024-08-11,Organic Search
11338,Silver Creek,West,2024-08-11,Email
11339,Silver Creek,West,2024-08-11,Organic Search
11340,Southwick,South,2024-08-12,Organic Search
11341,Millbrook,North,2024-08-12,Paid Social
11342,Northfield,North,2024-08-13,In-Store
11343,Southwick,South,2024-08-13,In-Store
11344,Bayport,South,2024-08-13,Organic Search
11345,Northfield,North,2024-08-14,In-Store
11346,Millbrook,,2024-08-14,Paid Social
11347,Bayport,South,2024-08-14,Paid Social
11348,Canyon Ridge,West,2024-08-14,In-Store
11349,Harbor City,East,2024-08-14,Organic Search
11350,Southwick,South,2024-08-15,Organic Search
11351,Northfield,North,2024-08-15,Organic Search
11352,Easton,East,2024-08-15,In-Store
11353,Silver Creek,West,2024-08-15,Paid Social
11354,Lakewood,East,2024-08-16,Organic Search
11355,Bayport,South,2024-08-16,Paid Social
11356,Bayport,South,2024-08-16,Organic Search
11357,Southwick,South,2024-08-16,Referral
11358,Ashford,North,2024-08-17,Organic Search
11359,Canyon Ridge,,2024-08-17,In-Store
11360,Southwick,South,2024-08-18,In-Store
11361,Pinecrest,North,2024-08-18,Organic Search
11362,Northfield,North,2024-08-18,In-Store
11363,Redwood Falls,West,2024-08-18,In-Store
11364,Millbrook,North,2024-08-19,In-Store
11365,Palmetto Bay,South,2024-08-19,Paid Social
11366,Northfield,North,2024-08-20,Paid Social
11367,Northfield,North,2024-08-20,In-Store
11368,Lakewood,East,2024-08-21,Paid Social
11369,Ashford,North,2024-08-21,Organic Search
11370,Bayport,South,2024-08-22,
11371,Ashford,North,2024-08-22,Organic Search
11372,Southwick,South,2024-08-22,In-Store
11373,Bayport,South,2024-08-23,
11374,Marlow,South,2024-08-23,Organic Search
11375,Bayport,South,2024-08-23,Paid Social
11376,Ashford,North,2024-08-23,In-Store
11377,Pinecrest,North,2024-08-24,Referral
11378,Ashford,North,2024-08-25,Organic Search
11379,Bayport,South,2024-08-25,Referral
11380,Westvale,West,2024-08-25,In-Store
11381,Bayport,South,2024-08-26,Organic Search
11382,Southwick,South,2024-08-26,In-Store
11383,Pinecrest,North,2024-08-26,In-Store
11384,Easton,East,2024-08-26,In-Store
11385,Harbor City,East,2024-08-27,Organic Search
11386,Easton,East,2024-08-27,In-Store
11387,Silver Creek,West,2024-08-27,Organic Search
11388,Harbor City,East,2024-08-27,In-Store
11389,Pinecrest,North,2024-08-28,In-Store
11390,Pinecrest,North,2024-08-28,
11391,Silver Creek,West,2024-08-28,In-Store
11392,Canyon Ridge,West,2024-08-29,In-Store
11393,Harbor City,East,2024-08-29,Organic Search
11394,Northfield,North,2024-08-29,In-Store
11395,Pinecrest,North,2024-08-29,Paid Social
11396,Canyon Ridge,West,2024-08-30,In-Store
11397,Bayport,South,2024-08-30,In-Store
11398,Bayport,South,2024-08-31,Paid Social
11399,Canyon Ridge,West,2024-08-31,
11400,Canyon Ridge,West,2024-08-31,Paid Social
11401,Pinecrest,North,2024-08-31,In-Store
11402,Palmetto Bay,South,2024-09-01,Paid Social
11403,Bayport,South,2024-09-01,
11404,Marlow,South,2024-09-02,Organic Search
11405,Redwood Falls,West,2024-09-02,Organic Search
11406,Palmetto Bay,South,2024-09-03,Referral
11407,Redwood Falls,West,2024-09-03,In-Store
11408,Pinecrest,North,2024-09-04,In-Store
11409,Marlow,South,2024-09-04,In-Store
11410,Southwick,South,2024-09-04,In-Store
11411,Southwick,South,2024-09-04,Organic Search
11412,Silver Creek,West,2024-09-04,
11413,Easton,East,2024-09-05,Organic Search
11414,Redwood Falls,West,2024-09-05,Organic Search
11415,Bayport,South,2024-09-05,Paid Social
11416,Harbor City,East,2024-09-06,Organic Search
11417,Canyon Ridge,West,2024-09-06,Organic Search
11418,Millbrook,North,2024-09-07,
11419,Palmetto Bay,South,2024-09-07,Paid Social
11420,Bayport,South,2024-09-08,In-Store
11421,Millbrook,North,2024-09-08,Paid Social
11422,Ashford,North,2024-09-09,In-Store
11423,Canyon Ridge,West,2024-09-09,Organic Search
11424,Pinecrest,North,2024-09-09,Paid Social
11425,Palmetto Bay,South,2024-09-09,Organic Search
11426,Southwick,South,2024-09-10,
11427,Easton,East,2024-09-10,Referral
11428,Marlow,South,2024-09-10,In-Store
11429,Westvale,West,2024-09-11,In-Store
11430,Westvale,West,2024-09-12,Organic Search
11431,Marlow,South,2024-09-12,Organic Search
11432,Easton,East,2024-09-12,
11433,Canyon Ridge,West,2024-09-12,Paid Social
11434,Pinecrest,North,2024-09-13,Paid Social
11435,Northfield,North,2024-09-13,In-Store
11436,Bayport,South,2024-09-14,In-Store
11437,Canyon Ridge,West,2024-09-14,Email
11438,Ashford,North,2024-09-14,Paid Social
11439,Northfield,North,2024-09-14,
11440,Millbrook,North,2024-09-14,Paid Social
11441,Millbrook,North,2024-09-14,Organic Search
11442,Canyon Ridge,West,2024-09-15,Organic Search
11443,Northfield,North,2024-09-15,Email
11444,Silver Creek,West,2024-09-15,In-Store
11445,Westvale,West,2024-09-15,In-Store
11446,Kingsbridge,East,2024-09-16,Paid Social
11447,Pinecrest,North,2024-09-16,Paid Social
11448,Harbor City,East,2024-09-16,Paid Social
11449,Silver Creek,West,2024-09-17,Organic Search
11450,Millbrook,North,2024-09-18,Paid Social
11451,Millbrook,North,2024-09-18,In-Store
11452,Bayport,South,2024-09-19,Paid Social
11453,Millbrook,North,2024-09-19,
11454,Lakewood,East,2024-09-19,In-Store
11455,Millbrook,North,2024-09-20,In-Store
11456,Pinecrest,North,2024-09-20,In-Store
11457,Westvale,West,2024-09-20,Organic Search
11458,Easton,East,2024-09-20,In-Store
11459,Northfield,North,2024-09-21,Paid Social
11460,Marlow,South,2024-09-23,Email
11461,Silver Creek,West,2024-09-23,Email
11462,Northfield,North,2024-09-24,Paid Social
11463,Westvale,West,2024-09-24,Organic Search
11464,Westvale,West,2024-09-24,Paid Social
11465,Westvale,West,2024-09-24,Paid Social
11466,Palmetto Bay,South,2024-09-24,Organic Search
11467,Millbrook,North,2024-09-25,Referral
11468,Bayport,South,2024-09-25,Organic Search
11469,Harbor City,East,2024-09-26,Referral
11470,Ashford,North,2024-09-26,In-Store
11471,Easton,East,2024-09-26,Referral
11472,Westvale,West,2024-09-26,Email
11473,Westvale,West,2024-09-26,In-Store
11474,Harbor City,East,2024-09-27,Paid Social
11475,Millbrook,North,2024-09-27,Organic Search
11476,Harbor City,East,2024-09-27,Organic Search
11477,Canyon Ridge,West,2024-09-28,Organic Search
11478,Harbor City,East,2024-09-28,In-Store
11479,Northfield,North,2024-09-28,Organic Search
11480,Southwick,South,2024-09-28,
11481,Harbor City,East,2024-09-28,Paid Social
11482,Lakewood,East,2024-09-28,In-Store
11483,Pinecrest,,2024-09-29,Organic Search
11484,Millbrook,North,2024-09-29,In-Store
11485,Silver Creek,West,2024-09-29,Paid Social
11486,Kingsbridge,East,2024-09-29,Paid Social
11487,Kingsbridge,East,2024-09-30,In-Store
11488,Palmetto Bay,South,2024-09-30,In-Store
11489,Southwick,South,2024-09-30,Paid Social
11490,Kingsbridge,East,2024-09-30,Paid Social
11491,Palmetto Bay,South,2024-10-01,Paid Social
11492,Millbrook,North,2024-10-01,In-Store
11493,Canyon Ridge,West,2024-10-02,In-Store
11494,Redwood Falls,West,2024-10-02,
11495,Lakewood,East,2024-10-02,Organic Search
11496,Marlow,,2024-10-02,Referral
11497,Canyon Ridge,West,2024-10-02,Organic Search
11498,Palmetto Bay,South,2024-10-02,In-Store
11499,Silver Creek,West,2024-10-02,Referral
11500,Southwick,South,2024-10-02,
11501,Ashford,North,2024-10-03,In-Store
11502,Silver Creek,West,2024-10-05,Organic Search
11503,Ashford,North,2024-10-05,Paid Social
11504,Ashford,North,2024-10-05,Organic Search
11505,Pinecrest,North,2024-10-05,Paid Social
11506,Easton,East,2024-10-05,Paid Social
11507,Pinecrest,North,2024-10-06,In-Store
11508,Canyon Ridge,West,2024-10-06,Paid Social
11509,Palmetto Bay,,2024-10-07,Paid Social
11510,Easton,East,2024-10-07,In-Store
11511,Westvale,West,2024-10-10,Organic Search
11512,Ashford,North,2024-10-10,In-Store
11513,Kingsbridge,East,2024-10-13,Organic Search
11514,Millbrook,North,2024-10-13,In-Store
11515,Silver Creek,West,2024-10-13,In-Store
11516,Palmetto Bay,South,2024-10-13,Paid Social
11517,Redwood Falls,West,2024-10-13,Email
11518,Millbrook,North,2024-10-14,Organic Search
11519,Westvale,West,2024-10-14,Referral
11520,Easton,East,2024-10-14,In-Store
11521,Westvale,West,2024-10-14,Organic Search
11522,Silver Creek,West,2024-10-14,Paid Social
11523,Southwick,South,2024-10-15,Email
11524,Lakewood,East,2024-10-16,Referral
11525,Palmetto Bay,South,2024-10-16,In-Store
11526,Lakewood,East,2024-10-16,Organic Search
11527,Pinecrest,North,2024-10-19,In-Store
11528,Silver Creek,West,2024-10-19,In-Store
11529,Redwood Falls,West,2024-10-19,Organic Search
11530,Easton,East,2024-10-20,
11531,Palmetto Bay,South,2024-10-20,Organic Search
11532,Pinecrest,North,2024-10-21,In-Store
11533,Silver Creek,,2024-10-22,Paid Social
11534,Pinecrest,North,2024-10-23,Organic Search
11535,Bayport,South,2024-10-23,Referral
11536,Northfield,North,2024-10-24,Email
11537,Northfield,North,2024-10-24,In-Store
11538,Ashford,North,2024-10-25,In-Store
11539,Marlow,South,2024-10-25,Referral
11540,Southwick,South,2024-10-25,Organic Search
11541,Silver Creek,West,2024-10-26,Paid Social
11542,Redwood Falls,West,2024-10-26,Organic Search
11543,Redwood Falls,West,2024-10-26,Paid Social
11544,Lakewood,East,2024-10-26,Organic Search
11545,Canyon Ridge,West,2024-10-27,Organic Search
11546,Millbrook,North,2024-10-28,Organic Search
11547,Silver Creek,West,2024-10-28,
11548,Ashford,North,2024-10-28,In-Store
11549,Canyon Ridge,West,2024-10-29,In-Store
11550,Ashford,North,2024-10-29,Organic Search
11551,Kingsbridge,East,2024-10-30,In-Store
11552,Harbor City,East,2024-10-30,In-Store
11553,Ashford,North,2024-10-31,Organic Search
11554,Bayport,South,2024-10-31,Organic Search
11555,Silver Creek,West,2024-10-31,In-Store
11556,Westvale,West,2024-10-31,Paid Social
11557,Ashford,North,2024-11-01,Organic Search
11558,Northfield,North,2024-11-01,In-Store
11559,Ashford,North,2024-11-01,Paid Social
11560,Pinecrest,North,2024-11-01,Paid Social
11561,Kingsbridge,East,2024-11-01,Referral
11562,Canyon Ridge,West,2024-11-03,Referral
11563,Kingsbridge,East,2024-11-03,Organic Search
11564,Southwick,South,2024-11-03,In-Store
11565,Harbor City,East,2024-11-03,
11566,Silver Creek,West,2024-11-04,In-Store
11567,Redwood Falls,West,2024-11-04,Organic Search
11568,Bayport,South,2024-11-06,
11569,Marlow,South,2024-11-06,Organic Search
11570,Bayport,South,2024-11-06,Referral
11571,Silver Creek,West,2024-11-06,In-Store
11572,Kingsbridge,East,2024-11-07,
11573,Palmetto Bay,South,2024-11-07,Paid Social
11574,Marlow,South,2024-11-07,In-Store
11575,Harbor City,East,2024-11-07,Referral
11576,Kingsbridge,East,2024-11-07,
11577,Silver Creek,West,2024-11-07,Organic Search
11578,Silver Creek,West,2024-11-07,Referral
11579,Southwick,South,2024-11-08,Organic Search
11580,Bayport,South,2024-11-08,
11581,Harbor City,East,2024-11-08,In-Store
11582,Easton,East,2024-11-08,Paid Social
11583,Ashford,North,2024-11-08,Paid Social
11584,Marlow,South,2024-11-08,
11585,Northfield,North,2024-11-09,In-Store
11586,Canyon Ridge,West,2024-11-09,Paid Social
11587,Silver Creek,West,2024-11-09,Paid Social
11588,Northfield,North,2024-11-10,Organic Search
11589,Harbor City,East,2024-11-10,In-Store
11590,Easton,East,2024-11-10,In-Store
11591,Marlow,South,2024-11-10,Email
11592,Palmetto Bay,South,2024-11-11,Organic Search
11593,Westvale,West,2024-11-11,In-Store
11594,Pinecrest,North,2024-11-11,Paid Social
11595,Ashford,North,2024-11-12,In-Store
11596,Bayport,South,2024-11-12,In-Store
11597,Southwick,South,2024-11-12,Referral
11598,Silver Creek,West,2024-11-13,Paid Social
11599,Millbrook,North,2024-11-14,Referral
11600,Southwick,South,2024-11-14,Paid Social
11601,Marlow,South,2024-11-14,In-Store
11602,Palmetto Bay,South,2024-11-15,Organic Search
11603,Bayport,South,2024-11-15,Paid Social
11604,Millbrook,North,2024-11-15,Paid Social
11605,Pinecrest,North,2024-11-15,In-Store
11606,Southwick,South,2024-11-16,Paid Social
11607,Palmetto Bay,South,2024-11-16,Organic Search
11608,Ashford,North,2024-11-16,Organic Search
11609,Palmetto Bay,South,2024-11-16,Referral
11610,Ashford,North,2024-11-17,In-Store
11611,Lakewood,East,2024-11-17,Organic Search
11612,Harbor City,East,2024-11-17,Organic Search
11613,Canyon Ridge,West,2024-11-18,In-Store
11614,Pinecrest,North,2024-11-18,Organic Search
11615,Kingsbridge,East,2024-11-18,In-Store
11616,Southwick,South,2024-11-18,Referral
11617,Southwick,South,2024-11-18,In-Store
11618,Kingsbridge,East,2024-11-19,Referral
11619,Lakewood,East,2024-11-19,Organic Search
11620,Canyon Ridge,West,2024-11-19,In-Store
11621,Pinecrest,North,2024-11-20,Paid Social
11622,Pinecrest,North,2024-11-20,In-Store
11623,Pinecrest,North,2024-11-20,Referral
11624,Millbrook,North,2024-11-20,Referral
11625,Kingsbridge,East,2024-11-20,In-Store
11626,Easton,East,2024-11-21,Referral
11627,Pinecrest,North,2024-11-21,Referral
11628,Southwick,South,2024-11-21,Email
11629,Marlow,South,2024-11-22,In-Store
11630,Northfield,North,2024-11-22,In-Store
11631,Northfield,North,2024-11-23,Organic Search
11632,Lakewood,East,2024-11-23,Organic Search
11633,Lakewood,East,2024-11-23,In-Store
11634,Bayport,South,2024-11-23,In-Store
11635,Canyon Ridge,West,2024-11-24,Referral
11636,Pinecrest,North,2024-11-24,In-Store
11637,Millbrook,North,2024-11-24,In-Store
11638,Pinecrest,North,2024-11-24,Referral
11639,Westvale,West,2024-11-25,Referral
11640,Silver Creek,West,2024-11-25,Referral
11641,Ashford,North,2024-11-25,Paid Social
11642,Westvale,West,2024-11-25,Organic Search
11643,Lakewood,East,2024-11-26,In-Store
11644,Easton,East,2024-11-26,Organic Search
11645,Marlow,South,2024-11-26,In-Store
11646,Westvale,West,2024-11-26,Organic Search
11647,Palmetto Bay,South,2024-11-26,Organic Search
11648,Silver Creek,West,2024-11-26,In-Store
11649,Westvale,West,2024-11-26,Referral
11650,Southwick,South,2024-11-28,Organic Search
11651,Northfield,North,2024-11-29,Paid Social
11652,Redwood Falls,West,2024-11-29,In-Store
11653,Lakewood,East,2024-11-29,In-Store
11654,Northfield,North,2024-11-30,Organic Search
11655,Southwick,South,2024-11-30,Organic Search
11656,Easton,East,2024-11-30,Paid Social
11657,Westvale,West,2024-11-30,In-Store
11658,Palmetto Bay,South,2024-12-01,In-Store
11659,Redwood Falls,West,2024-12-01,Organic Search
11660,Westvale,West,2024-12-02,Paid Social
11661,Kingsbridge,East,2024-12-02,In-Store
11662,Lakewood,East,2024-12-02,In-Store
11663,Lakewood,East,2024-12-03,In-Store
11664,Redwood Falls,West,2024-12-03,Paid Social
11665,Southwick,South,2024-12-03,Paid Social
11666,Southwick,South,2024-12-04,In-Store
11667,Bayport,South,2024-12-04,Organic Search
11668,Kingsbridge,East,2024-12-04,In-Store
11669,Westvale,West,2024-12-04,In-Store
11670,Marlow,South,2024-12-04,Referral
11671,Lakewood,East,2024-12-05,Organic Search
11672,Southwick,South,2024-12-05,Email
11673,Bayport,South,2024-12-05,Email
11674,Marlow,South,2024-12-05,In-Store
11675,Northfield,North,2024-12-05,
11676,Bayport,South,2024-12-05,Referral
11677,Palmetto Bay,South,2024-12-06,
11678,Bayport,South,2024-12-06,In-Store
11679,Silver Creek,West,2024-12-06,Organic Search
11680,Lakewood,East,2024-12-06,Paid Social
11681,Marlow,South,2024-12-06,
11682,Westvale,West,2024-12-07,Paid Social
11683,Westvale,West,2024-12-07,In-Store
11684,Westvale,West,2024-12-07,Paid Social
11685,Northfield,North,2024-12-07,Organic Search
11686,Marlow,South,2024-12-08,Referral
11687,Kingsbridge,East,2024-12-08,Organic Search
11688,Southwick,South,2024-12-08,Email
11689,Marlow,South,2024-12-09,In-Store
11690,Southwick,South,2024-12-09,Paid Social
11691,Kingsbridge,East,2024-12-10,In-Store
11692,Easton,East,2024-12-10,Organic Search
11693,Ashford,North,2024-12-10,Referral
11694,Bayport,South,2024-12-10,Paid Social
11695,Southwick,South,2024-12-11,
11696,Bayport,South,2024-12-11,Organic Search
11697,Lakewood,East,2024-12-11,In-Store
11698,Kingsbridge,East,2024-12-11,In-Store
11699,Palmetto Bay,South,2024-12-12,Email
11700,Ashford,North,2024-12-12,In-Store
11701,Redwood Falls,West,2024-12-12,Paid Social
11702,Silver Creek,West,2024-12-12,In-Store
11703,Canyon Ridge,West,2024-12-12,Paid Social
11704,Northfield,North,2024-12-12,In-Store
11705,Ashford,North,2024-12-13,Organic Search
11706,Canyon Ridge,West,2024-12-13,Organic Search
11707,Millbrook,North,2024-12-13,Organic Search
11708,Silver Creek,West,2024-12-13,Paid Social
11709,Pinecrest,North,2024-12-13,Organic Search
11710,Northfield,North,2024-12-14,Organic Search
11711,Millbrook,North,2024-12-14,Organic Search
11712,Palmetto Bay,South,2024-12-14,Email
11713,Lakewood,East,2024-12-15,Paid Social
11714,Easton,East,2024-12-15,Paid Social
11715,Millbrook,North,2024-12-15,Organic Search
11716,Marlow,South,2024-12-15,Email
11717,Redwood Falls,West,2024-12-16,Paid Social
11718,Southwick,South,2024-12-16,In-Store
11719,Marlow,South,2024-12-16,Organic Search
11720,Millbrook,North,2024-12-16,Organic Search
11721,Easton,East,2024-12-17,Paid Social
11722,Silver Creek,West,2024-12-17,In-Store
11723,Silver Creek,West,2024-12-17,Organic Search
11724,Silver Creek,West,2024-12-18,Paid Social
11725,Palmetto Bay,South,2024-12-18,Organic Search
11726,Harbor City,East,2024-12-18,Paid Social
11727,Southwick,South,2024-12-18,In-Store
11728,Kingsbridge,East,2024-12-18,In-Store
11729,Southwick,South,2024-12-19,In-Store
11730,Silver Creek,West,2024-12-19,Organic Search
11731,Millbrook,North,2024-12-20,Organic Search
11732,Northfield,North,2024-12-20,In-Store
11733,Northfield,North,2024-12-20,Organic Search
11734,Palmetto Bay,South,2024-12-20,In-Store
11735,Southwick,South,2024-12-21,Paid Social
11736,Lakewood,East,2024-12-21,Email
11737,Northfield,North,2024-12-21,Paid Social
11738,Silver Creek,West,2024-12-21,In-Store
11739,Easton,East,2024-12-21,Referral
11740,Redwood Falls,West,2024-12-21,In-Store
11741,Millbrook,North,2024-12-22,Organic Search
11742,Palmetto Bay,South,2024-12-22,Referral
11743,Marlow,South,2024-12-22,Paid Social
11744,Palmetto Bay,South,2024-12-22,In-Store
11745,Bayport,South,2024-12-22,Organic Search
11746,Bayport,South,2024-12-22,In-Store
11747,Palmetto Bay,South,2024-12-22,In-Store
11748,Redwood Falls,West,2024-12-23,Referral
11749,Silver Creek,West,2024-12-23,In-Store
11750,Easton,East,2024-12-23,Organic Search
11751,Silver Creek,West,2024-12-23,Paid Social
11752,Kingsbridge,East,2024-12-24,Organic Search
11753,Redwood Falls,West,2024-12-24,Referral
11754,Redwood Falls,West,2024-12-24,Paid Social
11755,Pinecrest,North,2024-12-24,Organic Search
11756,Easton,East,2024-12-25,Referral
11757,Redwood Falls,West,2024-12-25,Organic Search
11758,Silver Creek,West,2024-12-25,Referral
11759,Lakewood,East,2024-12-25,Paid Social
11760,Bayport,South,2024-12-26,Paid Social
11761,Harbor City,East,2024-12-26,In-Store
11762,Silver Creek,West,2024-12-26,Email
11763,Lakewood,East,2024-12-26,In-Store
11764,Pinecrest,North,2024-12-27,Organic Search
11765,Easton,East,2024-12-27,Organic Search
11766,Canyon Ridge,West,2024-12-27,Email
11767,Easton,East,2024-12-27,Referral
11768,Pinecrest,North,2024-12-27,Paid Social
11769,Redwood Falls,West,2024-12-27,Paid Social
11770,Bayport,South,2024-12-28,
11771,Millbrook,North,2024-12-28,
11772,Southwick,South,2024-12-28,Paid Social
11773,Bayport,South,2024-12-28,Organic Search
11774,Palmetto Bay,South,2024-12-29,Referral
11775,Harbor City,East,2024-12-29,In-Store
11776,Easton,East,2024-12-29,Organic Search
11777,Southwick,South,2024-12-29,Paid Social
11778,Palmetto Bay,South,2024-12-29,Organic Search
11779,Westvale,West,2024-12-29,Referral
11780,Westvale,West,2024-12-29,Paid Social
11781,Easton,East,2024-12-29,Referral
11782,Bayport,South,2024-12-29,Paid Social
11783,Canyon Ridge,West,2024-12-29,Organic Search
11784,Kingsbridge,East,2024-12-29,Email
11785,Easton,East,2024-12-30,Email
11786,Palmetto Bay,South,2024-12-30,
11787,Redwood Falls,West,2024-12-30,In-Store
11788,Palmetto Bay,South,2024-12-30,In-Store
11789,Westvale,West,2024-12-30,Email
11790,Westvale,West,2024-12-30,Organic Search
11791,Redwood Falls,West,2024-12-30,Email
11792,Canyon Ridge,West,2024-12-30,Organic Search
11793,Palmetto Bay,South,2024-12-31,Paid Social
11794,Lakewood,East,2024-12-31,In-Store
11795,Pinecrest,North,2024-12-31,In-Store
11796,Harbor City,East,2024-12-31,Paid Social
11797,Bayport,,2025-01-01,Referral
11798,Southwick,South,2025-01-01,Organic Search
11799,Marlow,South,2025-01-02,Organic Search
11800,Palmetto Bay,South,2025-01-02,In-Store
11801,Westvale,West,2025-01-02,Paid Social
11802,Northfield,North,2025-01-03,Organic Search
11803,Southwick,South,2025-01-04,In-Store
11804,Redwood Falls,West,2025-01-04,Email
11805,Kingsbridge,East,2025-01-05,In-Store
11806,Silver Creek,West,2025-01-05,Paid Social
11807,Palmetto Bay,South,2025-01-05,In-Store
11808,Northfield,North,2025-01-06,Organic Search
11809,Northfield,North,2025-01-07,Email
11810,Pinecrest,North,2025-01-07,Organic Search
11811,Ashford,North,2025-01-08,Organic Search
11812,Bayport,South,2025-01-09,Organic Search
11813,Westvale,West,2025-01-09,In-Store
11814,Silver Creek,West,2025-01-10,In-Store
11815,Pinecrest,North,2025-01-10,Paid Social
11816,Southwick,South,2025-01-11,Organic Search
11817,Easton,East,2025-01-11,In-Store
11818,Southwick,South,2025-01-11,Organic Search
11819,Pinecrest,North,2025-01-12,In-Store
11820,Redwood Falls,West,2025-01-12,Paid Social
11821,Silver Creek,West,2025-01-13,Paid Social
11822,Canyon Ridge,West,2025-01-13,Organic Search
11823,Kingsbridge,East,2025-01-14,In-Store
11824,Canyon Ridge,West,2025-01-14,Paid Social
11825,Harbor City,East,2025-01-16,Paid Social
11826,Redwood Falls,West,2025-01-17,Organic Search
11827,Redwood Falls,West,2025-01-17,Referral
11828,Ashford,North,2025-01-18,In-Store
11829,Northfield,North,2025-01-18,In-Store
11830,Redwood Falls,West,2025-01-18,Email
11831,Silver Creek,West,2025-01-18,Paid Social
11832,Palmetto Bay,South,2025-01-19,Organic Search
11833,Marlow,South,2025-01-19,In-Store
11834,Pinecrest,North,2025-01-19,In-Store
11835,Southwick,South,2025-01-19,Organic Search
11836,Canyon Ridge,West,2025-01-20,Email
11837,Millbrook,North,2025-01-21,In-Store
11838,Millbrook,North,2025-01-21,In-Store
11839,Easton,East,2025-01-22,Referral
11840,Canyon Ridge,West,2025-01-23,Organic Search
11841,Redwood Falls,West,2025-01-23,Organic Search
11842,Marlow,South,2025-01-23,Paid Social
11843,Redwood Falls,West,2025-01-24,In-Store
11844,Kingsbridge,East,2025-01-24,Organic Search
11845,Pinecrest,North,2025-01-25,In-Store
11846,Pinecrest,North,2025-01-25,Organic Search
11847,Southwick,South,2025-01-26,
11848,Millbrook,North,2025-01-26,Paid Social
11849,Easton,East,2025-01-27,Email
11850,Westvale,West,2025-01-27,Organic Search
11851,Harbor City,East,2025-01-28,Email
11852,Silver Creek,West,2025-01-28,In-Store
11853,Southwick,South,2025-01-28,Organic Search
11854,Palmetto Bay,South,2025-01-29,In-Store
11855,Easton,East,2025-01-29,In-Store
11856,Ashford,North,2025-01-30,Paid Social
11857,Northfield,North,2025-01-30,Referral
11858,Canyon Ridge,West,2025-01-30,In-Store
11859,Ashford,North,2025-01-30,In-Store
11860,Northfield,North,2025-01-30,Paid Social
11861,Silver Creek,West,2025-01-31,Paid Social
11862,Palmetto Bay,South,2025-01-31,Paid Social
11863,Palmetto Bay,South,2025-01-31,In-Store
11864,Ashford,North,2025-02-01,Email
11865,Easton,East,2025-02-01,Organic Search
11866,Ashford,North,2025-02-02,Paid Social
11867,Easton,East,2025-02-02,Paid Social
11868,Ashford,,2025-02-02,In-Store
11869,Easton,East,2025-02-03,Paid Social
11870,Southwick,South,2025-02-03,In-Store
11871,Marlow,South,2025-02-03,Referral
11872,Millbrook,North,2025-02-05,Organic Search
11873,Ashford,North,2025-02-05,Organic Search
11874,Kingsbridge,East,2025-02-07,Organic Search
11875,Easton,East,2025-02-07,Referral
11876,Southwick,South,2025-02-07,Paid Social
11877,Easton,East,2025-02-07,
11878,Millbrook,North,2025-02-07,Paid Social
11879,Pinecrest,North,2025-02-08,Paid Social
11880,Silver Creek,West,2025-02-08,In-Store
11881,Westvale,West,2025-02-08,Organic Search
11882,Westvale,West,2025-02-09,In-Store
11883,Lakewood,East,2025-02-09,Paid Social
11884,Bayport,South,2025-02-10,In-Store
11885,Lakewood,East,2025-02-10,Organic Search
11886,Millbrook,North,2025-02-10,Paid Social
11887,Northfield,North,2025-02-11,Paid Social
11888,Westvale,West,2025-02-12,Organic Search
11889,Northfield,North,2025-02-12,Referral
11890,Northfield,North,2025-02-13,Paid Social
11891,Marlow,South,2025-02-13,Paid Social
11892,Millbrook,North,2025-02-13,Paid Social
11893,Palmetto Bay,South,2025-02-13,In-Store
11894,Silver Creek,West,2025-02-13,In-Store
11895,Millbrook,North,2025-02-14,Paid Social
11896,Northfield,North,2025-02-14,Referral
11897,Lakewood,East,2025-02-16,Referral
11898,Redwood Falls,West,2025-02-16,Paid Social
11899,Northfield,North,2025-02-17,In-Store
11900,Westvale,West,2025-02-17,Paid Social
11901,Easton,East,2025-02-18,Organic Search
11902,Ashford,North,2025-02-18,Email
11903,Canyon Ridge,West,2025-02-18,Organic Search
11904,Millbrook,North,2025-02-19,In-Store
11905,Kingsbridge,East,2025-02-19,Paid Social
11906,Easton,East,2025-02-19,Organic Search
11907,Millbrook,North,2025-02-19,In-Store
11908,Pinecrest,North,2025-02-20,Organic Search
11909,Canyon Ridge,West,2025-02-21,In-Store
11910,Easton,East,2025-02-21,Organic Search
11911,Westvale,West,2025-02-22,Paid Social
11912,Lakewood,East,2025-02-22,Paid Social
11913,Lakewood,East,2025-02-22,Referral
11914,Ashford,North,2025-02-23,Organic Search
11915,Ashford,North,2025-02-23,Email
11916,Millbrook,North,2025-02-23,In-Store
11917,Marlow,South,2025-02-24,Referral
11918,Southwick,South,2025-02-24,Organic Search
11919,Ashford,North,2025-02-24,Email
11920,Canyon Ridge,West,2025-02-24,Organic Search
11921,Westvale,West,2025-02-24,Referral
11922,Westvale,West,2025-02-25,In-Store
11923,Canyon Ridge,West,2025-02-25,Paid Social
11924,Lakewood,East,2025-02-25,Referral
11925,Canyon Ridge,West,2025-02-25,Organic Search
11926,Ashford,North,2025-02-25,In-Store
11927,Lakewood,East,2025-02-26,Paid Social
11928,Westvale,West,2025-02-26,Organic Search
11929,Silver Creek,West,2025-02-26,Referral
11930,Ashford,North,2025-02-26,Organic Search
11931,Millbrook,North,2025-02-26,In-Store
11932,Redwood Falls,West,2025-02-27,Organic Search
11933,Southwick,South,2025-02-27,
11934,Lakewood,East,2025-02-27,Organic Search
11935,Southwick,South,2025-02-27,In-Store
11936,Canyon Ridge,West,2025-02-27,Paid Social
11937,Marlow,South,2025-02-28,In-Store
11938,Northfield,North,2025-03-01,Email
11939,Southwick,South,2025-03-01,Referral
11940,Canyon Ridge,West,2025-03-02,In-Store
11941,Lakewood,East,2025-03-02,Organic Search
11942,Palmetto Bay,South,2025-03-02,Organic Search
11943,Canyon Ridge,West,2025-03-02,
11944,Northfield,North,2025-03-02,Referral
11945,Kingsbridge,East,2025-03-02,In-Store
11946,Westvale,West,2025-03-03,Paid Social
11947,Northfield,North,2025-03-03,Paid Social
11948,Westvale,West,2025-03-03,Organic Search
11949,Pinecrest,North,2025-03-03,In-Store
11950,Silver Creek,West,2025-03-03,In-Store
11951,Bayport,South,2025-03-03,Paid Social
11952,Silver Creek,West,2025-03-04,Organic Search
11953,Bayport,South,2025-03-04,Paid Social
11954,Millbrook,North,2025-03-04,In-Store
11955,Redwood Falls,West,2025-03-04,In-Store
11956,Silver Creek,West,2025-03-05,Email
11957,Southwick,South,2025-03-05,In-Store
11958,Millbrook,North,2025-03-05,Paid Social
11959,Northfield,North,2025-03-06,Paid Social
11960,Redwood Falls,West,2025-03-06,In-Store
11961,Northfield,North,2025-03-06,In-Store
11962,Westvale,West,2025-03-06,Organic Search
11963,Easton,East,2025-03-06,Organic Search
11964,Silver Creek,West,2025-03-07,Referral
11965,Bayport,South,2025-03-07,In-Store
11966,Easton,East,2025-03-07,Paid Social
11967,Silver Creek,West,2025-03-07,Organic Search
11968,Bayport,South,2025-03-07,Paid Social
11969,Canyon Ridge,West,2025-03-07,Referral
11970,Southwick,South,2025-03-07,In-Store
11971,Millbrook,North,2025-03-07,Organic Search
11972,Southwick,South,2025-03-07,Referral
11973,Northfield,North,2025-03-08,Organic Search
11974,Northfield,North,2025-03-08,Organic Search
11975,Ashford,North,2025-03-08,Organic Search
11976,Westvale,West,2025-03-08,In-Store
11977,Marlow,South,2025-03-09,Referral
11978,Pinecrest,North,2025-03-09,Email
11979,Redwood Falls,West,2025-03-09,Paid Social
11980,Millbrook,North,2025-03-09,In-Store
11981,Southwick,South,2025-03-09,In-Store
11982,Bayport,South,2025-03-09,Paid Social
11983,Lakewood,East,2025-03-09,Paid Social
11984,Pinecrest,North,2025-03-10,Email
11985,Westvale,West,2025-03-10,In-Store
11986,Westvale,West,2025-03-10,In-Store
11987,Bayport,South,2025-03-10,
11988,Harbor City,East,2025-03-11,Organic Search
11989,Harbor City,East,2025-03-11,
11990,Marlow,South,2025-03-11,Paid Social
11991,Silver Creek,West,2025-03-11,In-Store
11992,Ashford,North,2025-03-11,Email
11993,Ashford,North,2025-03-11,In-Store
11994,Canyon Ridge,West,2025-03-12,Paid Social
11995,Northfield,North,2025-03-12,Paid Social
11996,Southwick,South,2025-03-12,Paid Social
11997,Harbor City,East,2025-03-12,In-Store
11998,Bayport,South,2025-03-13,Referral
11999,Marlow,South,2025-03-13,Paid Social
12000,Marlow,South,2025-03-13,Organic Search
12001,Millbrook,North,2025-03-13,
12002,Ashford,North,2025-03-14,Organic Search
12003,Canyon Ridge,West,2025-03-15,Paid Social
12004,Canyon Ridge,West,2025-03-15,Paid Social
12005,Pinecrest,North,2025-03-15,Organic Search
12006,Kingsbridge,East,2025-03-15,In-Store
12007,Canyon Ridge,West,2025-03-16,In-Store
12008,Northfield,,2025-03-16,Referral
12009,Ashford,North,2025-03-16,Organic Search
12010,Silver Creek,West,2025-03-16,Referral
12011,Southwick,,2025-03-16,Organic Search
12012,Millbrook,North,2025-03-16,Paid Social
12013,Pinecrest,North,2025-03-17,Paid Social
12014,Canyon Ridge,West,2025-03-17,Paid Social
12015,Northfield,North,2025-03-17,Email
12016,Harbor City,East,2025-03-17,In-Store
12017,Ashford,North,2025-03-18,Email
12018,Harbor City,East,2025-03-18,In-Store
12019,Palmetto Bay,South,2025-03-18,Organic Search
12020,Canyon Ridge,West,2025-03-18,Referral
12021,Easton,East,2025-03-19,Organic Search
12022,Silver Creek,West,2025-03-19,Paid Social
12023,Southwick,South,2025-03-19,In-Store
12024,Silver Creek,West,2025-03-19,Paid Social
12025,Southwick,South,2025-03-19,In-Store
12026,Palmetto Bay,South,2025-03-19,Organic Search
12027,Palmetto Bay,South,2025-03-20,In-Store
12028,Marlow,South,2025-03-20,In-Store
12029,Southwick,South,2025-03-21,In-Store
12030,Lakewood,East,2025-03-21,In-Store
12031,Marlow,South,2025-03-21,In-Store
12032,Silver Creek,West,2025-03-21,Organic Search
12033,Lakewood,East,2025-03-22,In-Store
12034,Palmetto Bay,South,2025-03-23,Paid Social
12035,Easton,East,2025-03-23,Paid Social
12036,Southwick,South,2025-03-23,In-Store
12037,Pinecrest,North,2025-03-23,In-Store
12038,Bayport,South,2025-03-24,Organic Search
12039,Harbor City,East,2025-03-24,Paid Social
12040,Southwick,South,2025-03-24,Organic Search
12041,Southwick,South,2025-03-24,
12042,Palmetto Bay,South,2025-03-25,Paid Social
12043,Millbrook,North,2025-03-26,Referral
12044,Kingsbridge,East,2025-03-27,Email
12045,Ashford,North,2025-03-27,Referral
12046,Silver Creek,West,2025-03-27,In-Store
12047,Bayport,South,2025-03-28,In-Store
12048,Southwick,,2025-03-28,Organic Search
12049,Pinecrest,North,2025-03-29,Referral
12050,Silver Creek,West,2025-03-29,In-Store
12051,Northfield,North,2025-03-29,Organic Search
12052,Palmetto Bay,South,2025-03-29,Organic Search
12053,Southwick,South,2025-03-29,In-Store
12054,Marlow,South,2025-03-29,
12055,Harbor City,East,2025-03-29,
12056,Millbrook,North,2025-03-30,Referral
12057,Bayport,South,2025-03-30,In-Store
12058,Lakewood,East,2025-03-31,Organic Search
12059,Westvale,West,2025-03-31,Organic Search
12060,Southwick,South,2025-03-31,Paid Social
12061,Millbrook,North,2025-04-01,Organic Search
12062,Lakewood,East,2025-04-01,Email
12063,Palmetto Bay,South,2025-04-01,Organic Search
12064,Northfield,North,2025-04-01,Organic Search
12065,Northfield,North,2025-04-01,Organic Search
12066,Northfield,North,2025-04-01,Organic Search
12067,Millbrook,North,2025-04-02,Referral
12068,Kingsbridge,East,2025-04-02,Organic Search
12069,Pinecrest,North,2025-04-02,Paid Social
12070,Kingsbridge,East,2025-04-02,Referral
12071,Millbrook,North,2025-04-03,Organic Search
12072,Easton,East,2025-04-03,Organic Search
12073,Northfield,North,2025-04-04,Organic Search
12074,Westvale,West,2025-04-04,Paid Social
12075,Harbor City,East,2025-04-04,Paid Social
12076,Southwick,South,2025-04-04,Organic Search
12077,Bayport,South,2025-04-04,In-Store
12078,Palmetto Bay,South,2025-04-05,Paid Social
12079,Pinecrest,North,2025-04-05,Organic Search
12080,Pinecrest,North,2025-04-05,Referral
12081,Redwood Falls,West,2025-04-05,Email
12082,Northfield,North,2025-04-06,In-Store
12083,Kingsbridge,East,2025-04-06,Email
12084,Westvale,West,2025-04-06,Paid Social
12085,Palmetto Bay,South,2025-04-06,Email
12086,Pinecrest,North,2025-04-06,Organic Search
12087,Millbrook,North,2025-04-07,In-Store
12088,Pinecrest,North,2025-04-07,Organic Search
12089,Silver Creek,West,2025-04-07,Paid Social
12090,Northfield,North,2025-04-07,In-Store
12091,Southwick,South,2025-04-07,Paid Social
12092,Easton,East,2025-04-07,Organic Search
12093,Redwood Falls,West,2025-04-07,Organic Search
12094,Lakewood,East,2025-04-08,In-Store
12095,Palmetto Bay,South,2025-04-08,Email
12096,Easton,East,2025-04-08,Organic Search
12097,Redwood Falls,West,2025-04-08,Referral
12098,Ashford,North,2025-04-08,Paid Social
12099,Redwood Falls,West,2025-04-08,Paid Social
12100,Silver Creek,West,2025-04-08,Referral
12101,Silver Creek,West,2025-04-08,Organic Search
12102,Marlow,South,2025-04-09,Email
12103,Pinecrest,North,2025-04-09,Paid Social
12104,Northfield,North,2025-04-09,In-Store
12105,Northfield,North,2025-04-09,Paid Social
12106,Canyon Ridge,West,2025-04-09,In-Store
12107,Marlow,South,2025-04-09,Paid Social
12108,Pinecrest,North,2025-04-10,Organic Search
12109,Pinecrest,North,2025-04-10,Organic Search
12110,Northfield,North,2025-04-10,In-Store
12111,Canyon Ridge,,2025-04-10,Paid Social
12112,Easton,East,2025-04-10,In-Store
12113,Ashford,North,2025-04-10,Referral
12114,Silver Creek,West,2025-04-11,In-Store
12115,Marlow,South,2025-04-11,In-Store
12116,Westvale,West,2025-04-11,In-Store
12117,Easton,East,2025-04-11,Email
12118,Bayport,South,2025-04-12,Email
12119,Silver Creek,West,2025-04-12,Paid Social
12120,Pinecrest,North,2025-04-13,In-Store
12121,Silver Creek,West,2025-04-13,In-Store
12122,Southwick,South,2025-04-14,Organic Search
12123,Southwick,South,2025-04-14,Paid Social
12124,Kingsbridge,East,2025-04-14,Organic Search
12125,Westvale,West,2025-04-15,Paid Social
12126,Pinecrest,North,2025-04-15,Organic Search
12127,Westvale,West,2025-04-15,Paid Social
12128,Palmetto Bay,South,2025-04-16,In-Store
12129,Westvale,West,2025-04-17,Organic Search
12130,Palmetto Bay,South,2025-04-17,In-Store
12131,Westvale,West,2025-04-17,Paid Social
12132,Pinecrest,North,2025-04-18,Referral
12133,Canyon Ridge,West,2025-04-18,In-Store
12134,Marlow,South,2025-04-18,Organic Search
12135,Silver Creek,West,2025-04-18,Organic Search
12136,Northfield,North,2025-04-18,Paid Social
12137,Millbrook,North,2025-04-19,Paid Social
12138,Bayport,South,2025-04-19,Organic Search
12139,Northfield,North,2025-04-19,Email
12140,Pinecrest,North,2025-04-20,In-Store
12141,Harbor City,East,2025-04-20,Paid Social
12142,Bayport,South,2025-04-20,Organic Search
12143,Canyon Ridge,West,2025-04-20,Paid Social
12144,Bayport,South,2025-04-21,Paid Social
12145,Kingsbridge,East,2025-04-21,Email
12146,Canyon Ridge,West,2025-04-21,Referral
12147,Silver Creek,West,2025-04-21,Paid Social
12148,Silver Creek,West,2025-04-21,In-Store
12149,Silver Creek,West,2025-04-21,
12150,Palmetto Bay,South,2025-04-21,Organic Search
12151,Millbrook,North,2025-04-21,Referral
12152,Silver Creek,West,2025-04-22,
12153,Lakewood,East,2025-04-22,In-Store
12154,Kingsbridge,East,2025-04-22,Organic Search
12155,Pinecrest,North,2025-04-22,Organic Search
12156,Lakewood,East,2025-04-23,In-Store
12157,Bayport,South,2025-04-23,Paid Social
12158,Westvale,West,2025-04-23,Organic Search
12159,Bayport,South,2025-04-24,In-Store
12160,Silver Creek,West,2025-04-24,In-Store
12161,Silver Creek,West,2025-04-25,In-Store
12162,Southwick,South,2025-04-25,Organic Search
12163,Southwick,South,2025-04-25,In-Store
12164,Westvale,West,2025-04-25,Paid Social
12165,Pinecrest,North,2025-04-26,Paid Social
12166,Kingsbridge,,2025-04-26,Organic Search
12167,Northfield,North,2025-04-26,Paid Social
12168,Canyon Ridge,West,2025-04-27,Organic Search
12169,Kingsbridge,East,2025-04-27,Referral
12170,Pinecrest,North,2025-04-27,In-Store
12171,Kingsbridge,East,2025-04-27,Organic Search
12172,Palmetto Bay,South,2025-04-27,Paid Social
12173,Canyon Ridge,West,2025-04-28,Paid Social
12174,Westvale,West,2025-04-28,In-Store
12175,Redwood Falls,West,2025-04-29,Organic Search
12176,Bayport,South,2025-04-29,Referral
12177,Kingsbridge,East,2025-04-29,Paid Social
12178,Harbor City,,2025-04-29,Paid Social
12179,Easton,East,2025-04-29,Paid Social
12180,Silver Creek,West,2025-04-30,Referral
12181,Millbrook,North,2025-04-30,In-Store
12182,Palmetto Bay,South,2025-04-30,Organic Search
12183,Southwick,South,2025-04-30,Organic Search
12184,Palmetto Bay,South,2025-04-30,Paid Social
12185,Canyon Ridge,West,2025-05-01,Paid Social
12186,Westvale,West,2025-05-01,Paid Social
12187,Westvale,West,2025-05-01,Organic Search
12188,Redwood Falls,West,2025-05-01,In-Store
12189,Lakewood,East,2025-05-01,Organic Search
12190,Northfield,North,2025-05-01,Organic Search
12191,Harbor City,East,2025-05-01,Paid Social
12192,Canyon Ridge,West,2025-05-01,Referral
12193,Northfield,North,2025-05-02,Organic Search
12194,Marlow,South,2025-05-02,In-Store
12195,Palmetto Bay,South,2025-05-02,In-Store
12196,Silver Creek,West,2025-05-02,Referral
12197,Ashford,North,2025-05-03,Paid Social
12198,Lakewood,East,2025-05-03,Organic Search
12199,Westvale,West,2025-05-03,Organic Search
12200,Westvale,West,2025-05-03,Organic Search
12201,Marlow,South,2025-05-03,Organic Search
12202,Northfield,North,2025-05-03,Organic Search
12203,Redwood Falls,West,2025-05-04,In-Store
12204,Marlow,South,2025-05-04,In-Store
12205,Northfield,North,2025-05-04,Paid Social
12206,Silver Creek,West,2025-05-04,Organic Search
12207,Silver Creek,West,2025-05-04,Organic Search
12208,Millbrook,North,2025-05-05,Paid Social
12209,Westvale,West,2025-05-05,Email
12210,Millbrook,North,2025-05-05,Email
12211,Pinecrest,North,2025-05-05,In-Store
12212,Millbrook,North,2025-05-05,Organic Search
12213,Millbrook,North,2025-05-06,Paid Social
12214,Marlow,South,2025-05-06,Paid Social
12215,Canyon Ridge,West,2025-05-06,Organic Search
12216,Canyon Ridge,West,2025-05-06,Email
12217,Palmetto Bay,South,2025-05-06,Paid Social
12218,Redwood Falls,West,2025-05-07,Email
12219,Westvale,West,2025-05-07,Paid Social
12220,Silver Creek,West,2025-05-07,Organic Search
12221,Harbor City,East,2025-05-07,Email
12222,Marlow,South,2025-05-08,Paid Social
12223,Kingsbridge,East,2025-05-08,In-Store
12224,Palmetto Bay,South,2025-05-08,Organic Search
12225,Bayport,South,2025-05-08,In-Store
12226,Northfield,North,2025-05-08,Email
12227,Easton,East,2025-05-08,Paid Social
12228,Pinecrest,North,2025-05-08,In-Store
12229,Northfield,North,2025-05-08,In-Store
12230,Lakewood,East,2025-05-09,Organic Search
12231,Redwood Falls,West,2025-05-09,Organic Search
12232,Redwood Falls,West,2025-05-09,Email
12233,Silver Creek,West,2025-05-09,Organic Search
12234,Palmetto Bay,South,2025-05-09,
12235,Northfield,North,2025-05-10,Paid Social
12236,Millbrook,North,2025-05-10,
12237,Southwick,South,2025-05-10,Email
12238,Easton,East,2025-05-10,Referral
12239,Silver Creek,West,2025-05-11,
12240,Harbor City,,2025-05-11,Organic Search
12241,Marlow,South,2025-05-11,Referral
12242,Palmetto Bay,South,2025-05-12,In-Store
12243,Southwick,South,2025-05-12,In-Store
12244,Redwood Falls,West,2025-05-12,Email
12245,Pinecrest,North,2025-05-12,Organic Search
12246,Marlow,South,2025-05-12,In-Store
12247,Ashford,North,2025-05-13,Organic Search
12248,Pinecrest,North,2025-05-13,In-Store
12249,Kingsbridge,East,2025-05-14,Organic Search
12250,Marlow,South,2025-05-14,In-Store
12251,Harbor City,East,2025-05-14,Email
12252,Bayport,South,2025-05-15,Referral
12253,Bayport,South,2025-05-15,Paid Social
12254,Canyon Ridge,West,2025-05-15,Organic Search
12255,Palmetto Bay,South,2025-05-15,In-Store
12256,Redwood Falls,West,2025-05-15,In-Store
12257,Canyon Ridge,,2025-05-16,Paid Social
12258,Redwood Falls,West,2025-05-16,Paid Social
12259,Palmetto Bay,South,2025-05-16,Paid Social
12260,Ashford,North,2025-05-16,In-Store
12261,Kingsbridge,East,2025-05-16,Organic Search
12262,Northfield,North,2025-05-16,Email
12263,Southwick,South,2025-05-16,In-Store
12264,Kingsbridge,East,2025-05-16,Organic Search
12265,Easton,East,2025-05-16,Organic Search
12266,Northfield,North,2025-05-16,In-Store
12267,Millbrook,North,2025-05-16,Referral
12268,Kingsbridge,East,2025-05-17,Organic Search
12269,Redwood Falls,,2025-05-17,Organic Search
12270,Bayport,South,2025-05-17,Organic Search
12271,Harbor City,East,2025-05-18,Paid Social
12272,Easton,East,2025-05-18,Email
12273,Westvale,West,2025-05-18,
12274,Silver Creek,West,2025-05-19,In-Store
12275,Palmetto Bay,South,2025-05-19,Email
12276,Redwood Falls,West,2025-05-19,Email
12277,Millbrook,North,2025-05-19,Referral
12278,Millbrook,North,2025-05-19,Organic Search
12279,Canyon Ridge,West,2025-05-19,Organic Search
12280,Southwick,South,2025-05-19,In-Store
12281,Palmetto Bay,South,2025-05-19,In-Store
12282,Bayport,South,2025-05-19,In-Store
12283,Bayport,South,2025-05-20,In-Store
12284,Southwick,South,2025-05-20,In-Store
12285,Pinecrest,North,2025-05-20,In-Store
12286,Westvale,West,2025-05-20,Email
12287,Palmetto Bay,South,2025-05-20,In-Store
12288,Pinecrest,North,2025-05-20,Paid Social
12289,Millbrook,North,2025-05-20,In-Store
12290,Pinecrest,North,2025-05-20,Organic Search
12291,Northfield,North,2025-05-20,Organic Search
12292,Lakewood,East,2025-05-20,In-Store
12293,Silver Creek,West,2025-05-21,Email
12294,Harbor City,East,2025-05-21,In-Store
12295,Canyon Ridge,West,2025-05-21,Paid Social
12296,Ashford,North,2025-05-21,Email
12297,Southwick,South,2025-05-21,In-Store
12298,Northfield,North,2025-05-21,Organic Search
12299,Easton,East,2025-05-22,Paid Social
12300,Kingsbridge,East,2025-05-22,In-Store
12301,Harbor City,East,2025-05-23,In-Store
12302,Easton,East,2025-05-23,Paid Social
12303,Canyon Ridge,West,2025-05-23,Organic Search
12304,Northfield,North,2025-05-24,Organic Search
12305,Northfield,North,2025-05-24,Paid Social
12306,Harbor City,East,2025-05-24,Organic Search
12307,Ashford,North,2025-05-24,Organic Search
12308,Southwick,South,2025-05-24,Organic Search
12309,Canyon Ridge,West,2025-05-25,In-Store
12310,Bayport,South,2025-05-25,Organic Search
12311,Millbrook,North,2025-05-25,Referral
12312,Kingsbridge,East,2025-05-25,In-Store
12313,Redwood Falls,West,2025-05-25,Email
12314,Palmetto Bay,South,2025-05-25,Organic Search
12315,Ashford,North,2025-05-25,In-Store
12316,Pinecrest,North,2025-05-26,Paid Social
12317,Pinecrest,North,2025-05-26,Organic Search
12318,Marlow,South,2025-05-26,Paid Social
12319,Lakewood,East,2025-05-26,Email
12320,Harbor City,East,2025-05-26,Organic Search
12321,Easton,East,2025-05-26,Paid Social
12322,Ashford,North,2025-05-27,Organic Search
12323,Southwick,South,2025-05-27,Organic Search
12324,Palmetto Bay,South,2025-05-27,In-Store
12325,Northfield,North,2025-05-27,In-Store
12326,Westvale,West,2025-05-27,Organic Search
12327,Kingsbridge,East,2025-05-27,Organic Search
12328,Palmetto Bay,South,2025-05-27,Paid Social
12329,Ashford,North,2025-05-28,Organic Search
12330,Northfield,North,2025-05-28,Organic Search
12331,Pinecrest,North,2025-05-28,Email
12332,Pinecrest,North,2025-05-28,Paid Social
12333,Marlow,South,2025-05-28,Paid Social
12334,Lakewood,East,2025-05-29,In-Store
12335,Harbor City,East,2025-05-29,Email
12336,Silver Creek,West,2025-05-30,In-Store
12337,Harbor City,East,2025-05-30,
12338,Harbor City,East,2025-05-30,Paid Social
12339,Pinecrest,North,2025-05-31,In-Store
12340,Millbrook,North,2025-05-31,Paid Social
12341,Ashford,North,2025-05-31,Organic Search
12342,Redwood Falls,West,2025-06-01,In-Store
12343,Harbor City,East,2025-06-01,Organic Search
12344,Marlow,South,2025-06-01,In-Store
12345,Marlow,South,2025-06-01,In-Store
12346,Redwood Falls,West,2025-06-01,
12347,Bayport,South,2025-06-01,Paid Social
12348,Silver Creek,West,2025-06-01,In-Store
12349,Southwick,South,2025-06-02,Paid Social
12350,Westvale,West,2025-06-02,Organic Search
12351,Harbor City,East,2025-06-02,Organic Search
12352,Redwood Falls,West,2025-06-02,Paid Social
12353,Palmetto Bay,South,2025-06-03,Organic Search
12354,Marlow,South,2025-06-03,
12355,Silver Creek,West,2025-06-03,In-Store
12356,Westvale,West,2025-06-04,Paid Social
12357,Harbor City,East,2025-06-04,Paid Social
12358,Northfield,North,2025-06-04,Organic Search
12359,Pinecrest,North,2025-06-05,Paid Social
12360,Palmetto Bay,South,2025-06-06,
12361,Bayport,South,2025-06-06,Organic Search
12362,Southwick,South,2025-06-06,Organic Search
12363,Palmetto Bay,South,2025-06-06,In-Store
12364,Pinecrest,North,2025-06-07,In-Store
12365,Ashford,North,2025-06-07,Referral
12366,Marlow,South,2025-06-07,Paid Social
12367,Kingsbridge,East,2025-06-07,In-Store
12368,Bayport,South,2025-06-08,Organic Search
12369,Bayport,South,2025-06-08,
12370,Redwood Falls,West,2025-06-08,Organic Search
12371,Ashford,North,2025-06-09,Referral
12372,Marlow,South,2025-06-09,Organic Search
12373,Pinecrest,North,2025-06-09,In-Store
12374,Canyon Ridge,,2025-06-09,In-Store
12375,Ashford,North,2025-06-09,Referral
12376,Silver Creek,West,2025-06-09,Referral
12377,Ashford,North,2025-06-09,Email
12378,Northfield,North,2025-06-10,Paid Social
12379,Silver Creek,West,2025-06-10,Organic Search
12380,Marlow,South,2025-06-10,Referral
12381,Canyon Ridge,West,2025-06-10,Paid Social
12382,Kingsbridge,East,2025-06-10,Organic Search
12383,Lakewood,East,2025-06-10,In-Store
12384,Silver Creek,West,2025-06-10,
12385,Harbor City,East,2025-06-10,Paid Social
12386,Lakewood,East,2025-06-10,Organic Search
12387,Lakewood,East,2025-06-10,In-Store
12388,Silver Creek,West,2025-06-10,In-Store
12389,Easton,East,2025-06-10,In-Store
12390,Ashford,North,2025-06-10,Organic Search
12391,Southwick,South,2025-06-10,Paid Social
12392,Ashford,North,2025-06-11,Referral
12393,Easton,East,2025-06-12,Email
12394,Bayport,South,2025-06-12,Email
12395,Redwood Falls,West,2025-06-12,Organic Search
12396,Pinecrest,North,2025-06-12,In-Store
12397,Pinecrest,North,2025-06-12,Paid Social
12398,Millbrook,North,2025-06-12,Referral
12399,Westvale,West,2025-06-12,Organic Search
12400,Easton,East,2025-06-12,Email
12401,Harbor City,East,2025-06-13,Referral
12402,Ashford,North,2025-06-13,
12403,Kingsbridge,East,2025-06-13,Organic Search
12404,Southwick,South,2025-06-13,Email
12405,Pinecrest,North,2025-06-13,
12406,Canyon Ridge,West,2025-06-13,Organic Search
12407,Silver Creek,West,2025-06-13,In-Store
12408,Southwick,South,2025-06-13,Referral
12409,Millbrook,North,2025-06-14,In-Store
12410,Palmetto Bay,South,2025-06-14,Email
12411,Millbrook,North,2025-06-14,In-Store
12412,Easton,East,2025-06-14,Email
12413,Canyon Ridge,West,2025-06-15,Organic Search
12414,Kingsbridge,East,2025-06-15,
12415,Millbrook,North,2025-06-15,
12416,Pinecrest,North,2025-06-15,Paid Social
12417,Bayport,South,2025-06-15,Organic Search
12418,Palmetto Bay,South,2025-06-16,In-Store
12419,Marlow,South,2025-06-16,Email
12420,Northfield,North,2025-06-16,In-Store
12421,Bayport,South,2025-06-16,In-Store
12422,Easton,East,2025-06-16,In-Store
12423,Pinecrest,North,2025-06-17,Paid Social
12424,Millbrook,North,2025-06-17,Paid Social
12425,Millbrook,North,2025-06-17,Organic Search
12426,Harbor City,East,2025-06-17,In-Store
12427,Northfield,North,2025-06-17,In-Store
12428,Easton,East,2025-06-17,Paid Social
12429,Pinecrest,North,2025-06-17,Paid Social
12430,Pinecrest,North,2025-06-18,Organic Search
12431,Southwick,South,2025-06-18,In-Store
12432,Silver Creek,West,2025-06-18,Referral
12433,Marlow,South,2025-06-18,
12434,Westvale,West,2025-06-18,Organic Search
12435,Palmetto Bay,South,2025-06-18,Paid Social
12436,Harbor City,East,2025-06-18,In-Store
12437,Palmetto Bay,South,2025-06-18,Paid Social
12438,Kingsbridge,East,2025-06-18,In-Store
12439,Easton,East,2025-06-19,Paid Social
12440,Redwood Falls,West,2025-06-19,Paid Social
12441,Redwood Falls,West,2025-06-19,Paid Social
12442,Westvale,West,2025-06-19,In-Store
12443,Millbrook,North,2025-06-20,Email
12444,Silver Creek,West,2025-06-20,Organic Search
12445,Southwick,South,2025-06-20,Referral
12446,Easton,East,2025-06-20,Organic Search
12447,Palmetto Bay,South,2025-06-20,Organic Search
12448,Kingsbridge,East,2025-06-20,Referral
12449,Southwick,South,2025-06-20,Paid Social
12450,Southwick,South,2025-06-20,In-Store
12451,Lakewood,East,2025-06-21,In-Store
12452,Easton,East,2025-06-21,In-Store
12453,Millbrook,North,2025-06-21,Email
12454,Palmetto Bay,South,2025-06-21,In-Store
12455,Southwick,South,2025-06-21,Paid Social
12456,Lakewood,East,2025-06-21,Paid Social
12457,Harbor City,East,2025-06-21,Paid Social
12458,Ashford,North,2025-06-22,Organic Search
12459,Silver Creek,West,2025-06-22,In-Store
12460,Palmetto Bay,South,2025-06-22,Paid Social
12461,Bayport,South,2025-06-22,In-Store
12462,Harbor City,East,2025-06-22,Organic Search
12463,Lakewood,East,2025-06-22,Referral
12464,Pinecrest,North,2025-06-22,Organic Search
12465,Northfield,North,2025-06-22,Organic Search
12466,Northfield,North,2025-06-22,Paid Social
12467,Westvale,West,2025-06-22,Organic Search
12468,Millbrook,North,2025-06-23,Referral
12469,Redwood Falls,West,2025-06-23,Paid Social
12470,Westvale,West,2025-06-23,In-Store
12471,Harbor City,East,2025-06-23,Referral
12472,Southwick,South,2025-06-23,Paid Social
12473,Harbor City,East,2025-06-23,Organic Search
12474,Westvale,West,2025-06-23,Referral
12475,Northfield,North,2025-06-23,Paid Social
12476,Lakewood,East,2025-06-23,Organic Search
12477,Kingsbridge,East,2025-06-24,Organic Search
12478,Ashford,North,2025-06-24,Email
12479,Redwood Falls,West,2025-06-24,Paid Social
12480,Canyon Ridge,West,2025-06-24,Organic Search
12481,Canyon Ridge,West,2025-06-24,Referral
12482,Silver Creek,West,2025-06-24,
12483,Kingsbridge,East,2025-06-24,Paid Social
12484,Westvale,West,2025-06-24,Paid Social
12485,Pinecrest,North,2025-06-25,In-Store
12486,Kingsbridge,East,2025-06-25,Paid Social
12487,Bayport,South,2025-06-25,In-Store
12488,Southwick,South,2025-06-25,In-Store
12489,Palmetto Bay,South,2025-06-26,Paid Social
12490,Westvale,West,2025-06-26,In-Store
12491,Harbor City,East,2025-06-26,In-Store
12492,Millbrook,North,2025-06-26,In-Store
12493,Redwood Falls,West,2025-06-26,Paid Social
12494,Silver Creek,West,2025-06-27,In-Store
12495,Bayport,South,2025-06-27,Paid Social
12496,Redwood Falls,West,2025-06-27,Organic Search
12497,Harbor City,East,2025-06-27,In-Store
12498,Bayport,South,2025-06-27,Organic Search
12499,Canyon Ridge,West,2025-06-27,In-Store
12500,Ashford,North,2025-06-28,Organic Search
12501,Bayport,South,2025-06-28,In-Store
12502,Lakewood,,2025-06-28,Email
12503,Bayport,South,2025-06-28,Paid Social
12504,Southwick,South,2025-06-28,Organic Search
12505,Palmetto Bay,South,2025-06-28,Organic Search
12506,Bayport,South,2025-06-28,Organic Search
12507,Palmetto Bay,South,2025-06-28,
12508,Northfield,North,2025-06-29,Organic Search
12509,Canyon Ridge,West,2025-06-29,Organic Search
12510,Marlow,South,2025-06-29,Organic Search
12511,Bayport,South,2025-06-29,Organic Search
12512,Pinecrest,North,2025-06-29,In-Store
12513,Silver Creek,West,2025-06-29,Referral
12514,Harbor City,East,2025-06-29,Paid Social
12515,Pinecrest,North,2025-06-29,Organic Search
12516,Silver Creek,West,2025-06-30,Email
12517,Marlow,South,2025-06-30,Organic Search
12518,Palmetto Bay,South,2025-07-01,In-Store
12519,Easton,East,2025-07-01,In-Store
12520,Pinecrest,North,2025-07-01,In-Store
12521,Bayport,South,2025-07-01,Email
12522,Lakewood,East,2025-07-02,In-Store
12523,Millbrook,North,2025-07-02,In-Store
12524,Bayport,South,2025-07-02,Paid Social
12525,Silver Creek,West,2025-07-02,Referral
12526,Millbrook,North,2025-07-02,Email
12527,Canyon Ridge,West,2025-07-02,Email
12528,Southwick,South,2025-07-02,In-Store
12529,Southwick,South,2025-07-03,Organic Search
12530,Ashford,North,2025-07-03,Paid Social
12531,Canyon Ridge,West,2025-07-03,In-Store
12532,Kingsbridge,East,2025-07-04,
12533,Westvale,West,2025-07-04,Paid Social
12534,Bayport,South,2025-07-04,
12535,Pinecrest,North,2025-07-04,Organic Search
12536,Canyon Ridge,West,2025-07-04,In-Store
12537,Kingsbridge,East,2025-07-04,Email
12538,Easton,East,2025-07-04,Paid Social
12539,Millbrook,North,2025-07-04,In-Store
12540,Ashford,North,2025-07-05,Organic Search
12541,Silver Creek,West,2025-07-05,Organic Search
12542,Bayport,South,2025-07-05,Paid Social
12543,Westvale,West,2025-07-05,Email
12544,Northfield,North,2025-07-05,Organic Search
12545,Silver Creek,West,2025-07-06,Email
12546,Harbor City,East,2025-07-06,In-Store
12547,Bayport,South,2025-07-06,Paid Social
12548,Redwood Falls,West,2025-07-06,Paid Social
12549,Harbor City,East,2025-07-07,Organic Search
12550,Easton,East,2025-07-07,In-Store
12551,Easton,East,2025-07-07,Organic Search
12552,Palmetto Bay,South,2025-07-07,Referral
12553,Redwood Falls,West,2025-07-07,Organic Search
12554,Canyon Ridge,West,2025-07-07,In-Store
12555,Silver Creek,West,2025-07-08,Organic Search
12556,Harbor City,East,2025-07-08,Organic Search
12557,Canyon Ridge,West,2025-07-09,Email
12558,Palmetto Bay,South,2025-07-09,Paid Social
12559,Pinecrest,North,2025-07-09,In-Store
12560,Silver Creek,West,2025-07-09,In-Store
12561,Lakewood,,2025-07-10,
12562,Harbor City,East,2025-07-10,In-Store
12563,Lakewood,East,2025-07-10,Paid Social
12564,Kingsbridge,East,2025-07-10,In-Store
12565,Silver Creek,West,2025-07-10,Paid Social
12566,Palmetto Bay,South,2025-07-10,In-Store
12567,Palmetto Bay,South,2025-07-11,In-Store
12568,Palmetto Bay,South,2025-07-11,Organic Search
12569,Kingsbridge,East,2025-07-11,In-Store
12570,Canyon Ridge,West,2025-07-11,
12571,Canyon Ridge,West,2025-07-11,Paid Social
12572,Ashford,North,2025-07-11,Referral
12573,Marlow,South,2025-07-12,Email
12574,Canyon Ridge,West,2025-07-12,Paid Social
12575,Palmetto Bay,South,2025-07-12,In-Store
12576,Canyon Ridge,West,2025-07-12,
12577,Westvale,West,2025-07-13,Organic Search
12578,Northfield,North,2025-07-13,Organic Search
12579,Silver Creek,West,2025-07-13,Organic Search
12580,Millbrook,North,2025-07-13,
12581,Redwood Falls,West,2025-07-13,Email
12582,Bayport,South,2025-07-13,Organic Search
12583,Harbor City,East,2025-07-13,In-Store
12584,Redwood Falls,West,2025-07-13,Paid Social
12585,Redwood Falls,West,2025-07-14,Organic Search
12586,Canyon Ridge,West,2025-07-14,
12587,Ashford,North,2025-07-14,Referral
12588,Northfield,North,2025-07-14,In-Store
12589,Ashford,North,2025-07-14,Paid Social
12590,Millbrook,North,2025-07-14,In-Store
12591,Northfield,North,2025-07-15,Email
12592,Ashford,North,2025-07-15,In-Store
12593,Easton,East,2025-07-15,Organic Search
12594,Palmetto Bay,South,2025-07-15,In-Store
12595,Bayport,South,2025-07-15,In-Store
12596,Bayport,South,2025-07-15,Organic Search
12597,Northfield,North,2025-07-15,Referral
12598,Ashford,North,2025-07-15,In-Store
12599,Northfield,North,2025-07-15,Paid Social
12600,Silver Creek,West,2025-07-15,Paid Social
12601,Southwick,South,2025-07-16,Paid Social
12602,Silver Creek,West,2025-07-17,Referral
12603,Millbrook,North,2025-07-17,In-Store
12604,Northfield,North,2025-07-17,
12605,Palmetto Bay,South,2025-07-17,In-Store
12606,Canyon Ridge,West,2025-07-18,Referral
12607,Pinecrest,North,2025-07-18,In-Store
12608,Southwick,South,2025-07-18,In-Store
12609,Southwick,South,2025-07-18,In-Store
12610,Easton,East,2025-07-18,Organic Search
12611,Ashford,North,2025-07-19,Paid Social
12612,Ashford,North,2025-07-19,In-Store
12613,Silver Creek,West,2025-07-19,Email
12614,Southwick,South,2025-07-19,Organic Search
12615,Westvale,West,2025-07-19,In-Store
12616,Canyon Ridge,West,2025-07-19,Paid Social
12617,Northfield,North,2025-07-19,Organic Search
12618,Ashford,North,2025-07-19,Paid Social
12619,Canyon Ridge,West,2025-07-19,Email
12620,Northfield,North,2025-07-19,In-Store
12621,Ashford,North,2025-07-20,Paid Social
12622,Redwood Falls,West,2025-07-20,Organic Search
12623,Silver Creek,West,2025-07-20,In-Store
12624,Northfield,North,2025-07-21,In-Store
12625,Redwood Falls,West,2025-07-21,
12626,Easton,East,2025-07-21,In-Store
12627,Palmetto Bay,South,2025-07-21,
12628,Northfield,North,2025-07-21,Paid Social
12629,Lakewood,East,2025-07-22,Organic Search
12630,Bayport,South,2025-07-22,Organic Search
12631,Silver Creek,West,2025-07-22,Organic Search
12632,Southwick,South,2025-07-22,In-Store
12633,Silver Creek,West,2025-07-23,
12634,Westvale,West,2025-07-23,Organic Search
12635,Redwood Falls,West,2025-07-23,Paid Social
12636,Redwood Falls,West,2025-07-23,Paid Social
12637,Ashford,North,2025-07-23,In-Store
12638,Kingsbridge,East,2025-07-23,
12639,Marlow,South,2025-07-23,Paid Social
12640,Millbrook,North,2025-07-23,Organic Search
12641,Palmetto Bay,South,2025-07-24,Paid Social
12642,Ashford,North,2025-07-24,Organic Search
12643,Palmetto Bay,South,2025-07-24,Email
12644,Westvale,West,2025-07-24,Organic Search
12645,Canyon Ridge,West,2025-07-25,In-Store
12646,Northfield,North,2025-07-25,Organic Search
12647,Ashford,North,2025-07-25,Paid Social
12648,Northfield,North,2025-07-25,In-Store
12649,Northfield,North,2025-07-25,Referral
12650,Harbor City,East,2025-07-25,Referral
12651,Southwick,South,2025-07-25,In-Store
12652,Kingsbridge,East,2025-07-26,Referral
12653,Pinecrest,North,2025-07-26,Organic Search
12654,Canyon Ridge,West,2025-07-27,Organic Search
12655,Southwick,South,2025-07-27,Organic Search
12656,Millbrook,North,2025-07-27,
12657,Lakewood,East,2025-07-27,In-Store
12658,Redwood Falls,West,2025-07-27,In-Store
12659,Bayport,South,2025-07-27,Paid Social
12660,Silver Creek,West,2025-07-28,In-Store
12661,Marlow,South,2025-07-28,Organic Search
12662,Palmetto Bay,South,2025-07-28,In-Store
12663,Redwood Falls,West,2025-07-28,Paid Social
12664,Redwood Falls,West,2025-07-29,Paid Social
12665,Lakewood,East,2025-07-29,In-Store
12666,Lakewood,East,2025-07-29,Referral
12667,Pinecrest,North,2025-07-29,In-Store
12668,Westvale,West,2025-07-29,Paid Social
12669,Northfield,North,2025-07-29,Paid Social
12670,Marlow,South,2025-07-29,Email
12671,Palmetto Bay,,2025-07-29,In-Store
12672,Kingsbridge,East,2025-07-29,
12673,Pinecrest,North,2025-07-30,Organic Search
12674,Harbor City,East,2025-07-30,Paid Social
12675,Canyon Ridge,West,2025-07-30,Email
12676,Easton,East,2025-07-31,Paid Social
12677,Northfield,North,2025-07-31,Paid Social
12678,Southwick,South,2025-07-31,Referral
12679,Silver Creek,West,2025-07-31,Organic Search
12680,Westvale,West,2025-07-31,Organic Search
12681,Palmetto Bay,South,2025-07-31,In-Store
12682,Easton,,2025-07-31,Organic Search
12683,Bayport,South,2025-07-31,In-Store
12684,Marlow,South,2025-08-01,Paid Social
12685,Marlow,South,2025-08-01,In-Store
12686,Palmetto Bay,South,2025-08-02,Organic Search
12687,Kingsbridge,East,2025-08-02,In-Store
12688,Westvale,,2025-08-03,Referral
12689,Westvale,West,2025-08-03,Paid Social
12690,Southwick,South,2025-08-03,Organic Search
12691,Canyon Ridge,West,2025-08-03,Paid Social
12692,Harbor City,East,2025-08-03,
12693,Southwick,South,2025-08-03,In-Store
12694,Millbrook,North,2025-08-03,
12695,Kingsbridge,East,2025-08-03,In-Store
12696,Ashford,North,2025-08-03,Organic Search
12697,Ashford,North,2025-08-04,Referral
12698,Easton,East,2025-08-04,
12699,Kingsbridge,East,2025-08-04,Email
12700,Pinecrest,North,2025-08-04,Organic Search
12701,Pinecrest,North,2025-08-04,Organic Search
12702,Redwood Falls,West,2025-08-05,In-Store
12703,Millbrook,North,2025-08-05,Email
12704,Silver Creek,West,2025-08-05,Organic Search
12705,Silver Creek,West,2025-08-05,
12706,Easton,East,2025-08-06,Referral
12707,Harbor City,East,2025-08-06,In-Store
12708,Redwood Falls,West,2025-08-06,Paid Social
12709,Redwood Falls,West,2025-08-06,Referral
12710,Silver Creek,West,2025-08-07,Email
12711,Northfield,North,2025-08-07,Organic Search
12712,Canyon Ridge,West,2025-08-08,In-Store
12713,Kingsbridge,East,2025-08-08,Email
12714,Redwood Falls,West,2025-08-08,Paid Social
12715,Silver Creek,West,2025-08-08,Paid Social
12716,Ashford,North,2025-08-08,In-Store
12717,Pinecrest,North,2025-08-08,Paid Social
12718,Southwick,South,2025-08-09,Organic Search
12719,Westvale,West,2025-08-09,Referral
12720,Kingsbridge,East,2025-08-10,Email
12721,Bayport,South,2025-08-10,Email
12722,Millbrook,North,2025-08-10,In-Store
12723,Ashford,North,2025-08-10,
12724,Kingsbridge,East,2025-08-11,Paid Social
12725,Harbor City,East,2025-08-11,Organic Search
12726,Lakewood,East,2025-08-12,Organic Search
12727,Millbrook,North,2025-08-12,Referral
12728,Palmetto Bay,South,2025-08-12,In-Store
12729,Westvale,West,2025-08-12,In-Store
12730,Bayport,South,2025-08-13,Organic Search
12731,Westvale,West,2025-08-14,In-Store
12732,Millbrook,North,2025-08-14,Referral
12733,Bayport,South,2025-08-14,Email
12734,Redwood Falls,West,2025-08-14,Paid Social
12735,Westvale,West,2025-08-15,Organic Search
12736,Kingsbridge,East,2025-08-15,Paid Social
12737,Northfield,North,2025-08-15,Organic Search
12738,Marlow,South,2025-08-15,Paid Social
12739,Northfield,North,2025-08-15,Email
12740,Pinecrest,North,2025-08-15,Organic Search
12741,Pinecrest,North,2025-08-16,Organic Search
12742,Easton,East,2025-08-16,Paid Social
12743,Northfield,North,2025-08-16,In-Store
12744,Easton,East,2025-08-16,Organic Search
12745,Ashford,North,2025-08-17,In-Store
12746,Easton,East,2025-08-17,Organic Search
12747,Easton,East,2025-08-17,In-Store
12748,Southwick,South,2025-08-17,Paid Social
12749,Marlow,South,2025-08-18,Email
12750,Kingsbridge,East,2025-08-18,Organic Search
12751,Southwick,South,2025-08-18,In-Store
12752,Bayport,South,2025-08-18,Organic Search
12753,Southwick,South,2025-08-18,In-Store
12754,Southwick,South,2025-08-18,In-Store
12755,Bayport,South,2025-08-18,Referral
12756,Kingsbridge,East,2025-08-18,Organic Search
12757,Pinecrest,North,2025-08-19,Referral
12758,Kingsbridge,East,2025-08-19,Paid Social
12759,Lakewood,East,2025-08-19,Paid Social
12760,Westvale,West,2025-08-19,Paid Social
12761,Redwood Falls,West,2025-08-19,
12762,Pinecrest,North,2025-08-19,Referral
12763,Redwood Falls,West,2025-08-19,Organic Search
12764,Canyon Ridge,West,2025-08-19,Referral
12765,Redwood Falls,West,2025-08-20,Organic Search
12766,Canyon Ridge,West,2025-08-20,In-Store
12767,Southwick,South,2025-08-20,Organic Search
12768,Palmetto Bay,South,2025-08-20,Referral
12769,Palmetto Bay,South,2025-08-20,Organic Search
12770,Easton,East,2025-08-21,Email
12771,Redwood Falls,West,2025-08-21,In-Store
12772,Ashford,North,2025-08-21,Organic Search
12773,Canyon Ridge,West,2025-08-21,
12774,Marlow,South,2025-08-21,Organic Search
12775,Ashford,North,2025-08-21,Paid Social
12776,Ashford,North,2025-08-22,Organic Search
12777,Silver Creek,West,2025-08-22,Paid Social
12778,Silver Creek,West,2025-08-22,Email
12779,Ashford,North,2025-08-23,Organic Search
12780,Palmetto Bay,South,2025-08-23,Organic Search
12781,Northfield,North,2025-08-23,Referral
12782,Marlow,South,2025-08-23,Paid Social
12783,Bayport,South,2025-08-23,Organic Search
12784,Westvale,West,2025-08-23,Email
12785,Kingsbridge,East,2025-08-24,Paid Social
12786,Palmetto Bay,South,2025-08-25,Referral
12787,Marlow,South,2025-08-25,Email
12788,Lakewood,East,2025-08-25,In-Store
12789,Marlow,South,2025-08-25,Paid Social
12790,Northfield,North,2025-08-25,Referral
12791,Palmetto Bay,South,2025-08-25,Organic Search
12792,Silver Creek,West,2025-08-25,Organic Search
12793,Marlow,South,2025-08-26,In-Store
12794,Westvale,West,2025-08-26,
12795,Westvale,West,2025-08-26,Email
12796,Northfield,North,2025-08-26,Organic Search
12797,Northfield,North,2025-08-26,Paid Social
12798,Bayport,South,2025-08-26,In-Store
12799,Ashford,North,2025-08-27,Paid Social
12800,Ashford,North,2025-08-27,Email
12801,Ashford,North,2025-08-27,Referral
12802,Southwick,South,2025-08-27,Email
12803,Millbrook,North,2025-08-27,
12804,Northfield,North,2025-08-28,Organic Search
12805,Bayport,South,2025-08-28,Organic Search
12806,Harbor City,East,2025-08-28,Email
12807,Millbrook,North,2025-08-29,In-Store
12808,Silver Creek,West,2025-08-30,Email
12809,Kingsbridge,East,2025-08-30,Paid Social
12810,Canyon Ridge,West,2025-08-31,In-Store
12811,Bayport,South,2025-08-31,Organic Search
12812,Northfield,North,2025-08-31,Referral
12813,Ashford,North,2025-08-31,Paid Social
12814,Pinecrest,North,2025-08-31,Referral
12815,Bayport,South,2025-08-31,Paid Social
12816,Pinecrest,North,2025-09-01,Referral
12817,Northfield,North,2025-09-01,In-Store
12818,Ashford,North,2025-09-01,Organic Search
12819,Bayport,South,2025-09-01,Paid Social
12820,Canyon Ridge,West,2025-09-02,Referral
12821,Lakewood,East,2025-09-02,Referral
12822,Southwick,South,2025-09-02,In-Store
12823,Harbor City,East,2025-09-02,Email
12824,Bayport,South,2025-09-03,Email
12825,Palmetto Bay,South,2025-09-03,Organic Search
12826,Westvale,West,2025-09-03,In-Store
12827,Kingsbridge,East,2025-09-04,Organic Search
12828,Southwick,South,2025-09-04,In-Store
12829,Southwick,South,2025-09-04,Paid Social
12830,Redwood Falls,West,2025-09-04,Organic Search
12831,Northfield,North,2025-09-04,Organic Search
12832,Harbor City,East,2025-09-04,Paid Social
12833,Harbor City,East,2025-09-04,Organic Search
12834,Canyon Ridge,West,2025-09-05,Email
12835,Pinecrest,North,2025-09-05,Paid Social
12836,Southwick,South,2025-09-06,Organic Search
12837,Silver Creek,West,2025-09-07,Organic Search
12838,Pinecrest,North,2025-09-07,Organic Search
12839,Lakewood,East,2025-09-07,Email
12840,Silver Creek,West,2025-09-07,In-Store
12841,Bayport,South,2025-09-07,Email
12842,Silver Creek,West,2025-09-08,Organic Search
12843,Pinecrest,North,2025-09-09,Organic Search
12844,Southwick,South,2025-09-09,
12845,Marlow,South,2025-09-09,Organic Search
12846,Lakewood,East,2025-09-10,Email
12847,Kingsbridge,East,2025-09-10,In-Store
12848,Silver Creek,West,2025-09-10,Paid Social
12849,Marlow,South,2025-09-10,In-Store
12850,Harbor City,East,2025-09-10,In-Store
12851,Kingsbridge,East,2025-09-11,In-Store
12852,Redwood Falls,West,2025-09-11,In-Store
12853,Kingsbridge,East,2025-09-11,Organic Search
12854,Bayport,South,2025-09-11,
12855,Redwood Falls,West,2025-09-12,Organic Search
12856,Canyon Ridge,West,2025-09-12,Organic Search
12857,Lakewood,East,2025-09-13,In-Store
12858,Kingsbridge,East,2025-09-13,Organic Search
12859,Palmetto Bay,South,2025-09-14,Organic Search
12860,Harbor City,East,2025-09-14,In-Store
12861,Redwood Falls,West,2025-09-14,Referral
12862,Southwick,South,2025-09-14,Paid Social
12863,Canyon Ridge,West,2025-09-15,Organic Search
12864,Pinecrest,North,2025-09-15,Paid Social
12865,Canyon Ridge,West,2025-09-15,In-Store
12866,Redwood Falls,West,2025-09-15,Paid Social
12867,Harbor City,East,2025-09-15,Paid Social
12868,Northfield,North,2025-09-16,Organic Search
12869,Redwood Falls,West,2025-09-16,In-Store
12870,Palmetto Bay,South,2025-09-17,In-Store
12871,Kingsbridge,East,2025-09-17,Paid Social
12872,Kingsbridge,East,2025-09-17,Organic Search
12873,Silver Creek,West,2025-09-17,Paid Social
12874,Northfield,North,2025-09-17,Organic Search
12875,Lakewood,East,2025-09-17,Organic Search
12876,Ashford,North,2025-09-17,Email
12877,Harbor City,East,2025-09-18,Referral
12878,Easton,East,2025-09-18,In-Store
12879,Northfield,North,2025-09-19,Referral
12880,Marlow,South,2025-09-19,Referral
12881,Easton,East,2025-09-19,
12882,Southwick,South,2025-09-19,Email
12883,Marlow,South,2025-09-19,Paid Social
12884,Silver Creek,West,2025-09-19,In-Store
12885,Millbrook,North,2025-09-19,Organic Search
12886,Harbor City,East,2025-09-20,In-Store
12887,Palmetto Bay,South,2025-09-20,Referral
12888,Redwood Falls,West,2025-09-20,Organic Search
12889,Ashford,North,2025-09-21,Organic Search
12890,Redwood Falls,West,2025-09-21,Paid Social
12891,Marlow,South,2025-09-21,Organic Search
12892,Westvale,West,2025-09-21,Organic Search
12893,Harbor City,East,2025-09-21,In-Store
12894,Marlow,South,2025-09-22,In-Store
12895,Southwick,South,2025-09-22,In-Store
12896,Southwick,South,2025-09-22,Email
12897,Silver Creek,West,2025-09-22,Organic Search
12898,Canyon Ridge,West,2025-09-23,Paid Social
12899,Bayport,South,2025-09-23,Organic Search
12900,Lakewood,East,2025-09-23,Paid Social
12901,Redwood Falls,West,2025-09-24,Paid Social
12902,Easton,East,2025-09-24,In-Store
12903,Marlow,South,2025-09-24,Email
12904,Marlow,South,2025-09-24,In-Store
12905,Easton,East,2025-09-24,Paid Social
12906,Redwood Falls,West,2025-09-25,In-Store
12907,Northfield,North,2025-09-25,In-Store
12908,Westvale,West,2025-09-25,Organic Search
12909,Westvale,West,2025-09-25,
12910,Kingsbridge,East,2025-09-25,
12911,Westvale,West,2025-09-25,In-Store
12912,Westvale,West,2025-09-25,In-Store
12913,Southwick,South,2025-09-25,Paid Social
12914,Northfield,North,2025-09-26,Organic Search
12915,Bayport,South,2025-09-26,Organic Search
12916,Pinecrest,North,2025-09-27,Organic Search
12917,Silver Creek,West,2025-09-27,Referral
12918,Kingsbridge,East,2025-09-28,In-Store
12919,Pinecrest,North,2025-09-28,Referral
12920,Easton,East,2025-09-28,In-Store
12921,Millbrook,North,2025-09-29,Paid Social
12922,Westvale,West,2025-09-29,Organic Search
12923,Pinecrest,North,2025-09-29,Organic Search
12924,Palmetto Bay,South,2025-09-29,Organic Search
12925,Redwood Falls,West,2025-09-30,
12926,Silver Creek,West,2025-09-30,In-Store
12927,Northfield,North,2025-09-30,Organic Search
12928,Northfield,North,2025-10-01,Organic Search
12929,Palmetto Bay,South,2025-10-03,Referral
12930,Canyon Ridge,West,2025-10-04,In-Store
12931,Silver Creek,West,2025-10-04,In-Store
12932,Redwood Falls,West,2025-10-05,Referral
12933,Southwick,South,2025-10-05,In-Store
12934,Millbrook,North,2025-10-05,In-Store
12935,Ashford,North,2025-10-06,Referral
12936,Millbrook,North,2025-10-06,
12937,Canyon Ridge,West,2025-10-06,Organic Search
12938,Bayport,South,2025-10-06,Organic Search
12939,Kingsbridge,East,2025-10-06,Paid Social
12940,Westvale,West,2025-10-07,Email
12941,Redwood Falls,West,2025-10-07,Organic Search
12942,Ashford,North,2025-10-07,In-Store
12943,Redwood Falls,West,2025-10-07,Paid Social
12944,Millbrook,North,2025-10-07,Paid Social
12945,Pinecrest,North,2025-10-07,Organic Search
12946,Redwood Falls,West,2025-10-07,Paid Social
12947,Canyon Ridge,West,2025-10-08,Email
12948,Ashford,North,2025-10-08,Organic Search
12949,Pinecrest,North,2025-10-08,In-Store
12950,Millbrook,North,2025-10-09,In-Store
12951,Bayport,South,2025-10-09,In-Store
12952,Silver Creek,West,2025-10-09,Referral
12953,Ashford,North,2025-10-10,In-Store
12954,Millbrook,North,2025-10-11,Email
12955,Southwick,South,2025-10-11,Paid Social
12956,Palmetto Bay,South,2025-10-11,Paid Social
12957,Westvale,West,2025-10-11,Paid Social
12958,Millbrook,North,2025-10-12,Organic Search
12959,Millbrook,North,2025-10-13,Email
12960,Harbor City,East,2025-10-13,Organic Search
12961,Southwick,South,2025-10-13,Referral
12962,Kingsbridge,East,2025-10-13,Paid Social
12963,Lakewood,East,2025-10-13,Email
12964,Bayport,South,2025-10-14,In-Store
12965,Redwood Falls,West,2025-10-14,Organic Search
12966,Redwood Falls,West,2025-10-15,In-Store
12967,Marlow,South,2025-10-15,In-Store
12968,Southwick,South,2025-10-15,
12969,Silver Creek,West,2025-10-15,In-Store
12970,Redwood Falls,West,2025-10-15,In-Store
12971,Silver Creek,West,2025-10-15,Organic Search
12972,Westvale,West,2025-10-15,In-Store
12973,Pinecrest,North,2025-10-15,Paid Social
12974,Millbrook,North,2025-10-16,Paid Social
12975,Northfield,North,2025-10-16,In-Store
12976,Kingsbridge,East,2025-10-17,Referral
12977,Marlow,South,2025-10-17,
12978,Southwick,South,2025-10-17,Organic Search
12979,Northfield,North,2025-10-17,Organic Search
12980,Marlow,South,2025-10-18,Email
12981,Pinecrest,North,2025-10-18,Email
12982,Kingsbridge,East,2025-10-18,Organic Search
12983,Lakewood,East,2025-10-18,Paid Social
12984,Redwood Falls,West,2025-10-19,Paid Social
12985,Millbrook,North,2025-10-19,Organic Search
12986,Northfield,North,2025-10-19,Organic Search
12987,Lakewood,East,2025-10-19,Referral
12988,Northfield,North,2025-10-20,Organic Search
12989,Lakewood,East,2025-10-20,Referral
12990,Kingsbridge,East,2025-10-21,
12991,Marlow,South,2025-10-21,Referral
12992,Westvale,West,2025-10-21,Email
12993,Southwick,South,2025-10-21,Organic Search
12994,Westvale,West,2025-10-22,Organic Search
12995,Kingsbridge,East,2025-10-22,Organic Search
12996,Easton,East,2025-10-22,Organic Search
12997,Bayport,South,2025-10-23,In-Store
12998,Redwood Falls,West,2025-10-23,In-Store
12999,Silver Creek,West,2025-10-23,Paid Social
13000,Pinecrest,North,2025-10-23,Paid Social
13001,Kingsbridge,East,2025-10-23,
13002,Canyon Ridge,West,2025-10-24,In-Store
13003,Marlow,South,2025-10-24,In-Store
13004,Palmetto Bay,South,2025-10-25,Paid Social
13005,Bayport,South,2025-10-25,Organic Search
13006,Palmetto Bay,South,2025-10-25,Organic Search
13007,Millbrook,North,2025-10-26,Organic Search
13008,Westvale,West,2025-10-26,Organic Search
13009,Bayport,South,2025-10-26,Paid Social
13010,Palmetto Bay,South,2025-10-26,Paid Social
13011,Westvale,West,2025-10-27,In-Store
13012,Easton,East,2025-10-28,Organic Search
13013,Lakewood,East,2025-10-28,Organic Search
13014,Canyon Ridge,West,2025-10-28,In-Store
13015,Westvale,West,2025-10-28,In-Store
13016,Marlow,South,2025-10-29,Organic Search
13017,Harbor City,East,2025-10-29,In-Store
13018,Silver Creek,West,2025-10-29,In-Store
13019,Palmetto Bay,South,2025-10-30,Organic Search
13020,Westvale,West,2025-10-31,In-Store
13021,Northfield,North,2025-10-31,In-Store
13022,Ashford,North,2025-10-31,Organic Search
13023,Bayport,South,2025-10-31,Organic Search
13024,Easton,East,2025-10-31,In-Store
13025,Silver Creek,West,2025-11-01,Organic Search
13026,Redwood Falls,West,2025-11-01,Organic Search
13027,Northfield,North,2025-11-01,Organic Search
13028,Southwick,South,2025-11-01,Paid Social
13029,Silver Creek,West,2025-11-01,In-Store
13030,Bayport,South,2025-11-01,In-Store
13031,Marlow,South,2025-11-01,Paid Social
13032,Marlow,South,2025-11-02,Paid Social
13033,Northfield,North,2025-11-02,Paid Social
13034,Silver Creek,West,2025-11-02,In-Store
13035,Ashford,North,2025-11-02,In-Store
13036,Canyon Ridge,West,2025-11-02,Paid Social
13037,Southwick,South,2025-11-02,In-Store
13038,Canyon Ridge,West,2025-11-02,In-Store
13039,Kingsbridge,East,2025-11-03,Referral
13040,Westvale,West,2025-11-03,In-Store
13041,Millbrook,North,2025-11-03,Organic Search
13042,Easton,East,2025-11-03,Organic Search
13043,Palmetto Bay,South,2025-11-03,Organic Search
13044,Bayport,South,2025-11-04,Email
13045,Pinecrest,North,2025-11-04,In-Store
13046,Northfield,North,2025-11-04,
13047,Silver Creek,West,2025-11-05,Organic Search
13048,Marlow,South,2025-11-05,Paid Social
13049,Palmetto Bay,South,2025-11-06,
13050,Canyon Ridge,,2025-11-06,In-Store
13051,Silver Creek,West,2025-11-06,In-Store
13052,Kingsbridge,East,2025-11-07,Organic Search
13053,Pinecrest,North,2025-11-07,Organic Search
13054,Northfield,North,2025-11-07,In-Store
13055,Marlow,South,2025-11-07,In-Store
13056,Kingsbridge,East,2025-11-07,Organic Search
13057,Southwick,South,2025-11-07,Organic Search
13058,Bayport,South,2025-11-07,Organic Search
13059,Easton,East,2025-11-07,Paid Social
13060,Palmetto Bay,South,2025-11-07,Paid Social
13061,Northfield,North,2025-11-08,In-Store
13062,Canyon Ridge,West,2025-11-08,Organic Search
13063,Lakewood,East,2025-11-08,In-Store
13064,Lakewood,East,2025-11-08,Paid Social
13065,Pinecrest,North,2025-11-09,In-Store
13066,Bayport,South,2025-11-09,Organic Search
13067,Silver Creek,West,2025-11-09,Paid Social
13068,Marlow,South,2025-11-09,Organic Search
13069,Harbor City,East,2025-11-09,Organic Search
13070,Kingsbridge,East,2025-11-09,Organic Search
13071,Marlow,South,2025-11-10,Organic Search
13072,Harbor City,East,2025-11-11,Email
13073,Southwick,South,2025-11-11,Organic Search
13074,Lakewood,East,2025-11-11,Email
13075,Westvale,West,2025-11-12,Organic Search
13076,Pinecrest,North,2025-11-12,Organic Search
13077,Pinecrest,North,2025-11-12,Organic Search
13078,Silver Creek,West,2025-11-12,In-Store
13079,Southwick,South,2025-11-12,Paid Social
13080,Lakewood,East,2025-11-13,
13081,Harbor City,East,2025-11-13,Paid Social
13082,Lakewood,East,2025-11-13,Referral
13083,Canyon Ridge,West,2025-11-14,
13084,Northfield,North,2025-11-14,Referral
13085,Silver Creek,West,2025-11-15,
13086,Bayport,South,2025-11-15,
13087,Easton,East,2025-11-15,Referral
13088,Ashford,North,2025-11-15,Organic Search
13089,Canyon Ridge,West,2025-11-15,In-Store
13090,Marlow,South,2025-11-16,In-Store
13091,Kingsbridge,East,2025-11-16,Referral
13092,Lakewood,East,2025-11-16,In-Store
13093,Bayport,South,2025-11-16,Organic Search
13094,Westvale,West,2025-11-16,In-Store
13095,Harbor City,,2025-11-17,Email
13096,Canyon Ridge,West,2025-11-17,In-Store
13097,Redwood Falls,West,2025-11-18,In-Store
13098,Westvale,West,2025-11-18,Paid Social
13099,Silver Creek,West,2025-11-18,In-Store
13100,Bayport,South,2025-11-19,Referral
13101,Northfield,North,2025-11-19,Paid Social
13102,Silver Creek,West,2025-11-20,In-Store
13103,Northfield,North,2025-11-20,Organic Search
13104,Northfield,North,2025-11-20,Organic Search
13105,Harbor City,East,2025-11-20,Organic Search
13106,Westvale,West,2025-11-20,Organic Search
13107,Palmetto Bay,South,2025-11-20,Organic Search
13108,Northfield,North,2025-11-20,In-Store
13109,Marlow,South,2025-11-20,Paid Social
13110,Palmetto Bay,,2025-11-21,Paid Social
13111,Northfield,North,2025-11-21,Referral
13112,Kingsbridge,East,2025-11-21,Paid Social
13113,Northfield,North,2025-11-21,In-Store
13114,Pinecrest,North,2025-11-21,Email
13115,Harbor City,East,2025-11-21,Paid Social
13116,Palmetto Bay,South,2025-11-22,Referral
13117,Marlow,South,2025-11-22,In-Store
13118,Easton,East,2025-11-22,Paid Social
13119,Ashford,North,2025-11-22,Paid Social
13120,Northfield,North,2025-11-22,In-Store
13121,Harbor City,East,2025-11-23,Referral
13122,Easton,East,2025-11-23,Paid Social
13123,Ashford,North,2025-11-23,Organic Search
13124,Millbrook,North,2025-11-23,Paid Social
13125,Pinecrest,North,2025-11-23,Organic Search
13126,Pinecrest,North,2025-11-24,Organic Search
13127,Silver Creek,West,2025-11-24,Organic Search
13128,Westvale,West,2025-11-24,Referral
13129,Southwick,South,2025-11-24,In-Store
13130,Millbrook,North,2025-11-24,In-Store
13131,Westvale,West,2025-11-24,Referral
13132,Westvale,West,2025-11-25,Paid Social
13133,Canyon Ridge,West,2025-11-25,In-Store
13134,Silver Creek,West,2025-11-25,Organic Search
13135,Westvale,West,2025-11-25,Paid Social
13136,Bayport,South,2025-11-25,Organic Search
13137,Millbrook,North,2025-11-26,In-Store
13138,Silver Creek,West,2025-11-26,In-Store
13139,Harbor City,East,2025-11-26,Organic Search
13140,Harbor City,East,2025-11-26,Organic Search
13141,Easton,East,2025-11-26,Organic Search
13142,Silver Creek,West,2025-11-26,Organic Search
13143,Harbor City,East,2025-11-26,Referral
13144,Kingsbridge,East,2025-11-27,Email
13145,Redwood Falls,West,2025-11-27,Organic Search
13146,Silver Creek,West,2025-11-27,Organic Search
13147,Bayport,South,2025-11-27,
13148,Bayport,South,2025-11-27,In-Store
13149,Marlow,South,2025-11-27,Referral
13150,Silver Creek,West,2025-11-27,Organic Search
13151,Harbor City,East,2025-11-28,Referral
13152,Southwick,South,2025-11-28,Paid Social
13153,Lakewood,East,2025-11-28,Organic Search
13154,Redwood Falls,West,2025-11-28,In-Store
13155,Southwick,South,2025-11-28,Referral
13156,Kingsbridge,East,2025-11-29,Organic Search
13157,Westvale,West,2025-11-29,Paid Social
13158,Palmetto Bay,South,2025-11-29,Paid Social
13159,Millbrook,North,2025-11-29,Email
13160,Marlow,South,2025-11-29,Referral
13161,Westvale,West,2025-11-29,Paid Social
13162,Lakewood,East,2025-11-29,Organic Search
13163,Silver Creek,West,2025-11-30,In-Store
13164,Bayport,,2025-11-30,Paid Social
13165,Easton,East,2025-11-30,Email
13166,Pinecrest,North,2025-12-01,Organic Search
13167,Palmetto Bay,South,2025-12-01,
13168,Harbor City,East,2025-12-01,Paid Social
13169,Redwood Falls,West,2025-12-01,Organic Search
13170,Ashford,North,2025-12-01,Paid Social
13171,Millbrook,North,2025-12-01,Paid Social
13172,Harbor City,East,2025-12-02,Organic Search
13173,Southwick,South,2025-12-02,Organic Search
13174,Bayport,South,2025-12-02,Referral
13175,Pinecrest,North,2025-12-02,Organic Search
13176,Easton,East,2025-12-02,Paid Social
13177,Bayport,South,2025-12-03,Organic Search
13178,Ashford,North,2025-12-03,In-Store
13179,Millbrook,North,2025-12-03,Referral
13180,Silver Creek,West,2025-12-03,In-Store
13181,Westvale,West,2025-12-03,In-Store
13182,Westvale,West,2025-12-04,Organic Search
13183,Southwick,South,2025-12-04,Email
13184,Ashford,North,2025-12-04,Organic Search
13185,Pinecrest,North,2025-12-04,In-Store
13186,Bayport,South,2025-12-04,Email
13187,Westvale,West,2025-12-04,In-Store
13188,Northfield,North,2025-12-05,In-Store
13189,Redwood Falls,West,2025-12-05,Organic Search
13190,Canyon Ridge,West,2025-12-05,Organic Search
13191,Pinecrest,North,2025-12-05,Paid Social
13192,Millbrook,North,2025-12-06,Referral
13193,Bayport,South,2025-12-06,
13194,Canyon Ridge,West,2025-12-06,In-Store
13195,Harbor City,East,2025-12-06,Referral
13196,Westvale,West,2025-12-06,Email
13197,Lakewood,East,2025-12-07,Referral
13198,Marlow,South,2025-12-07,Organic Search
13199,Redwood Falls,West,2025-12-07,Paid Social
13200,Millbrook,North,2025-12-07,Organic Search
13201,Westvale,West,2025-12-08,Organic Search
13202,Bayport,South,2025-12-08,Paid Social
13203,Canyon Ridge,West,2025-12-08,Organic Search
13204,Marlow,South,2025-12-08,Paid Social
13205,Silver Creek,West,2025-12-08,In-Store
13206,Palmetto Bay,South,2025-12-08,Organic Search
13207,Redwood Falls,West,2025-12-09,
13208,Marlow,South,2025-12-09,Paid Social
13209,Bayport,South,2025-12-09,In-Store
13210,Harbor City,East,2025-12-10,Referral
13211,Redwood Falls,West,2025-12-11,Organic Search
13212,Pinecrest,North,2025-12-11,Paid Social
13213,Westvale,West,2025-12-11,Referral
13214,Ashford,North,2025-12-11,Paid Social
13215,Canyon Ridge,West,2025-12-11,Paid Social
13216,Harbor City,East,2025-12-11,In-Store
13217,Canyon Ridge,West,2025-12-11,Organic Search
13218,Bayport,South,2025-12-12,In-Store
13219,Marlow,South,2025-12-12,In-Store
13220,Harbor City,East,2025-12-12,Organic Search
13221,Palmetto Bay,South,2025-12-12,Paid Social
13222,Palmetto Bay,South,2025-12-12,In-Store
13223,Millbrook,North,2025-12-12,Organic Search
13224,Millbrook,North,2025-12-12,Organic Search
13225,Southwick,South,2025-12-12,Referral
13226,Millbrook,North,2025-12-12,Paid Social
13227,Millbrook,North,2025-12-13,In-Store
13228,Palmetto Bay,South,2025-12-13,Email
13229,Ashford,North,2025-12-13,Organic Search
13230,Westvale,West,2025-12-13,In-Store
13231,Ashford,North,2025-12-13,Organic Search
13232,Bayport,South,2025-12-13,Paid Social
13233,Canyon Ridge,West,2025-12-13,In-Store
13234,Kingsbridge,East,2025-12-13,Referral
13235,Millbrook,North,2025-12-13,Paid Social
13236,Harbor City,East,2025-12-13,Organic Search
13237,Harbor City,East,2025-12-13,In-Store
13238,Silver Creek,West,2025-12-13,In-Store
13239,Canyon Ridge,West,2025-12-14,Organic Search
13240,Pinecrest,North,2025-12-14,In-Store
13241,Lakewood,East,2025-12-14,Paid Social
13242,Southwick,,2025-12-15,Paid Social
13243,Easton,East,2025-12-16,Organic Search
13244,Palmetto Bay,South,2025-12-16,Organic Search
13245,Kingsbridge,East,2025-12-16,Organic Search
13246,Southwick,South,2025-12-16,
13247,Pinecrest,North,2025-12-16,
13248,Millbrook,North,2025-12-16,Organic Search
13249,Millbrook,North,2025-12-16,Referral
13250,Silver Creek,West,2025-12-17,Email
13251,Westvale,West,2025-12-17,Paid Social
13252,Silver Creek,West,2025-12-17,Paid Social
13253,Marlow,South,2025-12-18,Organic Search
13254,Ashford,North,2025-12-19,Organic Search
13255,Marlow,South,2025-12-19,Organic Search
13256,Westvale,West,2025-12-19,In-Store
13257,Southwick,South,2025-12-19,Paid Social
13258,Lakewood,East,2025-12-19,Organic Search
13259,Harbor City,East,2025-12-19,Email
13260,Pinecrest,North,2025-12-19,In-Store
13261,Millbrook,North,2025-12-20,Referral
13262,Bayport,South,2025-12-20,Referral
13263,Lakewood,East,2025-12-20,Paid Social
13264,Harbor City,East,2025-12-21,In-Store
13265,Harbor City,East,2025-12-21,Organic Search
13266,Redwood Falls,,2025-12-21,Organic Search
13267,Bayport,South,2025-12-21,In-Store
13268,Ashford,North,2025-12-21,
13269,Canyon Ridge,West,2025-12-21,
13270,Millbrook,North,2025-12-21,In-Store
13271,Northfield,North,2025-12-21,Organic Search
13272,Canyon Ridge,West,2025-12-22,In-Store
13273,Ashford,North,2025-12-22,Organic Search
13274,Silver Creek,West,2025-12-22,Organic Search
13275,Redwood Falls,West,2025-12-22,In-Store
13276,Northfield,North,2025-12-22,Paid Social
13277,Bayport,South,2025-12-22,Paid Social
13278,Pinecrest,North,2025-12-23,Email
13279,Pinecrest,North,2025-12-23,Organic Search
13280,Harbor City,East,2025-12-23,In-Store
13281,Canyon Ridge,West,2025-12-24,
13282,Silver Creek,West,2025-12-24,Organic Search
13283,Palmetto Bay,South,2025-12-24,Organic Search
13284,Canyon Ridge,West,2025-12-24,Organic Search
13285,Canyon Ridge,West,2025-12-24,In-Store
13286,Westvale,West,2025-12-24,In-Store
13287,Lakewood,East,2025-12-24,In-Store
13288,Marlow,South,2025-12-24,Email
13289,Harbor City,,2025-12-24,Referral
13290,Northfield,North,2025-12-25,Referral
13291,Millbrook,North,2025-12-25,Paid Social
13292,Westvale,West,2025-12-25,Organic Search
13293,Millbrook,North,2025-12-25,In-Store
13294,Redwood Falls,West,2025-12-25,In-Store
13295,Silver Creek,West,2025-12-25,Referral
13296,Kingsbridge,East,2025-12-26,Organic Search
13297,Westvale,West,2025-12-26,In-Store
13298,Silver Creek,West,2025-12-26,In-Store
13299,Westvale,West,2025-12-27,Organic Search
13300,Redwood Falls,West,2025-12-27,Organic Search
13301,Redwood Falls,West,2025-12-28,Organic Search
13302,Millbrook,North,2025-12-28,Organic Search
13303,Kingsbridge,East,2025-12-28,
13304,Palmetto Bay,South,2025-12-29,In-Store
13305,Redwood Falls,West,2025-12-29,In-Store
13306,Northfield,North,2025-12-29,Paid Social
13307,Harbor City,East,2025-12-29,Organic Search
13308,Silver Creek,West,2025-12-29,Referral
13309,Southwick,South,2025-12-29,Paid Social
13310,Ashford,North,2025-12-30,In-Store
13311,Harbor City,East,2025-12-30,Organic Search
13312,Northfield,North,2025-12-31,Paid Social
13313,Kingsbridge,East,2025-12-31,Paid Social
13314,Millbrook,North,2025-12-31,In-Store
13315,Northfield,North,2025-12-31,Organic Search
13316,Palmetto Bay,South,2025-12-31,In-Store
13317,Southwick,South,2025-12-31,In-Store
13318,Canyon Ridge,West,2025-12-31,Organic Search
13319,Westvale,West,2025-12-31,Organic Search
13320,Millbrook,North,2026-01-01,Referral
13321,Silver Creek,West,2026-01-01,Organic Search
13322,Bayport,South,2026-01-02,Organic Search
13323,Westvale,West,2026-01-02,Organic Search
13324,Canyon Ridge,West,2026-01-02,Paid Social
13325,Bayport,South,2026-01-02,Paid Social
13326,Silver Creek,West,2026-01-02,Organic Search
13327,Bayport,South,2026-01-03,Organic Search
13328,Ashford,North,2026-01-03,In-Store
13329,Pinecrest,North,2026-01-04,Organic Search
13330,Easton,East,2026-01-04,In-Store
13331,Millbrook,North,2026-01-04,In-Store
13332,Kingsbridge,East,2026-01-04,Organic Search
13333,Redwood Falls,West,2026-01-04,Organic Search
13334,Marlow,South,2026-01-05,In-Store
13335,Canyon Ridge,West,2026-01-05,Paid Social
13336,Easton,East,2026-01-06,Organic Search
13337,Southwick,South,2026-01-06,Referral
13338,Easton,East,2026-01-06,Referral
13339,Westvale,West,2026-01-07,Organic Search
13340,Lakewood,East,2026-01-07,Organic Search
13341,Northfield,North,2026-01-08,Organic Search
13342,Palmetto Bay,South,2026-01-08,Organic Search
13343,Silver Creek,West,2026-01-08,
13344,Easton,East,2026-01-09,Paid Social
13345,Canyon Ridge,West,2026-01-09,Paid Social
13346,Ashford,North,2026-01-09,Organic Search
13347,Lakewood,East,2026-01-09,Paid Social
13348,Pinecrest,North,2026-01-10,Organic Search
13349,Millbrook,North,2026-01-11,Paid Social
13350,Ashford,North,2026-01-11,Email
13351,Millbrook,North,2026-01-12,In-Store
13352,Lakewood,East,2026-01-12,Paid Social
13353,Lakewood,East,2026-01-14,In-Store
13354,Pinecrest,North,2026-01-14,Organic Search
13355,Bayport,South,2026-01-14,Organic Search
13356,Bayport,South,2026-01-14,Email
13357,Southwick,South,2026-01-14,Organic Search
13358,Harbor City,East,2026-01-14,Paid Social
13359,Canyon Ridge,West,2026-01-15,Organic Search
13360,Millbrook,North,2026-01-16,Paid Social
13361,Pinecrest,North,2026-01-16,Email
13362,Pinecrest,North,2026-01-16,Referral
13363,Westvale,West,2026-01-16,Email
13364,Kingsbridge,East,2026-01-16,In-Store
13365,Kingsbridge,East,2026-01-17,Organic Search
13366,Millbrook,North,2026-01-17,In-Store
13367,Easton,East,2026-01-18,Organic Search
13368,Northfield,North,2026-01-18,Paid Social
13369,Canyon Ridge,West,2026-01-18,In-Store
13370,Easton,East,2026-01-19,Referral
13371,Redwood Falls,West,2026-01-19,Email
13372,Palmetto Bay,South,2026-01-19,
13373,Canyon Ridge,West,2026-01-19,Organic Search
13374,Canyon Ridge,West,2026-01-19,In-Store
13375,Kingsbridge,East,2026-01-20,Organic Search
13376,Kingsbridge,East,2026-01-20,Email
13377,Pinecrest,North,2026-01-20,In-Store
13378,Silver Creek,West,2026-01-20,Email
13379,Canyon Ridge,West,2026-01-20,In-Store
13380,Pinecrest,North,2026-01-20,Organic Search
13381,Ashford,North,2026-01-20,In-Store
13382,Westvale,West,2026-01-21,Paid Social
13383,Northfield,North,2026-01-21,Organic Search
13384,Millbrook,North,2026-01-22,Organic Search
13385,Kingsbridge,East,2026-01-22,In-Store
13386,Ashford,North,2026-01-23,Organic Search
13387,Westvale,West,2026-01-23,Organic Search
13388,Ashford,North,2026-01-23,In-Store
13389,Westvale,West,2026-01-23,Organic Search
13390,Redwood Falls,,2026-01-24,In-Store
13391,Marlow,South,2026-01-24,Organic Search
13392,Kingsbridge,East,2026-01-25,Organic Search
13393,Millbrook,North,2026-01-25,Organic Search
13394,Palmetto Bay,South,2026-01-26,Email
13395,Kingsbridge,East,2026-01-26,
13396,Silver Creek,West,2026-01-26,Referral
13397,Redwood Falls,West,2026-01-26,Paid Social
13398,Pinecrest,North,2026-01-26,In-Store
13399,Silver Creek,West,2026-01-27,Paid Social
13400,Bayport,South,2026-01-27,Referral
13401,Westvale,West,2026-01-27,Organic Search
13402,Lakewood,East,2026-01-27,Organic Search
13403,Westvale,West,2026-01-28,In-Store
13404,Kingsbridge,East,2026-01-28,Organic Search
13405,Harbor City,East,2026-01-29,Paid Social
13406,Westvale,West,2026-01-29,In-Store
13407,Westvale,West,2026-01-30,Organic Search
13408,Ashford,North,2026-01-30,In-Store
13409,Canyon Ridge,,2026-01-30,Referral
13410,Palmetto Bay,South,2026-01-31,In-Store
13411,Silver Creek,West,2026-01-31,Paid Social
13412,Ashford,North,2026-02-01,Paid Social
13413,Westvale,West,2026-02-01,Email
13414,Pinecrest,North,2026-02-01,Organic Search
13415,Silver Creek,West,2026-02-01,Email
13416,Pinecrest,North,2026-02-02,Email
13417,Lakewood,East,2026-02-02,Organic Search
13418,Westvale,West,2026-02-02,Paid Social
13419,Easton,East,2026-02-02,Paid Social
13420,Silver Creek,West,2026-02-02,Organic Search
13421,Southwick,South,2026-02-02,
13422,Bayport,South,2026-02-02,Paid Social
13423,Westvale,West,2026-02-03,Referral
13424,Silver Creek,West,2026-02-04,Organic Search
13425,Kingsbridge,East,2026-02-04,Organic Search
13426,Southwick,South,2026-02-05,Organic Search
13427,Marlow,South,2026-02-05,In-Store
13428,Palmetto Bay,South,2026-02-05,Paid Social
13429,Silver Creek,West,2026-02-05,
13430,Millbrook,North,2026-02-06,In-Store
13431,Redwood Falls,West,2026-02-06,Paid Social
13432,Harbor City,East,2026-02-07,Referral
13433,Harbor City,East,2026-02-07,Organic Search
13434,Lakewood,East,2026-02-08,In-Store
13435,Westvale,West,2026-02-08,
13436,Northfield,North,2026-02-09,Email
13437,Pinecrest,North,2026-02-09,Paid Social
13438,Canyon Ridge,West,2026-02-09,Paid Social
13439,Millbrook,North,2026-02-09,Organic Search
13440,Redwood Falls,West,2026-02-10,Organic Search
13441,Silver Creek,West,2026-02-11,Organic Search
13442,Silver Creek,West,2026-02-11,Paid Social
13443,Easton,East,2026-02-11,Organic Search
13444,Palmetto Bay,South,2026-02-11,Paid Social
13445,Canyon Ridge,West,2026-02-11,
13446,Pinecrest,North,2026-02-11,In-Store
13447,Westvale,West,2026-02-11,Organic Search
13448,Silver Creek,,2026-02-12,Organic Search
13449,Ashford,North,2026-02-12,In-Store
13450,Pinecrest,North,2026-02-12,Referral
13451,Redwood Falls,West,2026-02-12,Organic Search
13452,Millbrook,North,2026-02-13,Organic Search
13453,Southwick,South,2026-02-14,In-Store
13454,Southwick,South,2026-02-15,Organic Search
13455,Bayport,South,2026-02-16,Email
13456,Silver Creek,West,2026-02-18,
13457,Canyon Ridge,West,2026-02-18,In-Store
13458,Millbrook,North,2026-02-18,Paid Social
13459,Marlow,South,2026-02-19,
13460,Southwick,South,2026-02-19,Referral
13461,Ashford,North,2026-02-19,Paid Social
13462,Millbrook,North,2026-02-20,Organic Search
13463,Redwood Falls,West,2026-02-21,Paid Social
13464,Canyon Ridge,West,2026-02-21,In-Store
13465,Pinecrest,North,2026-02-21,In-Store
13466,Redwood Falls,West,2026-02-21,Email
13467,Easton,East,2026-02-22,In-Store
13468,Easton,East,2026-02-23,Organic Search
13469,Palmetto Bay,South,2026-02-23,Referral
13470,Pinecrest,North,2026-02-23,Organic Search
13471,Silver Creek,West,2026-02-23,Email
13472,Southwick,South,2026-02-24,Organic Search
13473,Redwood Falls,West,2026-02-24,Organic Search
13474,Pinecrest,North,2026-02-24,
13475,Canyon Ridge,West,2026-02-24,Email
13476,Harbor City,East,2026-02-25,In-Store
13477,Kingsbridge,East,2026-02-25,Referral
13478,Harbor City,East,2026-02-25,Organic Search
13479,Northfield,North,2026-02-26,Organic Search
13480,Pinecrest,North,2026-02-26,Paid Social
13481,Palmetto Bay,South,2026-02-26,Organic Search
13482,Bayport,South,2026-02-26,Paid Social
13483,Bayport,South,2026-02-26,Paid Social
13484,Harbor City,East,2026-02-28,Email
13485,Bayport,South,2026-02-28,Email
13486,Pinecrest,North,2026-03-01,Paid Social
13487,Bayport,South,2026-03-01,In-Store
13488,Redwood Falls,West,2026-03-01,In-Store
13489,Southwick,South,2026-03-01,Paid Social
13490,Northfield,North,2026-03-02,Referral
13491,Easton,East,2026-03-02,Referral
13492,Palmetto Bay,South,2026-03-02,Organic Search
13493,Lakewood,East,2026-03-03,
13494,Millbrook,North,2026-03-03,In-Store
13495,Ashford,North,2026-03-03,
13496,Ashford,North,2026-03-03,Organic Search
13497,Bayport,South,2026-03-03,Paid Social
13498,Ashford,North,2026-03-03,Organic Search
13499,Silver Creek,West,2026-03-03,Organic Search
13500,Pinecrest,North,2026-03-03,
13501,Palmetto Bay,South,2026-03-03,Paid Social
13502,Canyon Ridge,West,2026-03-04,In-Store
13503,Northfield,North,2026-03-05,In-Store
13504,Pinecrest,North,2026-03-05,Referral
13505,Silver Creek,West,2026-03-05,
13506,Marlow,South,2026-03-05,Email
13507,Bayport,South,2026-03-05,Referral
13508,Kingsbridge,East,2026-03-05,Referral
13509,Lakewood,,2026-03-05,Paid Social
13510,Easton,East,2026-03-06,In-Store
13511,Silver Creek,West,2026-03-06,Organic Search
13512,Canyon Ridge,West,2026-03-06,Organic Search
13513,Kingsbridge,East,2026-03-07,Organic Search
13514,Kingsbridge,East,2026-03-07,Organic Search
13515,Redwood Falls,West,2026-03-07,In-Store
13516,Kingsbridge,East,2026-03-07,Organic Search
13517,Silver Creek,West,2026-03-08,Paid Social
13518,Bayport,South,2026-03-08,
13519,Ashford,North,2026-03-08,Referral
13520,Bayport,South,2026-03-08,In-Store
13521,Kingsbridge,East,2026-03-08,Paid Social
13522,Silver Creek,West,2026-03-08,Organic Search
13523,Marlow,South,2026-03-08,Organic Search
13524,Palmetto Bay,South,2026-03-09,Email
13525,Harbor City,East,2026-03-09,Organic Search
13526,Pinecrest,North,2026-03-10,Referral
13527,Marlow,South,2026-03-10,Organic Search
13528,Redwood Falls,West,2026-03-10,Email
13529,Southwick,South,2026-03-11,In-Store
13530,Palmetto Bay,South,2026-03-11,In-Store
13531,Redwood Falls,West,2026-03-11,In-Store
13532,Pinecrest,North,2026-03-11,Referral
13533,Ashford,North,2026-03-11,Organic Search
13534,Silver Creek,West,2026-03-11,Paid Social
13535,Marlow,South,2026-03-12,In-Store
13536,Westvale,West,2026-03-12,In-Store
13537,Pinecrest,North,2026-03-12,Paid Social
13538,Lakewood,East,2026-03-12,Referral
13539,Marlow,South,2026-03-12,Paid Social
13540,Palmetto Bay,South,2026-03-13,Organic Search
13541,Silver Creek,West,2026-03-13,Organic Search
13542,Bayport,South,2026-03-13,Email
13543,Silver Creek,West,2026-03-13,Paid Social
13544,Millbrook,North,2026-03-13,In-Store
13545,Redwood Falls,West,2026-03-14,Organic Search
13546,Lakewood,East,2026-03-14,Paid Social
13547,Millbrook,North,2026-03-15,Organic Search
13548,Ashford,North,2026-03-15,Referral
13549,Palmetto Bay,South,2026-03-15,In-Store
13550,Harbor City,East,2026-03-15,Referral
13551,Southwick,South,2026-03-15,Organic Search
13552,Redwood Falls,West,2026-03-16,In-Store
13553,Pinecrest,North,2026-03-16,Email
13554,Bayport,South,2026-03-16,Email
13555,Silver Creek,West,2026-03-17,Organic Search
13556,Kingsbridge,East,2026-03-17,In-Store
13557,Lakewood,East,2026-03-17,Organic Search
13558,Canyon Ridge,West,2026-03-17,In-Store
13559,Kingsbridge,East,2026-03-17,In-Store
13560,Pinecrest,North,2026-03-17,Organic Search
13561,Harbor City,East,2026-03-18,In-Store
13562,Pinecrest,North,2026-03-18,In-Store
13563,Pinecrest,North,2026-03-18,In-Store
13564,Bayport,South,2026-03-18,
13565,Easton,East,2026-03-19,Paid Social
13566,Ashford,North,2026-03-19,
13567,Northfield,North,2026-03-19,In-Store
13568,Ashford,North,2026-03-19,Paid Social
13569,Canyon Ridge,West,2026-03-19,Email
13570,Harbor City,East,2026-03-19,In-Store
13571,Bayport,South,2026-03-19,Organic Search
13572,Westvale,West,2026-03-19,Organic Search
13573,Marlow,South,2026-03-20,Paid Social
13574,Westvale,West,2026-03-20,Paid Social
13575,Northfield,North,2026-03-20,
13576,Ashford,North,2026-03-20,
13577,Northfield,North,2026-03-20,Organic Search
13578,Bayport,South,2026-03-20,Organic Search
13579,Bayport,South,2026-03-20,In-Store
13580,Redwood Falls,West,2026-03-20,In-Store
13581,Easton,East,2026-03-20,Organic Search
13582,Millbrook,North,2026-03-21,Paid Social
13583,Canyon Ridge,West,2026-03-21,In-Store
13584,Westvale,West,2026-03-21,Referral
13585,Ashford,North,2026-03-22,In-Store
13586,Westvale,West,2026-03-22,Paid Social
13587,Harbor City,East,2026-03-22,In-Store
13588,Kingsbridge,East,2026-03-22,In-Store
13589,Easton,East,2026-03-22,Paid Social
13590,Bayport,South,2026-03-22,Organic Search
13591,Marlow,South,2026-03-23,Paid Social
13592,Redwood Falls,West,2026-03-23,Organic Search
13593,Lakewood,East,2026-03-23,Organic Search
13594,Northfield,North,2026-03-23,Paid Social
13595,Bayport,South,2026-03-23,In-Store
13596,Westvale,West,2026-03-23,Paid Social
13597,Canyon Ridge,West,2026-03-24,Organic Search
13598,Lakewood,East,2026-03-25,Paid Social
13599,Westvale,West,2026-03-26,Email
13600,Marlow,South,2026-03-26,Organic Search
13601,Canyon Ridge,West,2026-03-26,In-Store
13602,Harbor City,East,2026-03-26,Paid Social
13603,Easton,East,2026-03-26,Referral
13604,Canyon Ridge,West,2026-03-27,Paid Social
13605,Bayport,South,2026-03-27,Email
13606,Easton,East,2026-03-27,Organic Search
13607,Lakewood,East,2026-03-29,Organic Search
13608,Palmetto Bay,South,2026-03-29,
13609,Canyon Ridge,West,2026-03-29,Organic Search
13610,Westvale,West,2026-03-29,
13611,Palmetto Bay,South,2026-03-29,Paid Social
13612,Southwick,South,2026-03-29,Referral
13613,Redwood Falls,West,2026-03-29,Paid Social
13614,Bayport,South,2026-03-30,In-Store
13615,Canyon Ridge,West,2026-03-30,In-Store
13616,Redwood Falls,West,2026-03-30,In-Store
13617,Marlow,South,2026-03-30,
13618,Palmetto Bay,South,2026-03-30,Organic Search
13619,Harbor City,East,2026-03-30,In-Store
13620,Kingsbridge,East,2026-03-31,Organic Search
13621,Pinecrest,North,2026-03-31,Paid Social
13622,Millbrook,North,2026-04-01,Paid Social
13623,Redwood Falls,West,2026-04-01,In-Store
13624,Kingsbridge,East,2026-04-01,In-Store
13625,Bayport,South,2026-04-01,In-Store
13626,Marlow,South,2026-04-01,Organic Search
13627,Bayport,South,2026-04-01,Paid Social
13628,Redwood Falls,West,2026-04-01,Paid Social
13629,Millbrook,North,2026-04-01,Organic Search
13630,Canyon Ridge,West,2026-04-02,
13631,Ashford,North,2026-04-02,Referral
13632,Lakewood,East,2026-04-02,Organic Search
13633,Ashford,North,2026-04-02,Organic Search
13634,Westvale,West,2026-04-02,In-Store
13635,Lakewood,East,2026-04-03,Paid Social
13636,Westvale,West,2026-04-03,In-Store
13637,Ashford,North,2026-04-03,In-Store
13638,Pinecrest,North,2026-04-03,In-Store
13639,Northfield,North,2026-04-04,
13640,Pinecrest,North,2026-04-04,In-Store
13641,Millbrook,North,2026-04-04,In-Store
13642,Ashford,North,2026-04-04,Email
13643,Canyon Ridge,West,2026-04-04,Paid Social
13644,Ashford,North,2026-04-04,In-Store
13645,Lakewood,East,2026-04-04,Organic Search
13646,Harbor City,East,2026-04-04,Referral
13647,Harbor City,East,2026-04-05,In-Store
13648,Marlow,South,2026-04-05,Organic Search
13649,Canyon Ridge,West,2026-04-05,In-Store
13650,Westvale,West,2026-04-05,Organic Search
13651,Harbor City,East,2026-04-06,Organic Search
13652,Marlow,South,2026-04-06,Paid Social
13653,Bayport,South,2026-04-06,Email
13654,Easton,East,2026-04-06,Email
13655,Northfield,North,2026-04-06,Referral
13656,Millbrook,North,2026-04-06,In-Store
13657,Ashford,North,2026-04-07,Paid Social
13658,Palmetto Bay,South,2026-04-07,In-Store
13659,Millbrook,North,2026-04-07,In-Store
13660,Redwood Falls,West,2026-04-07,Referral
13661,Lakewood,East,2026-04-08,Organic Search
13662,Harbor City,East,2026-04-08,In-Store
13663,Harbor City,East,2026-04-08,In-Store
13664,Pinecrest,North,2026-04-08,Paid Social
13665,Pinecrest,North,2026-04-08,Organic Search
13666,Westvale,West,2026-04-09,In-Store
13667,Palmetto Bay,South,2026-04-09,Paid Social
13668,Canyon Ridge,West,2026-04-09,Organic Search
13669,Kingsbridge,East,2026-04-09,In-Store
13670,Bayport,South,2026-04-10,Paid Social
13671,Harbor City,East,2026-04-10,Email
13672,Kingsbridge,East,2026-04-10,Paid Social
13673,Millbrook,North,2026-04-10,Paid Social
13674,Marlow,South,2026-04-10,In-Store
13675,Palmetto Bay,South,2026-04-11,Organic Search
13676,Silver Creek,West,2026-04-11,Paid Social
13677,Silver Creek,West,2026-04-11,Organic Search
13678,Westvale,West,2026-04-11,Organic Search
13679,Redwood Falls,West,2026-04-11,Paid Social
13680,Bayport,South,2026-04-11,Organic Search
13681,Canyon Ridge,West,2026-04-12,In-Store
13682,Bayport,South,2026-04-12,In-Store
13683,Canyon Ridge,West,2026-04-12,Paid Social
13684,Ashford,North,2026-04-12,
13685,Northfield,North,2026-04-12,Paid Social
13686,Ashford,North,2026-04-13,In-Store
13687,Lakewood,East,2026-04-13,Referral
13688,Ashford,North,2026-04-13,In-Store
13689,Marlow,South,2026-04-13,In-Store
13690,Easton,East,2026-04-14,Paid Social
13691,Lakewood,East,2026-04-14,Referral
13692,Palmetto Bay,South,2026-04-14,In-Store
13693,Redwood Falls,West,2026-04-14,Paid Social
13694,Northfield,North,2026-04-15,Organic Search
13695,Palmetto Bay,South,2026-04-15,Organic Search
13696,Marlow,South,2026-04-15,Referral
13697,Silver Creek,West,2026-04-15,Referral
13698,Bayport,South,2026-04-16,Paid Social
13699,Easton,East,2026-04-16,
13700,Pinecrest,North,2026-04-16,In-Store
13701,Westvale,West,2026-04-16,Organic Search
13702,Harbor City,East,2026-04-17,Email
13703,Canyon Ridge,West,2026-04-17,Paid Social
13704,Redwood Falls,West,2026-04-17,In-Store
13705,Ashford,North,2026-04-17,Organic Search
13706,Marlow,South,2026-04-17,Email
13707,Southwick,South,2026-04-17,Paid Social
13708,Northfield,,2026-04-18,Paid Social
13709,Lakewood,East,2026-04-18,Paid Social
13710,Ashford,North,2026-04-18,Organic Search
13711,Silver Creek,West,2026-04-18,In-Store
13712,Marlow,,2026-04-18,Referral
13713,Silver Creek,West,2026-04-19,In-Store
13714,Marlow,South,2026-04-19,Organic Search
13715,Marlow,South,2026-04-19,Email
13716,Ashford,North,2026-04-19,In-Store
13717,Northfield,North,2026-04-19,Organic Search
13718,Northfield,North,2026-04-19,Paid Social
13719,Easton,East,2026-04-19,Paid Social
13720,Redwood Falls,West,2026-04-20,Paid Social
13721,Redwood Falls,West,2026-04-20,Email
13722,Pinecrest,North,2026-04-20,Paid Social
13723,Canyon Ridge,West,2026-04-20,In-Store
13724,Westvale,West,2026-04-20,In-Store
13725,Silver Creek,West,2026-04-20,In-Store
13726,Pinecrest,North,2026-04-20,Paid Social
13727,Southwick,South,2026-04-20,Email
13728,Marlow,South,2026-04-20,Organic Search
13729,Kingsbridge,East,2026-04-21,Referral
13730,Harbor City,East,2026-04-21,Email
13731,Bayport,South,2026-04-21,
13732,Bayport,South,2026-04-21,In-Store
13733,Canyon Ridge,West,2026-04-21,In-Store
13734,Palmetto Bay,South,2026-04-21,In-Store
13735,Ashford,North,2026-04-21,Organic Search
13736,Northfield,North,2026-04-21,Organic Search
13737,Silver Creek,West,2026-04-22,In-Store
13738,Pinecrest,North,2026-04-22,Organic Search
13739,Westvale,West,2026-04-22,In-Store
13740,Canyon Ridge,West,2026-04-22,In-Store
13741,Northfield,North,2026-04-22,In-Store
13742,Bayport,South,2026-04-22,Organic Search
13743,Northfield,North,2026-04-22,Organic Search
13744,Pinecrest,North,2026-04-23,Organic Search
13745,Harbor City,East,2026-04-23,Organic Search
13746,Northfield,North,2026-04-23,Organic Search
13747,Kingsbridge,East,2026-04-23,Referral
13748,Harbor City,East,2026-04-24,Organic Search
13749,Easton,East,2026-04-24,Organic Search
13750,Northfield,North,2026-04-24,Email
13751,Silver Creek,West,2026-04-24,In-Store
13752,Canyon Ridge,West,2026-04-24,In-Store
13753,Northfield,North,2026-04-24,Organic Search
13754,Marlow,,2026-04-24,In-Store
13755,Lakewood,East,2026-04-25,In-Store
13756,Ashford,North,2026-04-25,Referral
13757,Harbor City,East,2026-04-25,In-Store
13758,Pinecrest,North,2026-04-26,Organic Search
13759,Southwick,South,2026-04-26,Email
13760,Easton,East,2026-04-26,Organic Search
13761,Bayport,South,2026-04-26,In-Store
13762,Millbrook,North,2026-04-26,In-Store
13763,Easton,East,2026-04-26,In-Store
13764,Westvale,West,2026-04-26,Referral
13765,Southwick,South,2026-04-26,Referral
13766,Pinecrest,North,2026-04-27,Email
13767,Easton,East,2026-04-27,
13768,Canyon Ridge,West,2026-04-27,In-Store
13769,Silver Creek,West,2026-04-27,
13770,Northfield,North,2026-04-28,Organic Search
13771,Bayport,South,2026-04-28,Paid Social
13772,Palmetto Bay,South,2026-04-28,In-Store
13773,Ashford,North,2026-04-28,Paid Social
13774,Silver Creek,West,2026-04-28,In-Store
13775,Palmetto Bay,South,2026-04-28,Organic Search
13776,Canyon Ridge,West,2026-04-28,Referral
13777,Ashford,North,2026-04-28,Paid Social
13778,Westvale,West,2026-04-28,Email
13779,Palmetto Bay,South,2026-04-28,Referral
13780,Palmetto Bay,South,2026-04-28,In-Store
13781,Palmetto Bay,South,2026-04-28,Paid Social
13782,Marlow,South,2026-04-29,Organic Search
13783,Westvale,West,2026-04-29,Referral
13784,Ashford,North,2026-04-29,
13785,Northfield,North,2026-04-29,Email
13786,Millbrook,North,2026-04-29,In-Store
13787,Northfield,North,2026-04-30,Organic Search
13788,Palmetto Bay,South,2026-04-30,In-Store
13789,Millbrook,North,2026-04-30,In-Store
13790,Lakewood,East,2026-04-30,Paid Social
13791,Westvale,West,2026-04-30,In-Store
13792,Silver Creek,West,2026-04-30,Paid Social
13793,Kingsbridge,East,2026-04-30,In-Store
13794,Palmetto Bay,South,2026-05-01,Organic Search
13795,Easton,East,2026-05-01,In-Store
13796,Northfield,North,2026-05-01,Email
13797,Palmetto Bay,South,2026-05-01,Organic Search
13798,Pinecrest,North,2026-05-01,In-Store
13799,Millbrook,North,2026-05-01,Paid Social
13800,Marlow,South,2026-05-01,In-Store
13801,Millbrook,North,2026-05-02,Organic Search
13802,Westvale,West,2026-05-02,In-Store
13803,Bayport,South,2026-05-02,In-Store
13804,Silver Creek,West,2026-05-02,Referral
13805,Pinecrest,North,2026-05-02,Organic Search
13806,Millbrook,North,2026-05-02,Organic Search
13807,Harbor City,East,2026-05-03,In-Store
13808,Pinecrest,North,2026-05-03,Organic Search
13809,Westvale,West,2026-05-03,Referral
13810,Silver Creek,West,2026-05-03,Organic Search
13811,Pinecrest,North,2026-05-03,Organic Search
13812,Millbrook,North,2026-05-03,Organic Search
13813,Lakewood,East,2026-05-03,Organic Search
13814,Canyon Ridge,West,2026-05-03,Organic Search
13815,Silver Creek,West,2026-05-04,Organic Search
13816,Kingsbridge,East,2026-05-04,Organic Search
13817,Ashford,North,2026-05-04,Organic Search
13818,Bayport,South,2026-05-04,Email
13819,Northfield,North,2026-05-04,In-Store
13820,Millbrook,North,2026-05-04,
13821,Millbrook,North,2026-05-05,Organic Search
13822,Silver Creek,West,2026-05-05,Paid Social
13823,Easton,East,2026-05-05,Organic Search
13824,Easton,East,2026-05-06,Organic Search
13825,Palmetto Bay,South,2026-05-06,Organic Search
13826,Millbrook,North,2026-05-06,Organic Search
13827,Northfield,North,2026-05-06,Email
13828,Millbrook,North,2026-05-06,Paid Social
13829,Pinecrest,North,2026-05-07,Paid Social
13830,Westvale,West,2026-05-07,Organic Search
13831,Northfield,North,2026-05-07,Organic Search
13832,Palmetto Bay,South,2026-05-07,
13833,Ashford,North,2026-05-07,Organic Search
13834,Pinecrest,North,2026-05-07,Referral
13835,Southwick,South,2026-05-07,
13836,Bayport,South,2026-05-07,Organic Search
13837,Easton,East,2026-05-07,
13838,Pinecrest,North,2026-05-07,Email
13839,Ashford,North,2026-05-08,Organic Search
13840,Redwood Falls,West,2026-05-08,In-Store
13841,Millbrook,North,2026-05-08,Organic Search
13842,Redwood Falls,West,2026-05-09,Paid Social
13843,Southwick,South,2026-05-09,Referral
13844,Redwood Falls,West,2026-05-09,In-Store
13845,Canyon Ridge,West,2026-05-09,Paid Social
13846,Easton,East,2026-05-09,Paid Social
13847,Canyon Ridge,West,2026-05-09,Paid Social
13848,Kingsbridge,East,2026-05-09,In-Store
13849,Northfield,North,2026-05-09,Organic Search
13850,Millbrook,North,2026-05-10,In-Store
13851,Palmetto Bay,South,2026-05-10,Organic Search
13852,Harbor City,East,2026-05-10,In-Store
13853,Westvale,West,2026-05-10,Organic Search
13854,Redwood Falls,West,2026-05-11,Organic Search
13855,Westvale,West,2026-05-11,Paid Social
13856,Southwick,South,2026-05-11,Email
13857,Kingsbridge,East,2026-05-11,In-Store
13858,Ashford,North,2026-05-11,In-Store
13859,Lakewood,East,2026-05-11,Email
13860,Palmetto Bay,South,2026-05-12,Organic Search
13861,Westvale,West,2026-05-12,Referral
13862,Pinecrest,North,2026-05-12,Paid Social
13863,Harbor City,East,2026-05-12,Referral
13864,Easton,East,2026-05-12,In-Store
13865,Bayport,South,2026-05-12,Organic Search
13866,Ashford,North,2026-05-12,In-Store
13867,Ashford,North,2026-05-12,Organic Search
13868,Bayport,South,2026-05-12,Email
13869,Kingsbridge,East,2026-05-12,Organic Search
13870,Ashford,North,2026-05-13,Referral
13871,Canyon Ridge,West,2026-05-13,Organic Search
13872,Southwick,South,2026-05-13,Paid Social
13873,Canyon Ridge,West,2026-05-13,Organic Search
13874,Canyon Ridge,West,2026-05-13,In-Store
13875,Canyon Ridge,West,2026-05-14,In-Store
13876,Silver Creek,West,2026-05-14,In-Store
13877,Northfield,North,2026-05-14,
13878,Easton,East,2026-05-15,Referral
13879,Westvale,West,2026-05-15,Paid Social
13880,Marlow,,2026-05-15,Organic Search
13881,Millbrook,,2026-05-15,Referral
13882,Pinecrest,North,2026-05-15,Email
13883,Pinecrest,North,2026-05-15,Paid Social
13884,Kingsbridge,East,2026-05-16,In-Store
13885,Kingsbridge,East,2026-05-16,Organic Search
13886,Harbor City,East,2026-05-16,Referral
13887,Northfield,North,2026-05-17,Organic Search
13888,Silver Creek,West,2026-05-17,Organic Search
13889,Westvale,West,2026-05-17,Organic Search
13890,Canyon Ridge,West,2026-05-17,In-Store
13891,Silver Creek,West,2026-05-17,Organic Search
13892,Northfield,North,2026-05-18,Email
13893,Redwood Falls,West,2026-05-18,In-Store
13894,Marlow,South,2026-05-18,Paid Social
13895,Northfield,North,2026-05-18,Organic Search
13896,Northfield,North,2026-05-19,
13897,Ashford,North,2026-05-19,Referral
13898,Harbor City,East,2026-05-19,In-Store
13899,Marlow,South,2026-05-20,In-Store
13900,Redwood Falls,West,2026-05-20,Paid Social
13901,Westvale,West,2026-05-20,Paid Social
13902,Ashford,North,2026-05-20,Referral
13903,Easton,East,2026-05-20,In-Store
13904,Bayport,South,2026-05-20,Email
13905,Ashford,North,2026-05-20,In-Store
13906,Ashford,North,2026-05-20,Referral
13907,Pinecrest,North,2026-05-20,Paid Social
13908,Redwood Falls,West,2026-05-20,
13909,Northfield,North,2026-05-21,Organic Search
13910,Silver Creek,West,2026-05-21,Organic Search
13911,Northfield,North,2026-05-21,Organic Search
13912,Silver Creek,West,2026-05-21,Referral
13913,Canyon Ridge,West,2026-05-21,In-Store
13914,Bayport,South,2026-05-21,Paid Social
13915,Pinecrest,North,2026-05-22,In-Store
13916,Lakewood,East,2026-05-22,Email
13917,Bayport,South,2026-05-22,Organic Search
13918,Westvale,West,2026-05-22,Organic Search
13919,Millbrook,North,2026-05-22,Paid Social
13920,Silver Creek,West,2026-05-22,In-Store
13921,Lakewood,East,2026-05-22,In-Store
13922,Bayport,South,2026-05-23,Paid Social
13923,Southwick,South,2026-05-23,In-Store
13924,Kingsbridge,East,2026-05-23,Paid Social
13925,Westvale,West,2026-05-23,
13926,Redwood Falls,West,2026-05-23,
13927,Redwood Falls,West,2026-05-23,In-Store
13928,Easton,East,2026-05-23,In-Store
13929,Bayport,South,2026-05-23,Organic Search
13930,Kingsbridge,East,2026-05-23,
13931,Palmetto Bay,South,2026-05-23,In-Store
13932,Lakewood,East,2026-05-24,In-Store
13933,Pinecrest,North,2026-05-24,In-Store
13934,Pinecrest,North,2026-05-24,Paid Social
13935,Kingsbridge,East,2026-05-25,Referral
13936,Bayport,South,2026-05-25,In-Store
13937,Bayport,South,2026-05-25,Organic Search
13938,Bayport,South,2026-05-25,Email
13939,Silver Creek,West,2026-05-25,In-Store
13940,Ashford,North,2026-05-25,In-Store
13941,Ashford,North,2026-05-26,Email
13942,Millbrook,North,2026-05-26,Organic Search
13943,Southwick,South,2026-05-27,Organic Search
13944,Marlow,South,2026-05-27,Organic Search
13945,Ashford,North,2026-05-27,Referral
13946,Bayport,South,2026-05-27,Organic Search
13947,Redwood Falls,West,2026-05-28,In-Store
13948,Southwick,South,2026-05-28,Organic Search
13949,Marlow,South,2026-05-29,Email
13950,Marlow,South,2026-05-29,In-Store
13951,Northfield,North,2026-05-29,Organic Search
13952,Kingsbridge,East,2026-05-29,In-Store
13953,Northfield,North,2026-05-29,In-Store
13954,Easton,East,2026-05-29,Paid Social
13955,Pinecrest,North,2026-05-29,In-Store
13956,Southwick,South,2026-05-29,In-Store
13957,Redwood Falls,West,2026-05-30,Referral
13958,Easton,East,2026-05-30,In-Store
13959,Northfield,North,2026-05-30,In-Store
13960,Marlow,South,2026-05-30,In-Store
13961,Westvale,West,2026-05-30,Referral
13962,Ashford,North,2026-05-30,Organic Search
13963,Ashford,North,2026-05-30,Paid Social
13964,Southwick,South,2026-05-30,Email
13965,Palmetto Bay,South,2026-05-30,Paid Social
13966,Harbor City,East,2026-05-31,Paid Social
13967,Redwood Falls,West,2026-05-31,Paid Social
13968,Ashford,North,2026-05-31,Organic Search
13969,Canyon Ridge,West,2026-05-31,Referral
13970,Pinecrest,North,2026-05-31,In-Store
13971,Southwick,South,2026-05-31,In-Store
13972,Redwood Falls,West,2026-06-01,Paid Social
13973,Bayport,South,2026-06-01,Organic Search
13974,Northfield,North,2026-06-01,In-Store
13975,Northfield,North,2026-06-01,Organic Search
13976,Silver Creek,West,2026-06-01,In-Store
13977,Kingsbridge,East,2026-06-01,Paid Social
13978,Ashford,North,2026-06-02,Organic Search
13979,Ashford,North,2026-06-02,In-Store
13980,Ashford,North,2026-06-02,Paid Social
13981,Canyon Ridge,West,2026-06-02,Organic Search
13982,Northfield,North,2026-06-02,Paid Social
13983,Harbor City,East,2026-06-02,In-Store
13984,Millbrook,North,2026-06-02,Organic Search
13985,Ashford,North,2026-06-02,Paid Social
13986,Palmetto Bay,South,2026-06-02,Paid Social
13987,Canyon Ridge,West,2026-06-03,Paid Social
13988,Millbrook,North,2026-06-03,Email
13989,Millbrook,North,2026-06-03,In-Store
13990,Northfield,North,2026-06-03,Organic Search
13991,Canyon Ridge,West,2026-06-03,In-Store
13992,Ashford,North,2026-06-03,Organic Search
13993,Pinecrest,North,2026-06-03,Organic Search
13994,Easton,East,2026-06-04,Referral
13995,Westvale,West,2026-06-04,Organic Search
13996,Harbor City,East,2026-06-04,In-Store
13997,Canyon Ridge,West,2026-06-04,Organic Search
13998,Easton,East,2026-06-04,Paid Social
13999,Easton,East,2026-06-05,Referral
14000,Northfield,North,2026-06-05,Organic Search
14001,Lakewood,,2026-06-05,In-Store
14002,Redwood Falls,West,2026-06-05,Referral
14003,Pinecrest,North,2026-06-05,Organic Search
14004,Marlow,South,2026-06-05,Referral
14005,Palmetto Bay,South,2026-06-05,In-Store
14006,Marlow,South,2026-06-05,In-Store
14007,Southwick,South,2026-06-05,In-Store
14008,Ashford,North,2026-06-05,
14009,Redwood Falls,West,2026-06-06,Paid Social
14010,Northfield,North,2026-06-06,In-Store
14011,Easton,East,2026-06-06,
14012,Pinecrest,North,2026-06-06,Paid Social
14013,Ashford,North,2026-06-06,
14014,Ashford,North,2026-06-06,In-Store
14015,Northfield,North,2026-06-07,Organic Search
14016,Canyon Ridge,West,2026-06-07,In-Store
14017,Redwood Falls,West,2026-06-07,In-Store
14018,Silver Creek,,2026-06-07,Organic Search
14019,Southwick,South,2026-06-07,Paid Social
14020,Westvale,West,2026-06-07,Referral
14021,Marlow,South,2026-06-07,In-Store
14022,Silver Creek,West,2026-06-07,Paid Social
14023,Pinecrest,North,2026-06-08,Referral
14024,Palmetto Bay,South,2026-06-08,Organic Search
14025,Bayport,South,2026-06-08,Paid Social
14026,Palmetto Bay,South,2026-06-09,In-Store
14027,Pinecrest,North,2026-06-09,Organic Search
14028,Harbor City,East,2026-06-09,Referral
14029,Harbor City,East,2026-06-09,Organic Search
14030,Marlow,South,2026-06-09,In-Store
14031,Ashford,North,2026-06-09,Paid Social
14032,Canyon Ridge,West,2026-06-09,Organic Search
14033,Marlow,South,2026-06-09,In-Store
14034,Northfield,North,2026-06-10,Paid Social
14035,Easton,East,2026-06-10,Referral
14036,Northfield,North,2026-06-10,Referral
14037,Bayport,South,2026-06-10,Email
14038,Southwick,South,2026-06-11,Organic Search
14039,Harbor City,East,2026-06-11,Organic Search
14040,Redwood Falls,West,2026-06-11,Paid Social
14041,Kingsbridge,East,2026-06-11,In-Store
14042,Harbor City,East,2026-06-11,Email
14043,Pinecrest,North,2026-06-11,In-Store
14044,Pinecrest,North,2026-06-11,Paid Social
14045,Silver Creek,West,2026-06-11,Paid Social
14046,Millbrook,North,2026-06-11,Paid Social
14047,Redwood Falls,West,2026-06-11,Paid Social
14048,Marlow,South,2026-06-12,Paid Social
14049,Southwick,South,2026-06-12,Referral
14050,Northfield,North,2026-06-12,In-Store
14051,Bayport,South,2026-06-12,Referral
14052,Northfield,North,2026-06-12,In-Store
14053,Bayport,South,2026-06-12,Paid Social
14054,Palmetto Bay,South,2026-06-12,Email
14055,Palmetto Bay,South,2026-06-12,Organic Search
14056,Millbrook,North,2026-06-12,In-Store
14057,Bayport,South,2026-06-12,In-Store
14058,Marlow,South,2026-06-13,Paid Social
14059,Canyon Ridge,West,2026-06-13,Referral
14060,Redwood Falls,West,2026-06-13,Referral
14061,Kingsbridge,East,2026-06-14,Paid Social
14062,Northfield,North,2026-06-14,Organic Search
14063,Easton,East,2026-06-14,In-Store
14064,Ashford,North,2026-06-14,
14065,Millbrook,North,2026-06-14,Paid Social
14066,Pinecrest,North,2026-06-14,Referral
14067,Silver Creek,West,2026-06-14,Organic Search
14068,Kingsbridge,East,2026-06-14,Referral
14069,Westvale,West,2026-06-14,Organic Search
14070,Southwick,South,2026-06-15,Paid Social
14071,Southwick,South,2026-06-15,
14072,Easton,East,2026-06-15,In-Store
14073,Westvale,West,2026-06-15,Paid Social
14074,Southwick,South,2026-06-15,Organic Search
14075,Harbor City,East,2026-06-15,Email
14076,Westvale,West,2026-06-15,Paid Social
14077,Redwood Falls,West,2026-06-16,
14078,Northfield,North,2026-06-16,In-Store
14079,Palmetto Bay,South,2026-06-16,Organic Search
14080,Kingsbridge,East,2026-06-16,Organic Search
14081,Marlow,South,2026-06-17,Paid Social
14082,Lakewood,East,2026-06-17,In-Store
14083,Lakewood,East,2026-06-17,Referral
14084,Palmetto Bay,South,2026-06-17,Organic Search
14085,Easton,,2026-06-17,Organic Search
14086,Southwick,South,2026-06-17,Email
14087,Lakewood,East,2026-06-18,Paid Social
14088,Millbrook,North,2026-06-18,In-Store
14089,Northfield,North,2026-06-18,In-Store
14090,Easton,East,2026-06-18,In-Store
14091,Southwick,South,2026-06-18,Organic Search
14092,Millbrook,North,2026-06-18,In-Store
14093,Easton,East,2026-06-18,Paid Social
14094,Palmetto Bay,South,2026-06-19,Referral
14095,Harbor City,East,2026-06-19,Paid Social
14096,Lakewood,East,2026-06-19,Organic Search
14097,Southwick,South,2026-06-19,In-Store
14098,Kingsbridge,East,2026-06-19,Paid Social
14099,Millbrook,North,2026-06-20,Email
14100,Pinecrest,North,2026-06-20,Paid Social
14101,Millbrook,North,2026-06-20,
14102,Canyon Ridge,West,2026-06-20,In-Store
14103,Westvale,West,2026-06-20,Organic Search
14104,Pinecrest,North,2026-06-20,In-Store
14105,Lakewood,East,2026-06-21,Organic Search
14106,Millbrook,North,2026-06-21,Paid Social
14107,Silver Creek,West,2026-06-21,Email
14108,Marlow,South,2026-06-21,Email
14109,Lakewood,East,2026-06-21,Organic Search
14110,Kingsbridge,East,2026-06-21,Paid Social
14111,Palmetto Bay,South,2026-06-21,Organic Search
14112,Northfield,North,2026-06-21,Email
14113,Pinecrest,North,2026-06-22,In-Store
14114,Ashford,North,2026-06-22,Email
14115,Redwood Falls,West,2026-06-22,Organic Search
14116,Westvale,West,2026-06-22,
14117,Canyon Ridge,West,2026-06-23,Organic Search
14118,Millbrook,North,2026-06-23,In-Store
14119,Ashford,North,2026-06-23,Organic Search
14120,Millbrook,North,2026-06-23,Paid Social
14121,Bayport,South,2026-06-23,Email
14122,Northfield,North,2026-06-23,Paid Social
14123,Bayport,South,2026-06-23,Organic Search
14124,Lakewood,East,2026-06-23,Referral
14125,Southwick,South,2026-06-23,In-Store
14126,Canyon Ridge,West,2026-06-23,Paid Social
14127,Lakewood,East,2026-06-24,Organic Search
14128,Lakewood,East,2026-06-24,Paid Social
14129,Bayport,South,2026-06-24,
14130,Harbor City,East,2026-06-24,In-Store
14131,Northfield,North,2026-06-24,In-Store
14132,Easton,East,2026-06-25,Paid Social
14133,Canyon Ridge,West,2026-06-25,In-Store
14134,Canyon Ridge,West,2026-06-25,Paid Social
14135,Millbrook,North,2026-06-25,Paid Social
14136,Westvale,West,2026-06-25,Paid Social
14137,Southwick,South,2026-06-25,In-Store
14138,Lakewood,East,2026-06-26,Referral
14139,Millbrook,North,2026-06-26,Organic Search
14140,Millbrook,North,2026-06-26,Paid Social
14141,Redwood Falls,West,2026-06-26,Email
14142,Ashford,North,2026-06-26,Paid Social
14143,Millbrook,North,2026-06-26,Paid Social
14144,Harbor City,East,2026-06-26,In-Store
14145,Westvale,West,2026-06-26,In-Store
14146,Easton,East,2026-06-26,Organic Search
14147,Ashford,North,2026-06-26,Organic Search
14148,Ashford,North,2026-06-27,In-Store
14149,Canyon Ridge,West,2026-06-27,Organic Search
14150,Redwood Falls,West,2026-06-27,Organic Search
14151,Lakewood,East,2026-06-27,In-Store
14152,Southwick,South,2026-06-27,Email
14153,Bayport,South,2026-06-27,In-Store
14154,Palmetto Bay,South,2026-06-27,Organic Search
14155,Bayport,South,2026-06-28,Paid Social
14156,Lakewood,East,2026-06-28,In-Store
14157,Ashford,North,2026-06-28,In-Store
14158,Harbor City,East,2026-06-28,Referral
14159,Northfield,North,2026-06-28,In-Store
14160,Pinecrest,North,2026-06-28,Organic Search
14161,Bayport,South,2026-06-28,Paid Social
14162,Kingsbridge,East,2026-06-28,In-Store
14163,Marlow,South,2026-06-29,Paid Social
14164,Silver Creek,West,2026-06-29,In-Store
14165,Lakewood,East,2026-06-29,In-Store
14166,Kingsbridge,East,2026-06-29,Organic Search
14167,Northfield,North,2026-06-29,Paid Social
14168,Silver Creek,West,2026-06-29,In-Store
14169,Marlow,South,2026-06-30,Organic Search
14170,Marlow,South,2026-06-30,In-Store
14171,Palmetto Bay,South,2026-06-30,In-Store
14172,Marlow,South,2026-06-30,In-Store
14173,Kingsbridge,East,2026-06-30,Organic Search
14174,Southwick,South,2026-06-30,Paid Social
14175,Northfield,North,2026-06-30,Organic Search
14176,Harbor City,East,2026-06-30,Organic Search
14177,Easton,East,2026-06-30,Email
14178,Lakewood,East,2026-06-30,Organic Search
14179,Harbor City,East,2026-06-30,Organic Search
14180,Southwick,South,2026-06-30,Organic Search
14181,Kingsbridge,East,2026-07-01,In-Store
14182,Harbor City,East,2026-07-01,Email
14183,Lakewood,East,2026-07-01,Organic Search
14184,Millbrook,North,2026-07-01,Organic Search
14185,Northfield,North,2026-07-01,Referral
14186,Canyon Ridge,West,2026-07-01,Referral
14187,Westvale,West,2026-07-02,In-Store
14188,Millbrook,North,2026-07-02,Email
14189,Bayport,South,2026-07-02,Organic Search
14190,Easton,East,2026-07-02,Paid Social
14191,Palmetto Bay,South,2026-07-02,Referral
14192,Canyon Ridge,West,2026-07-02,Paid Social
14193,Ashford,North,2026-07-02,
14194,Easton,East,2026-07-02,Email
14195,Silver Creek,West,2026-07-02,Organic Search
14196,Southwick,South,2026-07-03,Organic Search
14197,Marlow,,2026-07-03,Organic Search
14198,Harbor City,East,2026-07-03,In-Store
14199,Silver Creek,West,2026-07-03,Email
14200,Harbor City,East,2026-07-03,Paid Social
14201,Canyon Ridge,West,2026-07-03,In-Store
14202,Westvale,West,2026-07-03,Organic Search
14203,Northfield,North,2026-07-04,Paid Social
14204,Northfield,North,2026-07-04,Email
14205,Bayport,South,2026-07-04,Organic Search
14206,Redwood Falls,West,2026-07-04,Organic Search
14207,Marlow,South,2026-07-04,
14208,Bayport,South,2026-07-04,Paid Social
14209,Northfield,North,2026-07-04,Referral
14210,Redwood Falls,West,2026-07-04,Email
14211,Pinecrest,North,2026-07-04,Referral
14212,Palmetto Bay,South,2026-07-04,In-Store
14213,Pinecrest,North,2026-07-04,Organic Search
14214,Millbrook,North,2026-07-05,Paid Social
14215,Pinecrest,North,2026-07-05,
14216,Canyon Ridge,West,2026-07-05,Organic Search
14217,Kingsbridge,East,2026-07-05,Organic Search
14218,Silver Creek,West,2026-07-05,
14219,Easton,East,2026-07-06,Organic Search
14220,Lakewood,East,2026-07-06,In-Store
14221,Millbrook,North,2026-07-06,In-Store
14222,Canyon Ridge,West,2026-07-06,Organic Search
14223,Millbrook,North,2026-07-06,In-Store
14224,Silver Creek,West,2026-07-06,In-Store
14225,Harbor City,East,2026-07-06,In-Store
14226,Northfield,North,2026-07-06,Paid Social
14227,Palmetto Bay,South,2026-07-06,Organic Search
14228,Millbrook,North,2026-07-06,In-Store
14229,Lakewood,East,2026-07-07,In-Store
14230,Millbrook,North,2026-07-07,In-Store
14231,Millbrook,North,2026-07-08,Paid Social
14232,Harbor City,East,2026-07-08,In-Store
14233,Millbrook,North,2026-07-08,
14234,Bayport,South,2026-07-08,Referral
14235,Lakewood,East,2026-07-08,In-Store
14236,Palmetto Bay,South,2026-07-08,Referral
14237,Westvale,West,2026-07-09,Email
14238,Harbor City,East,2026-07-09,Organic Search
14239,Harbor City,East,2026-07-09,Email
14240,Marlow,South,2026-07-09,Email
14241,Easton,East,2026-07-09,Paid Social
14242,Southwick,South,2026-07-10,Paid Social
14243,Silver Creek,West,2026-07-10,Organic Search
14244,Millbrook,North,2026-07-10,In-Store
14245,Bayport,South,2026-07-10,Organic Search
14246,Pinecrest,North,2026-07-10,Organic Search
14247,Silver Creek,West,2026-07-10,
14248,Canyon Ridge,West,2026-07-10,Email
14249,Canyon Ridge,West,2026-07-10,Paid Social
14250,Harbor City,East,2026-07-10,Paid Social
14251,Kingsbridge,,2026-07-11,Paid Social
14252,Pinecrest,North,2026-07-11,Paid Social
14253,Westvale,West,2026-07-11,Paid Social
14254,Easton,East,2026-07-11,Paid Social
14255,Millbrook,North,2026-07-11,In-Store
14256,Pinecrest,North,2026-07-11,In-Store
14257,Lakewood,East,2026-07-11,Organic Search
14258,Marlow,South,2026-07-12,In-Store
14259,Northfield,North,2026-07-12,Email
14260,Millbrook,North,2026-07-13,Referral
14261,Lakewood,East,2026-07-13,In-Store
14262,Redwood Falls,West,2026-07-13,Organic Search
14263,Harbor City,East,2026-07-13,Organic Search
14264,Harbor City,East,2026-07-13,Email
14265,Lakewood,East,2026-07-14,Referral
14266,Lakewood,East,2026-07-14,Paid Social
14267,Pinecrest,North,2026-07-14,In-Store
14268,Ashford,North,2026-07-14,Organic Search
14269,Millbrook,North,2026-07-15,Email
14270,Ashford,North,2026-07-15,Organic Search
14271,Kingsbridge,East,2026-07-15,Paid Social
14272,Marlow,South,2026-07-15,Organic Search
14273,Southwick,South,2026-07-15,Organic Search
14274,Marlow,South,2026-07-15,Paid Social
14275,Southwick,South,2026-07-15,Paid Social
14276,Lakewood,East,2026-07-16,Organic Search
14277,Southwick,South,2026-07-16,Paid Social
14278,Ashford,North,2026-07-16,Paid Social
14279,Westvale,West,2026-07-16,In-Store
14280,Southwick,South,2026-07-16,
14281,Kingsbridge,East,2026-07-16,Email
14282,Silver Creek,West,2026-07-16,Organic Search
14283,Redwood Falls,West,2026-07-16,Paid Social
14284,Pinecrest,North,2026-07-16,In-Store
14285,Southwick,South,2026-07-17,Email
14286,Ashford,North,2026-07-17,In-Store
14287,Silver Creek,West,2026-07-17,Paid Social
14288,Pinecrest,North,2026-07-17,Paid Social
14289,Pinecrest,North,2026-07-17,Organic Search
14290,Millbrook,North,2026-07-17,In-Store
14291,Marlow,South,2026-07-17,Paid Social
14292,Marlow,South,2026-07-18,Email
14293,Silver Creek,West,2026-07-18,Email
14294,Silver Creek,West,2026-07-18,Paid Social
14295,Palmetto Bay,South,2026-07-18,
14296,Marlow,South,2026-07-18,In-Store
14297,Lakewood,East,2026-07-18,Email
14298,Marlow,South,2026-07-18,In-Store
14299,Silver Creek,West,2026-07-19,In-Store
14300,Redwood Falls,West,2026-07-19,In-Store
14301,Harbor City,East,2026-07-19,Organic Search
14302,Palmetto Bay,South,2026-07-19,In-Store
14303,Bayport,South,2026-07-19,Paid Social
14304,Southwick,South,2026-07-19,Organic Search
14305,Canyon Ridge,,2026-07-19,Organic Search
14306,Easton,East,2026-07-19,In-Store
14307,Marlow,South,2026-07-19,Paid Social
14308,Harbor City,East,2026-07-19,In-Store
14309,Bayport,South,2026-07-19,In-Store
14310,Lakewood,East,2026-07-20,Organic Search
14311,Bayport,South,2026-07-20,Organic Search
14312,Silver Creek,West,2026-07-20,Organic Search
14313,Silver Creek,West,2026-07-20,Organic Search
14314,Kingsbridge,East,2026-07-20,
14315,Marlow,South,2026-07-21,Organic Search
14316,Canyon Ridge,West,2026-07-21,Organic Search
14317,Easton,East,2026-07-21,In-Store
14318,Bayport,South,2026-07-21,In-Store
14319,Westvale,West,2026-07-21,In-Store
14320,Marlow,South,2026-07-22,In-Store
14321,Silver Creek,West,2026-07-22,In-Store
14322,Ashford,North,2026-07-22,Paid Social
14323,Ashford,North,2026-07-22,Organic Search
14324,Lakewood,East,2026-07-22,Referral
14325,Southwick,South,2026-07-23,Organic Search
14326,Millbrook,North,2026-07-23,Paid Social
14327,Pinecrest,North,2026-07-23,Email
14328,Silver Creek,West,2026-07-23,In-Store
14329,Palmetto Bay,South,2026-07-24,Paid Social
14330,Southwick,South,2026-07-24,Referral
14331,Ashford,North,2026-07-24,Organic Search
14332,Easton,East,2026-07-24,In-Store
14333,Pinecrest,North,2026-07-24,Paid Social
14334,Harbor City,East,2026-07-24,In-Store
14335,Easton,,2026-07-24,Paid Social
14336,Redwood Falls,West,2026-07-25,Organic Search
14337,Silver Creek,West,2026-07-25,Organic Search
14338,Kingsbridge,East,2026-07-25,Organic Search
14339,Ashford,North,2026-07-25,In-Store
14340,Easton,East,2026-07-25,Paid Social
14341,Palmetto Bay,South,2026-07-25,Organic Search
14342,Northfield,North,2026-07-25,Paid Social
14343,Harbor City,East,2026-07-25,In-Store
14344,Canyon Ridge,West,2026-07-26,Paid Social
14345,Redwood Falls,West,2026-07-26,In-Store
14346,Pinecrest,North,2026-07-26,In-Store
14347,Lakewood,East,2026-07-26,Email
14348,Pinecrest,North,2026-07-26,Email
14349,Harbor City,East,2026-07-26,In-Store
14350,Westvale,West,2026-07-26,Referral
14351,Southwick,South,2026-07-26,In-Store
14352,Redwood Falls,West,2026-07-27,
14353,Southwick,South,2026-07-27,In-Store
14354,Canyon Ridge,West,2026-07-27,Organic Search
14355,Northfield,North,2026-07-27,Paid Social
14356,Bayport,South,2026-07-27,Paid Social
14357,Southwick,South,2026-07-28,Organic Search
14358,Kingsbridge,East,2026-07-28,Organic Search
14359,Pinecrest,North,2026-07-28,Organic Search
14360,Pinecrest,North,2026-07-28,In-Store
14361,Northfield,North,2026-07-28,Paid Social
14362,Westvale,West,2026-07-29,Organic Search
14363,Northfield,North,2026-07-29,Organic Search
14364,Pinecrest,North,2026-07-29,In-Store
14365,Canyon Ridge,West,2026-07-29,
14366,Pinecrest,North,2026-07-29,Organic Search
14367,Silver Creek,West,2026-07-29,
14368,Bayport,South,2026-07-29,Organic Search
14369,Southwick,South,2026-07-29,In-Store
14370,Silver Creek,West,2026-07-29,Referral
14371,Southwick,South,2026-07-29,In-Store
14372,Southwick,South,2026-07-29,In-Store
14373,Kingsbridge,East,2026-07-30,In-Store
14374,Harbor City,East,2026-07-30,In-Store
14375,Millbrook,North,2026-07-30,Organic Search
14376,Bayport,South,2026-07-30,In-Store
14377,Palmetto Bay,South,2026-07-30,Email
14378,Southwick,South,2026-07-30,Organic Search
14379,Kingsbridge,East,2026-07-30,Referral
14380,Bayport,South,2026-07-30,In-Store
14381,Northfield,North,2026-07-30,Organic Search
14382,Lakewood,East,2026-07-31,In-Store
14383,Southwick,South,2026-07-31,Referral
14384,Silver Creek,West,2026-07-31,Paid Social
14385,Westvale,West,2026-07-31,Paid Social
14386,Northfield,North,2026-07-31,Organic Search
14387,Palmetto Bay,South,2026-08-01,Paid Social
14388,Redwood Falls,West,2026-08-01,In-Store
14389,Bayport,South,2026-08-02,In-Store
14390,Southwick,South,2026-08-02,In-Store
14391,Marlow,South,2026-08-02,Organic Search
14392,Bayport,South,2026-08-02,Organic Search
14393,Harbor City,East,2026-08-02,In-Store
14394,Bayport,South,2026-08-02,Referral
14395,Lakewood,East,2026-08-03,Organic Search
14396,Ashford,North,2026-08-03,In-Store
14397,Harbor City,East,2026-08-03,In-Store
14398,Northfield,North,2026-08-03,In-Store
14399,Easton,East,2026-08-04,In-Store
14400,Northfield,North,2026-08-04,Paid Social
14401,Northfield,North,2026-08-04,Paid Social
14402,Silver Creek,West,2026-08-04,Paid Social
14403,Redwood Falls,West,2026-08-04,Organic Search
14404,Easton,East,2026-08-04,In-Store
14405,Millbrook,North,2026-08-04,Organic Search
14406,Ashford,North,2026-08-05,Email
14407,Kingsbridge,East,2026-08-05,Paid Social
14408,Ashford,North,2026-08-05,In-Store
14409,Bayport,South,2026-08-05,Paid Social
14410,Southwick,South,2026-08-05,In-Store
14411,Kingsbridge,East,2026-08-05,Organic Search
14412,Palmetto Bay,South,2026-08-05,Organic Search
14413,Southwick,South,2026-08-05,Organic Search
14414,Canyon Ridge,West,2026-08-05,In-Store
14415,Northfield,North,2026-08-05,In-Store
14416,Easton,East,2026-08-05,In-Store
14417,Silver Creek,West,2026-08-06,In-Store
14418,Harbor City,East,2026-08-06,Organic Search
14419,Ashford,North,2026-08-06,In-Store
14420,Palmetto Bay,South,2026-08-06,In-Store
14421,Westvale,West,2026-08-07,Paid Social
14422,Redwood Falls,West,2026-08-07,In-Store
14423,Palmetto Bay,South,2026-08-07,Paid Social
14424,Pinecrest,North,2026-08-07,In-Store
14425,Easton,East,2026-08-07,Referral
14426,Marlow,South,2026-08-07,In-Store
14427,Canyon Ridge,West,2026-08-07,Email
14428,Palmetto Bay,South,2026-08-08,In-Store
14429,Millbrook,North,2026-08-08,Paid Social
14430,Kingsbridge,East,2026-08-08,
14431,Harbor City,East,2026-08-08,
14432,Westvale,West,2026-08-08,In-Store
14433,Redwood Falls,West,2026-08-08,Email
14434,Northfield,,2026-08-08,Referral
14435,Northfield,North,2026-08-09,Organic Search
14436,Millbrook,North,2026-08-09,Paid Social
14437,Bayport,South,2026-08-09,Organic Search
14438,Ashford,North,2026-08-09,Organic Search
14439,Lakewood,East,2026-08-09,Paid Social
14440,Palmetto Bay,South,2026-08-09,Organic Search
14441,Marlow,South,2026-08-09,In-Store
14442,Redwood Falls,West,2026-08-09,In-Store
14443,Redwood Falls,West,2026-08-09,Email
14444,Redwood Falls,West,2026-08-10,Email
14445,Marlow,South,2026-08-10,In-Store
14446,Marlow,South,2026-08-10,Paid Social
14447,Easton,East,2026-08-10,In-Store
14448,Lakewood,East,2026-08-10,Organic Search
14449,Easton,East,2026-08-10,Email
14450,Redwood Falls,West,2026-08-11,Organic Search
14451,Bayport,South,2026-08-11,Paid Social
14452,Northfield,North,2026-08-11,Referral
14453,Canyon Ridge,West,2026-08-11,In-Store
14454,Palmetto Bay,South,2026-08-11,Paid Social
14455,Pinecrest,North,2026-08-12,Organic Search
14456,Harbor City,East,2026-08-12,Paid Social
14457,Millbrook,North,2026-08-12,
14458,Marlow,South,2026-08-12,Paid Social
14459,Ashford,North,2026-08-12,Organic Search
14460,Canyon Ridge,West,2026-08-13,Referral
14461,Westvale,West,2026-08-13,Organic Search
14462,Canyon Ridge,West,2026-08-14,Paid Social
14463,Southwick,South,2026-08-14,In-Store
14464,Palmetto Bay,South,2026-08-14,Paid Social
14465,Bayport,South,2026-08-14,Paid Social
14466,Canyon Ridge,,2026-08-14,Email
14467,Easton,East,2026-08-14,Email
14468,Northfield,North,2026-08-14,In-Store
14469,Marlow,South,2026-08-14,Organic Search
14470,Westvale,West,2026-08-14,Referral
14471,Southwick,South,2026-08-15,
14472,Westvale,West,2026-08-15,Referral
14473,Ashford,North,2026-08-15,Organic Search
14474,Palmetto Bay,South,2026-08-15,Organic Search
14475,Easton,East,2026-08-15,Organic Search
14476,Southwick,South,2026-08-15,In-Store
14477,Pinecrest,North,2026-08-16,Organic Search
14478,Ashford,North,2026-08-16,In-Store
14479,Canyon Ridge,West,2026-08-16,In-Store
14480,Harbor City,East,2026-08-16,Referral
14481,Southwick,South,2026-08-16,Organic Search
14482,Palmetto Bay,South,2026-08-17,Email
14483,Millbrook,North,2026-08-17,In-Store
14484,Pinecrest,North,2026-08-17,Organic Search
14485,Ashford,North,2026-08-17,Organic Search
14486,Millbrook,North,2026-08-17,Organic Search
14487,Lakewood,East,2026-08-17,In-Store
14488,Westvale,West,2026-08-17,
14489,Kingsbridge,East,2026-08-17,
14490,Marlow,South,2026-08-18,In-Store
14491,Canyon Ridge,West,2026-08-18,Email
14492,Canyon Ridge,West,2026-08-18,Paid Social
14493,Canyon Ridge,West,2026-08-18,Email
14494,Marlow,South,2026-08-18,Paid Social
14495,Redwood Falls,West,2026-08-18,Referral
14496,Bayport,,2026-08-18,Organic Search
14497,Easton,East,2026-08-18,Email
14498,Canyon Ridge,West,2026-08-19,In-Store
14499,Millbrook,North,2026-08-19,Email
14500,Southwick,South,2026-08-19,Paid Social
14501,Marlow,South,2026-08-19,In-Store
14502,Millbrook,North,2026-08-19,In-Store
14503,Lakewood,East,2026-08-19,In-Store
14504,Westvale,West,2026-08-19,Organic Search
14505,Redwood Falls,West,2026-08-19,In-Store
14506,Kingsbridge,East,2026-08-20,Referral
14507,Ashford,North,2026-08-20,Organic Search
14508,Harbor City,East,2026-08-20,Organic Search
14509,Redwood Falls,West,2026-08-20,Paid Social
14510,Marlow,South,2026-08-21,In-Store
14511,Millbrook,North,2026-08-21,Organic Search
14512,Kingsbridge,East,2026-08-21,Organic Search
14513,Northfield,North,2026-08-21,Paid Social
14514,Ashford,North,2026-08-22,In-Store
14515,Palmetto Bay,South,2026-08-22,Organic Search
14516,Bayport,South,2026-08-22,In-Store
14517,Ashford,North,2026-08-22,In-Store
14518,Ashford,North,2026-08-22,Organic Search
14519,Lakewood,East,2026-08-22,Organic Search
14520,Canyon Ridge,West,2026-08-22,Organic Search
14521,Palmetto Bay,South,2026-08-22,Organic Search
14522,Harbor City,East,2026-08-23,Paid Social
14523,Silver Creek,West,2026-08-23,In-Store
14524,Pinecrest,North,2026-08-23,Email
14525,Marlow,South,2026-08-24,In-Store
14526,Lakewood,East,2026-08-24,In-Store
14527,Ashford,North,2026-08-24,In-Store
14528,Palmetto Bay,South,2026-08-25,In-Store
14529,Easton,East,2026-08-25,In-Store
14530,Westvale,West,2026-08-25,Referral
14531,Silver Creek,West,2026-08-25,In-Store
14532,Palmetto Bay,South,2026-08-25,In-Store
14533,Harbor City,East,2026-08-25,Organic Search
14534,Canyon Ridge,West,2026-08-25,In-Store
14535,Ashford,North,2026-08-25,Organic Search
14536,Canyon Ridge,West,2026-08-26,Referral
14537,Lakewood,East,2026-08-26,In-Store
14538,Kingsbridge,East,2026-08-26,Organic Search
14539,Millbrook,North,2026-08-26,In-Store
14540,Bayport,South,2026-08-26,Referral
14541,Marlow,South,2026-08-26,In-Store
14542,Pinecrest,North,2026-08-26,Organic Search
14543,Lakewood,East,2026-08-26,In-Store
14544,Silver Creek,West,2026-08-27,
14545,Westvale,,2026-08-27,Referral
14546,Pinecrest,North,2026-08-27,Referral
14547,Easton,East,2026-08-27,Organic Search
14548,Westvale,West,2026-08-27,Paid Social
14549,Pinecrest,North,2026-08-27,Organic Search
14550,Easton,East,2026-08-27,Organic Search
14551,Ashford,North,2026-08-27,Email
14552,Redwood Falls,West,2026-08-28,In-Store
14553,Redwood Falls,West,2026-08-28,Organic Search
14554,Northfield,North,2026-08-29,Organic Search
14555,Ashford,North,2026-08-29,In-Store
14556,Redwood Falls,West,2026-08-29,Paid Social
14557,Canyon Ridge,West,2026-08-29,Organic Search
14558,Easton,East,2026-08-29,Paid Social
14559,Bayport,South,2026-08-29,Referral
14560,Westvale,West,2026-08-30,In-Store
14561,Marlow,South,2026-08-30,In-Store
14562,Kingsbridge,East,2026-08-30,Referral
14563,Bayport,South,2026-08-30,Organic Search
14564,Bayport,South,2026-08-30,Paid Social
14565,Lakewood,East,2026-08-31,Paid Social
14566,Millbrook,North,2026-08-31,
14567,Pinecrest,North,2026-08-31,Organic Search
14568,Kingsbridge,East,2026-08-31,Paid Social
14569,Silver Creek,West,2026-08-31,In-Store
14570,Southwick,South,2026-08-31,
14571,Millbrook,North,2026-08-31,Paid Social
